Rnd,Pick,Tm,Player,Pos,Age,To,AP1,PB,St,wAV,DrAV,G,Cmp,Pass_Att,Pass_Yds,Pass_TD,Pass_Int,Rush_Att,Rush_Yds,Rush_TD,Rec,Rec_Yds,Rec_TD,Solo,Def_Int,Sk,College/Univ,Misc,pfref_id,Season,wAVOE
1.0,1.0,CLE,Courtney Brown,DE,22.0,2005.0,0.0,0.0,4.0,27.0,21.0,61.0,0.0,0.0,0.0,0.0,0.0,0.0,0.0,0.0,0.0,0.0,0.0,156.0,,19.0,Penn St.,College Stats,BrowCo22,2000.0,-49.42857142857143
1.0,2.0,WAS,LaVar Arrington,LB,22.0,2006.0,0.0,3.0,5.0,46.0,45.0,85.0,0.0,0.0,0.0,0.0,0.0,0.0,0.0,0.0,0.0,0.0,0.0,338.0,3.0,23.5,Penn St.,College Stats,ArriLa00,2000.0,-7.4761904761904745
1.0,3.0,WAS,Chris Samuels,T,23.0,2009.0,0.0,6.0,9.0,63.0,63.0,141.0,0.0,0.0,0.0,0.0,0.0,0.0,0.0,0.0,0.0,0.0,0.0,,,,Alabama,College Stats,SamuCh00,2000.0,10.714285714285715
1.0,4.0,CIN,Peter Warrick,WR,23.0,2005.0,0.0,0.0,4.0,27.0,25.0,79.0,0.0,0.0,0.0,0.0,0.0,53.0,360.0,2.0,275.0,2991.0,18.0,3.0,,,Florida St.,College Stats,WarrPe00,2000.0,-26.904761904761905
1.0,5.0,BAL,Jamal Lewis,RB,21.0,2009.0,1.0,1.0,9.0,69.0,53.0,131.0,0.0,0.0,0.0,0.0,0.0,2542.0,10607.0,58.0,221.0,1879.0,4.0,,,,Tennessee,College Stats,LewiJa00,2000.0,13.523809523809526
1.0,6.0,PHI,Corey Simon,DT,23.0,2007.0,0.0,1.0,6.0,45.0,41.0,95.0,0.0,0.0,0.0,0.0,0.0,0.0,0.0,0.0,0.0,0.0,0.0,194.0,,32.0,Florida St.,College Stats,SimoCo00,2000.0,-5.80952380952381
1.0,7.0,ARI,Thomas Jones,RB,22.0,2011.0,0.0,1.0,9.0,62.0,7.0,180.0,1.0,1.0,-4.0,0.0,0.0,2678.0,10591.0,68.0,308.0,2023.0,3.0,,,,Virginia,College Stats,JoneTh00,2000.0,13.952380952380949
1.0,8.0,PIT,Plaxico Burress,WR,23.0,2012.0,0.0,0.0,10.0,70.0,34.0,148.0,0.0,0.0,0.0,0.0,0.0,1.0,-7.0,0.0,553.0,8499.0,64.0,,,,Michigan St.,College Stats,BurrPl00,2000.0,26.61904761904762
1.0,9.0,CHI,Brian Urlacher HOF,LB,22.0,2012.0,4.0,8.0,12.0,119.0,119.0,182.0,0.0,1.0,0.0,0.0,0.0,0.0,0.0,0.0,1.0,27.0,1.0,1046.0,22.0,41.5,New Mexico,College Stats,UrlaBr00,2000.0,70.76190476190476
1.0,10.0,BAL,Travis Taylor,WR,22.0,2007.0,0.0,0.0,7.0,30.0,23.0,101.0,0.0,0.0,0.0,0.0,0.0,32.0,232.0,0.0,312.0,4017.0,22.0,,,,Florida,College Stats,TaylTr01,2000.0,-9.38095238095238
1.0,11.0,NYG,Ron Dayne,RB,22.0,2007.0,0.0,0.0,1.0,23.0,10.0,96.0,0.0,0.0,0.0,0.0,0.0,983.0,3722.0,28.0,57.0,340.0,0.0,1.0,,,Wisconsin,College Stats,DaynRo00,2000.0,-29.95238095238095
1.0,12.0,NYJ,Shaun Ellis,DE,23.0,2011.0,0.0,2.0,11.0,70.0,68.0,184.0,0.0,0.0,0.0,0.0,0.0,0.0,0.0,0.0,0.0,0.0,0.0,411.0,1.0,73.5,Tennessee,,ElliSh00,2000.0,24.61904761904762
1.0,13.0,NYJ,John Abraham,DE,22.0,2014.0,2.0,5.0,11.0,91.0,37.0,192.0,0.0,0.0,0.0,0.0,0.0,0.0,0.0,0.0,0.0,0.0,0.0,463.0,1.0,133.5,South Carolina,,AbraJo00,2000.0,37.857142857142854
1.0,14.0,GNB,Bubba Franks,TE,22.0,2008.0,0.0,3.0,6.0,20.0,19.0,122.0,1.0,1.0,31.0,1.0,0.0,0.0,0.0,0.0,262.0,2347.0,32.0,,,,Miami (FL),College Stats,FranBu00,2000.0,-25.19047619047619
1.0,15.0,DEN,Deltha O'Neal,DB,23.0,2008.0,0.0,2.0,6.0,45.0,22.0,132.0,0.0,0.0,0.0,0.0,0.0,1.0,0.0,0.0,2.0,4.0,0.0,351.0,34.0,1.0,California,College Stats,ONeaDe00,2000.0,7.238095238095241
1.0,16.0,SFO,Julian Peterson,LB,22.0,2010.0,1.0,5.0,9.0,69.0,36.0,158.0,0.0,0.0,0.0,0.0,0.0,0.0,0.0,0.0,0.0,0.0,0.0,602.0,8.0,51.5,Michigan St.,,PeteJu00,2000.0,26.666666666666664
1.0,17.0,OAK,Sebastian Janikowski,K,22.0,2018.0,0.0,1.0,0.0,41.0,40.0,284.0,0.0,0.0,0.0,0.0,0.0,0.0,0.0,0.0,0.0,0.0,0.0,19.0,,,Florida St.,College Stats,janikseb01,2000.0,-4.38095238095238
1.0,18.0,NYJ,Chad Pennington,QB,24.0,2010.0,0.0,0.0,5.0,55.0,41.0,89.0,1632.0,2471.0,17823.0,102.0,64.0,180.0,465.0,7.0,0.0,7.0,0.0,,,,Marshall,College Stats,PennCh01,2000.0,11.476190476190474
1.0,19.0,SEA,Shaun Alexander,RB,23.0,2008.0,1.0,3.0,7.0,68.0,68.0,123.0,0.0,0.0,0.0,0.0,0.0,2187.0,9453.0,100.0,215.0,1520.0,12.0,,,,Alabama,College Stats,AlexSh00,2000.0,31.80952380952381
1.0,20.0,DET,Stockar McDougle,T,23.0,2006.0,0.0,0.0,3.0,23.0,21.0,81.0,0.0,0.0,0.0,0.0,0.0,0.0,0.0,0.0,0.0,0.0,0.0,,,,Oklahoma,College Stats,McDoSt20,2000.0,-14.61904761904762
1.0,21.0,KAN,Sylvester Morris,WR,22.0,2000.0,0.0,0.0,1.0,6.0,6.0,15.0,1.0,1.0,31.0,0.0,0.0,0.0,0.0,0.0,48.0,678.0,3.0,,,,Jackson St.,,MorrSy00,2000.0,-29.333333333333336
1.0,22.0,SEA,Chris McIntosh,T,23.0,2001.0,0.0,0.0,1.0,8.0,8.0,24.0,0.0,0.0,0.0,0.0,0.0,0.0,0.0,0.0,0.0,0.0,0.0,,,,Wisconsin,College Stats,McInCh20,2000.0,-22.857142857142858
1.0,23.0,CAR,Rashard Anderson,DB,23.0,2001.0,0.0,0.0,1.0,6.0,6.0,27.0,0.0,0.0,0.0,0.0,0.0,0.0,0.0,0.0,0.0,0.0,0.0,68.0,1.0,,Jackson St.,,AndeRa21,2000.0,-25.0
1.0,24.0,SFO,Ahmed Plummer,DB,24.0,2005.0,0.0,0.0,5.0,24.0,24.0,70.0,0.0,0.0,0.0,0.0,0.0,0.0,0.0,0.0,0.0,0.0,0.0,269.0,12.0,,Ohio St.,College Stats,PlumAh20,2000.0,-27.904761904761905
1.0,25.0,MIN,Chris Hovan,DT,22.0,2009.0,0.0,0.0,10.0,56.0,23.0,156.0,0.0,0.0,0.0,0.0,0.0,0.0,0.0,0.0,0.0,0.0,0.0,309.0,,22.0,Boston Col.,,HovaCh20,2000.0,20.714285714285715
1.0,26.0,BUF,Erik Flowers,DE,22.0,2004.0,0.0,0.0,0.0,6.0,4.0,58.0,0.0,0.0,0.0,0.0,0.0,0.0,0.0,0.0,0.0,0.0,0.0,40.0,1.0,5.0,Arizona St.,College Stats,FlowEr20,2000.0,-22.476190476190474
1.0,27.0,NYJ,Anthony Becht,TE,23.0,2011.0,0.0,0.0,9.0,12.0,10.0,167.0,0.0,0.0,0.0,0.0,0.0,0.0,0.0,0.0,188.0,1537.0,21.0,6.0,,,West Virginia,College Stats,BechAn00,2000.0,-30.285714285714285
1.0,28.0,IND,Rob Morris,LB,25.0,2007.0,0.0,0.0,4.0,24.0,24.0,99.0,0.0,0.0,0.0,0.0,0.0,0.0,0.0,0.0,0.0,0.0,0.0,361.0,1.0,7.0,BYU,College Stats,MorrRo20,2000.0,-7.428571428571427
1.0,29.0,JAX,R. Jay Soward,WR,22.0,2000.0,0.0,0.0,0.0,2.0,2.0,13.0,0.0,0.0,0.0,0.0,0.0,3.0,28.0,0.0,14.0,154.0,1.0,,,,USC,College Stats,SowaR.00,2000.0,-27.857142857142858
1.0,30.0,TEN,Keith Bulluck,LB,23.0,2010.0,1.0,1.0,9.0,74.0,71.0,170.0,0.0,0.0,0.0,0.0,0.0,0.0,0.0,0.0,0.0,0.0,0.0,811.0,21.0,18.0,Syracuse,,BullKe00,2000.0,38.80952380952381
1.0,31.0,STL,Trung Canidate,RB,23.0,2003.0,0.0,0.0,1.0,11.0,6.0,46.0,0.0,0.0,0.0,0.0,0.0,240.0,1095.0,7.0,32.0,260.0,1.0,5.0,,,Arizona,College Stats,CaniTr00,2000.0,-23.523809523809526
2.0,32.0,CLE,Dennis Northcutt,WR,22.0,2009.0,0.0,0.0,3.0,41.0,28.0,144.0,0.0,1.0,0.0,0.0,0.0,52.0,366.0,1.0,399.0,4941.0,18.0,5.0,,,Arizona,College Stats,NortDe00,2000.0,-0.9047619047619051
2.0,33.0,NOR,Darren Howard,DE,23.0,2009.0,0.0,0.0,6.0,42.0,31.0,145.0,0.0,0.0,0.0,0.0,0.0,0.0,0.0,0.0,0.0,0.0,0.0,274.0,3.0,67.0,Kansas St.,College Stats,HowaDa21,2000.0,7.761904761904759
2.0,34.0,CIN,Mark Roman,DB,23.0,2009.0,0.0,0.0,7.0,38.0,9.0,146.0,0.0,0.0,0.0,0.0,0.0,0.0,0.0,0.0,0.0,0.0,0.0,440.0,6.0,8.0,LSU,College Stats,RomaMa20,2000.0,0.4761904761904745
2.0,35.0,SFO,John Engelberger,DE,23.0,2008.0,0.0,0.0,5.0,31.0,23.0,139.0,0.0,0.0,0.0,0.0,0.0,0.0,0.0,0.0,0.0,0.0,0.0,211.0,,20.5,Virginia Tech,College Stats,EngeJo20,2000.0,-8.047619047619051
2.0,36.0,PHI,Todd Pinkston,WR,23.0,2004.0,0.0,0.0,4.0,25.0,25.0,78.0,0.0,0.0,0.0,0.0,0.0,3.0,-21.0,0.0,184.0,2816.0,14.0,,,,Southern Miss,College Stats,PinkTo00,2000.0,-15.57142857142857
2.0,37.0,ATL,Travis Claridge,G,22.0,2003.0,0.0,0.0,3.0,23.0,23.0,52.0,0.0,0.0,0.0,0.0,0.0,0.0,0.0,0.0,0.0,0.0,0.0,,,,USC,,ClarTr20,2000.0,-12.42857142857143
2.0,38.0,PIT,Marvel Smith,T,22.0,2008.0,0.0,1.0,7.0,44.0,44.0,111.0,0.0,0.0,0.0,0.0,0.0,0.0,0.0,0.0,0.0,0.0,0.0,,,,Arizona St.,,SmitMa55,2000.0,19.142857142857142
2.0,39.0,CHI,Mike Brown,DB,22.0,2009.0,1.0,1.0,7.0,56.0,51.0,116.0,0.0,0.0,0.0,0.0,0.0,0.0,0.0,0.0,0.0,0.0,0.0,510.0,20.0,7.0,Nebraska,College Stats,BrowMi99,2000.0,23.285714285714285
2.0,40.0,DEN,Ian Gold,LB,22.0,2007.0,0.0,1.0,5.0,39.0,33.0,115.0,0.0,0.0,0.0,0.0,0.0,0.0,0.0,0.0,0.0,0.0,0.0,436.0,4.0,17.0,Michigan,College Stats,GoldIa00,2000.0,15.571428571428573
2.0,41.0,ARI,Raynoch Thompson,LB,22.0,2004.0,0.0,0.0,4.0,19.0,19.0,64.0,0.0,0.0,0.0,0.0,0.0,0.0,0.0,0.0,0.0,0.0,0.0,253.0,,7.5,Tennessee,College Stats,ThomRa23,2000.0,-9.714285714285715
2.0,42.0,NYG,Cornelius Griffin,DT,23.0,2009.0,0.0,0.0,9.0,58.0,20.0,146.0,0.0,0.0,0.0,0.0,0.0,0.0,0.0,0.0,0.0,0.0,0.0,340.0,2.0,29.0,Alabama,,GrifCo20,2000.0,29.38095238095238
2.0,43.0,SDG,Rogers Beckett,DB,23.0,2004.0,0.0,0.0,3.0,17.0,12.0,71.0,0.0,0.0,0.0,0.0,0.0,0.0,0.0,0.0,0.0,0.0,0.0,230.0,4.0,4.0,Marshall,College Stats,BeckRo20,2000.0,-6.095238095238095
2.0,44.0,GNB,Chad Clifton,T,24.0,2011.0,0.0,2.0,10.0,72.0,72.0,165.0,0.0,0.0,0.0,0.0,0.0,0.0,0.0,0.0,0.0,0.0,0.0,,,,Tennessee,,ClifCh20,2000.0,44.0
2.0,45.0,DEN,Kenoy Kennedy,DB,22.0,2007.0,0.0,0.0,7.0,34.0,22.0,115.0,0.0,0.0,0.0,0.0,0.0,0.0,0.0,0.0,0.0,0.0,0.0,408.0,10.0,6.0,Arkansas,College Stats,KennKe21,2000.0,7.19047619047619
2.0,46.0,NWE,Adrian Klemm,G,23.0,2005.0,0.0,0.0,0.0,10.0,6.0,42.0,0.0,0.0,0.0,0.0,0.0,0.0,0.0,0.0,0.0,0.0,0.0,,,,Hawaii,,KlemAd20,2000.0,-18.61904761904762
2.0,47.0,OAK,Jerry Porter,WR,22.0,2008.0,0.0,0.0,4.0,33.0,32.0,115.0,0.0,0.0,0.0,0.0,0.0,9.0,17.0,0.0,295.0,4120.0,31.0,7.0,,,West Virginia,College Stats,PortJe00,2000.0,-0.047619047619051
2.0,48.0,SFO,Jason Webster,DB,22.0,2008.0,0.0,0.0,5.0,26.0,17.0,90.0,0.0,0.0,0.0,0.0,0.0,0.0,0.0,0.0,0.0,0.0,0.0,351.0,11.0,0.5,Texas A&M,College Stats,WebsJa20,2000.0,-2.80952380952381
2.0,49.0,DAL,Dwayne Goodrich,DB,22.0,2002.0,0.0,0.0,0.0,1.0,1.0,16.0,0.0,0.0,0.0,0.0,0.0,0.0,0.0,0.0,0.0,0.0,0.0,8.0,,,Tennessee,College Stats,GoodDw20,2000.0,-22.6
2.0,50.0,DET,Barrett Green,LB,22.0,2005.0,0.0,0.0,4.0,20.0,16.0,65.0,0.0,0.0,0.0,0.0,0.0,0.0,0.0,0.0,0.0,0.0,0.0,200.0,,5.0,West Virginia,College Stats,GreeBa20,2000.0,-8.714285714285715
2.0,51.0,TAM,Cosey Coleman,G,21.0,2006.0,0.0,0.0,6.0,35.0,27.0,100.0,0.0,0.0,0.0,0.0,0.0,0.0,0.0,0.0,1.0,5.0,0.0,,,,Tennessee,College Stats,ColeCo21,2000.0,9.157894736842106
2.0,52.0,SEA,Ike Charlton,DB,22.0,2003.0,0.0,0.0,0.0,5.0,3.0,53.0,0.0,0.0,0.0,0.0,0.0,0.0,0.0,0.0,0.0,0.0,0.0,83.0,2.0,2.0,Virginia Tech,College Stats,CharIk20,2000.0,-18.666666666666668
2.0,53.0,MIA,Todd Wade,T,23.0,2007.0,0.0,0.0,7.0,41.0,30.0,99.0,0.0,0.0,0.0,0.0,0.0,0.0,0.0,0.0,0.0,0.0,0.0,,,,Mississippi,,WadeTo20,2000.0,14.857142857142858
2.0,54.0,KAN,William Bartee,DB,23.0,2005.0,0.0,0.0,2.0,13.0,13.0,87.0,0.0,0.0,0.0,0.0,0.0,0.0,0.0,0.0,0.0,0.0,0.0,212.0,,3.5,Oklahoma,College Stats,BartWi20,2000.0,-9.904761904761905
2.0,55.0,MIN,Fred Robbins,DT,23.0,2011.0,0.0,0.0,10.0,51.0,9.0,180.0,0.0,0.0,0.0,0.0,0.0,0.0,0.0,0.0,0.0,0.0,0.0,272.0,3.0,35.5,Wake Forest,,RobbFr20,2000.0,17.95238095238095
2.0,56.0,MIN,Michael Boireau,DE,,,0.0,0.0,0.0,,,,,,,,,,,,,,,,,,Miami (FL),,-9999,2000.0,
2.0,57.0,CAR,Deon Grant,DB,21.0,2011.0,0.0,0.0,10.0,56.0,22.0,176.0,0.0,0.0,0.0,0.0,0.0,0.0,0.0,0.0,0.0,0.0,0.0,624.0,30.0,6.5,Tennessee,College Stats,GranDe21,2000.0,33.19047619047619
2.0,58.0,BUF,Travares Tillman,DB,22.0,2007.0,0.0,0.0,1.0,13.0,5.0,74.0,0.0,0.0,0.0,0.0,0.0,0.0,0.0,0.0,0.0,0.0,0.0,127.0,4.0,,Georgia Tech,College Stats,TillTr20,2000.0,-11.523809523809526
2.0,59.0,IND,Marcus Washington,LB,22.0,2008.0,0.0,1.0,8.0,53.0,17.0,131.0,0.0,0.0,0.0,0.0,0.0,0.0,0.0,0.0,0.0,0.0,0.0,471.0,3.0,37.5,Auburn,,WashMa99,2000.0,31.095238095238095
2.0,60.0,JAX,Brad Meester,C,23.0,2013.0,0.0,0.0,14.0,74.0,74.0,209.0,0.0,0.0,0.0,0.0,0.0,0.0,0.0,0.0,1.0,9.0,0.0,,,,Northern Iowa,,MeesBr20,2000.0,48.904761904761905
2.0,61.0,PHI,Bobbie Williams,G,23.0,2012.0,0.0,0.0,9.0,55.0,6.0,163.0,0.0,0.0,0.0,0.0,0.0,0.0,0.0,0.0,0.0,0.0,0.0,1.0,,,Arkansas,,WillBo21,2000.0,26.142857142857142
2.0,62.0,STL,Jacoby Shepherd,DB,21.0,2003.0,0.0,0.0,0.0,1.0,1.0,30.0,0.0,0.0,0.0,0.0,0.0,0.0,0.0,0.0,0.0,0.0,0.0,27.0,1.0,,Oklahoma St.,College Stats,ShepJa20,2000.0,-24.75
3.0,63.0,CLE,Travis Prentice,RB,23.0,2001.0,0.0,0.0,1.0,4.0,4.0,30.0,0.0,0.0,0.0,0.0,0.0,187.0,525.0,9.0,38.0,201.0,1.0,5.0,,,Miami (OH),College Stats,PrenTr00,2000.0,-26.9
3.0,64.0,WAS,Lloyd Harrison,DB,23.0,2002.0,0.0,0.0,0.0,1.0,0.0,16.0,0.0,0.0,0.0,0.0,0.0,0.0,0.0,0.0,0.0,0.0,0.0,17.0,,1.0,North Carolina St.,College Stats,HarrLl20,2000.0,-28.904761904761905
3.0,65.0,SFO,Giovanni Carmazzi,QB,,,0.0,0.0,0.0,,,,,,,,,,,,,,,,,,Hofstra,,-9999,2000.0,
3.0,66.0,CIN,Ron Dugans,WR,23.0,2002.0,0.0,0.0,0.0,6.0,6.0,46.0,0.0,0.0,0.0,0.0,0.0,0.0,0.0,0.0,89.0,797.0,3.0,26.0,,,Florida St.,College Stats,DugaRo00,2000.0,-19.476190476190474
3.0,67.0,ATL,Mark Simoneau,LB,23.0,2010.0,0.0,0.0,4.0,29.0,5.0,124.0,0.0,0.0,0.0,0.0,0.0,0.0,0.0,0.0,0.0,0.0,0.0,319.0,1.0,7.0,Kansas St.,College Stats,SimoMa20,2000.0,10.05
3.0,68.0,TEN,Erron Kinney,TE,23.0,2005.0,0.0,0.0,6.0,15.0,15.0,83.0,0.0,0.0,0.0,0.0,0.0,0.0,0.0,0.0,178.0,1750.0,10.0,,,,Florida,College Stats,KinnEr00,2000.0,-1.4761904761904745
3.0,69.0,CHI,Dez White,WR,21.0,2005.0,0.0,0.0,4.0,18.0,14.0,82.0,0.0,0.0,0.0,0.0,0.0,8.0,38.0,0.0,187.0,2149.0,11.0,2.0,,,Georgia Tech,College Stats,WhitDe00,2000.0,-8.571428571428573
3.0,70.0,DEN,Chris Cole,WR,22.0,2003.0,0.0,0.0,0.0,1.0,1.0,35.0,0.0,0.0,0.0,0.0,0.0,2.0,8.0,0.0,12.0,164.0,0.0,12.0,,,Texas A&M,College Stats,ColeCh00,2000.0,-21.904761904761905
3.0,71.0,ARI,Darwin Walker,DT,23.0,2008.0,0.0,0.0,5.0,38.0,0.0,109.0,0.0,0.0,0.0,0.0,0.0,0.0,0.0,0.0,0.0,0.0,0.0,167.0,1.0,28.5,Tennessee,,WalkDa21,2000.0,10.142857142857142
3.0,72.0,PIT,Kendrick Clancy,DT,21.0,2009.0,0.0,0.0,3.0,24.0,6.0,109.0,0.0,0.0,0.0,0.0,0.0,0.0,0.0,0.0,0.0,0.0,0.0,126.0,1.0,5.5,Mississippi,,ClanKe20,2000.0,5.399999999999999
3.0,73.0,NYG,Ron Dixon,WR,24.0,2002.0,0.0,0.0,0.0,6.0,6.0,37.0,0.0,0.0,0.0,0.0,0.0,3.0,13.0,0.0,36.0,696.0,4.0,5.0,,,Lambuth,,DixoRo00,2000.0,-18.523809523809526
3.0,74.0,GNB,Steve Warren,DT,22.0,2002.0,0.0,0.0,0.0,2.0,2.0,25.0,0.0,0.0,0.0,0.0,0.0,0.0,0.0,0.0,0.0,0.0,0.0,16.0,,1.0,Nebraska,,WarrSt20,2000.0,-16.428571428571427
3.0,75.0,BAL,Chris Redman,QB,23.0,2011.0,0.0,0.0,0.0,9.0,3.0,30.0,286.0,500.0,3179.0,21.0,14.0,33.0,25.0,0.0,0.0,0.0,0.0,,,,Louisville,College Stats,RedmCh00,2000.0,-14.45
3.0,76.0,NWE,J.R. Redmond,RB,22.0,2004.0,0.0,0.0,0.0,9.0,6.0,50.0,0.0,0.0,0.0,0.0,0.0,194.0,676.0,1.0,68.0,502.0,2.0,11.0,,,Arizona St.,College Stats,RedmJ.00,2000.0,-12.350000000000001
3.0,77.0,PIT,Hank Poteat,DB,23.0,2009.0,0.0,0.0,1.0,16.0,4.0,110.0,0.0,0.0,0.0,0.0,0.0,0.0,0.0,0.0,0.0,0.0,0.0,164.0,4.0,3.0,Pittsburgh,College Stats,PoteHa20,2000.0,-2.9523809523809526
3.0,78.0,NYJ,Laveranues Coles,WR,22.0,2009.0,0.0,1.0,9.0,68.0,49.0,153.0,0.0,0.0,0.0,0.0,0.0,37.0,231.0,0.0,674.0,8609.0,49.0,5.0,,,Florida St.,College Stats,ColeLa00,2000.0,42.14285714285714
3.0,79.0,CLE,JaJuan Dawson,WR,22.0,2002.0,0.0,0.0,0.0,5.0,3.0,30.0,0.0,0.0,0.0,0.0,0.0,0.0,0.0,0.0,52.0,664.0,2.0,2.0,,,Tulane,College Stats,DawsJa00,2000.0,-11.7
3.0,80.0,SEA,Darrell Jackson,WR,21.0,2008.0,0.0,0.0,7.0,55.0,51.0,123.0,0.0,0.0,0.0,0.0,0.0,6.0,18.0,0.0,499.0,7132.0,51.0,,,,Florida,College Stats,JackDa00,2000.0,43.76190476190476
3.0,81.0,DET,Reuben Droughns,RB,22.0,2008.0,0.0,0.0,3.0,27.0,1.0,114.0,0.0,0.0,0.0,0.0,0.0,929.0,3602.0,19.0,123.0,989.0,6.0,41.0,,,Oregon,College Stats,DrouRe00,2000.0,2.0
3.0,82.0,CAR,Leander Jordan,T,22.0,2005.0,0.0,0.0,1.0,9.0,2.0,37.0,0.0,0.0,0.0,0.0,0.0,0.0,0.0,0.0,0.0,0.0,0.0,,,,Indiana (PA),,JordLe20,2000.0,-4.449999999999999
3.0,83.0,SDG,Damion McIntosh,T,23.0,2009.0,0.0,0.0,8.0,38.0,15.0,125.0,0.0,0.0,0.0,0.0,0.0,0.0,0.0,0.0,0.0,0.0,0.0,,,,Kansas St.,,McInDa20,2000.0,14.238095238095237
3.0,84.0,MIA,Ben Kelly,DB,21.0,2002.0,0.0,0.0,0.0,0.0,0.0,13.0,0.0,0.0,0.0,0.0,0.0,0.0,0.0,0.0,0.0,0.0,0.0,4.0,,,Colorado,College Stats,KellBe20,2000.0,-25.428571428571427
3.0,85.0,KAN,Greg Wesley,DB,22.0,2007.0,0.0,0.0,7.0,39.0,39.0,118.0,0.0,0.0,0.0,0.0,0.0,0.0,0.0,0.0,0.0,0.0,0.0,509.0,29.0,6.0,Ark-Pine Bluff,,WeslGr20,2000.0,27.0
3.0,86.0,SFO,Jeff Ulbrich,LB,23.0,2009.0,0.0,0.0,4.0,31.0,31.0,120.0,0.0,0.0,0.0,0.0,0.0,0.0,0.0,0.0,0.0,0.0,0.0,366.0,2.0,5.5,Hawaii,College Stats,UlbrJe20,2000.0,11.0
3.0,87.0,CHI,Dustin Lyman,TE,24.0,2004.0,0.0,0.0,1.0,2.0,2.0,55.0,0.0,0.0,0.0,0.0,0.0,0.0,0.0,0.0,37.0,278.0,3.0,16.0,,,Wake Forest,,LymaDu00,2000.0,-9.476190476190476
3.0,88.0,MIN,Doug Chapman,RB,23.0,2003.0,0.0,0.0,0.0,3.0,3.0,26.0,0.0,0.0,0.0,0.0,0.0,90.0,317.0,0.0,17.0,143.0,1.0,,,,Marshall,College Stats,ChapDo00,2000.0,-17.19047619047619
3.0,89.0,BUF,Corey Moore,LB,23.0,2001.0,0.0,0.0,0.0,3.0,3.0,10.0,0.0,0.0,0.0,0.0,0.0,0.0,0.0,0.0,0.0,0.0,0.0,11.0,,1.0,Virginia Tech,College Stats,MoorCo20,2000.0,-16.0
3.0,90.0,TAM,Nate Webster,LB,22.0,2008.0,0.0,0.0,2.0,19.0,8.0,99.0,0.0,0.0,0.0,0.0,0.0,0.0,0.0,0.0,0.0,0.0,0.0,244.0,,4.0,Miami (FL),College Stats,WebsNa20,2000.0,4.857142857142858
3.0,91.0,IND,David Macklin,DB,22.0,2008.0,0.0,0.0,4.0,29.0,14.0,120.0,0.0,0.0,0.0,0.0,0.0,0.0,0.0,0.0,0.0,0.0,0.0,320.0,14.0,1.0,Penn St.,College Stats,MackDa20,2000.0,3.3000000000000007
3.0,92.0,JAX,T.J. Slaughter,LB,23.0,2006.0,0.0,0.0,3.0,17.0,14.0,78.0,0.0,0.0,0.0,0.0,0.0,0.0,0.0,0.0,0.0,0.0,0.0,187.0,1.0,2.0,Southern Miss,,SlauT.20,2000.0,-7.800000000000001
3.0,93.0,TEN,Byron Frisch,DE,23.0,2002.0,0.0,0.0,0.0,2.0,,23.0,0.0,0.0,0.0,0.0,0.0,0.0,0.0,0.0,0.0,0.0,0.0,18.0,,5.0,BYU,,FrisBy20,2000.0,-10.19047619047619
3.0,94.0,STL,John St. Clair,T,23.0,2010.0,0.0,0.0,5.0,30.0,8.0,132.0,0.0,0.0,0.0,0.0,0.0,0.0,0.0,0.0,2.0,20.0,1.0,,,,Virginia,,St.CJo20,2000.0,10.149999999999999
4.0,95.0,CLE,Lewis Sanders,DB,22.0,2008.0,0.0,0.0,0.0,14.0,7.0,97.0,0.0,0.0,0.0,0.0,0.0,0.0,0.0,0.0,0.0,0.0,0.0,202.0,5.0,1.0,Maryland,College Stats,SandLe20,2000.0,-1.7894736842105257
4.0,96.0,NOR,Terrelle Smith,FB,22.0,2009.0,0.0,0.0,8.0,3.0,2.0,146.0,0.0,0.0,0.0,0.0,0.0,58.0,185.0,0.0,69.0,361.0,3.0,,,,Arizona St.,College Stats,SmitTe00,2000.0,-10.619047619047619
4.0,97.0,CIN,Curtis Keaton,RB,23.0,2002.0,0.0,0.0,0.0,0.0,0.0,25.0,0.0,0.0,0.0,0.0,0.0,23.0,91.0,0.0,1.0,9.0,0.0,,,,James Madison,College Stats,KeatCu00,2000.0,-12.857142857142858
4.0,98.0,GNB,Na'il Diggs,LB,22.0,2011.0,0.0,0.0,10.0,55.0,34.0,170.0,0.0,0.0,0.0,0.0,0.0,0.0,0.0,0.0,0.0,0.0,0.0,541.0,5.0,11.5,Ohio St.,,DiggNa20,2000.0,33.95238095238095
4.0,99.0,PHI,Gari Scott,WR,22.0,2001.0,0.0,0.0,0.0,0.0,0.0,3.0,0.0,0.0,0.0,0.0,0.0,0.0,0.0,0.0,2.0,26.0,0.0,,,,Michigan St.,College Stats,ScotGa00,2000.0,-17.857142857142858
4.0,100.0,ATL,Michael Thompson,T,23.0,2002.0,0.0,0.0,0.0,3.0,3.0,12.0,0.0,0.0,0.0,0.0,0.0,0.0,0.0,0.0,0.0,0.0,0.0,,,,Tennessee St.,,ThomMi20,2000.0,-16.4
4.0,101.0,DEN,Jerry Johnson,DT,23.0,2001.0,0.0,0.0,0.0,1.0,1.0,9.0,0.0,0.0,0.0,0.0,0.0,0.0,0.0,0.0,0.0,0.0,0.0,10.0,,,Florida St.,,JohnJe21,2000.0,-11.2
4.0,102.0,ARI,David Barrett,DB,22.0,2008.0,0.0,0.0,6.0,31.0,13.0,131.0,0.0,0.0,0.0,0.0,0.0,0.0,0.0,0.0,0.0,0.0,0.0,391.0,18.0,0.5,Arkansas,College Stats,BarrDa22,2000.0,10.571428571428573
4.0,103.0,PIT,Danny Farmer,WR,23.0,2002.0,0.0,0.0,0.0,5.0,,33.0,0.0,0.0,0.0,0.0,0.0,0.0,0.0,0.0,43.0,611.0,1.0,,,,UCLA,College Stats,FarmDa00,2000.0,-11.61904761904762
4.0,104.0,STL,Kaulana Noa,T,,,0.0,0.0,0.0,,,,,,,,,,,,,,,,,,Hawaii,College Stats,-9999,2000.0,
4.0,105.0,NYG,Brandon Short,LB,23.0,2006.0,0.0,0.0,5.0,32.0,22.0,100.0,0.0,0.0,0.0,0.0,0.0,0.0,0.0,0.0,0.0,0.0,0.0,286.0,2.0,9.5,Penn St.,College Stats,ShorBr20,2000.0,14.600000000000001
4.0,106.0,MIN,Antonio Wilson,LB,22.0,2002.0,0.0,0.0,0.0,2.0,2.0,16.0,0.0,0.0,0.0,0.0,0.0,0.0,0.0,0.0,0.0,0.0,0.0,14.0,,,Texas A&M-Commerce,,WilsAn20,2000.0,-13.142857142857142
4.0,107.0,OAK,Junior Ioane,DT,23.0,2005.0,0.0,0.0,0.0,4.0,0.0,36.0,0.0,0.0,0.0,0.0,0.0,0.0,0.0,0.0,0.0,0.0,0.0,33.0,,1.5,Arizona St.,,IoanJu20,2000.0,-5.238095238095237
4.0,108.0,SFO,John Keith,DB,23.0,2003.0,0.0,0.0,0.0,3.0,3.0,23.0,0.0,0.0,0.0,0.0,0.0,0.0,0.0,0.0,0.0,0.0,0.0,42.0,1.0,1.0,Furman,,KeitJo20,2000.0,-19.57894736842105
4.0,109.0,DAL,Kareem Larrimore,DB,24.0,2001.0,0.0,0.0,0.0,3.0,3.0,19.0,0.0,0.0,0.0,0.0,0.0,0.0,0.0,0.0,0.0,0.0,0.0,19.0,,,West Texas A&M,,LarrKa20,2000.0,-20.047619047619047
4.0,110.0,CLE,Aaron Shea,TE,23.0,2005.0,0.0,0.0,0.0,6.0,6.0,65.0,0.0,0.0,0.0,0.0,0.0,0.0,0.0,0.0,97.0,851.0,7.0,13.0,,,Michigan,College Stats,SheaAa00,2000.0,-4.238095238095237
4.0,111.0,SDG,Trevor Gaylor,WR,22.0,2002.0,0.0,0.0,0.0,7.0,3.0,34.0,0.0,0.0,0.0,0.0,0.0,0.0,0.0,0.0,52.0,784.0,4.0,,,,Miami (OH),College Stats,GaylTr00,2000.0,-3.9523809523809526
4.0,112.0,DEN,Cooper Carlisle,G,23.0,2012.0,0.0,0.0,8.0,54.0,22.0,190.0,0.0,0.0,0.0,0.0,0.0,0.0,0.0,0.0,1.0,6.0,1.0,,,,Florida,,CarlCo20,2000.0,35.15789473684211
4.0,113.0,SDG,Leonardo Carson,DT,23.0,2004.0,0.0,0.0,2.0,16.0,10.0,64.0,0.0,0.0,0.0,0.0,0.0,0.0,0.0,0.0,0.0,0.0,0.0,92.0,,8.5,Auburn,College Stats,CarsLe20,2000.0,0.0
4.0,114.0,GNB,Anthony Lucas,WR,,,0.0,0.0,0.0,,,,,,,,,,,,,,,,,,Arkansas,College Stats,-9999,2000.0,
4.0,115.0,KAN,Frank Moreau,RB,23.0,2001.0,0.0,0.0,0.0,1.0,1.0,14.0,0.0,0.0,0.0,0.0,0.0,75.0,206.0,5.0,0.0,0.0,0.0,,,,Louisville,College Stats,MoreFr00,2000.0,-8.736842105263158
4.0,116.0,SEA,Marcus Bell,LB,23.0,2002.0,0.0,0.0,1.0,7.0,7.0,45.0,0.0,0.0,0.0,0.0,0.0,0.0,0.0,0.0,0.0,0.0,0.0,109.0,1.0,2.0,Arizona,College Stats,BellMa21,2000.0,-4.9523809523809526
4.0,117.0,MIA,Deon Dyer,FB,22.0,2002.0,0.0,0.0,0.0,0.0,0.0,45.0,0.0,0.0,0.0,0.0,0.0,0.0,0.0,0.0,2.0,14.0,0.0,2.0,,,North Carolina,College Stats,DyerDe00,2000.0,-15.0
4.0,118.0,MIN,Tyrone Carter,DB,24.0,2010.0,0.0,0.0,2.0,27.0,7.0,158.0,0.0,0.0,0.0,0.0,0.0,0.0,0.0,0.0,0.0,0.0,0.0,380.0,9.0,5.5,Minnesota,College Stats,CartTy20,2000.0,12.25
4.0,119.0,SEA,Isaiah Kacyvenski,LB,22.0,2006.0,0.0,0.0,2.0,16.0,15.0,100.0,0.0,0.0,0.0,0.0,0.0,0.0,0.0,0.0,0.0,0.0,0.0,227.0,3.0,1.0,Harvard,,KacyIs20,2000.0,0.3333333333333339
4.0,120.0,CAR,Alvin McKinley,DE,22.0,2007.0,0.0,0.0,3.0,22.0,1.0,97.0,0.0,0.0,0.0,0.0,0.0,0.0,0.0,0.0,0.0,0.0,0.0,146.0,,11.5,Mississippi St.,,McKiAl20,2000.0,2.75
4.0,121.0,BUF,Avion Black,WR,23.0,2002.0,0.0,0.0,0.0,2.0,1.0,27.0,0.0,0.0,0.0,0.0,0.0,0.0,0.0,0.0,14.0,142.0,0.0,7.0,,,Tennessee St.,,BlacAv00,2000.0,-6.157894736842104
4.0,122.0,IND,Josh Williams,DT,24.0,2005.0,0.0,0.0,2.0,19.0,19.0,73.0,0.0,0.0,0.0,0.0,0.0,0.0,0.0,0.0,0.0,0.0,0.0,117.0,,8.0,Michigan,,WillJo30,2000.0,3.1578947368421044
4.0,123.0,JAX,Joey Chustz,T,,,0.0,0.0,0.0,,,,,,,,,,,,,,,,,,Louisiana Tech,,-9999,2000.0,
4.0,124.0,TEN,Bobby Myers,DB,23.0,2001.0,0.0,0.0,0.0,3.0,3.0,17.0,0.0,0.0,0.0,0.0,0.0,0.0,0.0,0.0,0.0,0.0,0.0,13.0,,,Wisconsin,College Stats,MyerBo21,2000.0,-10.428571428571429
4.0,125.0,CHI,Reggie Austin,DB,23.0,2002.0,0.0,0.0,0.0,3.0,3.0,18.0,0.0,0.0,0.0,0.0,0.0,0.0,0.0,0.0,0.0,0.0,0.0,18.0,2.0,,Wake Forest,College Stats,AustRe20,2000.0,-11.578947368421053
4.0,126.0,GNB,Gary Berry,DB,22.0,2000.0,0.0,0.0,0.0,0.0,0.0,4.0,0.0,0.0,0.0,0.0,0.0,0.0,0.0,0.0,0.0,0.0,0.0,,,,Ohio St.,College Stats,BerrGa20,2000.0,-24.35
4.0,127.0,NWE,Greg Randall,T,22.0,2003.0,0.0,0.0,2.0,18.0,13.0,51.0,0.0,0.0,0.0,0.0,0.0,0.0,0.0,0.0,0.0,0.0,0.0,,,,Michigan St.,,RandGr20,2000.0,9.15
4.0,128.0,TEN,Peter Sirmon,LB,23.0,2006.0,0.0,0.0,4.0,25.0,25.0,81.0,0.0,0.0,0.0,0.0,0.0,0.0,0.0,0.0,0.0,0.0,0.0,253.0,4.0,5.0,Oregon,College Stats,SirmPe20,2000.0,6.399999999999999
4.0,129.0,WAS,Michael Moore,G,23.0,2004.0,0.0,0.0,0.0,1.0,1.0,8.0,0.0,0.0,0.0,0.0,0.0,0.0,0.0,0.0,0.0,0.0,0.0,,,,Troy,,MoorMi20,2000.0,-8.85
5.0,130.0,CLE,Anthony Malbrough,DB,23.0,2000.0,0.0,0.0,0.0,1.0,1.0,9.0,0.0,0.0,0.0,0.0,0.0,0.0,0.0,0.0,0.0,0.0,0.0,21.0,,,Texas Tech,College Stats,MalbAn20,2000.0,-15.722222222222221
5.0,131.0,NOR,Tutan Reyes,G,22.0,2008.0,0.0,0.0,2.0,19.0,0.0,53.0,0.0,0.0,0.0,0.0,0.0,0.0,0.0,0.0,0.0,0.0,0.0,2.0,,,Mississippi,,ReyeTu20,2000.0,5.210526315789474
5.0,132.0,SFO,Paul Smith,RB,22.0,2007.0,0.0,0.0,0.0,3.0,2.0,79.0,0.0,0.0,0.0,0.0,0.0,46.0,210.0,1.0,18.0,182.0,0.0,30.0,,,Texas-El Paso,College Stats,SmitPa00,2000.0,-7.705882352941176
5.0,133.0,CIN,Robert Bean,DB,22.0,2002.0,0.0,0.0,0.0,5.0,5.0,32.0,0.0,0.0,0.0,0.0,0.0,0.0,0.0,0.0,0.0,0.0,0.0,67.0,1.0,,Mississippi St.,College Stats,BeanRo20,2000.0,-5.857142857142858
5.0,134.0,ATL,Anthony Midget,DB,,,0.0,0.0,0.0,,,,,,,,,,,,,,,,,,Virginia Tech,College Stats,-9999,2000.0,
5.0,135.0,TEN,Aric Morris,DB,23.0,2003.0,0.0,0.0,1.0,5.0,5.0,51.0,0.0,0.0,0.0,0.0,0.0,0.0,0.0,0.0,0.0,0.0,0.0,73.0,1.0,1.5,Michigan St.,College Stats,MorrAr20,2000.0,-19.444444444444443
5.0,136.0,ARI,Mao Tosi,DT,23.0,2001.0,0.0,0.0,1.0,4.0,4.0,26.0,0.0,0.0,0.0,0.0,0.0,0.0,0.0,0.0,0.0,0.0,0.0,69.0,,1.0,Idaho,College Stats,TosiMa20,2000.0,-4.800000000000001
5.0,137.0,PIT,Clark Haggans,LB,23.0,2012.0,0.0,0.0,7.0,46.0,31.0,172.0,0.0,0.0,0.0,0.0,0.0,0.0,0.0,0.0,0.0,0.0,0.0,370.0,1.0,46.5,Colorado St.,,HaggCl20,2000.0,25.05263157894737
5.0,138.0,IND,Matt Johnson,G,,,0.0,0.0,0.0,,,,,,,,,,,,,,,,,,BYU,,-9999,2000.0,
5.0,139.0,STL,Brian Young,DT,23.0,2008.0,0.0,0.0,6.0,39.0,17.0,123.0,0.0,0.0,0.0,0.0,0.0,0.0,0.0,0.0,0.0,0.0,0.0,230.0,1.0,22.5,Texas-El Paso,College Stats,YounBr20,2000.0,31.142857142857142
5.0,140.0,NYG,Ralph Brown,DB,21.0,2009.0,0.0,0.0,0.0,12.0,6.0,129.0,0.0,0.0,0.0,0.0,0.0,0.0,0.0,0.0,0.0,0.0,0.0,206.0,6.0,1.0,Nebraska,College Stats,BrowRa20,2000.0,0.5238095238095237
5.0,141.0,NWE,Dave Stachelski,TE,23.0,2001.0,0.0,0.0,0.0,0.0,,9.0,0.0,0.0,0.0,0.0,0.0,0.0,0.0,0.0,1.0,5.0,0.0,,,,Boise St.,College Stats,StacDa00,2000.0,-8.666666666666666
5.0,142.0,OAK,Shane Lechler,P,24.0,2017.0,6.0,7.0,0.0,44.0,39.0,286.0,3.0,5.0,49.0,1.0,0.0,6.0,0.0,0.0,0.0,0.0,0.0,19.0,,,Texas A&M,College Stats,LechSh20,2000.0,28.315789473684212
5.0,143.0,NYJ,Windrell Hayes,WR,23.0,2001.0,0.0,0.0,0.0,1.0,1.0,9.0,0.0,0.0,0.0,0.0,0.0,1.0,2.0,0.0,6.0,126.0,0.0,,,,USC,College Stats,HayeWi00,2000.0,-15.315789473684209
5.0,144.0,DAL,Michael Wiley,RB,22.0,2002.0,0.0,0.0,0.0,4.0,4.0,42.0,0.0,0.0,0.0,0.0,0.0,80.0,503.0,1.0,43.0,315.0,2.0,4.0,,,Ohio St.,College Stats,WileMi00,2000.0,-7.050000000000001
5.0,145.0,DET,Todd Franz,DB,24.0,2005.0,0.0,0.0,0.0,3.0,,46.0,0.0,0.0,0.0,0.0,0.0,0.0,0.0,0.0,0.0,0.0,0.0,42.0,1.0,,Tulsa,College Stats,FranTo21,2000.0,-7.5
5.0,146.0,CLE,Lamar Chapman,DB,23.0,2001.0,0.0,0.0,0.0,1.0,1.0,8.0,0.0,0.0,0.0,0.0,0.0,0.0,0.0,0.0,0.0,0.0,0.0,18.0,1.0,,Kansas St.,College Stats,ChapLa20,2000.0,-24.45
5.0,147.0,CAR,Gillis Wilson,DE,22.0,2001.0,0.0,0.0,0.0,1.0,1.0,5.0,0.0,0.0,0.0,0.0,0.0,0.0,0.0,0.0,0.0,0.0,0.0,7.0,,0.5,Southern,,WilsGi21,2000.0,-9.375
5.0,148.0,BAL,Richard Mercier,G,,,0.0,0.0,0.0,,,,,,,,,,,,,,,,,,Miami (FL),,-9999,2000.0,
5.0,149.0,GNB,Kabeer Gbaja-Biamila,DE,22.0,2008.0,0.0,1.0,5.0,43.0,43.0,124.0,0.0,0.0,0.0,0.0,0.0,0.0,0.0,0.0,0.0,0.0,0.0,225.0,1.0,74.5,San Diego St.,,GbajKa20,2000.0,27.9
5.0,150.0,SFO,John Milem,DE,25.0,2001.0,0.0,0.0,0.0,1.0,1.0,20.0,0.0,0.0,0.0,0.0,0.0,0.0,0.0,0.0,0.0,0.0,0.0,8.0,,,Lenoir-Rhyne,,MileJo20,2000.0,-7.7368421052631575
5.0,151.0,GNB,Joey Jamison,WR,,,0.0,0.0,0.0,,,,,,,,,,,,,,,,,,Texas Southern,,-9999,2000.0,
5.0,152.0,MIA,Arturo Freeman,DB,23.0,2005.0,0.0,0.0,2.0,13.0,13.0,74.0,0.0,0.0,0.0,0.0,0.0,0.0,0.0,0.0,0.0,0.0,0.0,143.0,5.0,3.5,South Carolina,,FreeAr20,2000.0,3.875
5.0,153.0,KAN,Dante Hall,WR,21.0,2008.0,1.0,2.0,0.0,29.0,28.0,112.0,0.0,1.0,0.0,0.0,0.0,54.0,242.0,0.0,162.0,1747.0,9.0,4.0,,,Texas A&M,College Stats,HallDa00,2000.0,15.61111111111111
5.0,154.0,DEN,Muneer Moore,WR,,,0.0,0.0,0.0,,,,,,,,,,,,,,,,,,Richmond,,-9999,2000.0,
5.0,155.0,WAS,Quincy Sanders,DB,,,0.0,0.0,0.0,,,,,,,,,,,,,,,,,,UNLV,College Stats,-9999,2000.0,
5.0,156.0,BUF,Sammy Morris,RB,23.0,2011.0,0.0,0.0,3.0,27.0,5.0,144.0,0.0,0.0,0.0,0.0,0.0,736.0,3053.0,26.0,166.0,1258.0,1.0,54.0,,,Texas Tech,College Stats,MorrSa00,2000.0,17.88888888888889
5.0,157.0,TAM,James Whalen,TE,22.0,2003.0,0.0,0.0,0.0,1.0,,26.0,0.0,0.0,0.0,0.0,0.0,0.0,0.0,0.0,17.0,152.0,0.0,16.0,,,Kentucky,College Stats,WhalJa00,2000.0,-9.25
5.0,158.0,NOR,Austin Wheatley,TE,22.0,2000.0,0.0,0.0,0.0,0.0,0.0,4.0,0.0,0.0,0.0,0.0,0.0,0.0,0.0,0.0,0.0,0.0,0.0,,,,Iowa,College Stats,WheaAu20,2000.0,-6.5
5.0,159.0,JAX,Kiwaukee Thomas,DB,23.0,2007.0,0.0,0.0,0.0,12.0,8.0,110.0,0.0,0.0,0.0,0.0,0.0,0.0,0.0,0.0,0.0,0.0,0.0,202.0,1.0,4.0,Georgia Southern,,ThomKi20,2000.0,-1.0
5.0,160.0,TEN,Frank Chamberlin,LB,22.0,2005.0,0.0,0.0,0.0,5.0,5.0,57.0,0.0,0.0,0.0,0.0,0.0,0.0,0.0,0.0,0.0,0.0,0.0,40.0,,1.0,Boston Col.,College Stats,ChamFr20,2000.0,-5.722222222222221
5.0,161.0,NWE,Jeff Marriott,DT,,,0.0,0.0,0.0,,,,,,,,,,,,,,,,,,Missouri,,-9999,2000.0,
5.0,162.0,KAN,Pat Dennis,DB,22.0,2004.0,0.0,0.0,1.0,8.0,6.0,41.0,0.0,0.0,0.0,0.0,0.0,0.0,0.0,0.0,0.0,0.0,0.0,95.0,1.0,,La-Monroe,College Stats,DennPa20,2000.0,1.8235294117647056
5.0,163.0,PIT,Tee Martin,QB,22.0,2003.0,0.0,0.0,0.0,0.0,0.0,3.0,6.0,16.0,69.0,0.0,1.0,6.0,36.0,0.0,0.0,0.0,0.0,,,,Tennessee,College Stats,MartTe00,2000.0,-13.333333333333334
5.0,164.0,ARI,Jay Tant,TE,22.0,2000.0,0.0,0.0,0.0,0.0,0.0,5.0,0.0,0.0,0.0,0.0,0.0,0.0,0.0,0.0,1.0,4.0,0.0,,,,Northwestern,College Stats,TantJa00,2000.0,-12.05
5.0,165.0,MIN,Troy Walters,WR,23.0,2007.0,0.0,0.0,0.0,12.0,0.0,98.0,0.0,0.0,0.0,0.0,0.0,4.0,42.0,0.0,102.0,1135.0,9.0,3.0,,,Stanford,College Stats,WaltTr00,2000.0,-1.3499999999999996
5.0,166.0,NOR,Chad Morton,RB,23.0,2006.0,0.0,0.0,0.0,10.0,3.0,93.0,0.0,0.0,0.0,0.0,0.0,89.0,382.0,0.0,48.0,419.0,1.0,9.0,,,USC,College Stats,MortCh00,2000.0,-3.666666666666666
6.0,167.0,MIA,Ernest Grant,DT,24.0,2002.0,0.0,0.0,0.0,3.0,2.0,24.0,0.0,0.0,0.0,0.0,0.0,0.0,0.0,0.0,0.0,0.0,0.0,22.0,,0.5,Ark-Pine Bluff,,GranEr20,2000.0,-5.764705882352942
6.0,168.0,NOR,Marc Bulger,QB,23.0,2009.0,0.0,2.0,8.0,57.0,,96.0,1969.0,3171.0,22814.0,122.0,93.0,118.0,300.0,8.0,4.0,21.0,0.0,,,,West Virginia,College Stats,BulgMa00,2000.0,44.94444444444444
6.0,169.0,CIN,Neil Rackers,K,24.0,2011.0,1.0,1.0,0.0,29.0,2.0,180.0,0.0,0.0,0.0,0.0,0.0,1.0,-5.0,0.0,0.0,0.0,0.0,41.0,,,Illinois,College Stats,rackenei01,2000.0,17.5
6.0,170.0,CHI,Frank Murphy,WR,23.0,2004.0,0.0,0.0,0.0,1.0,,20.0,0.0,0.0,0.0,0.0,0.0,0.0,0.0,0.0,8.0,71.0,1.0,8.0,,,Kansas St.,College Stats,MurpFr00,2000.0,-6.0588235294117645
6.0,171.0,PHI,Thomas Hamner,RB,,,0.0,0.0,0.0,,,,,,,,,,,,,,,,,,Minnesota,College Stats,-9999,2000.0,
6.0,172.0,ATL,Mareno Philyaw,WR,22.0,2000.0,0.0,0.0,0.0,0.0,0.0,1.0,0.0,0.0,0.0,0.0,0.0,0.0,0.0,0.0,0.0,0.0,0.0,,,,Troy,,PhilMa20,2000.0,-7.5625
6.0,173.0,PIT,Chris Combs,DE,23.0,2002.0,0.0,0.0,0.0,1.0,1.0,10.0,0.0,0.0,0.0,0.0,0.0,0.0,0.0,0.0,0.0,0.0,0.0,4.0,,,Duke,,CombCh21,2000.0,-10.857142857142858
6.0,174.0,CHI,Paul Edinger,K,22.0,2005.0,0.0,0.0,0.0,17.0,15.0,96.0,0.0,1.0,0.0,0.0,1.0,0.0,0.0,0.0,0.0,0.0,0.0,11.0,,,Michigan St.,College Stats,edingpau01,2000.0,4.764705882352942
6.0,175.0,SEA,James Williams,WR,22.0,2003.0,0.0,0.0,0.0,4.0,4.0,30.0,0.0,0.0,0.0,0.0,0.0,1.0,-5.0,0.0,29.0,410.0,1.0,,,,Marshall,College Stats,WillJa01,2000.0,-4.842105263157896
6.0,176.0,ARI,Jabari Issa,DE,22.0,2001.0,0.0,0.0,0.0,4.0,4.0,23.0,0.0,0.0,0.0,0.0,0.0,0.0,0.0,0.0,0.0,0.0,0.0,25.0,,1.0,Washington,,IssaJa20,2000.0,-2.052631578947368
6.0,177.0,NYG,Dhani Jones,LB,22.0,2010.0,0.0,0.0,9.0,54.0,14.0,157.0,0.0,0.0,0.0,0.0,0.0,0.0,0.0,0.0,0.0,0.0,0.0,632.0,5.0,9.5,Michigan,,JoneDh20,2000.0,43.473684210526315
6.0,178.0,PHI,John Frank,DE,,,0.0,0.0,0.0,,,,,,,,,,,,,,,,,,Utah,College Stats,-9999,2000.0,
6.0,179.0,NYJ,Tony Scott,DB,23.0,2001.0,0.0,0.0,0.0,2.0,2.0,23.0,0.0,0.0,0.0,0.0,0.0,0.0,0.0,0.0,0.0,0.0,0.0,11.0,1.0,,North Carolina St.,College Stats,ScotTo21,2000.0,-4.526315789473684
6.0,180.0,DAL,Mario Edwards,DB,24.0,2004.0,0.0,0.0,3.0,22.0,21.0,73.0,0.0,0.0,0.0,0.0,0.0,0.0,0.0,0.0,0.0,0.0,0.0,164.0,4.0,,Florida St.,,EdwaMa20,2000.0,12.38888888888889
6.0,181.0,DET,Quinton Reese,DE,,,0.0,0.0,0.0,,,,,,,,,,,,,,,,,,Auburn,,-9999,2000.0,
6.0,182.0,CAR,Jeno James,G,23.0,2006.0,0.0,0.0,4.0,26.0,12.0,94.0,0.0,0.0,0.0,0.0,0.0,0.0,0.0,0.0,0.0,0.0,0.0,,,,Auburn,,JameJe20,2000.0,15.722222222222221
6.0,183.0,CLE,Spergon Wynn,QB,22.0,2001.0,0.0,0.0,0.0,2.0,0.0,10.0,70.0,152.0,585.0,1.0,7.0,11.0,76.0,0.0,0.0,0.0,0.0,,,,Texas St.,College Stats,WynnSp00,2000.0,-3.105263157894737
6.0,184.0,SDG,Shannon Taylor,LB,25.0,2003.0,0.0,0.0,0.0,4.0,1.0,40.0,0.0,0.0,0.0,0.0,0.0,0.0,0.0,0.0,0.0,0.0,0.0,37.0,,1.0,Virginia,,TaylSh20,2000.0,-1.3157894736842106
6.0,185.0,SEA,Tim Watson,DT,,,0.0,0.0,0.0,,,,,,,,,,,,,,,,,,Rowan,,-9999,2000.0,
6.0,186.0,BAL,Adalius Thomas,LB,23.0,2009.0,1.0,2.0,8.0,65.0,53.0,135.0,0.0,0.0,0.0,0.0,0.0,0.0,0.0,0.0,0.0,0.0,0.0,411.0,7.0,53.0,Southern Miss,College Stats,ThomAd00,2000.0,54.611111111111114
6.0,187.0,NWE,Antwan Harris,DB,23.0,2003.0,0.0,0.0,0.0,5.0,5.0,52.0,0.0,0.0,0.0,0.0,0.0,0.0,0.0,0.0,0.0,0.0,0.0,37.0,1.0,1.0,Virginia,,HarrAn21,2000.0,-7.15
6.0,188.0,KAN,Darnell Alford,G,23.0,2002.0,0.0,0.0,0.0,0.0,0.0,5.0,0.0,0.0,0.0,0.0,0.0,0.0,0.0,0.0,0.0,0.0,0.0,,,,Boston Col.,,AlfoDa20,2000.0,-11.764705882352942
6.0,189.0,DEN,Mike Anderson,RB,26.0,2007.0,0.0,0.0,3.0,37.0,35.0,98.0,0.0,0.0,0.0,0.0,0.0,919.0,4067.0,37.0,92.0,727.0,5.0,8.0,,,Utah,College Stats,AndeMi00,2000.0,28.6
6.0,190.0,SEA,John Hilliard,DE,24.0,2002.0,0.0,0.0,0.0,6.0,6.0,27.0,0.0,0.0,0.0,0.0,0.0,0.0,0.0,0.0,0.0,0.0,0.0,26.0,,,Mississippi St.,,HillJo21,2000.0,-3.6111111111111107
6.0,191.0,BAL,Cedric Woodard,DT,23.0,2004.0,0.0,0.0,2.0,14.0,,61.0,0.0,0.0,0.0,0.0,0.0,0.0,0.0,0.0,0.0,0.0,0.0,78.0,,1.0,Texas,,WoodCe20,2000.0,-1.421052631578947
6.0,192.0,PHI,John Romero,C,,,0.0,0.0,0.0,,,,,,,,,,,,,,,,,,California,,-9999,2000.0,
6.0,193.0,TAM,David Gibson,DB,22.0,2003.0,0.0,0.0,1.0,8.0,3.0,47.0,0.0,0.0,0.0,0.0,0.0,0.0,0.0,0.0,0.0,0.0,0.0,77.0,1.0,1.0,USC,College Stats,GibsDa20,2000.0,-3.526315789473685
6.0,194.0,BUF,Leif Larsen,DT,25.0,2001.0,0.0,0.0,0.0,3.0,3.0,16.0,0.0,0.0,0.0,0.0,0.0,0.0,0.0,0.0,0.0,0.0,0.0,16.0,,2.0,Texas-El Paso,,LarsLe20,2000.0,-3.5555555555555554
6.0,195.0,NOR,Michael Hawthorne,DB,23.0,2005.0,0.0,0.0,0.0,10.0,3.0,63.0,0.0,0.0,0.0,0.0,0.0,0.0,0.0,0.0,0.0,0.0,0.0,138.0,4.0,1.0,Purdue,College Stats,HawtMi20,2000.0,-3.764705882352942
6.0,196.0,JAX,Emanuel Smith,WR,24.0,2000.0,0.0,0.0,0.0,0.0,0.0,1.0,0.0,0.0,0.0,0.0,0.0,0.0,0.0,0.0,0.0,0.0,0.0,,,,Arkansas,College Stats,SmitEm20,2000.0,-4.5
6.0,197.0,TEN,Robaire Smith,DE,22.0,2010.0,0.0,0.0,6.0,39.0,14.0,134.0,0.0,0.0,0.0,0.0,0.0,0.0,0.0,0.0,0.0,0.0,0.0,265.0,,21.0,Michigan St.,College Stats,SmitRo21,2000.0,32.6875
6.0,198.0,STL,Matt Bowen,DB,23.0,2006.0,0.0,0.0,1.0,13.0,1.0,77.0,0.0,0.0,0.0,0.0,0.0,0.0,0.0,0.0,0.0,0.0,0.0,189.0,4.0,2.0,Iowa,College Stats,BoweMa20,2000.0,4.222222222222221
6.0,199.0,NWE,Tom Brady,QB,23.0,2022.0,3.0,15.0,21.0,184.0,168.0,335.0,7753.0,12050.0,89214.0,649.0,212.0,693.0,1123.0,28.0,3.0,65.0,0.0,1.0,,,Michigan,College Stats,BradTo00,2000.0,162.875
6.0,200.0,NOR,Sherrod Gideon,WR,,,0.0,0.0,0.0,,,,,,,,,,,,,,,,,,Southern Miss,College Stats,-9999,2000.0,
6.0,201.0,NWE,David Nugent,DE,22.0,2002.0,0.0,0.0,0.0,2.0,1.0,24.0,0.0,0.0,0.0,0.0,0.0,0.0,0.0,0.0,0.0,0.0,0.0,9.0,,,Purdue,,NugeDa21,2000.0,-2.117647058823529
6.0,202.0,WAS,Todd Husak,QB,22.0,2000.0,0.0,0.0,0.0,0.0,0.0,1.0,2.0,2.0,-2.0,0.0,0.0,1.0,-1.0,0.0,0.0,0.0,0.0,,,,Stanford,College Stats,HusaTo20,2000.0,-5.111111111111111
6.0,203.0,SDG,Damen Wheeler,DB,23.0,2001.0,0.0,0.0,0.0,0.0,,5.0,0.0,0.0,0.0,0.0,0.0,0.0,0.0,0.0,0.0,0.0,0.0,8.0,,,Colorado,College Stats,WheeDa20,2000.0,-11.923076923076923
6.0,204.0,PIT,Jason Gavadza,TE,,,0.0,0.0,0.0,,,,,,,,,,,,,,,,,,Kent St.,College Stats,-9999,2000.0,
6.0,205.0,SDG,JaJuan Seider,QB,,,0.0,0.0,0.0,,,,,,,,,,,,,,,,,,Florida A&M,,-9999,2000.0,
6.0,206.0,CLE,Brad Bedell,T,23.0,2006.0,0.0,0.0,0.0,4.0,3.0,40.0,0.0,0.0,0.0,0.0,0.0,0.0,0.0,0.0,0.0,0.0,0.0,,,,Colorado,,BedeBr20,2000.0,-2.0
7.0,207.0,CLE,Manuia Savea,G,,,0.0,0.0,0.0,,,,,,,,,,,,,,,,,,Arizona,,-9999,2000.0,
7.0,208.0,KAN,Desmond Kitchings,WR,,,0.0,0.0,0.0,,,,,,,,,,,,,,,,,,Furman,,-9999,2000.0,
7.0,209.0,CLE,Eric Chandler,DE,,,0.0,0.0,0.0,,,,,,,,,,,,,,,,,,Jackson St.,,-9999,2000.0,
7.0,210.0,CIN,Brad St. Louis,TE,24.0,2009.0,0.0,0.0,0.0,6.0,6.0,144.0,0.0,0.0,0.0,0.0,0.0,0.0,0.0,0.0,0.0,0.0,0.0,30.0,,,Missouri State,,StLoBr00,2000.0,-1.9411764705882355
7.0,211.0,ATL,Darrick Vaughn,DB,21.0,2003.0,0.0,0.0,0.0,12.0,11.0,48.0,0.0,0.0,0.0,0.0,0.0,0.0,0.0,0.0,0.0,0.0,0.0,63.0,1.0,,Texas St.,,VaugDa20,2000.0,6.6
7.0,212.0,SFO,Tim Rattay,QB,23.0,2007.0,0.0,0.0,1.0,12.0,10.0,40.0,432.0,714.0,4853.0,31.0,23.0,45.0,77.0,0.0,0.0,0.0,0.0,,,,Louisiana Tech,College Stats,RattTi00,2000.0,7.75
7.0,213.0,TEN,Mike Green,RB,24.0,2002.0,0.0,0.0,0.0,2.0,2.0,32.0,0.0,2.0,0.0,0.0,2.0,36.0,142.0,1.0,19.0,121.0,2.0,5.0,,,Houston,College Stats,GreeMi00,2000.0,-6.0
7.0,214.0,DEN,Jarious Jackson,QB,23.0,2003.0,0.0,0.0,0.0,0.0,0.0,5.0,11.0,22.0,114.0,0.0,1.0,7.0,15.0,0.0,0.0,0.0,0.0,,,,Notre Dame,College Stats,JackJa01,2000.0,-7.0
7.0,215.0,ARI,Sekou Sanyika,LB,22.0,2001.0,0.0,0.0,0.0,3.0,3.0,32.0,0.0,0.0,0.0,0.0,0.0,0.0,0.0,0.0,0.0,0.0,0.0,31.0,,1.0,California,College Stats,SanySe20,2000.0,-5.611111111111111
7.0,216.0,WAS,Delbert Cowsette,DT,23.0,2002.0,0.0,0.0,0.0,3.0,3.0,32.0,0.0,0.0,0.0,0.0,0.0,0.0,0.0,0.0,0.0,0.0,0.0,19.0,,2.0,Maryland,,CowsDe20,2000.0,-10.785714285714286
7.0,217.0,NYG,Jeremiah Parker,DE,22.0,2000.0,0.0,0.0,0.0,0.0,0.0,4.0,0.0,0.0,0.0,0.0,0.0,0.0,0.0,0.0,0.0,0.0,0.0,,,,California,,ParkJe21,2000.0,-7.235294117647059
7.0,218.0,NYJ,Richard Seals,DT,,,0.0,0.0,0.0,,,,,,,,,,,,,,,,,,Utah,,-9999,2000.0,
7.0,219.0,DAL,Orantes Grant,LB,22.0,2003.0,0.0,0.0,0.0,2.0,2.0,26.0,0.0,0.0,0.0,0.0,0.0,0.0,0.0,0.0,0.0,0.0,0.0,28.0,,,Georgia,,GranOr20,2000.0,-5.375
7.0,220.0,STL,Andrew Kline,G,,,0.0,0.0,0.0,,,,,,,,,,,,,,,,,,San Diego St.,,-9999,2000.0,
7.0,221.0,CAR,Lester Towns,LB,23.0,2005.0,0.0,0.0,2.0,18.0,16.0,61.0,0.0,0.0,0.0,0.0,0.0,0.0,0.0,0.0,0.0,0.0,0.0,184.0,1.0,,Washington,,TownLe20,2000.0,10.285714285714285
7.0,222.0,SDG,Jason Thomas,G,23.0,2003.0,0.0,0.0,0.0,1.0,,14.0,0.0,0.0,0.0,0.0,0.0,0.0,0.0,0.0,0.0,0.0,0.0,,,,Hampton,,ThomJa20,2000.0,-5.5
7.0,223.0,CHI,James Cotton,LB,,,0.0,0.0,0.0,,,,,,,,,,,,,,,,,,Ohio St.,,-9999,2000.0,
7.0,224.0,GNB,Mark Tauscher,T,23.0,2010.0,0.0,0.0,9.0,55.0,55.0,134.0,0.0,0.0,0.0,0.0,0.0,0.0,0.0,0.0,1.0,-3.0,0.0,1.0,,,Wisconsin,,TausMa20,2000.0,39.0
7.0,225.0,CLE,Rashidi Barnes,DB,22.0,2000.0,0.0,0.0,0.0,1.0,1.0,14.0,0.0,0.0,0.0,0.0,0.0,0.0,0.0,0.0,0.0,0.0,0.0,15.0,,,Colorado,College Stats,BarnRa20,2000.0,-5.0588235294117645
7.0,226.0,NWE,Casey Tisdale,LB,,,0.0,0.0,0.0,,,,,,,,,,,,,,,,,,New Mexico,College Stats,-9999,2000.0,
7.0,227.0,OAK,Mondriel Fulcher,TE,23.0,2002.0,0.0,0.0,0.0,0.0,0.0,25.0,0.0,0.0,0.0,0.0,0.0,0.0,0.0,0.0,0.0,0.0,0.0,13.0,,,Miami (FL),College Stats,FulcMo20,2000.0,-5.1875
7.0,228.0,NOR,Kevin Houser,C,23.0,2010.0,0.0,0.0,0.0,15.0,14.0,159.0,0.0,0.0,0.0,0.0,0.0,0.0,0.0,0.0,0.0,0.0,0.0,19.0,,,Ohio St.,College Stats,HousKe01,2000.0,9.666666666666668
7.0,229.0,GNB,Ron Moore,DT,23.0,2001.0,0.0,0.0,0.0,0.0,,1.0,0.0,0.0,0.0,0.0,0.0,0.0,0.0,0.0,0.0,0.0,0.0,,,,NW Oklahoma St.,,MoorRo22,2000.0,-6.055555555555555
7.0,230.0,SFO,Brian Jennings,TE,23.0,2012.0,0.0,2.0,0.0,0.0,0.0,208.0,0.0,0.0,0.0,0.0,0.0,0.0,0.0,0.0,0.0,0.0,0.0,34.0,,,Arizona St.,College Stats,JennBr00,2000.0,-9.11111111111111
7.0,231.0,OAK,Clifton Black,DB,,,0.0,0.0,0.0,,,,,,,,,,,,,,,,,,Texas St.,,-9999,2000.0,
7.0,232.0,MIA,Jeff Harris,DB,,,0.0,0.0,0.0,,,,,,,,,,,,,,,,,,Georgia,College Stats,-9999,2000.0,
7.0,233.0,BUF,Drew Haddad,WR,22.0,2004.0,0.0,0.0,0.0,0.0,0.0,2.0,0.0,0.0,0.0,0.0,0.0,0.0,0.0,0.0,1.0,11.0,0.0,,,,Buffalo,College Stats,HaddDr00,2000.0,-17.0
7.0,234.0,TAM,Joe Hamilton,QB,23.0,2000.0,0.0,0.0,0.0,0.0,0.0,1.0,0.0,0.0,0.0,0.0,0.0,1.0,-2.0,0.0,0.0,0.0,0.0,,,,Georgia Tech,College Stats,HamiJo20,2000.0,-5.777777777777778
7.0,235.0,IND,Rob Renes,DT,,,0.0,0.0,0.0,,,,,,,,,,,,,,,,,,Michigan,,-9999,2000.0,
7.0,236.0,JAX,Erik Olson,DB,23.0,2000.0,0.0,0.0,0.0,1.0,1.0,14.0,0.0,0.0,0.0,0.0,0.0,0.0,0.0,0.0,0.0,0.0,0.0,5.0,,,Colorado St.,College Stats,OlsoEr20,2000.0,-1.8823529411764706
7.0,237.0,TEN,Wes Shivers,T,23.0,2000.0,0.0,0.0,0.0,0.0,,3.0,0.0,0.0,0.0,0.0,0.0,0.0,0.0,0.0,0.0,0.0,0.0,,,,Mississippi St.,,ShivWe20,2000.0,-2.6842105263157894
7.0,238.0,IND,Rodregis Brooks,DB,22.0,2001.0,0.0,0.0,0.0,0.0,0.0,5.0,0.0,0.0,0.0,0.0,0.0,0.0,0.0,0.0,0.0,0.0,0.0,3.0,,,Ala-Birmingham,College Stats,BrooRo20,2000.0,-8.153846153846153
7.0,239.0,NWE,Patrick Pass,FB,22.0,2007.0,0.0,0.0,0.0,10.0,10.0,79.0,0.0,0.0,0.0,0.0,0.0,128.0,526.0,3.0,66.0,570.0,1.0,44.0,,,Georgia,College Stats,PassPa00,2000.0,-0.5882352941176467
7.0,240.0,MIN,Mike Malano,C,,,0.0,0.0,0.0,,,,,,,,,,,,,,,,,,San Diego St.,,-9999,2000.0,
7.0,241.0,JAX,Rob Meier,DE,23.0,2008.0,0.0,0.0,3.0,30.0,30.0,138.0,0.0,0.0,0.0,0.0,0.0,0.0,0.0,0.0,0.0,0.0,0.0,187.0,,21.5,Washington St.,,MeieRo20,2000.0,25.214285714285715
7.0,242.0,GNB,Charles Lee,WR,22.0,2005.0,0.0,0.0,0.0,7.0,1.0,44.0,0.0,0.0,0.0,0.0,0.0,2.0,14.0,0.0,72.0,957.0,3.0,8.0,,,Central Florida,College Stats,LeexCh00,2000.0,-2.3888888888888893
7.0,243.0,JAX,Shyrone Stith,RB,22.0,2002.0,0.0,0.0,0.0,0.0,0.0,15.0,0.0,0.0,0.0,0.0,0.0,20.0,55.0,1.0,0.0,0.0,0.0,7.0,,,Virginia Tech,College Stats,StitSh00,2000.0,-5.8
7.0,244.0,MIN,Giles Cole,TE,,,0.0,0.0,0.0,,,,,,,,,,,,,,,,,,Texas A&M-Kingsville,,-9999,2000.0,
7.0,245.0,JAX,Danny Clark,LB,23.0,2010.0,0.0,0.0,8.0,39.0,14.0,168.0,0.0,0.0,0.0,0.0,0.0,0.0,0.0,0.0,0.0,0.0,0.0,514.0,2.0,7.0,Illinois,College Stats,ClarDa21,2000.0,32.666666666666664
7.0,246.0,DEN,Leroy Fields,WR,,,0.0,0.0,0.0,,,,,,,,,,,,,,,,,,Jackson St.,,-9999,2000.0,
7.0,247.0,JAX,Mark Baniewicz,T,,,0.0,0.0,0.0,,,,,,,,,,,,,,,,,,Syracuse,,-9999,2000.0,
7.0,248.0,MIN,Lewis Kelly,T,23.0,2005.0,0.0,0.0,0.0,4.0,4.0,18.0,0.0,0.0,0.0,0.0,0.0,0.0,0.0,0.0,0.0,0.0,0.0,,,,South Carolina St.,,KellLe21,2000.0,-7.642857142857142
7.0,249.0,GNB,Eugene McCaslin,LB,23.0,2000.0,0.0,0.0,0.0,0.0,0.0,1.0,0.0,0.0,0.0,0.0,0.0,0.0,0.0,0.0,0.0,0.0,0.0,,,,Florida,College Stats,McCaEu20,2000.0,-7.705882352941177
7.0,250.0,WAS,Ethan Howell,WR,,,0.0,0.0,0.0,,,,,,,,,,,,,,,,,,Oklahoma St.,College Stats,-9999,2000.0,
7.0,251.0,BUF,DaShon Polk,LB,23.0,2006.0,0.0,0.0,1.0,10.0,3.0,95.0,0.0,0.0,0.0,0.0,0.0,0.0,0.0,0.0,0.0,0.0,0.0,156.0,,4.5,Arizona,,PolkDa20,2000.0,0.5
7.0,252.0,GNB,Rondell Mealey,RB,23.0,2002.0,0.0,0.0,0.0,2.0,2.0,14.0,0.0,0.0,0.0,0.0,0.0,22.0,73.0,1.0,9.0,76.0,0.0,7.0,,,LSU,College Stats,MealRo00,2000.0,-7.666666666666666
7.0,253.0,DET,Alfonso Boone,DT,24.0,2010.0,0.0,0.0,1.0,23.0,,129.0,0.0,0.0,0.0,0.0,0.0,0.0,0.0,0.0,0.0,0.0,0.0,154.0,,15.5,Mount San Antonio JC,,BoonAl20,2000.0,16.23076923076923
7.0,254.0,CHI,Michael Green,DB,23.0,2008.0,0.0,0.0,2.0,22.0,21.0,104.0,0.0,0.0,0.0,0.0,0.0,0.0,0.0,0.0,0.0,0.0,0.0,350.0,4.0,6.0,Northwestern St. (LA),,GreeMi20,2000.0,17.0
1.0,1.0,ATL,Michael Vick,QB,21.0,2015.0,0.0,4.0,7.0,92.0,60.0,143.0,1807.0,3217.0,22464.0,133.0,88.0,873.0,6109.0,36.0,2.0,1.0,0.0,,,,Virginia Tech,College Stats,VickMi00,2001.0,15.57142857142857
1.0,2.0,ARI,Leonard Davis,T,23.0,2012.0,0.0,3.0,10.0,66.0,27.0,171.0,0.0,0.0,0.0,0.0,0.0,0.0,0.0,0.0,0.0,0.0,0.0,,,,Texas,College Stats,DaviLe21,2001.0,12.523809523809526
1.0,3.0,CLE,Gerard Warren,DT,23.0,2011.0,0.0,0.0,9.0,49.0,25.0,163.0,0.0,0.0,0.0,0.0,0.0,0.0,0.0,0.0,0.0,0.0,0.0,253.0,,36.5,Florida,,WarrGe20,2001.0,-3.2857142857142847
1.0,4.0,CIN,Justin Smith,DE,21.0,2014.0,1.0,5.0,14.0,101.0,27.0,221.0,0.0,0.0,0.0,0.0,0.0,0.0,0.0,0.0,0.0,0.0,0.0,615.0,3.0,87.0,Missouri,,SmitJu20,2001.0,47.095238095238095
1.0,5.0,SDG,LaDainian Tomlinson HOF,RB,22.0,2011.0,3.0,5.0,10.0,129.0,121.0,170.0,8.0,12.0,143.0,7.0,0.0,3174.0,13684.0,145.0,624.0,4772.0,17.0,,,,TCU,College Stats,TomlLa00,2001.0,73.52380952380952
1.0,6.0,NWE,Richard Seymour HOF,DE,21.0,2012.0,3.0,7.0,11.0,91.0,73.0,164.0,0.0,0.0,0.0,0.0,0.0,0.0,0.0,0.0,0.0,0.0,0.0,326.0,2.0,57.5,Georgia,,SeymRi00,2001.0,40.19047619047619
1.0,7.0,SFO,Andre Carter,DE,22.0,2013.0,0.0,1.0,10.0,59.0,22.0,184.0,0.0,0.0,0.0,0.0,0.0,0.0,0.0,0.0,0.0,0.0,0.0,388.0,,80.5,California,College Stats,CartAn20,2001.0,10.952380952380949
1.0,8.0,CHI,David Terrell,WR,22.0,2005.0,0.0,0.0,1.0,11.0,11.0,54.0,0.0,0.0,0.0,0.0,0.0,4.0,14.0,0.0,128.0,1602.0,9.0,,,,Michigan,College Stats,TerrDa00,2001.0,-32.38095238095238
1.0,9.0,SEA,Koren Robinson,WR,21.0,2008.0,0.0,1.0,4.0,35.0,30.0,96.0,0.0,0.0,0.0,0.0,0.0,23.0,115.0,1.0,294.0,4244.0,16.0,1.0,,,North Carolina St.,College Stats,RobiKo00,2001.0,-13.23809523809524
1.0,10.0,GNB,Jamal Reynolds,DE,22.0,2003.0,0.0,0.0,0.0,3.0,3.0,18.0,0.0,0.0,0.0,0.0,0.0,0.0,0.0,0.0,0.0,0.0,0.0,14.0,,3.0,Florida St.,College Stats,ReynJa20,2001.0,-36.38095238095238
1.0,11.0,CAR,Dan Morgan,LB,22.0,2007.0,0.0,1.0,5.0,30.0,30.0,59.0,0.0,0.0,0.0,0.0,0.0,0.0,0.0,0.0,0.0,0.0,0.0,284.0,5.0,7.0,Miami (FL),College Stats,MorgDa99,2001.0,-22.95238095238095
1.0,12.0,STL,Damione Lewis,DT,23.0,2010.0,0.0,0.0,3.0,32.0,13.0,141.0,0.0,0.0,0.0,0.0,0.0,0.0,0.0,0.0,0.0,0.0,0.0,201.0,,23.5,Miami (FL),,LewiDa20,2001.0,-13.38095238095238
1.0,13.0,JAX,Marcus Stroud,DT,23.0,2010.0,0.0,3.0,9.0,67.0,50.0,146.0,0.0,0.0,0.0,0.0,0.0,0.0,0.0,0.0,0.0,0.0,0.0,314.0,,29.5,Georgia,,StroMa01,2001.0,13.857142857142854
1.0,14.0,TAM,Kenyatta Walker,T,22.0,2006.0,0.0,0.0,5.0,29.0,29.0,75.0,0.0,0.0,0.0,0.0,0.0,0.0,0.0,0.0,0.0,0.0,0.0,,,,Florida,,WalkKe21,2001.0,-16.19047619047619
1.0,15.0,WAS,Rod Gardner,WR,23.0,2006.0,0.0,0.0,4.0,25.0,23.0,91.0,2.0,7.0,46.0,2.0,0.0,5.0,24.0,0.0,242.0,3165.0,23.0,5.0,,,Clemson,College Stats,GardRo00,2001.0,-12.76190476190476
1.0,16.0,NYJ,Santana Moss,WR,22.0,2014.0,0.0,1.0,9.0,72.0,23.0,197.0,0.0,0.0,0.0,0.0,0.0,51.0,287.0,0.0,732.0,10283.0,66.0,,,,Miami (FL),College Stats,MossSa00,2001.0,29.666666666666664
1.0,17.0,SEA,Steve Hutchinson HOF,G,23.0,2012.0,5.0,7.0,11.0,94.0,43.0,169.0,0.0,0.0,0.0,0.0,0.0,0.0,0.0,0.0,0.0,0.0,0.0,,,,Michigan,College Stats,HutcSt00,2001.0,48.61904761904762
1.0,18.0,DET,Jeff Backus,T,23.0,2012.0,0.0,0.0,12.0,61.0,61.0,191.0,0.0,0.0,0.0,0.0,0.0,0.0,0.0,0.0,0.0,0.0,0.0,,,,Michigan,,BackJe20,2001.0,17.476190476190474
1.0,19.0,PIT,Casey Hampton,NT,24.0,2012.0,0.0,5.0,11.0,73.0,73.0,173.0,0.0,0.0,0.0,0.0,0.0,0.0,0.0,0.0,0.0,0.0,0.0,231.0,,9.0,Texas,College Stats,HampCa00,2001.0,36.80952380952381
1.0,20.0,STL,Adam Archuleta,DB,23.0,2007.0,0.0,0.0,7.0,31.0,26.0,103.0,0.0,0.0,0.0,0.0,0.0,0.0,0.0,0.0,0.0,0.0,0.0,453.0,4.0,18.0,Arizona St.,College Stats,ArchAd20,2001.0,-6.61904761904762
1.0,21.0,BUF,Nate Clements,DB,21.0,2012.0,0.0,1.0,11.0,61.0,39.0,180.0,0.0,0.0,0.0,0.0,0.0,0.0,0.0,0.0,0.0,0.0,0.0,669.0,36.0,4.5,Ohio St.,College Stats,ClemNa99,2001.0,25.666666666666664
1.0,22.0,NYG,Will Allen,DB,23.0,2011.0,0.0,0.0,8.0,41.0,24.0,140.0,0.0,0.0,0.0,0.0,0.0,0.0,0.0,0.0,0.0,0.0,0.0,460.0,15.0,5.0,Syracuse,College Stats,AlleWi20,2001.0,10.142857142857142
1.0,23.0,NOR,Deuce McAllister,RB,22.0,2008.0,0.0,2.0,4.0,55.0,55.0,97.0,1.0,4.0,12.0,1.0,0.0,1429.0,6096.0,49.0,234.0,1720.0,5.0,4.0,,,Mississippi,College Stats,McAlDe00,2001.0,24.0
1.0,24.0,DEN,Willie Middlebrooks,DB,22.0,2005.0,0.0,0.0,0.0,4.0,4.0,56.0,0.0,0.0,0.0,0.0,0.0,0.0,0.0,0.0,0.0,0.0,0.0,63.0,,1.0,Minnesota,College Stats,MiddWi20,2001.0,-47.904761904761905
1.0,25.0,PHI,Freddie Mitchell,WR,22.0,2004.0,0.0,0.0,1.0,13.0,13.0,63.0,1.0,3.0,25.0,1.0,0.0,2.0,-4.0,0.0,90.0,1263.0,5.0,4.0,,,UCLA,College Stats,MitcFr00,2001.0,-22.285714285714285
1.0,26.0,MIA,Jamar Fletcher,DB,22.0,2008.0,0.0,0.0,0.0,9.0,4.0,105.0,0.0,0.0,0.0,0.0,0.0,0.0,0.0,0.0,0.0,0.0,0.0,170.0,7.0,1.0,Wisconsin,College Stats,FletJa20,2001.0,-19.476190476190474
1.0,27.0,MIN,Michael Bennett,RB,23.0,2010.0,0.0,1.0,3.0,34.0,29.0,107.0,0.0,0.0,0.0,0.0,0.0,842.0,3703.0,13.0,159.0,1294.0,6.0,11.0,,,Wisconsin,College Stats,BennMi00,2001.0,-8.285714285714285
1.0,28.0,OAK,Derrick Gibson,DB,22.0,2006.0,0.0,0.0,2.0,13.0,13.0,69.0,0.0,0.0,0.0,0.0,0.0,0.0,0.0,0.0,0.0,0.0,0.0,161.0,3.0,2.0,Florida St.,College Stats,GibsDe21,2001.0,-18.428571428571427
1.0,29.0,STL,Ryan Pickett,DT,21.0,2014.0,0.0,0.0,13.0,58.0,22.0,207.0,0.0,0.0,0.0,0.0,0.0,0.0,0.0,0.0,0.0,0.0,0.0,386.0,,9.5,Ohio St.,,PickRy20,2001.0,28.142857142857142
1.0,30.0,IND,Reggie Wayne,WR,22.0,2014.0,1.0,6.0,13.0,116.0,116.0,211.0,0.0,1.0,0.0,0.0,1.0,4.0,0.0,0.0,1070.0,14345.0,82.0,,,,Miami (FL),College Stats,WaynRe00,2001.0,80.80952380952381
1.0,31.0,BAL,Todd Heap,TE,21.0,2012.0,0.0,2.0,8.0,43.0,42.0,145.0,0.0,1.0,0.0,0.0,0.0,8.0,61.0,0.0,499.0,5869.0,42.0,1.0,,,Arizona St.,College Stats,HeapTo00,2001.0,8.476190476190474
2.0,32.0,SDG,Drew Brees HOF,QB,22.0,2020.0,1.0,13.0,19.0,167.0,27.0,287.0,7142.0,10551.0,80358.0,571.0,243.0,498.0,752.0,25.0,8.0,74.0,1.0,,,,Purdue,College Stats,BreeDr00,2001.0,125.0952380952381
2.0,33.0,CLE,Quincy Morgan,WR,23.0,2006.0,0.0,0.0,4.0,20.0,17.0,86.0,0.0,0.0,0.0,0.0,0.0,10.0,53.0,0.0,164.0,2466.0,17.0,1.0,,,Kansas St.,College Stats,MorgQu00,2001.0,-14.23809523809524
2.0,34.0,ARI,Kyle Vanden Bosch,DE,22.0,2012.0,0.0,3.0,9.0,58.0,7.0,152.0,0.0,0.0,0.0,0.0,0.0,0.0,0.0,0.0,0.0,0.0,0.0,336.0,,58.0,Nebraska,,VandKy99,2001.0,20.476190476190474
2.0,35.0,ATL,Alge Crumpler,TE,23.0,2010.0,0.0,4.0,10.0,41.0,38.0,155.0,0.0,0.0,0.0,0.0,0.0,0.0,0.0,0.0,373.0,4743.0,39.0,2.0,,,North Carolina,College Stats,CrumAl00,2001.0,1.952380952380949
2.0,36.0,CIN,Chad Johnson,WR,23.0,2011.0,2.0,6.0,9.0,85.0,84.0,166.0,0.0,1.0,0.0,0.0,0.0,24.0,175.0,0.0,766.0,11059.0,67.0,,,,Oregon St.,College Stats,JohnCh01,2001.0,44.42857142857143
2.0,37.0,IND,Idrees Bashir,DB,22.0,2007.0,0.0,0.0,4.0,19.0,18.0,71.0,0.0,0.0,0.0,0.0,0.0,0.0,0.0,0.0,0.0,0.0,0.0,181.0,6.0,,Memphis,College Stats,BashId20,2001.0,-16.42857142857143
2.0,38.0,CHI,Anthony Thomas,RB,23.0,2007.0,0.0,0.0,3.0,27.0,22.0,86.0,0.0,0.0,0.0,0.0,0.0,1044.0,3891.0,23.0,113.0,756.0,1.0,2.0,,,Michigan,College Stats,ThomAn01,2001.0,2.1428571428571423
2.0,39.0,PIT,Kendrell Bell,LB,23.0,2007.0,0.0,1.0,5.0,40.0,29.0,90.0,0.0,0.0,0.0,0.0,0.0,0.0,0.0,0.0,0.0,0.0,0.0,274.0,1.0,20.5,Georgia,College Stats,BellKe20,2001.0,7.285714285714285
2.0,40.0,SEA,Ken Lucas,DB,22.0,2009.0,0.0,0.0,7.0,46.0,20.0,138.0,0.0,0.0,0.0,0.0,0.0,0.0,0.0,0.0,0.0,0.0,0.0,461.0,25.0,,Mississippi,College Stats,LucaKe20,2001.0,22.571428571428573
2.0,41.0,GNB,Robert Ferguson,WR,21.0,2008.0,0.0,0.0,3.0,18.0,15.0,83.0,0.0,0.0,0.0,0.0,0.0,1.0,-8.0,0.0,151.0,1993.0,13.0,31.0,,,Texas A&M,College Stats,FergRo00,2001.0,-10.714285714285715
2.0,42.0,STL,Tommy Polley,LB,23.0,2005.0,0.0,0.0,5.0,30.0,23.0,73.0,0.0,0.0,0.0,0.0,0.0,0.0,0.0,0.0,0.0,0.0,0.0,311.0,4.0,6.0,Florida St.,College Stats,PollTo21,2001.0,1.3809523809523796
2.0,43.0,JAX,Maurice Williams,T,22.0,2009.0,0.0,0.0,6.0,47.0,47.0,105.0,0.0,0.0,0.0,0.0,0.0,0.0,0.0,0.0,0.0,0.0,0.0,,,,Michigan,,WillMa25,2001.0,23.904761904761905
2.0,44.0,CAR,Kris Jenkins,DT,22.0,2010.0,2.0,4.0,6.0,68.0,54.0,108.0,0.0,0.0,0.0,0.0,0.0,0.0,0.0,0.0,0.0,0.0,0.0,220.0,,24.0,Maryland,,JenkKr00,2001.0,40.0
2.0,45.0,WAS,Fred Smoot,DB,22.0,2009.0,0.0,0.0,7.0,40.0,34.0,129.0,0.0,0.0,0.0,0.0,0.0,0.0,0.0,0.0,0.0,0.0,0.0,390.0,21.0,,Mississippi St.,College Stats,SmooFr20,2001.0,13.19047619047619
2.0,46.0,BUF,Aaron Schobel,DE,24.0,2009.0,0.0,2.0,8.0,62.0,62.0,133.0,0.0,0.0,0.0,0.0,0.0,0.0,0.0,0.0,0.0,0.0,0.0,334.0,3.0,78.0,TCU,College Stats,SchoAa99,2001.0,33.38095238095238
2.0,47.0,SFO,Jamie Winborn,LB,22.0,2010.0,0.0,0.0,2.0,18.0,12.0,100.0,0.0,0.0,0.0,0.0,0.0,0.0,0.0,0.0,0.0,0.0,0.0,281.0,3.0,10.0,Vanderbilt,,WinbJa20,2001.0,-15.047619047619051
2.0,48.0,NWE,Matt Light,T,23.0,2011.0,1.0,3.0,10.0,89.0,89.0,155.0,0.0,0.0,0.0,0.0,0.0,0.0,0.0,0.0,0.0,0.0,0.0,,,,Purdue,College Stats,LighMa20,2001.0,60.19047619047619
2.0,49.0,NYJ,LaMont Jordan,RB,22.0,2009.0,0.0,0.0,2.0,30.0,11.0,114.0,0.0,2.0,0.0,0.0,1.0,897.0,3734.0,28.0,158.0,1301.0,3.0,2.0,,,Maryland,College Stats,JordLa00,2001.0,6.399999999999999
2.0,50.0,DET,Dominic Raiola,C,22.0,2014.0,0.0,0.0,13.0,64.0,64.0,219.0,0.0,0.0,0.0,0.0,0.0,0.0,0.0,0.0,0.0,0.0,0.0,2.0,,,Nebraska,College Stats,RaioDo20,2001.0,35.285714285714285
2.0,51.0,DEN,Paul Toviessi,DE,,,0.0,0.0,0.0,,,,,,,,,,,,,,,,,,Marshall,College Stats,-9999,2001.0,
2.0,52.0,MIA,Chris Chambers,WR,23.0,2010.0,0.0,1.0,8.0,58.0,41.0,153.0,0.0,0.0,0.0,0.0,0.0,44.0,373.0,0.0,540.0,7648.0,58.0,2.0,,,Wisconsin,College Stats,ChamCh00,2001.0,34.33333333333333
2.0,53.0,DAL,Quincy Carter,QB,23.0,2004.0,0.0,0.0,2.0,16.0,15.0,38.0,542.0,960.0,6337.0,32.0,37.0,152.0,518.0,3.0,0.0,0.0,0.0,,,,Georgia,College Stats,CartQu00,2001.0,-10.142857142857142
2.0,54.0,ARI,Michael Stone,DB,23.0,2006.0,0.0,0.0,0.0,4.0,2.0,52.0,0.0,0.0,0.0,0.0,0.0,0.0,0.0,0.0,0.0,0.0,0.0,62.0,,,Memphis,College Stats,StonMi20,2001.0,-18.904761904761905
2.0,55.0,PHI,Quinton Caver,LB,23.0,2005.0,0.0,0.0,0.0,5.0,1.0,53.0,0.0,0.0,0.0,0.0,0.0,0.0,0.0,0.0,0.0,0.0,0.0,56.0,,,Arkansas,College Stats,CaveQu20,2001.0,-28.04761904761905
2.0,56.0,DAL,Tony Dixon,DB,22.0,2004.0,0.0,0.0,0.0,9.0,9.0,56.0,0.0,0.0,0.0,0.0,0.0,0.0,0.0,0.0,0.0,0.0,0.0,107.0,1.0,6.0,Alabama,College Stats,DixoTo20,2001.0,-11.578947368421051
2.0,57.0,MIN,Willie Howard,DE,23.0,2001.0,0.0,0.0,0.0,1.0,1.0,8.0,0.0,0.0,0.0,0.0,0.0,0.0,0.0,0.0,0.0,0.0,0.0,10.0,,,Stanford,College Stats,HowaWi20,2001.0,-21.80952380952381
2.0,58.0,BUF,Travis Henry,RB,22.0,2007.0,0.0,1.0,4.0,41.0,27.0,90.0,0.0,1.0,0.0,0.0,1.0,1488.0,6086.0,38.0,141.0,951.0,2.0,1.0,,,Tennessee,College Stats,HenrTr00,2001.0,16.476190476190474
2.0,59.0,OAK,Marques Tuiasosopo,QB,22.0,2008.0,0.0,0.0,0.0,1.0,1.0,13.0,49.0,90.0,554.0,2.0,7.0,17.0,79.0,0.0,0.0,0.0,0.0,,,,Washington,College Stats,TuiaMa00,2001.0,-20.904761904761905
2.0,60.0,TEN,Andre Dyson,DB,22.0,2007.0,0.0,0.0,5.0,31.0,21.0,96.0,0.0,0.0,0.0,0.0,0.0,0.0,0.0,0.0,0.0,0.0,0.0,282.0,22.0,1.0,Utah,College Stats,DysoAn20,2001.0,5.904761904761905
2.0,61.0,DET,Shaun Rogers,DT,22.0,2013.0,0.0,3.0,8.0,57.0,40.0,163.0,0.0,0.0,0.0,0.0,0.0,0.0,0.0,0.0,0.0,0.0,0.0,374.0,1.0,37.5,Texas,,RogeSh99,2001.0,28.142857142857142
2.0,62.0,BAL,Gary Baxter,DB,22.0,2006.0,0.0,0.0,3.0,20.0,16.0,62.0,0.0,0.0,0.0,0.0,0.0,0.0,0.0,0.0,0.0,0.0,0.0,252.0,8.0,3.0,Baylor,,BaxtGa20,2001.0,-5.75
3.0,63.0,PHI,Derrick Burgess,DE,23.0,2010.0,0.0,2.0,4.0,40.0,8.0,102.0,0.0,0.0,0.0,0.0,0.0,0.0,0.0,0.0,0.0,0.0,0.0,215.0,,52.0,Mississippi,College Stats,BurgDe99,2001.0,9.100000000000001
3.0,64.0,ARI,Adrian Wilson,DB,21.0,2012.0,1.0,5.0,11.0,68.0,68.0,181.0,0.0,0.0,0.0,0.0,0.0,0.0,0.0,0.0,0.0,0.0,0.0,730.0,27.0,25.5,North Carolina St.,College Stats,WilsAd99,2001.0,38.095238095238095
3.0,65.0,CLE,James Jackson,RB,25.0,2005.0,0.0,0.0,1.0,9.0,9.0,52.0,0.0,0.0,0.0,0.0,0.0,325.0,1082.0,5.0,32.0,232.0,0.0,4.0,,,Miami (FL),College Stats,JackJa00,2001.0,-16.9
3.0,66.0,CIN,Sean Brewer,TE,23.0,2003.0,0.0,0.0,0.0,0.0,0.0,12.0,0.0,0.0,0.0,0.0,0.0,0.0,0.0,0.0,0.0,0.0,0.0,1.0,,,San Jose St.,College Stats,BrewSe20,2001.0,-25.476190476190474
3.0,67.0,SDG,Tay Cody,DB,23.0,2003.0,0.0,0.0,1.0,4.0,4.0,19.0,0.0,0.0,0.0,0.0,0.0,0.0,0.0,0.0,0.0,0.0,0.0,65.0,2.0,,Florida St.,College Stats,CodyTa20,2001.0,-14.95
3.0,68.0,CHI,Mike Gandy,T,22.0,2009.0,0.0,0.0,7.0,42.0,8.0,108.0,0.0,0.0,0.0,0.0,0.0,0.0,0.0,0.0,0.0,0.0,0.0,,,,Notre Dame,,GandMi20,2001.0,25.523809523809526
3.0,69.0,MIN,Eric Kelly,DB,24.0,2003.0,0.0,0.0,2.0,9.0,9.0,48.0,0.0,0.0,0.0,0.0,0.0,0.0,0.0,0.0,0.0,0.0,0.0,136.0,3.0,,Kentucky,College Stats,KellEr20,2001.0,-17.571428571428573
3.0,70.0,NOR,Sedrick Hodge,LB,22.0,2005.0,0.0,0.0,3.0,17.0,17.0,63.0,0.0,0.0,0.0,0.0,0.0,0.0,0.0,0.0,0.0,0.0,0.0,164.0,,1.0,North Carolina,,HodgSe20,2001.0,-5.904761904761905
3.0,71.0,GNB,Bhawoh Jue,DB,22.0,2007.0,0.0,0.0,1.0,14.0,8.0,79.0,0.0,0.0,0.0,0.0,0.0,0.0,0.0,0.0,0.0,0.0,0.0,144.0,6.0,1.5,Penn St.,College Stats,JuexBh20,2001.0,-13.857142857142858
3.0,72.0,GNB,Torrance Marshall,LB,24.0,2004.0,0.0,0.0,0.0,7.0,7.0,51.0,0.0,0.0,0.0,0.0,0.0,0.0,0.0,0.0,0.0,0.0,0.0,60.0,,1.0,Oklahoma,College Stats,MarsTo20,2001.0,-11.600000000000001
3.0,73.0,JAX,Eric Westmoreland,LB,24.0,2004.0,0.0,0.0,0.0,5.0,4.0,44.0,0.0,0.0,0.0,0.0,0.0,0.0,0.0,0.0,0.0,0.0,0.0,63.0,,2.0,Tennessee,College Stats,WestEr20,2001.0,-19.523809523809526
3.0,74.0,CAR,Steve Smith Sr.,WR,22.0,2016.0,2.0,5.0,14.0,102.0,92.0,219.0,0.0,1.0,0.0,0.0,0.0,57.0,387.0,2.0,1031.0,14731.0,81.0,,,,Utah,College Stats,SmitSt01,2001.0,83.57142857142857
3.0,75.0,KAN,Eric Downing,DT,22.0,2004.0,0.0,0.0,1.0,7.0,7.0,45.0,0.0,0.0,0.0,0.0,0.0,0.0,0.0,0.0,0.0,0.0,0.0,36.0,,2.0,Syracuse,,DownEr20,2001.0,-16.45
3.0,76.0,BUF,Ron Edwards,DT,22.0,2012.0,0.0,0.0,6.0,37.0,10.0,139.0,0.0,0.0,0.0,0.0,0.0,0.0,0.0,0.0,0.0,0.0,0.0,146.0,,16.5,Texas A&M,,EdwaRo20,2001.0,15.649999999999999
3.0,77.0,KAN,Snoop Minnis,WR,24.0,2002.0,0.0,0.0,1.0,5.0,5.0,15.0,0.0,0.0,0.0,0.0,0.0,0.0,0.0,0.0,34.0,515.0,1.0,,,,Florida St.,College Stats,MinnMa00,2001.0,-13.952380952380953
3.0,78.0,NYG,Will Peterson,DB,22.0,2010.0,0.0,0.0,3.0,23.0,16.0,97.0,0.0,0.0,0.0,0.0,0.0,0.0,0.0,0.0,0.0,0.0,0.0,75.0,8.0,,Western Illinois,,PeteWi20,2001.0,-2.8571428571428577
3.0,79.0,NYJ,Kareem McKenzie,T,22.0,2011.0,0.0,0.0,10.0,62.0,24.0,161.0,0.0,0.0,0.0,0.0,0.0,0.0,0.0,0.0,0.0,0.0,0.0,,,,Penn St.,,McKeKa20,2001.0,45.3
3.0,80.0,SFO,Kevan Barlow,RB,22.0,2006.0,0.0,0.0,2.0,36.0,33.0,84.0,0.0,0.0,0.0,0.0,0.0,1022.0,3984.0,30.0,144.0,1164.0,3.0,,,,Pittsburgh,College Stats,BarlKe00,2001.0,24.761904761904763
3.0,81.0,NOR,Kenny Smith,DT,23.0,2009.0,0.0,0.0,1.0,7.0,7.0,36.0,0.0,0.0,0.0,0.0,0.0,0.0,0.0,0.0,0.0,0.0,0.0,58.0,,4.5,Alabama,,SmitKe23,2001.0,-18.0
3.0,82.0,SEA,Heath Evans,FB,22.0,2010.0,0.0,0.0,0.0,8.0,2.0,143.0,0.0,0.0,0.0,0.0,0.0,164.0,579.0,4.0,57.0,439.0,4.0,23.0,,,Auburn,College Stats,EvanHe00,2001.0,-5.449999999999999
3.0,83.0,STL,Brian Allen,LB,23.0,2004.0,0.0,0.0,0.0,8.0,0.0,47.0,0.0,0.0,0.0,0.0,0.0,0.0,0.0,0.0,0.0,0.0,0.0,74.0,1.0,1.0,Florida St.,College Stats,AlleBr21,2001.0,-15.761904761904763
3.0,84.0,TAM,Dwight Smith,DB,23.0,2008.0,0.0,0.0,5.0,34.0,18.0,117.0,0.0,0.0,0.0,0.0,0.0,0.0,0.0,0.0,0.0,0.0,0.0,405.0,22.0,2.0,Akron,College Stats,SmitDw20,2001.0,8.571428571428573
3.0,85.0,MIA,Travis Minor,RB,22.0,2008.0,0.0,0.0,0.0,10.0,10.0,118.0,0.0,0.0,0.0,0.0,0.0,307.0,1230.0,8.0,67.0,474.0,1.0,48.0,,,Florida St.,College Stats,MinoTr00,2001.0,-2.0
3.0,86.0,NWE,Brock Williams,DB,22.0,2004.0,0.0,0.0,0.0,1.0,,12.0,0.0,0.0,0.0,0.0,0.0,0.0,0.0,0.0,0.0,0.0,0.0,10.0,,,Notre Dame,College Stats,WillBr26,2001.0,-19.0
3.0,87.0,DEN,Reggie Hayward,DE,22.0,2009.0,0.0,0.0,3.0,32.0,13.0,92.0,0.0,0.0,0.0,0.0,0.0,0.0,0.0,0.0,0.0,0.0,0.0,144.0,1.0,39.5,Iowa St.,,HaywRe20,2001.0,20.523809523809526
3.0,88.0,MIA,Morlon Greenwood,LB,23.0,2008.0,0.0,0.0,8.0,39.0,21.0,125.0,0.0,0.0,0.0,0.0,0.0,0.0,0.0,0.0,0.0,0.0,0.0,471.0,2.0,7.0,Syracuse,,GreeMo20,2001.0,18.80952380952381
3.0,89.0,OAK,DeLawrence Grant,DE,21.0,2005.0,0.0,0.0,2.0,12.0,12.0,49.0,0.0,0.0,0.0,0.0,0.0,0.0,0.0,0.0,0.0,0.0,0.0,45.0,,7.0,Oregon St.,College Stats,GranDe20,2001.0,-7.0
3.0,90.0,TEN,Shad Meier,TE,23.0,2005.0,0.0,0.0,0.0,3.0,3.0,53.0,0.0,0.0,0.0,0.0,0.0,0.0,0.0,0.0,42.0,334.0,3.0,2.0,,,Kansas St.,College Stats,MeieSh00,2001.0,-11.142857142857142
3.0,91.0,IND,Cory Bird,DB,23.0,2004.0,0.0,0.0,0.0,6.0,6.0,45.0,0.0,0.0,0.0,0.0,0.0,0.0,0.0,0.0,0.0,0.0,0.0,90.0,,0.5,Virginia Tech,College Stats,BirdCo20,2001.0,-19.7
3.0,92.0,BAL,Casey Rabach,C,23.0,2010.0,0.0,0.0,7.0,44.0,7.0,137.0,0.0,0.0,0.0,0.0,0.0,0.0,0.0,0.0,0.0,0.0,0.0,,,,Wisconsin,,RabaCa20,2001.0,19.2
3.0,93.0,DAL,Willie Blade,DT,22.0,2004.0,0.0,0.0,1.0,8.0,7.0,20.0,0.0,0.0,0.0,0.0,0.0,0.0,0.0,0.0,0.0,0.0,0.0,17.0,,1.0,Mississippi St.,,BladWi20,2001.0,-4.19047619047619
3.0,94.0,JAX,James Boyd,DB,23.0,2002.0,0.0,0.0,0.0,2.0,2.0,26.0,0.0,0.0,0.0,0.0,0.0,0.0,0.0,0.0,0.0,0.0,0.0,11.0,,,Penn St.,College Stats,BoydJa20,2001.0,-17.85
3.0,95.0,BUF,Jonas Jennings,T,23.0,2008.0,0.0,0.0,5.0,29.0,21.0,75.0,0.0,0.0,0.0,0.0,0.0,0.0,0.0,0.0,0.0,0.0,0.0,,,,Georgia,,JennJo20,2001.0,13.210526315789474
4.0,96.0,NWE,Kenyatta Jones,T,22.0,2004.0,0.0,0.0,1.0,7.0,6.0,21.0,0.0,0.0,0.0,0.0,0.0,0.0,0.0,0.0,0.0,0.0,0.0,,,,South Florida,,JoneKe22,2001.0,-6.619047619047619
4.0,97.0,CLE,Anthony Henry,DB,24.0,2009.0,0.0,0.0,5.0,38.0,19.0,132.0,0.0,0.0,0.0,0.0,0.0,0.0,0.0,0.0,0.0,0.0,0.0,429.0,31.0,2.0,South Florida,College Stats,HenrAn20,2001.0,25.142857142857142
4.0,98.0,ARI,Bill Gramatica,K,23.0,2004.0,0.0,0.0,0.0,7.0,7.0,34.0,0.0,0.0,0.0,0.0,0.0,0.0,0.0,0.0,0.0,0.0,0.0,2.0,,,South Florida,College Stats,gramabil01,2001.0,-14.047619047619047
4.0,99.0,ATL,Roberto Garza,G,22.0,2014.0,0.0,0.0,11.0,61.0,11.0,206.0,0.0,0.0,0.0,0.0,0.0,0.0,0.0,0.0,0.0,0.0,0.0,,,,Texas A&M-Kingsville,,GarzRo20,2001.0,43.14285714285714
4.0,100.0,CIN,Rudi Johnson,RB,21.0,2008.0,0.0,1.0,5.0,46.0,45.0,95.0,0.0,0.0,0.0,0.0,0.0,1517.0,5979.0,49.0,113.0,676.0,2.0,,,,Auburn,College Stats,JohnRu00,2001.0,26.6
4.0,101.0,NYJ,Jamie Henderson,DB,22.0,2003.0,0.0,0.0,0.0,3.0,3.0,32.0,0.0,0.0,0.0,0.0,0.0,0.0,0.0,0.0,0.0,0.0,0.0,41.0,1.0,,Georgia,College Stats,HendJa20,2001.0,-9.2
4.0,102.0,ATL,Matt Stewart,LB,22.0,2006.0,0.0,0.0,4.0,26.0,19.0,93.0,0.0,0.0,0.0,0.0,0.0,0.0,0.0,0.0,0.0,0.0,0.0,243.0,1.0,8.0,Vanderbilt,College Stats,StewMa21,2001.0,5.571428571428573
4.0,103.0,CHI,Karon Riley,LB,23.0,2004.0,0.0,0.0,0.0,1.0,0.0,25.0,0.0,0.0,0.0,0.0,0.0,0.0,0.0,0.0,0.0,0.0,0.0,13.0,,,Minnesota,College Stats,RileKa20,2001.0,-15.61904761904762
4.0,104.0,SEA,Orlando Huff,LB,23.0,2006.0,0.0,0.0,3.0,22.0,12.0,87.0,0.0,0.0,0.0,0.0,0.0,0.0,0.0,0.0,0.0,0.0,0.0,222.0,2.0,3.0,Fresno St.,College Stats,HuffOr20,2001.0,7.5
4.0,105.0,GNB,Bill Ferrario,G,22.0,2002.0,0.0,0.0,0.0,1.0,1.0,16.0,0.0,0.0,0.0,0.0,0.0,0.0,0.0,0.0,0.0,0.0,0.0,,,,Wisconsin,,FerrBi20,2001.0,-16.4
4.0,106.0,CAR,Chris Weinke,QB,29.0,2007.0,0.0,0.0,1.0,9.0,9.0,29.0,386.0,709.0,3904.0,15.0,26.0,54.0,148.0,6.0,0.0,0.0,0.0,,,,Florida St.,College Stats,WeinCh00,2001.0,-6.142857142857142
4.0,107.0,KAN,Monty Beisel,LB,23.0,2009.0,0.0,0.0,0.0,13.0,5.0,119.0,0.0,0.0,0.0,0.0,0.0,0.0,0.0,0.0,0.0,0.0,0.0,200.0,2.0,4.5,Kansas St.,College Stats,BeisMo20,2001.0,3.7619047619047628
4.0,108.0,KAN,George Layne,RB,22.0,2004.0,0.0,0.0,0.0,0.0,,11.0,0.0,0.0,0.0,0.0,0.0,3.0,32.0,0.0,4.0,20.0,0.0,6.0,,,TCU,College Stats,LaynGe00,2001.0,-22.57894736842105
4.0,109.0,WAS,Sage Rosenfels,QB,23.0,2010.0,0.0,0.0,0.0,13.0,,44.0,351.0,562.0,4156.0,30.0,29.0,48.0,95.0,1.0,0.0,0.0,0.0,1.0,,,Iowa St.,College Stats,RoseSa00,2001.0,-10.047619047619047
4.0,110.0,BUF,Brandon Spoon,LB,23.0,2001.0,0.0,0.0,1.0,5.0,5.0,14.0,0.0,0.0,0.0,0.0,0.0,0.0,0.0,0.0,0.0,0.0,0.0,45.0,2.0,,North Carolina,,SpooBr20,2001.0,-5.238095238095237
4.0,111.0,PIT,Mathias Nkwenti,T,23.0,2003.0,0.0,0.0,0.0,0.0,0.0,2.0,0.0,0.0,0.0,0.0,0.0,0.0,0.0,0.0,0.0,0.0,0.0,,,,Temple,,NkweMa20,2001.0,-10.952380952380953
4.0,112.0,SDG,Carlos Polk,LB,24.0,2008.0,0.0,0.0,0.0,7.0,7.0,74.0,0.0,0.0,0.0,0.0,0.0,0.0,0.0,0.0,0.0,0.0,0.0,101.0,,4.0,Nebraska,College Stats,PolkCa20,2001.0,-11.842105263157894
4.0,113.0,DEN,Ben Hamilton,G,24.0,2010.0,0.0,0.0,7.0,54.0,52.0,118.0,0.0,0.0,0.0,0.0,0.0,0.0,0.0,0.0,0.0,0.0,0.0,1.0,,,Minnesota,College Stats,HamiBe20,2001.0,38.0
4.0,114.0,NYG,Cedric Scott,DE,23.0,2002.0,0.0,0.0,0.0,1.0,1.0,13.0,0.0,0.0,0.0,0.0,0.0,0.0,0.0,0.0,0.0,0.0,0.0,4.0,,,Southern Miss,College Stats,ScotCe20,2001.0,-10.947368421052632
4.0,115.0,NOR,Moran Norris,FB,23.0,2011.0,0.0,0.0,4.0,1.0,0.0,140.0,0.0,0.0,0.0,0.0,0.0,28.0,67.0,1.0,38.0,198.0,3.0,19.0,,,Kansas,College Stats,NorrMo00,2001.0,-8.736842105263158
4.0,116.0,STL,Milton Wynn,WR,22.0,2002.0,0.0,0.0,0.0,1.0,,4.0,0.0,0.0,0.0,0.0,0.0,0.0,0.0,0.0,4.0,69.0,0.0,,,,Washington St.,College Stats,WynnMi00,2001.0,-10.952380952380953
4.0,117.0,TAM,John Howell,DB,23.0,2006.0,0.0,0.0,0.0,7.0,6.0,64.0,0.0,0.0,0.0,0.0,0.0,0.0,0.0,0.0,0.0,0.0,0.0,93.0,,,Colorado St.,College Stats,HoweJo21,2001.0,-8.0
4.0,118.0,IND,Ryan Diem,T,22.0,2011.0,0.0,0.0,10.0,72.0,72.0,157.0,0.0,0.0,0.0,0.0,0.0,0.0,0.0,0.0,0.0,0.0,0.0,3.0,,,Northern Illinois,,DiemRy20,2001.0,57.25
4.0,119.0,NWE,Jabari Holloway,TE,22.0,2003.0,0.0,0.0,2.0,1.0,,26.0,0.0,0.0,0.0,0.0,0.0,0.0,0.0,0.0,15.0,157.0,0.0,,,,Notre Dame,College Stats,HollJa01,2001.0,-14.666666666666666
4.0,120.0,DEN,Nick Harris,P,23.0,2012.0,0.0,0.0,0.0,18.0,,183.0,0.0,1.0,0.0,0.0,0.0,2.0,-7.0,0.0,0.0,0.0,0.0,12.0,,,California,College Stats,HarrNi20,2001.0,-1.25
4.0,121.0,PHI,Correll Buckhalter,RB,22.0,2010.0,0.0,0.0,0.0,27.0,21.0,103.0,0.0,0.0,0.0,0.0,0.0,655.0,2944.0,21.0,144.0,1410.0,6.0,9.0,,,Nebraska,College Stats,BuckCo00,2001.0,18.842105263157897
4.0,122.0,DAL,Markus Steele,LB,22.0,2003.0,0.0,0.0,1.0,8.0,8.0,42.0,0.0,0.0,0.0,0.0,0.0,0.0,0.0,0.0,0.0,0.0,0.0,73.0,,,USC,,SteeMa20,2001.0,-7.842105263157896
4.0,123.0,ARI,Marcus Bell,DT,22.0,2006.0,0.0,0.0,2.0,14.0,8.0,86.0,0.0,0.0,0.0,0.0,0.0,0.0,0.0,0.0,0.0,0.0,0.0,131.0,,6.5,Memphis,College Stats,BellMa20,2001.0,0.3000000000000007
4.0,124.0,TEN,Justin McCareins,WR,22.0,2008.0,0.0,0.0,5.0,33.0,16.0,114.0,0.0,0.0,0.0,0.0,0.0,8.0,42.0,0.0,240.0,3676.0,16.0,10.0,,,Northern Illinois,College Stats,McCaJu00,2001.0,19.57142857142857
4.0,125.0,NYG,Jesse Palmer,QB,22.0,2003.0,0.0,0.0,0.0,1.0,1.0,8.0,63.0,120.0,562.0,3.0,4.0,5.0,20.0,0.0,0.0,0.0,0.0,,,,Florida,College Stats,PalmJe00,2001.0,-13.578947368421053
4.0,126.0,BAL,Ed Hartwell,LB,23.0,2006.0,0.0,0.0,3.0,28.0,24.0,77.0,0.0,0.0,0.0,0.0,0.0,0.0,0.0,0.0,0.0,0.0,0.0,280.0,1.0,7.0,Western Illinois,,HartEd20,2001.0,3.6499999999999986
4.0,127.0,SEA,Curtis Fuller,DB,23.0,2004.0,0.0,0.0,0.0,3.0,2.0,42.0,0.0,0.0,0.0,0.0,0.0,0.0,0.0,0.0,0.0,0.0,0.0,41.0,1.0,,TCU,College Stats,FullCu20,2001.0,-5.85
4.0,128.0,SEA,Floyd Womack,T,22.0,2010.0,0.0,0.0,5.0,30.0,22.0,120.0,0.0,0.0,0.0,0.0,0.0,0.0,0.0,0.0,0.0,0.0,0.0,1.0,,,Mississippi St.,,WomaFl20,2001.0,11.399999999999999
4.0,129.0,STL,Brandon Manumaleuna,TE,21.0,2010.0,0.0,0.0,7.0,8.0,6.0,158.0,0.0,0.0,0.0,0.0,0.0,6.0,18.0,0.0,115.0,1008.0,13.0,1.0,,,Arizona,College Stats,ManuBr00,2001.0,-1.8499999999999996
4.0,130.0,MIN,Shawn Worthen,DT,25.0,2001.0,0.0,0.0,0.0,0.0,0.0,4.0,0.0,0.0,0.0,0.0,0.0,0.0,0.0,0.0,0.0,0.0,0.0,3.0,,,TCU,,WortSh20,2001.0,-16.72222222222222
4.0,131.0,MIN,Cedric James,WR,22.0,2002.0,0.0,0.0,0.0,0.0,0.0,5.0,0.0,0.0,0.0,0.0,0.0,0.0,0.0,0.0,1.0,29.0,0.0,1.0,,,TCU,College Stats,JameCe00,2001.0,-13.789473684210526
5.0,132.0,SDG,Elliot Silvers,T,,,0.0,0.0,0.0,,,,,,,,,,,,,,,,,,Washington,,-9999,2001.0,
5.0,133.0,ARI,Mario Fatafehi,DT,22.0,2004.0,0.0,0.0,2.0,13.0,1.0,45.0,0.0,0.0,0.0,0.0,0.0,0.0,0.0,0.0,0.0,0.0,0.0,43.0,,5.0,Kansas St.,,FataMa20,2001.0,2.1428571428571423
5.0,134.0,CLE,Jeremiah Pharms,LB,,,0.0,0.0,0.0,,,,,,,,,,,,,,,,,,Washington,College Stats,-9999,2001.0,
5.0,135.0,CIN,Victor Leyva,G,23.0,2002.0,0.0,0.0,0.0,1.0,1.0,10.0,0.0,0.0,0.0,0.0,0.0,0.0,0.0,0.0,0.0,0.0,0.0,,,,Arizona St.,College Stats,LeyvVi20,2001.0,-23.444444444444443
5.0,136.0,ATL,Vinny Sutherland,WR,23.0,2002.0,0.0,0.0,0.0,0.0,,16.0,0.0,0.0,0.0,0.0,0.0,1.0,16.0,0.0,1.0,5.0,0.0,1.0,,,Purdue,College Stats,SuthVi00,2001.0,-8.8
5.0,137.0,DAL,Matt Lehr,C,22.0,2008.0,0.0,0.0,3.0,23.0,9.0,98.0,0.0,0.0,0.0,0.0,0.0,0.0,0.0,0.0,0.0,0.0,0.0,2.0,,,Virginia Tech,,LehrMa20,2001.0,2.05263157894737
5.0,138.0,CHI,Bernard Robertson,T,22.0,2002.0,0.0,0.0,0.0,3.0,3.0,16.0,0.0,0.0,0.0,0.0,0.0,0.0,0.0,0.0,0.0,0.0,0.0,,,,Tulane,,RobeBe20,2001.0,-10.421052631578947
5.0,139.0,SDG,Zeke Moreno,LB,22.0,2005.0,0.0,0.0,1.0,10.0,10.0,61.0,0.0,0.0,0.0,0.0,0.0,0.0,0.0,0.0,0.0,0.0,0.0,139.0,1.0,3.0,USC,College Stats,MoreZe20,2001.0,2.1428571428571432
5.0,140.0,SEA,Alex Bannister,WR,22.0,2006.0,0.0,1.0,0.0,1.0,1.0,59.0,0.0,0.0,0.0,0.0,0.0,0.0,0.0,0.0,9.0,121.0,1.0,45.0,,,Eastern Kentucky,,BannAl00,2001.0,-10.476190476190476
5.0,141.0,KAN,Bill Baber,TE,22.0,2004.0,0.0,0.0,0.0,0.0,0.0,30.0,0.0,0.0,0.0,0.0,0.0,0.0,0.0,0.0,4.0,37.0,1.0,,,,Virginia,College Stats,BabeBi00,2001.0,-8.666666666666666
5.0,142.0,JAX,David Leaverton,P,,,0.0,0.0,0.0,,,,,,,,,,,,,,,,,,Tennessee,College Stats,-9999,2001.0,
5.0,143.0,CAR,Jarrod Cooper,DB,23.0,2007.0,0.0,0.0,1.0,7.0,2.0,87.0,0.0,0.0,0.0,0.0,0.0,0.0,0.0,0.0,0.0,0.0,0.0,114.0,,1.5,Kansas St.,,CoopJa20,2001.0,-9.315789473684209
5.0,144.0,BUF,Marques Sullivan,G,23.0,2003.0,0.0,0.0,1.0,11.0,11.0,32.0,0.0,0.0,0.0,0.0,0.0,0.0,0.0,0.0,0.0,0.0,0.0,,,,Illinois,,SullMa20,2001.0,-0.05000000000000071
5.0,145.0,STL,Jerametrius Butler,DB,22.0,2007.0,0.0,0.0,2.0,17.0,16.0,71.0,0.0,0.0,0.0,0.0,0.0,0.0,0.0,0.0,0.0,0.0,0.0,186.0,9.0,,Kansas St.,College Stats,ButlJe20,2001.0,6.5
5.0,146.0,PIT,Chukky Okobi,C,22.0,2007.0,0.0,0.0,0.0,7.0,7.0,78.0,0.0,0.0,0.0,0.0,0.0,0.0,0.0,0.0,0.0,0.0,0.0,,,,Purdue,College Stats,OkobCh20,2001.0,-18.45
5.0,147.0,PHI,Tony Stewart,TE,22.0,2009.0,0.0,0.0,1.0,5.0,0.0,115.0,0.0,0.0,0.0,0.0,0.0,0.0,0.0,0.0,76.0,623.0,3.0,43.0,,,Penn St.,College Stats,StewTo00,2001.0,-5.375
5.0,148.0,DET,Scotty Anderson,WR,21.0,2003.0,0.0,0.0,0.0,8.0,8.0,34.0,0.0,0.0,0.0,0.0,0.0,0.0,0.0,0.0,54.0,858.0,4.0,,,,Grambling St.,,AndeSc00,2001.0,0.5789473684210522
5.0,149.0,DET,Mike McMahon,QB,22.0,2005.0,0.0,0.0,0.0,6.0,5.0,29.0,229.0,515.0,2867.0,15.0,21.0,82.0,409.0,7.0,1.0,7.0,0.0,,,,Rutgers,College Stats,McMaMi00,2001.0,-9.1
5.0,150.0,KAN,Derrick Blaylock,RB,22.0,2006.0,0.0,0.0,0.0,11.0,10.0,51.0,0.0,0.0,0.0,0.0,0.0,198.0,820.0,10.0,53.0,520.0,2.0,19.0,,,S.F. Austin,,BlayDe00,2001.0,2.2631578947368425
5.0,151.0,TAM,Russ Hochstein,C,23.0,2012.0,0.0,0.0,1.0,27.0,0.0,149.0,0.0,0.0,0.0,0.0,0.0,0.0,0.0,0.0,0.0,0.0,0.0,1.0,,,Nebraska,,HochRu20,2001.0,13.944444444444445
5.0,152.0,IND,Raymond Walls,DB,22.0,2005.0,0.0,0.0,0.0,4.0,0.0,41.0,0.0,0.0,0.0,0.0,0.0,0.0,0.0,0.0,0.0,0.0,0.0,40.0,1.0,,Southern Miss,College Stats,WallRa20,2001.0,-5.125
5.0,153.0,NOR,Onomo Ojo,WR,,,0.0,0.0,0.0,,,,,,,,,,,,,,,,,,UC Davis,,-9999,2001.0,
5.0,154.0,WAS,Darnerien McCants,WR,24.0,2005.0,0.0,0.0,0.0,7.0,6.0,41.0,0.0,0.0,0.0,0.0,0.0,1.0,9.0,0.0,58.0,774.0,8.0,4.0,,,Delaware St.,,McCaDa00,2001.0,-11.263157894736842
5.0,155.0,PHI,A.J. Feeley,QB,24.0,2011.0,0.0,0.0,1.0,7.0,6.0,28.0,425.0,762.0,4618.0,28.0,31.0,37.0,49.0,1.0,0.0,0.0,0.0,,,,Oregon,College Stats,FeelA.00,2001.0,-2.117647058823529
5.0,156.0,MIA,Shawn Draper,T,,,0.0,0.0,0.0,,,,,,,,,,,,,,,,,,Alabama,College Stats,-9999,2001.0,
5.0,157.0,MIN,Patrick Chukwurah,LB,22.0,2007.0,0.0,0.0,0.0,6.0,3.0,78.0,0.0,0.0,0.0,0.0,0.0,0.0,0.0,0.0,0.0,0.0,0.0,62.0,,9.0,Wyoming,College Stats,ChukPa20,2001.0,-4.25
5.0,158.0,OAK,Ray Perryman,DB,22.0,2004.0,0.0,0.0,0.0,0.0,,10.0,0.0,0.0,0.0,0.0,0.0,0.0,0.0,0.0,0.0,0.0,0.0,,,,Northern Arizona,,PerrRa21,2001.0,-6.5
5.0,159.0,TEN,Eddie Berlin,WR,23.0,2005.0,0.0,0.0,0.0,3.0,3.0,62.0,0.0,0.0,0.0,0.0,0.0,0.0,0.0,0.0,26.0,379.0,2.0,27.0,,,Northern Iowa,,BerlEd00,2001.0,-10.0
5.0,160.0,NYG,John Markham,K,,,0.0,0.0,0.0,,,,,,,,,,,,,,,,,,Vanderbilt,College Stats,-9999,2001.0,
5.0,161.0,BAL,Chris Barnes,RB,,,0.0,0.0,0.0,,,,,,,,,,,,,,,,,,New Mexico St.,College Stats,-9999,2001.0,
5.0,162.0,NYG,Jonathan Carter,WR,22.0,2004.0,0.0,0.0,0.0,4.0,0.0,25.0,0.0,0.0,0.0,0.0,0.0,0.0,0.0,0.0,14.0,266.0,2.0,,,,Troy,,CartJo01,2001.0,-2.1764705882352944
5.0,163.0,NWE,Hakim Akbar,LB,21.0,2002.0,0.0,0.0,0.0,1.0,1.0,10.0,0.0,0.0,0.0,0.0,0.0,0.0,0.0,0.0,0.0,0.0,0.0,2.0,,,Washington,College Stats,AkbaHa20,2001.0,-12.333333333333334
6.0,164.0,MIA,Brandon Winey,T,23.0,2004.0,0.0,0.0,0.0,3.0,,24.0,0.0,0.0,0.0,0.0,0.0,0.0,0.0,0.0,0.0,0.0,0.0,,,,LSU,,WineBr20,2001.0,-9.05
6.0,165.0,CLE,Michael Jameson,DB,22.0,2004.0,0.0,0.0,0.0,4.0,4.0,42.0,0.0,0.0,0.0,0.0,0.0,0.0,0.0,0.0,0.0,0.0,0.0,36.0,1.0,1.0,Texas A&M,College Stats,JameMi20,2001.0,-9.35
6.0,166.0,ARI,Bobby Newcombe,WR,,,0.0,0.0,0.0,,,,,,,,,,,,,,,,,,Nebraska,College Stats,-9999,2001.0,
6.0,167.0,ATL,Randy Garner,DE,,,0.0,0.0,0.0,,,,,,,,,,,,,,,,,,Arkansas,,-9999,2001.0,
6.0,168.0,CIN,Riall Johnson,LB,23.0,2003.0,0.0,0.0,0.0,2.0,2.0,32.0,0.0,0.0,0.0,0.0,0.0,0.0,0.0,0.0,0.0,0.0,0.0,18.0,,,Stanford,,JohnRi20,2001.0,-10.055555555555555
6.0,169.0,SFO,Cedrick Wilson,WR,22.0,2007.0,0.0,0.0,2.0,22.0,11.0,100.0,2.0,2.0,27.0,0.0,0.0,7.0,53.0,0.0,178.0,2365.0,8.0,2.0,,,Tennessee,College Stats,WilsCe00,2001.0,10.5
6.0,170.0,JAX,Chad Ward,G,,,0.0,0.0,0.0,,,,,,,,,,,,,,,,,,Washington,,-9999,2001.0,
6.0,171.0,DAL,Daleroy Stewart,DT,22.0,2004.0,0.0,0.0,0.0,3.0,2.0,26.0,0.0,0.0,0.0,0.0,0.0,0.0,0.0,0.0,0.0,0.0,0.0,19.0,,1.5,Southern Miss,,StewDa20,2001.0,-3.5882352941176467
6.0,172.0,SEA,Josh Booty,QB,,,0.0,0.0,0.0,,,,,,,,,,,,,,,,,,LSU,College Stats,-9999,2001.0,
6.0,173.0,DET,Jason Glenn,LB,22.0,2006.0,0.0,0.0,0.0,6.0,,80.0,0.0,0.0,0.0,0.0,0.0,0.0,0.0,0.0,0.0,0.0,0.0,92.0,,,Texas A&M,College Stats,GlenJa20,2001.0,-5.857142857142858
6.0,174.0,TAM,Jameel Cook,FB,22.0,2008.0,0.0,0.0,2.0,4.0,2.0,109.0,0.0,0.0,0.0,0.0,0.0,14.0,43.0,0.0,84.0,510.0,3.0,35.0,,,Illinois,College Stats,CookJa00,2001.0,-8.235294117647058
6.0,175.0,CAR,Dee Brown,RB,23.0,2006.0,0.0,0.0,0.0,2.0,2.0,43.0,0.0,1.0,0.0,0.0,1.0,119.0,405.0,4.0,21.0,114.0,2.0,15.0,,,Syracuse,College Stats,BrowDe02,2001.0,-6.842105263157896
6.0,176.0,KAN,Alex Sulfsted,T,23.0,2004.0,0.0,0.0,0.0,2.0,,18.0,0.0,0.0,0.0,0.0,0.0,0.0,0.0,0.0,0.0,0.0,0.0,,,,Miami (OH),,SulfAl20,2001.0,-4.052631578947368
6.0,177.0,MIA,Josh Heupel,QB,,,0.0,0.0,0.0,,,,,,,,,,,,,,,,,,Oklahoma,College Stats,-9999,2001.0,
6.0,178.0,BUF,Tony Driver,DB,24.0,2002.0,0.0,0.0,0.0,0.0,0.0,11.0,0.0,0.0,0.0,0.0,0.0,0.0,0.0,0.0,0.0,0.0,0.0,4.0,,,Notre Dame,College Stats,DrivTo20,2001.0,-13.571428571428571
6.0,179.0,SFO,Rashad Holman,DB,23.0,2003.0,0.0,0.0,0.0,4.0,4.0,46.0,0.0,0.0,0.0,0.0,0.0,0.0,0.0,0.0,0.0,0.0,0.0,89.0,2.0,,Louisville,College Stats,HolmRa20,2001.0,-2.526315789473684
6.0,180.0,NWE,Arther Love,TE,,,0.0,0.0,0.0,,,,,,,,,,,,,,,,,,South Carolina St.,,-9999,2001.0,
6.0,181.0,PIT,Rodney Bailey,DE,21.0,2007.0,0.0,0.0,0.0,7.0,6.0,84.0,0.0,0.0,0.0,0.0,0.0,0.0,0.0,0.0,0.0,0.0,0.0,65.0,,9.5,Ohio St.,,BailRo21,2001.0,-2.3684210526315788
6.0,182.0,PIT,Roger Knight,LB,22.0,2004.0,0.0,0.0,0.0,4.0,,48.0,0.0,0.0,0.0,0.0,0.0,0.0,0.0,0.0,0.0,0.0,0.0,53.0,,,Wisconsin,,KnigRo20,2001.0,-6.277777777777779
6.0,183.0,TAM,Ellis Wyms,DE,22.0,2008.0,0.0,0.0,1.0,13.0,11.0,95.0,0.0,0.0,0.0,0.0,0.0,0.0,0.0,0.0,0.0,0.0,0.0,106.0,,19.0,Mississippi St.,College Stats,WymsEl20,2001.0,7.894736842105263
6.0,184.0,OAK,Chris Cooper,DT,24.0,2007.0,0.0,0.0,1.0,12.0,10.0,78.0,0.0,0.0,0.0,0.0,0.0,0.0,0.0,0.0,0.0,0.0,0.0,103.0,1.0,8.5,Nebraska-Omaha,,CoopCh20,2001.0,6.684210526315789
6.0,185.0,NOR,Mitch White,T,,,0.0,0.0,0.0,,,,,,,,,,,,,,,,,,Oregon St.,,-9999,2001.0,
6.0,186.0,WAS,Mario Monds,DT,24.0,2004.0,0.0,0.0,0.0,1.0,,7.0,0.0,0.0,0.0,0.0,0.0,0.0,0.0,0.0,0.0,0.0,0.0,4.0,,,Cincinnati,,MondMa20,2001.0,-9.38888888888889
6.0,187.0,MIA,Otis Leverette,DE,23.0,2004.0,0.0,0.0,0.0,3.0,,17.0,0.0,0.0,0.0,0.0,0.0,0.0,0.0,0.0,0.0,0.0,0.0,25.0,1.0,2.0,Ala-Birmingham,,LeveOt20,2001.0,-9.15
6.0,188.0,MIA,Rick Crowell,LB,,,0.0,0.0,0.0,,,,,,,,,,,,,,,,,,Colorado St.,College Stats,-9999,2001.0,
6.0,189.0,MIN,Carey Scott,DB,23.0,2003.0,0.0,0.0,0.0,0.0,0.0,7.0,0.0,0.0,0.0,0.0,0.0,0.0,0.0,0.0,0.0,0.0,0.0,2.0,,,Kentucky St.,,ScotCa20,2001.0,-8.4
6.0,190.0,DEN,Kevin Kasper,WR,23.0,2006.0,0.0,0.0,0.0,2.0,1.0,39.0,0.0,0.0,0.0,0.0,0.0,7.0,34.0,0.0,24.0,287.0,3.0,10.0,,,Iowa,College Stats,KaspKe00,2001.0,-7.611111111111111
6.0,191.0,SFO,Menson Holloway,DE,,,0.0,0.0,0.0,,,,,,,,,,,,,,,,,,Texas-El Paso,,-9999,2001.0,
6.0,192.0,TEN,Dan Alexander,RB,23.0,2003.0,0.0,0.0,0.0,0.0,0.0,11.0,0.0,0.0,0.0,0.0,0.0,0.0,0.0,0.0,0.0,0.0,0.0,3.0,,,Nebraska,College Stats,AlexDa21,2001.0,-7.2
6.0,193.0,IND,Jason Doering,DB,23.0,2004.0,0.0,0.0,0.0,6.0,5.0,53.0,0.0,0.0,0.0,0.0,0.0,0.0,0.0,0.0,0.0,0.0,0.0,78.0,,,Wisconsin,College Stats,DoerJa20,2001.0,-5.526315789473685
6.0,194.0,BAL,Joe Maese,C,22.0,2005.0,0.0,0.0,0.0,7.0,7.0,65.0,0.0,0.0,0.0,0.0,0.0,0.0,0.0,0.0,0.0,0.0,0.0,5.0,,,New Mexico,,MaesJo20,2001.0,0.44444444444444464
6.0,195.0,BUF,Dan O'Leary,TE,24.0,2002.0,0.0,0.0,0.0,0.0,0.0,17.0,0.0,0.0,0.0,0.0,0.0,0.0,0.0,0.0,0.0,0.0,0.0,2.0,,,Notre Dame,College Stats,OLeaDa20,2001.0,-13.764705882352942
6.0,196.0,BUF,Jimmy Williams,DB,22.0,2006.0,0.0,0.0,0.0,9.0,,80.0,0.0,0.0,0.0,0.0,0.0,0.0,0.0,0.0,0.0,0.0,0.0,124.0,3.0,1.0,Vanderbilt,College Stats,WillJi22,2001.0,4.5
6.0,197.0,STL,Francis St. Paul,WR,,,0.0,0.0,0.0,,,,,,,,,,,,,,,,,,Northern Arizona,,-9999,2001.0,
6.0,198.0,GNB,David Martin,TE,22.0,2011.0,0.0,0.0,4.0,12.0,6.0,120.0,0.0,0.0,0.0,0.0,0.0,0.0,0.0,0.0,159.0,1562.0,15.0,14.0,,,Tennessee,College Stats,MartDa00,2001.0,3.2222222222222214
6.0,199.0,TEN,Adam Haayer,T,24.0,2005.0,0.0,0.0,0.0,4.0,,20.0,0.0,0.0,0.0,0.0,0.0,0.0,0.0,0.0,0.0,0.0,0.0,,,,Minnesota,,HaayAd20,2001.0,-17.125
6.0,200.0,NWE,Leonard Myers,DB,22.0,2003.0,0.0,0.0,0.0,1.0,1.0,17.0,0.0,0.0,0.0,0.0,0.0,0.0,0.0,0.0,0.0,0.0,0.0,22.0,,,Miami (FL),College Stats,MyerLe20,2001.0,-14.066666666666666
7.0,201.0,SDG,Brandon Gorin,T,23.0,2009.0,0.0,0.0,2.0,15.0,,48.0,0.0,0.0,0.0,0.0,0.0,0.0,0.0,0.0,0.0,0.0,0.0,,,,Purdue,,GoriBr20,2001.0,10.882352941176471
7.0,202.0,ARI,Renaldo Hill,DB,22.0,2010.0,0.0,0.0,8.0,36.0,13.0,141.0,0.0,0.0,0.0,0.0,0.0,0.0,0.0,0.0,0.0,0.0,0.0,497.0,19.0,6.5,Michigan St.,College Stats,HillRe20,2001.0,30.88888888888889
7.0,203.0,CLE,Paul Zukauskas,G,22.0,2004.0,0.0,0.0,1.0,9.0,9.0,43.0,0.0,0.0,0.0,0.0,0.0,0.0,0.0,0.0,0.0,0.0,0.0,,,,Boston Col.,College Stats,ZukaPa20,2001.0,-2.9230769230769234
7.0,204.0,CIN,T.J. Houshmandzadeh,WR,23.0,2011.0,0.0,1.0,6.0,56.0,48.0,146.0,0.0,0.0,0.0,0.0,0.0,23.0,142.0,1.0,627.0,7237.0,44.0,1.0,,,Oregon St.,College Stats,HousTJ00,2001.0,46.35294117647059
7.0,205.0,TAM,Dauntae' Finger,TE,,,0.0,0.0,0.0,,,,,,,,,,,,,,,,,,North Carolina,College Stats,-9999,2001.0,
7.0,206.0,NYJ,James Reed,DT,24.0,2007.0,0.0,0.0,2.0,19.0,12.0,99.0,0.0,0.0,0.0,0.0,0.0,0.0,0.0,0.0,0.0,0.0,0.0,162.0,,7.0,Iowa St.,,ReedJa21,2001.0,13.0
7.0,207.0,DAL,Colston Weatherington,DE,23.0,2002.0,0.0,0.0,0.0,0.0,0.0,3.0,0.0,0.0,0.0,0.0,0.0,0.0,0.0,0.0,0.0,0.0,0.0,1.0,,,Central Missouri St.,,WeatCo20,2001.0,-13.882352941176471
7.0,208.0,CHI,John Capel,WR,,,0.0,0.0,0.0,,,,,,,,,,,,,,,,,,Florida,,-9999,2001.0,
7.0,209.0,SFO,Alex Lincoln,LB,,,0.0,0.0,0.0,,,,,,,,,,,,,,,,,,Auburn,College Stats,-9999,2001.0,
7.0,210.0,SEA,Harold Blackmon,DB,23.0,2002.0,0.0,0.0,0.0,1.0,1.0,9.0,0.0,0.0,0.0,0.0,0.0,0.0,0.0,0.0,0.0,0.0,0.0,1.0,,,Northwestern,College Stats,BlacHa20,2001.0,-6.9411764705882355
7.0,211.0,CAR,Louis Williams,C,22.0,2002.0,0.0,0.0,0.0,0.0,0.0,2.0,0.0,0.0,0.0,0.0,0.0,0.0,0.0,0.0,0.0,0.0,0.0,,,,LSU,,WillLo20,2001.0,-5.4
7.0,212.0,KAN,Shaunard Harts,DB,23.0,2004.0,0.0,0.0,1.0,8.0,8.0,51.0,0.0,0.0,0.0,0.0,0.0,0.0,0.0,0.0,0.0,0.0,0.0,146.0,2.0,2.0,Boise St.,College Stats,HartSh20,2001.0,3.75
7.0,213.0,JAX,Anthony Denman,LB,21.0,2002.0,0.0,0.0,0.0,2.0,,27.0,0.0,0.0,0.0,0.0,0.0,0.0,0.0,0.0,0.0,0.0,0.0,19.0,,,Notre Dame,,DenmAn20,2001.0,-6.0
7.0,214.0,BUF,Reggie Germany,WR,23.0,2001.0,0.0,0.0,0.0,2.0,2.0,16.0,0.0,0.0,0.0,0.0,0.0,0.0,0.0,0.0,12.0,203.0,0.0,4.0,,,Ohio St.,College Stats,GermRe00,2001.0,-5.0
7.0,215.0,ATL,Corey Hall,DB,22.0,2001.0,0.0,0.0,0.0,0.0,0.0,3.0,0.0,0.0,0.0,0.0,0.0,0.0,0.0,0.0,0.0,0.0,0.0,,,,Appalachian St.,,HallCo20,2001.0,-8.61111111111111
7.0,216.0,NWE,Owen Pochman,K,24.0,2003.0,0.0,0.0,0.0,-2.0,,16.0,0.0,0.0,0.0,0.0,0.0,0.0,0.0,0.0,0.0,0.0,0.0,1.0,,,BYU,College Stats,pochmowe01,2001.0,-15.785714285714286
7.0,217.0,NYJ,Tupe Peko,G,22.0,2004.0,0.0,0.0,0.0,9.0,,27.0,0.0,0.0,0.0,0.0,0.0,0.0,0.0,0.0,0.0,0.0,0.0,,,,Michigan St.,,PekoTu20,2001.0,1.7647058823529411
7.0,218.0,PIT,Chris Taylor,WR,22.0,,0.0,0.0,0.0,,,,,,,,,,,,,,,,,,Texas A&M,College Stats,TaylCh04,2001.0,
7.0,219.0,ATL,Kynan Forney,G,22.0,2009.0,0.0,0.0,5.0,37.0,37.0,98.0,0.0,0.0,0.0,0.0,0.0,0.0,0.0,0.0,0.0,0.0,0.0,1.0,,,Hawaii,,FornKy20,2001.0,29.625
7.0,220.0,IND,Rick DeMulling,G,24.0,2007.0,0.0,0.0,3.0,31.0,26.0,81.0,0.0,0.0,0.0,0.0,0.0,0.0,0.0,0.0,0.0,0.0,0.0,,,,Idaho,,DeMuRi20,2001.0,23.411764705882355
7.0,221.0,NOR,Ennis Davis,DT,,,0.0,0.0,0.0,,,,,,,,,,,,,,,,,,USC,,-9999,2001.0,
7.0,222.0,SEA,Dennis Norman,C,21.0,2009.0,0.0,0.0,1.0,17.0,0.0,74.0,0.0,0.0,0.0,0.0,0.0,0.0,0.0,0.0,0.0,0.0,0.0,,,,Princeton,,NormDe20,2001.0,10.5
7.0,223.0,TAM,Than Merrill,DB,23.0,2001.0,0.0,0.0,0.0,1.0,,15.0,0.0,0.0,0.0,0.0,0.0,0.0,0.0,0.0,0.0,0.0,0.0,7.0,,,Yale,,MerrTh20,2001.0,-3.7857142857142856
7.0,224.0,SFO,Eric Johnson,TE,21.0,2007.0,0.0,0.0,5.0,19.0,17.0,71.0,0.0,0.0,0.0,0.0,0.0,0.0,0.0,0.0,240.0,2178.0,9.0,,,,Yale,,JohnEr00,2001.0,3.0
7.0,225.0,MIN,Brian Crawford,T,,,0.0,0.0,0.0,,,,,,,,,,,,,,,,,,Western Oregon,,-9999,2001.0,
7.0,226.0,ATL,Ronald Flemons,DE,21.0,2004.0,0.0,0.0,0.0,0.0,0.0,6.0,0.0,0.0,0.0,0.0,0.0,0.0,0.0,0.0,0.0,0.0,0.0,1.0,,0.5,Texas A&M,,FlemRo20,2001.0,-7.176470588235294
7.0,227.0,CAR,Mike Roberg,TE,23.0,2002.0,0.0,0.0,0.0,0.0,,13.0,0.0,0.0,0.0,0.0,0.0,0.0,0.0,0.0,2.0,17.0,1.0,1.0,,,Idaho,College Stats,RobeMi00,2001.0,-5.1875
7.0,228.0,OAK,Derek Combs,DB,22.0,2003.0,0.0,0.0,0.0,1.0,0.0,12.0,0.0,0.0,0.0,0.0,0.0,0.0,0.0,0.0,0.0,0.0,0.0,8.0,,,Ohio St.,College Stats,CombDe20,2001.0,-4.333333333333333
7.0,229.0,OAK,Ken-Yon Rambo,WR,22.0,2002.0,0.0,0.0,0.0,1.0,,29.0,0.0,0.0,0.0,0.0,0.0,0.0,0.0,0.0,17.0,239.0,0.0,2.0,,,Ohio St.,College Stats,RambKe00,2001.0,-5.055555555555555
7.0,230.0,NYG,Ross Kolodziej,DT,23.0,2007.0,0.0,0.0,1.0,12.0,1.0,54.0,0.0,0.0,0.0,0.0,0.0,0.0,0.0,0.0,0.0,0.0,0.0,45.0,,4.0,Wisconsin,College Stats,KoloRo20,2001.0,2.8888888888888893
7.0,231.0,BAL,Dwayne Missouri,DE,22.0,2001.0,0.0,0.0,0.0,0.0,,2.0,0.0,0.0,0.0,0.0,0.0,0.0,0.0,0.0,0.0,0.0,0.0,,,,Northwestern,College Stats,MissDw20,2001.0,-3.125
7.0,232.0,TEN,Keith Adams,LB,21.0,2007.0,0.0,0.0,1.0,14.0,,85.0,0.0,0.0,0.0,0.0,0.0,0.0,0.0,0.0,0.0,0.0,0.0,147.0,,,Clemson,College Stats,AdamKe20,2001.0,7.1875
7.0,233.0,JAX,Marlon McCree,DB,24.0,2008.0,0.0,0.0,7.0,35.0,13.0,114.0,0.0,0.0,0.0,0.0,0.0,0.0,0.0,0.0,0.0,0.0,0.0,349.0,16.0,3.0,Kentucky,College Stats,McCrMa20,2001.0,18.0
7.0,234.0,TAM,Joe Tafoya,DE,23.0,2007.0,0.0,0.0,0.0,10.0,,76.0,0.0,0.0,0.0,0.0,0.0,0.0,0.0,0.0,0.0,0.0,0.0,83.0,,3.5,Arizona,,TafoJo20,2001.0,4.222222222222222
7.0,235.0,JAX,Richmond Flowers III,WR,,,0.0,0.0,0.0,,,,,,,,,,,,,,,,,,Chattanooga,,-9999,2001.0,
7.0,236.0,ATL,Quentin McCord,WR,23.0,2003.0,0.0,0.0,0.0,5.0,5.0,25.0,0.0,0.0,0.0,0.0,0.0,4.0,13.0,0.0,23.0,427.0,1.0,4.0,,,Kentucky,College Stats,McCoQu00,2001.0,2.1176470588235294
7.0,237.0,SEA,Kris Kocurek,DT,22.0,2001.0,0.0,0.0,0.0,0.0,,1.0,0.0,0.0,0.0,0.0,0.0,0.0,0.0,0.0,0.0,0.0,0.0,,,,Texas Tech,,KocuKr20,2001.0,-2.6842105263157894
7.0,238.0,BUF,Tyrone Robertson,DT,22.0,2001.0,0.0,0.0,0.0,1.0,1.0,12.0,0.0,0.0,0.0,0.0,0.0,0.0,0.0,0.0,0.0,0.0,0.0,19.0,,2.0,Hinds CC,,RobeTy20,2001.0,-7.153846153846153
7.0,239.0,NWE,T.J. Turner,LB,22.0,2001.0,0.0,0.0,0.0,0.0,0.0,2.0,0.0,0.0,0.0,0.0,0.0,0.0,0.0,0.0,0.0,0.0,0.0,1.0,,,Michigan St.,,TurnT.21,2001.0,-10.588235294117647
7.0,240.0,DAL,John Nix,DT,24.0,2004.0,0.0,0.0,0.0,2.0,2.0,31.0,0.0,0.0,0.0,0.0,0.0,0.0,0.0,0.0,0.0,0.0,0.0,17.0,,,Southern Miss,,NixxJo20,2001.0,-4.333333333333333
7.0,241.0,JAX,Randy Chevrier,DT,25.0,2001.0,0.0,0.0,0.0,0.0,,13.0,0.0,0.0,0.0,0.0,0.0,0.0,0.0,0.0,0.0,0.0,0.0,1.0,,,McGill,,ChevRa20,2001.0,-4.785714285714286
7.0,242.0,DAL,Char-ron Dorsey,T,23.0,2002.0,0.0,0.0,0.0,1.0,1.0,12.0,0.0,0.0,0.0,0.0,0.0,0.0,0.0,0.0,0.0,0.0,0.0,,,,Florida St.,,DorsCh20,2001.0,-8.38888888888889
7.0,243.0,KAN,Terdell Sands,DT,21.0,2009.0,0.0,0.0,1.0,11.0,,77.0,0.0,0.0,0.0,0.0,0.0,0.0,0.0,0.0,0.0,0.0,0.0,96.0,1.0,4.0,Chattanooga,,SandTe20,2001.0,5.2
7.0,244.0,SDG,Robert Carswell,DB,22.0,2002.0,0.0,0.0,0.0,1.0,1.0,18.0,0.0,0.0,0.0,0.0,0.0,0.0,0.0,0.0,0.0,0.0,0.0,14.0,,,Clemson,College Stats,CarsRo20,2001.0,-12.3125
7.0,245.0,CLE,Andre King,WR,27.0,2004.0,0.0,0.0,0.0,2.0,2.0,42.0,0.0,0.0,0.0,0.0,0.0,0.0,0.0,0.0,30.0,327.0,0.0,4.0,,,Miami (FL),College Stats,KingAn00,2001.0,-4.333333333333333
7.0,246.0,ARI,Tevita Ofahengaue,TE,,,0.0,0.0,0.0,,,,,,,,,,,,,,,,,,BYU,College Stats,-9999,2001.0,
1.0,1.0,HOU,David Carr,QB,23.0,2012.0,0.0,0.0,5.0,45.0,42.0,94.0,1353.0,2267.0,14452.0,65.0,71.0,305.0,1328.0,9.0,0.0,0.0,0.0,,,,Fresno St.,College Stats,CarrDa00,2002.0,-31.42857142857143
1.0,2.0,CAR,Julius Peppers HOF,DE,22.0,2018.0,3.0,9.0,16.0,130.0,75.0,266.0,0.0,0.0,0.0,0.0,0.0,0.0,0.0,0.0,0.0,0.0,0.0,557.0,11.0,159.5,North Carolina,College Stats,PeppJu99,2002.0,76.52380952380952
1.0,3.0,DET,Joey Harrington,QB,23.0,2007.0,0.0,0.0,6.0,31.0,23.0,81.0,1424.0,2538.0,14693.0,79.0,85.0,142.0,402.0,0.0,3.0,8.0,0.0,,,,Oregon,College Stats,HarrJo00,2002.0,-21.285714285714285
1.0,4.0,BUF,Mike Williams,T,22.0,2009.0,0.0,0.0,4.0,24.0,21.0,59.0,0.0,0.0,0.0,0.0,0.0,0.0,0.0,0.0,0.0,0.0,0.0,,,,Texas,College Stats,WillMi22,2002.0,-29.904761904761905
1.0,5.0,SDG,Quentin Jammer,DB,23.0,2013.0,0.0,0.0,10.0,52.0,51.0,183.0,0.0,0.0,0.0,0.0,0.0,0.0,0.0,0.0,0.0,0.0,0.0,631.0,21.0,,Texas,College Stats,JammQu20,2002.0,-3.4761904761904745
1.0,6.0,KAN,Ryan Sims,DT,22.0,2010.0,0.0,0.0,3.0,22.0,14.0,105.0,0.0,0.0,0.0,0.0,0.0,0.0,0.0,0.0,0.0,0.0,0.0,115.0,1.0,8.5,North Carolina,,SimsRy20,2002.0,-28.80952380952381
1.0,7.0,MIN,Bryant McKinnie,T,22.0,2013.0,0.0,1.0,11.0,64.0,52.0,179.0,0.0,0.0,0.0,0.0,0.0,0.0,0.0,0.0,0.0,0.0,0.0,,,,Miami (FL),College Stats,McKiBr21,2002.0,15.952380952380949
1.0,8.0,DAL,Roy Williams,DB,22.0,2010.0,1.0,5.0,7.0,59.0,54.0,114.0,0.0,0.0,0.0,0.0,0.0,0.0,0.0,0.0,0.0,0.0,0.0,473.0,20.0,7.5,Oklahoma,College Stats,WillRo03,2002.0,15.61904761904762
1.0,9.0,JAX,John Henderson,DT,23.0,2011.0,0.0,2.0,8.0,64.0,62.0,146.0,0.0,0.0,0.0,0.0,0.0,0.0,0.0,0.0,0.0,0.0,0.0,382.0,,29.0,Tennessee,College Stats,HendJo99,2002.0,15.76190476190476
1.0,10.0,CIN,Levi Jones,T,23.0,2009.0,0.0,0.0,7.0,42.0,39.0,103.0,0.0,0.0,0.0,0.0,0.0,0.0,0.0,0.0,0.0,0.0,0.0,,,,Arizona St.,,JoneLe23,2002.0,2.6190476190476204
1.0,11.0,IND,Dwight Freeney HOF,DE,22.0,2017.0,3.0,7.0,11.0,81.0,77.0,218.0,0.0,0.0,0.0,0.0,0.0,0.0,0.0,0.0,0.0,0.0,0.0,299.0,,125.5,Syracuse,College Stats,FreeDw00,2002.0,28.04761904761905
1.0,12.0,ARI,Wendell Bryant,DT,21.0,2004.0,0.0,0.0,0.0,4.0,4.0,29.0,0.0,0.0,0.0,0.0,0.0,0.0,0.0,0.0,0.0,0.0,0.0,33.0,,1.5,Wisconsin,,BryaWe20,2002.0,-41.38095238095238
1.0,13.0,NOR,Donte' Stallworth,WR,21.0,2012.0,0.0,0.0,4.0,39.0,22.0,115.0,0.0,0.0,0.0,0.0,0.0,20.0,98.0,0.0,321.0,4837.0,35.0,2.0,,,Tennessee,College Stats,StalDo00,2002.0,-14.142857142857146
1.0,14.0,NYG,Jeremy Shockey,TE,22.0,2011.0,1.0,4.0,10.0,48.0,35.0,136.0,0.0,0.0,0.0,0.0,0.0,1.0,6.0,0.0,547.0,6143.0,37.0,,,,Miami (FL),College Stats,ShocJe00,2002.0,2.80952380952381
1.0,15.0,TEN,Albert Haynesworth,DT,21.0,2011.0,2.0,2.0,7.0,55.0,48.0,123.0,0.0,0.0,0.0,0.0,0.0,0.0,0.0,0.0,0.0,0.0,0.0,262.0,,30.5,Tennessee,,HaynAl20,2002.0,17.23809523809524
1.0,16.0,CLE,William Green,RB,22.0,2005.0,0.0,0.0,3.0,14.0,14.0,46.0,0.0,0.0,0.0,0.0,0.0,568.0,2109.0,9.0,45.0,277.0,0.0,1.0,,,Boston Col.,College Stats,GreeWi01,2002.0,-28.333333333333336
1.0,17.0,OAK,Phillip Buchanon,DB,21.0,2011.0,0.0,0.0,5.0,34.0,15.0,122.0,0.0,0.0,0.0,0.0,0.0,0.0,0.0,0.0,0.0,0.0,0.0,350.0,20.0,1.0,Miami (FL),College Stats,BuchPh20,2002.0,-11.38095238095238
1.0,18.0,ATL,T.J. Duckett,RB,21.0,2008.0,0.0,0.0,1.0,22.0,18.0,93.0,0.0,1.0,0.0,0.0,0.0,717.0,2814.0,44.0,35.0,303.0,0.0,,,,Michigan St.,College Stats,DuckT.00,2002.0,-21.523809523809526
1.0,19.0,DEN,Ashley Lelie,WR,22.0,2008.0,0.0,0.0,4.0,35.0,30.0,107.0,0.0,0.0,0.0,0.0,0.0,20.0,172.0,0.0,217.0,3749.0,15.0,,,,Hawaii,College Stats,LeliAs00,2002.0,-1.1904761904761898
1.0,20.0,GNB,Javon Walker,WR,23.0,2009.0,0.0,1.0,3.0,40.0,25.0,83.0,0.0,0.0,0.0,0.0,0.0,14.0,132.0,1.0,267.0,4011.0,31.0,1.0,,,Florida St.,College Stats,WalkJa00,2002.0,2.3809523809523796
1.0,21.0,NWE,Daniel Graham,TE,23.0,2012.0,0.0,0.0,7.0,19.0,13.0,148.0,0.0,0.0,0.0,0.0,0.0,0.0,0.0,0.0,224.0,2490.0,25.0,6.0,,,Colorado,College Stats,GrahDa00,2002.0,-16.333333333333336
1.0,22.0,NYJ,Bryan Thomas,DE,23.0,2012.0,0.0,0.0,7.0,49.0,49.0,157.0,0.0,0.0,0.0,0.0,0.0,0.0,0.0,0.0,0.0,0.0,0.0,329.0,,33.5,Ala-Birmingham,College Stats,ThomBr21,2002.0,18.142857142857142
1.0,23.0,OAK,Napoleon Harris,LB,23.0,2008.0,0.0,0.0,6.0,33.0,14.0,100.0,0.0,0.0,0.0,0.0,0.0,0.0,0.0,0.0,0.0,0.0,0.0,349.0,4.0,8.5,Northwestern,College Stats,HarrNa20,2002.0,2.0
1.0,24.0,BAL,Ed Reed HOF,DB,23.0,2013.0,5.0,9.0,11.0,102.0,100.0,174.0,0.0,0.0,0.0,0.0,0.0,0.0,0.0,0.0,0.0,0.0,0.0,534.0,64.0,6.0,Miami (FL),College Stats,ReedEd00,2002.0,50.095238095238095
1.0,25.0,NOR,Charles Grant,DE,24.0,2009.0,0.0,0.0,7.0,46.0,46.0,118.0,0.0,0.0,0.0,0.0,0.0,0.0,0.0,0.0,0.0,0.0,0.0,335.0,1.0,47.0,Georgia,College Stats,GranCh21,2002.0,10.714285714285715
1.0,26.0,PHI,Lito Sheppard,DB,21.0,2011.0,1.0,2.0,7.0,48.0,42.0,126.0,0.0,0.0,0.0,0.0,0.0,0.0,0.0,0.0,0.0,0.0,0.0,306.0,19.0,3.0,Florida,College Stats,ShepLi99,2002.0,19.523809523809526
1.0,27.0,SFO,Mike Rumph,DB,22.0,2006.0,0.0,0.0,1.0,8.0,8.0,43.0,0.0,0.0,0.0,0.0,0.0,0.0,0.0,0.0,0.0,0.0,0.0,124.0,3.0,2.0,Miami (FL),College Stats,RumpMi20,2002.0,-34.285714285714285
1.0,28.0,SEA,Jerramy Stevens,TE,22.0,2010.0,0.0,0.0,2.0,18.0,13.0,121.0,0.0,0.0,0.0,0.0,0.0,0.0,0.0,0.0,202.0,2217.0,22.0,1.0,,,Washington,College Stats,StevJe00,2002.0,-13.428571428571427
1.0,29.0,CHI,Marc Colombo,T,23.0,2011.0,0.0,0.0,6.0,42.0,2.0,111.0,0.0,0.0,0.0,0.0,0.0,0.0,0.0,0.0,0.0,0.0,0.0,,,,Boston Col.,,ColoMa20,2002.0,12.142857142857142
1.0,30.0,PIT,Kendall Simmons,G,23.0,2009.0,0.0,0.0,5.0,35.0,34.0,84.0,0.0,0.0,0.0,0.0,0.0,0.0,0.0,0.0,0.0,0.0,0.0,,,,Auburn,,SimmKe20,2002.0,-0.1904761904761898
1.0,31.0,STL,Robert Thomas,LB,22.0,2008.0,0.0,0.0,5.0,21.0,13.0,84.0,0.0,0.0,0.0,0.0,0.0,0.0,0.0,0.0,0.0,0.0,0.0,246.0,1.0,2.0,UCLA,College Stats,ThomRo20,2002.0,-13.523809523809526
1.0,32.0,WAS,Patrick Ramsey,QB,23.0,2008.0,0.0,0.0,1.0,14.0,13.0,37.0,511.0,913.0,5930.0,35.0,30.0,47.0,89.0,2.0,0.0,0.0,0.0,,,,Tulane,College Stats,RamsPa00,2002.0,-27.904761904761905
2.0,33.0,HOU,Jabar Gaffney,WR,21.0,2012.0,0.0,0.0,6.0,42.0,14.0,158.0,1.0,5.0,39.0,1.0,0.0,9.0,56.0,0.0,447.0,5690.0,24.0,,,,Florida,College Stats,GaffJa00,2002.0,7.761904761904759
2.0,34.0,CAR,DeShaun Foster,RB,22.0,2008.0,0.0,0.0,3.0,32.0,30.0,79.0,0.0,1.0,0.0,0.0,0.0,927.0,3570.0,11.0,142.0,1129.0,5.0,1.0,,,UCLA,College Stats,FostDe00,2002.0,-5.5238095238095255
2.0,35.0,DET,Kalimba Edwards,DE,22.0,2008.0,0.0,0.0,2.0,20.0,15.0,101.0,0.0,0.0,0.0,0.0,0.0,0.0,0.0,0.0,0.0,0.0,0.0,167.0,,31.0,South Carolina,College Stats,EdwaKa20,2002.0,-19.04761904761905
2.0,36.0,BUF,Josh Reed,WR,22.0,2009.0,0.0,0.0,3.0,27.0,27.0,115.0,0.0,0.0,0.0,0.0,0.0,14.0,57.0,0.0,311.0,3575.0,10.0,3.0,,,LSU,College Stats,ReedJo01,2002.0,-13.57142857142857
2.0,37.0,DAL,Andre Gurode,G,24.0,2013.0,0.0,5.0,8.0,65.0,62.0,161.0,0.0,0.0,0.0,0.0,0.0,0.0,0.0,0.0,0.0,0.0,0.0,,,,Colorado,College Stats,GuroAn20,2002.0,29.57142857142857
2.0,38.0,MIN,Raonall Smith,LB,23.0,2007.0,0.0,0.0,0.0,6.0,5.0,50.0,0.0,0.0,0.0,0.0,0.0,0.0,0.0,0.0,0.0,0.0,0.0,77.0,1.0,2.5,Washington St.,College Stats,SmitRa20,2002.0,-18.857142857142858
2.0,39.0,SDG,Toniu Fonoti,G,20.0,2006.0,0.0,0.0,2.0,17.0,17.0,40.0,0.0,0.0,0.0,0.0,0.0,0.0,0.0,0.0,0.0,0.0,0.0,,,,Nebraska,,FonoTo20,2002.0,-15.714285714285715
2.0,40.0,JAX,Mike Pearson,T,22.0,2005.0,0.0,0.0,2.0,17.0,17.0,40.0,0.0,0.0,0.0,0.0,0.0,0.0,0.0,0.0,0.0,0.0,0.0,,,,Florida,College Stats,PearMi20,2002.0,-6.428571428571427
2.0,41.0,CIN,Lamont Thompson,DB,24.0,2007.0,0.0,0.0,3.0,17.0,1.0,83.0,0.0,0.0,0.0,0.0,0.0,0.0,0.0,0.0,0.0,0.0,0.0,207.0,9.0,1.0,Washington St.,College Stats,ThomLa21,2002.0,-11.714285714285715
2.0,42.0,IND,Larry Tripplett,DT,23.0,2007.0,0.0,0.0,4.0,27.0,14.0,92.0,0.0,0.0,0.0,0.0,0.0,0.0,0.0,0.0,0.0,0.0,0.0,147.0,1.0,8.5,Washington,,TripLa20,2002.0,-1.6190476190476204
2.0,43.0,KAN,Eddie Freeman,DE,24.0,2003.0,0.0,0.0,0.0,1.0,1.0,20.0,0.0,0.0,0.0,0.0,0.0,0.0,0.0,0.0,0.0,0.0,0.0,15.0,,4.0,Ala-Birmingham,,FreeEd20,2002.0,-22.095238095238095
2.0,44.0,NOR,LeCharles Bentley,G,22.0,2005.0,0.0,2.0,4.0,29.0,29.0,57.0,0.0,0.0,0.0,0.0,0.0,0.0,0.0,0.0,0.0,0.0,0.0,,,,Ohio St.,College Stats,BentLe00,2002.0,1.0
2.0,45.0,TEN,Tank Williams,DB,22.0,2007.0,0.0,0.0,4.0,20.0,19.0,70.0,0.0,0.0,0.0,0.0,0.0,0.0,0.0,0.0,0.0,0.0,0.0,212.0,5.0,3.5,Stanford,College Stats,WillTa20,2002.0,-6.80952380952381
2.0,46.0,NYG,Tim Carter,WR,22.0,2009.0,0.0,0.0,0.0,10.0,9.0,71.0,0.0,0.0,0.0,0.0,0.0,11.0,97.0,0.0,81.0,1090.0,4.0,1.0,,,Auburn,College Stats,CartTi00,2002.0,-18.61904761904762
2.0,47.0,CLE,Andre' Davis,WR,23.0,2009.0,0.0,0.0,1.0,25.0,12.0,104.0,0.0,0.0,0.0,0.0,0.0,9.0,32.0,0.0,156.0,2470.0,17.0,27.0,,,Virginia Tech,College Stats,DaviAn01,2002.0,-8.047619047619051
2.0,48.0,SDG,Reche Caldwell,WR,23.0,2007.0,0.0,0.0,1.0,20.0,11.0,71.0,1.0,1.0,20.0,0.0,0.0,14.0,108.0,0.0,152.0,1851.0,11.0,3.0,,,Florida,College Stats,CaldRe00,2002.0,-8.80952380952381
2.0,49.0,ARI,Levar Fisher,LB,23.0,2003.0,0.0,0.0,1.0,6.0,6.0,23.0,0.0,0.0,0.0,0.0,0.0,0.0,0.0,0.0,0.0,0.0,0.0,71.0,,1.0,North Carolina St.,College Stats,FishLe20,2002.0,-17.6
2.0,50.0,HOU,Chester Pitts,T,23.0,2010.0,0.0,0.0,7.0,43.0,42.0,121.0,0.0,0.0,0.0,0.0,0.0,0.0,0.0,0.0,0.0,0.0,0.0,1.0,,,San Diego St.,,PittCh20,2002.0,14.285714285714285
2.0,51.0,DEN,Clinton Portis,RB,21.0,2010.0,0.0,2.0,7.0,72.0,30.0,113.0,3.0,6.0,47.0,3.0,0.0,2230.0,9923.0,75.0,247.0,2018.0,5.0,,,,Miami (FL),College Stats,PortCl00,2002.0,46.15789473684211
2.0,52.0,BAL,Anthony Weaver,DE,22.0,2008.0,0.0,0.0,6.0,41.0,28.0,103.0,0.0,0.0,0.0,0.0,0.0,0.0,0.0,0.0,0.0,0.0,0.0,208.0,3.0,15.5,Notre Dame,College Stats,WeavAn20,2002.0,17.333333333333332
2.0,53.0,OAK,Langston Walker,T,23.0,2010.0,0.0,0.0,4.0,31.0,19.0,120.0,0.0,0.0,0.0,0.0,0.0,0.0,0.0,0.0,0.0,0.0,0.0,,,,California,,WalkLa20,2002.0,4.857142857142858
2.0,54.0,SEA,Maurice Morris,RB,22.0,2011.0,0.0,0.0,1.0,27.0,18.0,145.0,0.0,0.0,0.0,0.0,0.0,867.0,3648.0,13.0,151.0,1163.0,5.0,20.0,,,Oregon,College Stats,MorrMa00,2002.0,4.095238095238095
2.0,55.0,OAK,Doug Jolley,TE,23.0,2006.0,0.0,0.0,2.0,11.0,9.0,74.0,0.0,0.0,0.0,0.0,0.0,0.0,0.0,0.0,120.0,1303.0,6.0,,,,BYU,College Stats,JollDo00,2002.0,-22.04761904761905
2.0,56.0,WAS,Ladell Betts,RB,23.0,2010.0,0.0,0.0,1.0,31.0,30.0,111.0,0.0,0.0,0.0,0.0,0.0,821.0,3326.0,15.0,188.0,1646.0,3.0,9.0,,,Iowa,College Stats,BettLa00,2002.0,10.421052631578949
2.0,57.0,NYJ,Jon McGraw,DB,23.0,2011.0,0.0,0.0,2.0,18.0,4.0,122.0,0.0,0.0,0.0,0.0,0.0,2.0,8.0,0.0,0.0,0.0,0.0,283.0,10.0,2.0,Kansas St.,College Stats,McGrJo21,2002.0,-4.80952380952381
2.0,58.0,PHI,Michael Lewis,DB,22.0,2010.0,0.0,1.0,6.0,43.0,27.0,128.0,0.0,0.0,0.0,0.0,0.0,0.0,0.0,0.0,0.0,0.0,0.0,490.0,12.0,11.5,Colorado,College Stats,LewiMi99,2002.0,18.476190476190474
2.0,59.0,PHI,Sheldon Brown,DB,23.0,2012.0,0.0,0.0,9.0,55.0,39.0,175.0,0.0,0.0,0.0,0.0,0.0,0.0,0.0,0.0,0.0,0.0,0.0,497.0,26.0,8.0,South Carolina,College Stats,BrowSh20,2002.0,33.095238095238095
2.0,60.0,SEA,Anton Palepoi,DE,24.0,2005.0,0.0,0.0,0.0,4.0,2.0,35.0,0.0,0.0,0.0,0.0,0.0,0.0,0.0,0.0,0.0,0.0,0.0,32.0,,4.0,UNLV,,PaleAn20,2002.0,-21.095238095238095
2.0,61.0,BUF,Ryan Denney,DE,25.0,2010.0,0.0,0.0,2.0,23.0,23.0,113.0,0.0,0.0,0.0,0.0,0.0,0.0,0.0,0.0,2.0,44.0,2.0,191.0,,23.5,BYU,College Stats,DennRy20,2002.0,-5.857142857142858
2.0,62.0,PIT,Antwaan Randle El,WR,23.0,2010.0,0.0,0.0,4.0,43.0,28.0,143.0,22.0,27.0,323.0,6.0,0.0,79.0,438.0,0.0,370.0,4467.0,15.0,4.0,,,Indiana,College Stats,RandAn00,2002.0,17.25
2.0,63.0,DAL,Antonio Bryant,WR,21.0,2009.0,0.0,0.0,6.0,38.0,8.0,106.0,0.0,0.0,0.0,0.0,0.0,11.0,65.0,0.0,372.0,5685.0,30.0,,,,Pittsburgh,College Stats,BryaAn00,2002.0,7.100000000000001
2.0,64.0,STL,Travis Fisher,DB,22.0,2009.0,0.0,0.0,6.0,25.0,19.0,90.0,0.0,0.0,0.0,0.0,0.0,0.0,0.0,0.0,0.0,0.0,0.0,301.0,9.0,,Central Florida,College Stats,FishTr20,2002.0,-4.904761904761905
2.0,65.0,NWE,Deion Branch,WR,23.0,2012.0,0.0,0.0,7.0,52.0,39.0,140.0,0.0,0.0,0.0,0.0,0.0,8.0,33.0,0.0,518.0,6644.0,39.0,,,,Louisville,College Stats,BranDe00,2002.0,26.1
3.0,66.0,HOU,Fred Weary,G,24.0,2007.0,0.0,0.0,3.0,18.0,18.0,63.0,0.0,0.0,0.0,0.0,0.0,0.0,0.0,0.0,0.0,0.0,0.0,,,,Tennessee,,WearFr21,2002.0,-7.4761904761904745
3.0,67.0,CIN,Matt Schobel,TE,23.0,2008.0,0.0,0.0,1.0,11.0,8.0,99.0,0.0,0.0,0.0,0.0,0.0,0.0,0.0,0.0,117.0,1270.0,12.0,4.0,,,TCU,College Stats,SchoMa00,2002.0,-7.949999999999999
3.0,68.0,DET,Andre' Goodman,DB,24.0,2011.0,0.0,0.0,5.0,34.0,7.0,127.0,0.0,0.0,0.0,0.0,0.0,0.0,0.0,0.0,0.0,0.0,0.0,288.0,19.0,1.0,South Carolina,College Stats,GoodAn20,2002.0,17.523809523809526
3.0,69.0,SFO,Saleem Rasheed,LB,21.0,2005.0,0.0,0.0,0.0,5.0,5.0,45.0,0.0,0.0,0.0,0.0,0.0,0.0,0.0,0.0,0.0,0.0,0.0,41.0,,1.0,Alabama,,RashSa20,2002.0,-21.571428571428573
3.0,70.0,MIN,Willie Offord,DB,23.0,2005.0,0.0,0.0,0.0,5.0,5.0,47.0,0.0,0.0,0.0,0.0,0.0,0.0,0.0,0.0,0.0,0.0,0.0,59.0,2.0,,South Carolina,College Stats,OffoWi20,2002.0,-17.904761904761905
3.0,71.0,SDG,Ben Leber,LB,23.0,2011.0,0.0,0.0,8.0,46.0,17.0,143.0,0.0,0.0,0.0,0.0,0.0,0.0,0.0,0.0,0.0,0.0,0.0,398.0,5.0,24.0,Kansas St.,College Stats,LebeBe20,2002.0,18.142857142857142
3.0,72.0,CHI,Roosevelt Williams,DB,23.0,2003.0,0.0,0.0,0.0,4.0,2.0,20.0,0.0,0.0,0.0,0.0,0.0,0.0,0.0,0.0,0.0,0.0,0.0,27.0,,,Tuskegee,,WillRo26,2002.0,-14.600000000000001
3.0,73.0,CAR,Will Witherspoon,LB,22.0,2013.0,0.0,0.0,8.0,59.0,26.0,189.0,0.0,0.0,0.0,0.0,0.0,0.0,0.0,0.0,0.0,0.0,0.0,755.0,14.0,26.0,Georgia,,WithWi20,2002.0,34.476190476190474
3.0,74.0,IND,Joe Jefferson,DB,22.0,2005.0,0.0,0.0,0.0,3.0,3.0,27.0,0.0,0.0,0.0,0.0,0.0,0.0,0.0,0.0,0.0,0.0,0.0,40.0,1.0,,Western Kentucky,,JeffJo20,2002.0,-15.428571428571427
3.0,75.0,DAL,Derek Ross,DB,22.0,2004.0,0.0,0.0,1.0,6.0,6.0,33.0,0.0,0.0,0.0,0.0,0.0,0.0,0.0,0.0,0.0,0.0,0.0,75.0,6.0,,Ohio St.,College Stats,RossDe20,2002.0,-17.45
3.0,76.0,CLE,Melvin Fowler,C,23.0,2008.0,0.0,0.0,4.0,25.0,6.0,87.0,0.0,0.0,0.0,0.0,0.0,0.0,0.0,0.0,0.0,0.0,0.0,,,,Maryland,,FowlMe20,2002.0,3.6499999999999986
3.0,77.0,TEN,Rocky Calmus,LB,23.0,2004.0,0.0,0.0,1.0,8.0,8.0,27.0,0.0,0.0,0.0,0.0,0.0,0.0,0.0,0.0,0.0,0.0,0.0,68.0,2.0,1.0,Oklahoma,College Stats,CalmRo20,2002.0,-10.952380952380953
3.0,78.0,NYG,Jeff Hatch,T,22.0,2003.0,0.0,0.0,0.0,2.0,2.0,4.0,0.0,0.0,0.0,0.0,0.0,0.0,0.0,0.0,0.0,0.0,0.0,,,,Pennsylvania,,HatcJe20,2002.0,-23.857142857142858
3.0,79.0,WAS,Rashad Bauman,DB,23.0,2005.0,0.0,0.0,0.0,3.0,2.0,43.0,0.0,0.0,0.0,0.0,0.0,0.0,0.0,0.0,0.0,0.0,0.0,50.0,2.0,,Oregon,College Stats,BaumRa20,2002.0,-13.7
3.0,80.0,ATL,Will Overstreet,LB,22.0,2003.0,0.0,0.0,0.0,1.0,1.0,6.0,0.0,0.0,0.0,0.0,0.0,0.0,0.0,0.0,0.0,0.0,0.0,7.0,,,Tennessee,College Stats,OverWi20,2002.0,-10.238095238095237
3.0,81.0,ARI,Josh McCown,QB,23.0,2019.0,0.0,0.0,5.0,40.0,13.0,102.0,1584.0,2633.0,17731.0,98.0,82.0,248.0,1106.0,13.0,3.0,10.0,0.0,,,,Sam Houston St.,College Stats,McCoJo01,2002.0,15.0
3.0,82.0,NOR,James Allen,LB,22.0,2005.0,0.0,0.0,1.0,9.0,9.0,48.0,0.0,0.0,0.0,0.0,0.0,0.0,0.0,0.0,0.0,0.0,0.0,74.0,1.0,,Oregon St.,,AlleJa21,2002.0,-4.449999999999999
3.0,83.0,HOU,Charles Hill,DT,21.0,2002.0,0.0,0.0,0.0,1.0,1.0,16.0,0.0,0.0,0.0,0.0,0.0,0.0,0.0,0.0,0.0,0.0,0.0,1.0,,,Maryland,,HillCh20,2002.0,-22.761904761904763
3.0,84.0,STL,Lamar Gordon,RB,22.0,2006.0,0.0,0.0,0.0,9.0,6.0,41.0,0.0,0.0,0.0,0.0,0.0,226.0,774.0,3.0,62.0,490.0,2.0,1.0,,,North Dakota St.,,GordLa00,2002.0,-16.428571428571427
3.0,85.0,SEA,Kris Richard,DB,23.0,2005.0,0.0,0.0,0.0,2.0,2.0,39.0,0.0,0.0,0.0,0.0,0.0,0.0,0.0,0.0,0.0,0.0,0.0,47.0,,1.0,USC,College Stats,RichKr20,2002.0,-10.0
3.0,86.0,TAM,Marquis Walker,WR,,,0.0,0.0,0.0,,,,,,,,,,,,,,,,,,Michigan,College Stats,-9999,2002.0,
3.0,87.0,WAS,Cliff Russell,WR,23.0,2008.0,0.0,0.0,0.0,0.0,0.0,23.0,0.0,0.0,0.0,0.0,0.0,3.0,15.0,0.0,5.0,45.0,0.0,2.0,,,Utah,College Stats,RussCl00,2002.0,-11.476190476190476
3.0,88.0,NYJ,Chris Baker,TE,22.0,2010.0,0.0,0.0,5.0,13.0,12.0,131.0,0.0,0.0,0.0,0.0,0.0,0.0,0.0,0.0,168.0,1763.0,15.0,2.0,,,Michigan St.,College Stats,BakeCh00,2002.0,-7.19047619047619
3.0,89.0,JAX,Akin Ayodele,LB,22.0,2010.0,0.0,0.0,8.0,48.0,25.0,143.0,0.0,0.0,0.0,0.0,0.0,0.0,0.0,0.0,0.0,0.0,0.0,558.0,7.0,9.5,Purdue,College Stats,AyodAk20,2002.0,29.0
3.0,90.0,MIA,Seth McKinney,C,23.0,2009.0,0.0,0.0,3.0,21.0,15.0,93.0,0.0,0.0,0.0,0.0,0.0,0.0,0.0,0.0,0.0,0.0,0.0,,,,Texas A&M,,McKiSe20,2002.0,6.857142857142858
3.0,91.0,PHI,Brian Westbrook,RB,23.0,2010.0,1.0,2.0,7.0,69.0,68.0,121.0,1.0,2.0,25.0,1.0,0.0,1385.0,6335.0,41.0,442.0,3940.0,30.0,9.0,,,Villanova,,WestBr00,2002.0,43.3
3.0,92.0,GNB,Marques Anderson,DB,23.0,2005.0,0.0,0.0,2.0,14.0,11.0,54.0,0.0,0.0,0.0,0.0,0.0,0.0,0.0,0.0,0.0,0.0,0.0,155.0,6.0,,UCLA,College Stats,AndeMa22,2002.0,-10.8
3.0,93.0,CHI,Terrence Metcalf,G,24.0,2008.0,0.0,0.0,1.0,11.0,11.0,84.0,0.0,0.0,0.0,0.0,0.0,0.0,0.0,0.0,0.0,0.0,0.0,,,,Mississippi,College Stats,MetcTe20,2002.0,-1.1904761904761898
3.0,94.0,PIT,Chris Hope,DB,21.0,2012.0,0.0,1.0,7.0,46.0,15.0,163.0,0.0,0.0,0.0,0.0,0.0,0.0,0.0,0.0,1.0,81.0,1.0,563.0,20.0,4.0,Florida St.,College Stats,HopeCh21,2002.0,26.15
3.0,95.0,STL,Eric Crouch,WR,,,0.0,0.0,0.0,,,,,,,,,,,,,,,,,,Nebraska,College Stats,-9999,2002.0,
3.0,96.0,DEN,Dorsett Davis,DE,23.0,2003.0,0.0,0.0,0.0,1.0,1.0,14.0,0.0,0.0,0.0,0.0,0.0,0.0,0.0,0.0,0.0,0.0,0.0,11.0,,,Mississippi St.,,DaviDo23,2002.0,-12.619047619047619
3.0,97.0,BUF,Coy Wire,DB,23.0,2010.0,0.0,0.0,1.0,22.0,11.0,127.0,0.0,0.0,0.0,0.0,0.0,0.0,0.0,0.0,0.0,0.0,0.0,186.0,,5.0,Stanford,College Stats,WireCo20,2002.0,9.142857142857142
3.0,98.0,ARI,Dennis Johnson,DE,22.0,2004.0,0.0,0.0,1.0,5.0,5.0,29.0,0.0,0.0,0.0,0.0,0.0,0.0,0.0,0.0,0.0,0.0,0.0,42.0,,3.0,Kentucky,,JohnDe22,2002.0,-16.047619047619047
4.0,99.0,HOU,Jonathan Wells,RB,23.0,2005.0,0.0,0.0,1.0,11.0,11.0,60.0,0.0,0.0,0.0,0.0,0.0,374.0,1167.0,10.0,44.0,323.0,2.0,18.0,,,Ohio St.,College Stats,WellJo00,2002.0,-6.857142857142858
4.0,100.0,CAR,Dante Wesley,DB,23.0,2010.0,0.0,0.0,0.0,10.0,9.0,107.0,0.0,0.0,0.0,0.0,0.0,0.0,0.0,0.0,0.0,0.0,0.0,95.0,,2.0,Ark-Pine Bluff,,WeslDa20,2002.0,-9.399999999999999
4.0,101.0,CLE,Kevin Bentley,LB,22.0,2011.0,0.0,0.0,2.0,23.0,11.0,136.0,0.0,0.0,0.0,0.0,0.0,0.0,0.0,0.0,0.0,0.0,0.0,280.0,2.0,1.0,Northwestern,College Stats,BentKe20,2002.0,10.8
4.0,102.0,SFO,Jeff Chandler,K,23.0,2004.0,0.0,0.0,0.0,1.0,1.0,13.0,0.0,0.0,0.0,0.0,0.0,0.0,0.0,0.0,0.0,0.0,0.0,1.0,,,Florida,College Stats,chandjef01,2002.0,-19.428571428571427
4.0,103.0,SDG,Justin Peelle,TE,23.0,2011.0,0.0,0.0,4.0,8.0,2.0,151.0,0.0,0.0,0.0,0.0,0.0,0.0,0.0,0.0,123.0,1003.0,12.0,22.0,,,Oregon,College Stats,PeelJu00,2002.0,-8.61904761904762
4.0,104.0,CHI,Alex Brown,DE,23.0,2010.0,0.0,0.0,8.0,59.0,54.0,143.0,0.0,0.0,0.0,0.0,0.0,0.0,0.0,0.0,0.0,0.0,0.0,346.0,5.0,45.5,Florida,College Stats,BrowAl20,2002.0,44.5
4.0,105.0,MIN,Brian Williams,DB,23.0,2011.0,0.0,0.0,7.0,34.0,15.0,132.0,0.0,0.0,0.0,0.0,0.0,0.0,0.0,0.0,0.0,0.0,0.0,416.0,19.0,5.0,North Carolina St.,College Stats,WillBr22,2002.0,16.6
4.0,106.0,IND,David Thornton,LB,23.0,2009.0,0.0,0.0,7.0,42.0,19.0,121.0,0.0,0.0,0.0,0.0,0.0,0.0,0.0,0.0,0.0,0.0,0.0,566.0,5.0,5.0,North Carolina,College Stats,ThorDa20,2002.0,26.857142857142858
4.0,107.0,KAN,Omar Easy,FB,24.0,2005.0,0.0,0.0,0.0,0.0,0.0,53.0,0.0,0.0,0.0,0.0,0.0,4.0,1.0,0.0,6.0,42.0,1.0,24.0,,,Penn St.,College Stats,EasyOm00,2002.0,-9.238095238095237
4.0,108.0,JAX,David Garrard,QB,24.0,2010.0,0.0,1.0,5.0,62.0,62.0,86.0,1406.0,2281.0,16003.0,89.0,54.0,380.0,1746.0,17.0,1.0,-6.0,0.0,,,,East Carolina,College Stats,GarrDa00,2002.0,39.421052631578945
4.0,109.0,CIN,Travis Dorsch,P,22.0,2002.0,0.0,0.0,0.0,0.0,0.0,1.0,0.0,0.0,0.0,0.0,0.0,0.0,0.0,0.0,0.0,0.0,0.0,,,,Purdue,College Stats,DorsTr20,2002.0,-23.047619047619047
4.0,110.0,TEN,Mike Echols,DB,23.0,2003.0,0.0,0.0,0.0,0.0,0.0,9.0,0.0,0.0,0.0,0.0,0.0,0.0,0.0,0.0,0.0,0.0,0.0,24.0,,,Wisconsin,College Stats,EchoMi20,2002.0,-10.238095238095237
4.0,111.0,CLE,Ben Taylor,LB,24.0,2006.0,0.0,0.0,2.0,14.0,13.0,49.0,0.0,0.0,0.0,0.0,0.0,0.0,0.0,0.0,0.0,0.0,0.0,157.0,1.0,,Virginia Tech,College Stats,TaylBe20,2002.0,3.0476190476190474
4.0,112.0,BAL,Dave Zastudil,P,23.0,2014.0,0.0,0.0,0.0,18.0,5.0,162.0,0.0,1.0,0.0,0.0,0.0,4.0,-15.0,0.0,0.0,0.0,0.0,7.0,,,Ohio,College Stats,ZastDa20,2002.0,-0.8421052631578938
4.0,113.0,ARI,Nate Dwyer,DT,,,0.0,0.0,0.0,,,,,,,,,,,,,,,,,,Kansas,,-9999,2002.0,
4.0,114.0,MIA,Randy McMichael,TE,23.0,2012.0,0.0,0.0,10.0,33.0,25.0,164.0,0.0,0.0,0.0,0.0,0.0,1.0,8.0,0.0,426.0,4539.0,24.0,8.0,,,Georgia,College Stats,McMiRa01,2002.0,21.05263157894737
4.0,115.0,TEN,Tony Beckham,DB,23.0,2007.0,0.0,0.0,0.0,5.0,5.0,56.0,0.0,0.0,0.0,0.0,0.0,0.0,0.0,0.0,0.0,0.0,0.0,51.0,1.0,,Wisconsin–Stout,,BeckTo20,2002.0,-4.7368421052631575
4.0,116.0,ATL,Martin Bibla,G,22.0,2004.0,0.0,0.0,0.0,3.0,3.0,31.0,0.0,0.0,0.0,0.0,0.0,0.0,0.0,0.0,0.0,0.0,0.0,,,,Miami (FL),,BiblMa20,2002.0,-8.952380952380953
4.0,117.0,NWE,Rohan Davey,QB,24.0,2004.0,0.0,0.0,0.0,0.0,0.0,7.0,8.0,19.0,88.0,0.0,0.0,6.0,-5.0,0.0,0.0,0.0,0.0,,,,LSU,College Stats,DaveRo01,2002.0,-15.0
4.0,118.0,JAX,Chris Luzar,TE,23.0,2003.0,0.0,0.0,0.0,0.0,0.0,23.0,0.0,0.0,0.0,0.0,0.0,0.0,0.0,0.0,4.0,35.0,0.0,,,,Virginia,College Stats,LuzaCh00,2002.0,-14.75
4.0,119.0,TAM,Travis Stephens,RB,24.0,2002.0,0.0,0.0,0.0,0.0,0.0,1.0,0.0,0.0,0.0,0.0,0.0,0.0,0.0,0.0,1.0,6.0,0.0,,,,Tennessee,College Stats,StepTr01,2002.0,-15.666666666666666
4.0,120.0,SEA,Terreal Bierria,DB,21.0,2004.0,0.0,0.0,1.0,6.0,6.0,29.0,0.0,0.0,0.0,0.0,0.0,0.0,0.0,0.0,0.0,0.0,0.0,63.0,1.0,,Georgia,College Stats,BierTe20,2002.0,-13.25
4.0,121.0,NYJ,Alan Harper,DT,23.0,2004.0,0.0,0.0,0.0,1.0,1.0,11.0,0.0,0.0,0.0,0.0,0.0,0.0,0.0,0.0,0.0,0.0,0.0,3.0,,,Fresno St.,College Stats,HarpAl20,2002.0,-7.157894736842104
4.0,122.0,CLE,Darnell Sanders,TE,23.0,2004.0,0.0,0.0,1.0,1.0,1.0,28.0,0.0,0.0,0.0,0.0,0.0,0.0,0.0,0.0,18.0,118.0,2.0,,,,Ohio St.,College Stats,SandDa00,2002.0,-14.842105263157896
4.0,123.0,BAL,Ron Johnson,WR,22.0,2003.0,0.0,0.0,0.0,1.0,1.0,22.0,0.0,0.0,0.0,0.0,0.0,0.0,0.0,0.0,11.0,126.0,1.0,4.0,,,Minnesota,College Stats,JohnRo03,2002.0,-12.7
4.0,124.0,PHI,Scott Peters,C,23.0,2003.0,0.0,0.0,0.0,1.0,,7.0,0.0,0.0,0.0,0.0,0.0,0.0,0.0,0.0,0.0,0.0,0.0,,,,Arizona St.,,PeteSc20,2002.0,-12.428571428571429
4.0,125.0,NOR,Keyuo Craver,DB,22.0,2003.0,0.0,0.0,0.0,2.0,2.0,22.0,0.0,0.0,0.0,0.0,0.0,0.0,0.0,0.0,0.0,0.0,0.0,23.0,,,Nebraska,College Stats,CravKe20,2002.0,-12.578947368421053
4.0,126.0,NWE,Jarvis Green,DE,23.0,2009.0,0.0,0.0,2.0,28.0,28.0,121.0,0.0,0.0,0.0,0.0,0.0,0.0,0.0,0.0,0.0,0.0,0.0,153.0,,28.0,LSU,,GreeJa21,2002.0,3.6499999999999986
4.0,127.0,SFO,Kevin Curtis,DB,,,0.0,0.0,0.0,,,,,,,,,,,,,,,,,,Texas Tech,College Stats,-9999,2002.0,
4.0,128.0,PIT,Larry Foote,LB,22.0,2014.0,0.0,0.0,8.0,62.0,51.0,187.0,0.0,0.0,0.0,0.0,0.0,0.0,0.0,0.0,0.0,0.0,0.0,552.0,4.0,25.0,Michigan,College Stats,FootLa20,2002.0,43.4
4.0,129.0,DAL,Jamar Martin,FB,22.0,2006.0,0.0,0.0,0.0,0.0,0.0,25.0,0.0,0.0,0.0,0.0,0.0,4.0,7.0,0.0,6.0,24.0,0.0,1.0,,,Ohio St.,College Stats,MartJa01,2002.0,-9.85
4.0,130.0,STL,Travis Scott,G,,,0.0,0.0,0.0,,,,,,,,,,,,,,,,,,Arizona St.,,-9999,2002.0,
4.0,131.0,DEN,Sam Brandon,DB,23.0,2006.0,0.0,0.0,0.0,9.0,9.0,63.0,0.0,0.0,0.0,0.0,0.0,0.0,0.0,0.0,0.0,0.0,0.0,96.0,1.0,,UNLV,College Stats,BranSa20,2002.0,-4.789473684210526
4.0,132.0,MIN,Edward Ta'amu,G,,,0.0,0.0,0.0,,,,,,,,,,,,,,,,,,Utah,,-9999,2002.0,
4.0,133.0,TEN,Rocky Boiman,LB,22.0,2009.0,0.0,0.0,2.0,14.0,7.0,103.0,0.0,0.0,0.0,0.0,0.0,0.0,0.0,0.0,0.0,0.0,0.0,175.0,5.0,1.5,Notre Dame,,BoimRo20,2002.0,3.1428571428571423
4.0,134.0,DET,John Taylor,LB,,,0.0,0.0,0.0,,,,,,,,,,,,,,,,,,Montana St.,,-9999,2002.0,
4.0,135.0,GNB,Najeh Davenport,RB,23.0,2008.0,0.0,0.0,0.0,18.0,9.0,73.0,0.0,0.0,0.0,0.0,0.0,394.0,1819.0,13.0,54.0,538.0,3.0,22.0,,,Miami (FL),College Stats,DaveNa00,2002.0,-6.444444444444443
5.0,136.0,HOU,Jarrod Baxter,FB,23.0,2005.0,0.0,0.0,1.0,0.0,0.0,32.0,0.0,0.0,0.0,0.0,0.0,9.0,15.0,0.0,7.0,40.0,1.0,3.0,,,New Mexico,College Stats,BaxtJa00,2002.0,-8.8
5.0,137.0,CAR,Randy Fasani,QB,23.0,2002.0,0.0,0.0,0.0,1.0,1.0,4.0,15.0,44.0,171.0,0.0,4.0,18.0,95.0,0.0,0.0,0.0,0.0,,,,Stanford,College Stats,FasaRa00,2002.0,-19.94736842105263
5.0,138.0,DET,John Owens,TE,22.0,2009.0,0.0,0.0,1.0,0.0,0.0,76.0,0.0,0.0,0.0,0.0,0.0,0.0,0.0,0.0,22.0,178.0,1.0,8.0,,,Notre Dame,College Stats,OwenJo00,2002.0,-13.421052631578947
5.0,139.0,BUF,Justin Bannan,DT,23.0,2013.0,0.0,0.0,4.0,36.0,6.0,163.0,0.0,0.0,0.0,0.0,0.0,0.0,0.0,0.0,0.0,0.0,0.0,220.0,1.0,6.5,Colorado,College Stats,BannJu20,2002.0,28.142857142857142
5.0,140.0,CHI,Bobby Gray,DB,24.0,2004.0,0.0,0.0,1.0,6.0,6.0,29.0,0.0,0.0,0.0,0.0,0.0,0.0,0.0,0.0,0.0,0.0,0.0,69.0,1.0,1.0,Louisiana Tech,College Stats,GrayBo20,2002.0,-5.476190476190476
5.0,141.0,CLE,Andra Davis,LB,23.0,2011.0,0.0,0.0,7.0,44.0,37.0,143.0,0.0,0.0,0.0,0.0,0.0,0.0,0.0,0.0,0.0,0.0,0.0,539.0,9.0,12.0,Florida,College Stats,DaviAn20,2002.0,35.333333333333336
5.0,142.0,SDG,Terry Charles,WR,,,0.0,0.0,0.0,,,,,,,,,,,,,,,,,,Portland St.,,-9999,2002.0,
5.0,143.0,KAN,Scott Fujita,LB,23.0,2012.0,0.0,0.0,10.0,46.0,13.0,143.0,0.0,0.0,0.0,0.0,0.0,0.0,0.0,0.0,0.0,0.0,0.0,600.0,7.0,23.5,California,,FujiSc20,2002.0,29.68421052631579
5.0,144.0,DEN,Herb Haygood,WR,24.0,2002.0,0.0,0.0,0.0,0.0,0.0,4.0,0.0,0.0,0.0,0.0,0.0,0.0,0.0,0.0,0.0,0.0,0.0,2.0,,,Michigan St.,College Stats,HaygHe20,2002.0,-11.05
5.0,145.0,CAR,Kyle Johnson,RB,23.0,2007.0,0.0,0.0,2.0,4.0,,45.0,0.0,0.0,0.0,0.0,0.0,9.0,39.0,1.0,33.0,323.0,8.0,14.0,,,Syracuse,College Stats,JohnKy00,2002.0,-6.5
5.0,146.0,SEA,Rocky Bernard,DT,23.0,2012.0,0.0,0.0,3.0,35.0,29.0,160.0,0.0,0.0,0.0,0.0,0.0,0.0,0.0,0.0,0.0,0.0,0.0,270.0,,33.0,Texas A&M,,BernRo20,2002.0,9.55
5.0,147.0,OAK,Kenyon Coleman,DE,23.0,2012.0,0.0,0.0,5.0,38.0,0.0,141.0,0.0,0.0,0.0,0.0,0.0,0.0,0.0,0.0,0.0,0.0,0.0,275.0,,13.5,UCLA,,ColeKe20,2002.0,27.625
5.0,148.0,ATL,Kevin McCadam,DB,23.0,2006.0,0.0,0.0,0.0,6.0,5.0,71.0,0.0,0.0,0.0,0.0,0.0,0.0,0.0,0.0,0.0,0.0,0.0,72.0,,1.0,Colorado St.,College Stats,McCaKe20,2002.0,-1.4210526315789478
5.0,149.0,ARI,Jason McAddley,WR,23.0,2005.0,0.0,0.0,1.0,4.0,3.0,34.0,0.0,0.0,0.0,0.0,0.0,0.0,0.0,0.0,38.0,578.0,1.0,8.0,,,Alabama,College Stats,McAdJa00,2002.0,-11.1
5.0,150.0,NOR,Mel Mitchell,DB,23.0,2007.0,0.0,0.0,0.0,4.0,3.0,54.0,0.0,0.0,0.0,0.0,0.0,0.0,0.0,0.0,0.0,0.0,0.0,52.0,,,Western Kentucky,,MitcMe20,2002.0,-4.7368421052631575
5.0,151.0,TEN,Jake Schifino,WR,22.0,2004.0,0.0,0.0,0.0,0.0,0.0,14.0,0.0,0.0,0.0,0.0,0.0,0.0,0.0,0.0,0.0,0.0,0.0,1.0,,,Akron,College Stats,SchiJa20,2002.0,-13.055555555555555
5.0,152.0,NYG,Nick Greisen,LB,23.0,2008.0,0.0,0.0,2.0,21.0,12.0,98.0,0.0,0.0,0.0,0.0,0.0,0.0,0.0,0.0,0.0,0.0,0.0,206.0,1.0,4.0,Wisconsin,College Stats,GreiNi20,2002.0,11.875
5.0,153.0,HOU,Ramon Walker,DB,22.0,2005.0,0.0,0.0,0.0,3.0,3.0,36.0,0.0,0.0,0.0,0.0,0.0,0.0,0.0,0.0,0.0,0.0,0.0,37.0,,,Pittsburgh,College Stats,WalkRa20,2002.0,-10.38888888888889
5.0,154.0,NYJ,Jonathan Goodwin,G,23.0,2014.0,0.0,1.0,8.0,59.0,5.0,195.0,0.0,0.0,0.0,0.0,0.0,0.0,0.0,0.0,0.0,0.0,0.0,,,,Michigan,,GoodJo23,2002.0,40.73684210526316
5.0,155.0,BAL,Terry Jones,TE,22.0,2005.0,0.0,0.0,3.0,5.0,4.0,53.0,0.0,0.0,0.0,0.0,0.0,0.0,0.0,0.0,59.0,493.0,5.0,2.0,,,Alabama,College Stats,JoneTe00,2002.0,-4.117647058823529
5.0,156.0,GNB,Aaron Kampman,DE,22.0,2011.0,0.0,2.0,7.0,55.0,54.0,123.0,0.0,0.0,0.0,0.0,0.0,0.0,0.0,0.0,0.0,0.0,0.0,338.0,,58.0,Iowa,College Stats,KampAa99,2002.0,45.888888888888886
5.0,157.0,TAM,Jermaine Phillips,DB,23.0,2009.0,0.0,0.0,6.0,32.0,32.0,96.0,0.0,0.0,0.0,0.0,0.0,0.0,0.0,0.0,0.0,0.0,0.0,339.0,11.0,3.0,Georgia,College Stats,PhilJe20,2002.0,21.75
5.0,158.0,ATL,Kurt Kittner,QB,22.0,2003.0,0.0,0.0,0.0,1.0,1.0,7.0,44.0,114.0,391.0,2.0,6.0,8.0,13.0,0.0,0.0,0.0,0.0,,,,Illinois,College Stats,KittKu00,2002.0,-5.5
5.0,159.0,WAS,Andre Lott,DB,23.0,2006.0,0.0,0.0,0.0,4.0,4.0,32.0,0.0,0.0,0.0,0.0,0.0,0.0,0.0,0.0,0.0,0.0,0.0,34.0,,1.0,Tennessee,College Stats,LottAn20,2002.0,-9.0
5.0,160.0,WAS,Robert Royal,TE,23.0,2010.0,0.0,0.0,6.0,9.0,2.0,110.0,0.0,0.0,0.0,0.0,0.0,1.0,-9.0,0.0,128.0,1271.0,14.0,,,,LSU,College Stats,RoyaRo00,2002.0,-1.7222222222222214
5.0,161.0,MIA,Omare Lowe,DB,24.0,2008.0,0.0,0.0,0.0,2.0,0.0,43.0,0.0,0.0,0.0,0.0,0.0,0.0,0.0,0.0,0.0,0.0,0.0,46.0,,,Washington,College Stats,LoweOm20,2002.0,-10.166666666666666
5.0,162.0,PHI,Freddie Milons,WR,,,0.0,0.0,0.0,,,,,,,,,,,,,,,,,,Alabama,College Stats,-9999,2002.0,
5.0,163.0,SFO,Brandon Doman,QB,,,0.0,0.0,0.0,,,,,,,,,,,,,,,,,,BYU,College Stats,-9999,2002.0,
5.0,164.0,GNB,Craig Nall,QB,23.0,2007.0,0.0,0.0,0.0,1.0,1.0,7.0,30.0,48.0,402.0,5.0,0.0,10.0,11.0,0.0,0.0,0.0,0.0,,,,LSU,College Stats,NallCr00,2002.0,-11.05
5.0,165.0,CHI,Bryan Knight,LB,23.0,2003.0,0.0,0.0,0.0,4.0,4.0,31.0,0.0,0.0,0.0,0.0,0.0,0.0,0.0,0.0,0.0,0.0,0.0,51.0,,1.5,Pittsburgh,College Stats,KnigBr20,2002.0,-9.35
5.0,166.0,PIT,Verron Haynes,RB,23.0,2009.0,0.0,0.0,0.0,9.0,9.0,68.0,0.0,0.0,0.0,0.0,0.0,174.0,738.0,3.0,61.0,449.0,2.0,30.0,,,Georgia,College Stats,HaynVe00,2002.0,-4.666666666666666
5.0,167.0,STL,Courtland Bullard,LB,24.0,2003.0,0.0,0.0,0.0,2.0,2.0,20.0,0.0,0.0,0.0,0.0,0.0,0.0,0.0,0.0,0.0,0.0,0.0,10.0,,,Ohio St.,,BullCo20,2002.0,-6.764705882352942
5.0,168.0,DAL,Pete Hunter,DB,22.0,2006.0,0.0,0.0,0.0,5.0,5.0,34.0,0.0,0.0,0.0,0.0,0.0,0.0,0.0,0.0,0.0,0.0,0.0,61.0,3.0,1.0,Virginia Union,,HuntPe20,2002.0,-7.055555555555555
5.0,169.0,SEA,Ryan Hannam,TE,22.0,2006.0,0.0,0.0,0.0,2.0,2.0,54.0,0.0,0.0,0.0,0.0,0.0,0.0,0.0,0.0,22.0,215.0,2.0,7.0,,,Northern Iowa,,HannRy00,2002.0,-9.5
5.0,170.0,MIA,Sam Simmons,WR,22.0,2003.0,0.0,0.0,0.0,0.0,0.0,11.0,0.0,0.0,0.0,0.0,0.0,0.0,0.0,0.0,0.0,0.0,0.0,1.0,,,Northwestern,College Stats,SimmSa20,2002.0,-7.0588235294117645
5.0,171.0,SEA,Matt Hill,T,23.0,2003.0,0.0,0.0,0.0,3.0,3.0,26.0,0.0,0.0,0.0,0.0,0.0,0.0,0.0,0.0,0.0,0.0,0.0,,,,Boise St.,,HillMa22,2002.0,-3.5882352941176467
5.0,172.0,SFO,Josh Shaw,DT,23.0,2008.0,0.0,0.0,0.0,1.0,0.0,14.0,0.0,0.0,0.0,0.0,0.0,0.0,0.0,0.0,0.0,0.0,0.0,8.0,,1.0,Michigan St.,College Stats,ShawJo20,2002.0,-6.5625
6.0,173.0,HOU,Demarcus Faggins,DB,23.0,2009.0,0.0,0.0,3.0,14.0,14.0,84.0,0.0,0.0,0.0,0.0,0.0,0.0,0.0,0.0,0.0,0.0,0.0,192.0,5.0,1.0,Kansas St.,College Stats,FaggDe20,2002.0,2.1428571428571423
6.0,174.0,CAR,Keith Heinrich,TE,23.0,2007.0,0.0,0.0,0.0,1.0,0.0,22.0,0.0,0.0,0.0,0.0,0.0,0.0,0.0,0.0,9.0,65.0,2.0,1.0,,,Sam Houston St.,,HeinKe00,2002.0,-11.235294117647058
6.0,175.0,DET,Chris Cash,DB,22.0,2005.0,0.0,0.0,1.0,7.0,7.0,30.0,0.0,0.0,0.0,0.0,0.0,0.0,0.0,0.0,0.0,0.0,0.0,126.0,2.0,,USC,College Stats,CashCh20,2002.0,-1.8421052631578956
6.0,176.0,BUF,Kevin Thomas,DB,24.0,2004.0,0.0,0.0,0.0,5.0,5.0,38.0,0.0,0.0,0.0,0.0,0.0,0.0,0.0,0.0,1.0,24.0,0.0,62.0,1.0,1.5,UNLV,College Stats,ThomKe22,2002.0,-1.0526315789473681
6.0,177.0,MIN,Nick Rogers,LB,23.0,2005.0,0.0,0.0,1.0,7.0,6.0,46.0,0.0,0.0,0.0,0.0,0.0,0.0,0.0,0.0,0.0,0.0,0.0,67.0,,2.0,Georgia Tech,,RogeNi20,2002.0,-3.526315789473685
6.0,178.0,SDG,Matt Anderle,T,,,0.0,0.0,0.0,,,,,,,,,,,,,,,,,,Minnesota,,-9999,2002.0,
6.0,179.0,DAL,Tyson Walter,C,24.0,2006.0,0.0,0.0,1.0,4.0,4.0,47.0,0.0,0.0,0.0,0.0,0.0,0.0,0.0,0.0,0.0,0.0,0.0,,,,Ohio St.,,WaltTy20,2002.0,-2.526315789473684
6.0,180.0,JAX,Clenton Ballard,DT,,,0.0,0.0,0.0,,,,,,,,,,,,,,,,,,Texas St.,,-9999,2002.0,
6.0,181.0,CIN,Marquand Manuel,DB,23.0,2009.0,0.0,0.0,3.0,22.0,3.0,116.0,0.0,0.0,0.0,0.0,0.0,0.0,0.0,0.0,0.0,0.0,0.0,285.0,2.0,1.0,Florida,College Stats,ManuMa20,2002.0,12.631578947368421
6.0,182.0,IND,David Pugh,DT,23.0,2002.0,0.0,0.0,0.0,1.0,1.0,4.0,0.0,0.0,0.0,0.0,0.0,0.0,0.0,0.0,0.0,0.0,0.0,,,,Virginia Tech,College Stats,PughDa20,2002.0,-9.277777777777779
6.0,183.0,IND,James Lewis,DB,,,0.0,0.0,0.0,,,,,,,,,,,,,,,,,,Miami (FL),College Stats,-9999,2002.0,
6.0,184.0,ATL,Kahlil Hill,WR,23.0,2002.0,0.0,0.0,0.0,0.0,0.0,1.0,0.0,0.0,0.0,0.0,0.0,0.0,0.0,0.0,0.0,0.0,0.0,,,,Iowa,College Stats,HillKa20,2002.0,-5.315789473684211
6.0,185.0,ARI,Josh Scobey,RB,22.0,2007.0,0.0,0.0,0.0,3.0,3.0,62.0,0.0,0.0,0.0,0.0,0.0,27.0,89.0,0.0,19.0,200.0,0.0,35.0,,,Kansas St.,College Stats,ScobJo00,2002.0,-0.9411764705882355
6.0,186.0,NOR,J.T. O'Sullivan,QB,23.0,2009.0,0.0,0.0,0.0,6.0,,17.0,145.0,257.0,1866.0,9.0,13.0,39.0,145.0,0.0,0.0,0.0,0.0,,,,UC Davis,,OSulJ.00,2002.0,-4.388888888888889
6.0,187.0,TEN,Justin Hartwig,C,23.0,2009.0,0.0,0.0,6.0,41.0,21.0,99.0,0.0,0.0,0.0,0.0,0.0,0.0,0.0,0.0,0.0,0.0,0.0,,,,Kansas,,HartJu20,2002.0,28.85
6.0,188.0,NYG,Wesly Mallard,LB,23.0,2006.0,0.0,0.0,0.0,3.0,2.0,59.0,0.0,0.0,0.0,0.0,0.0,0.0,0.0,0.0,0.0,0.0,0.0,43.0,,,Oregon,College Stats,MallWe20,2002.0,-8.764705882352942
6.0,189.0,OAK,Keyon Nash,DB,23.0,2004.0,0.0,0.0,0.0,0.0,0.0,2.0,0.0,0.0,0.0,0.0,0.0,0.0,0.0,0.0,0.0,0.0,0.0,1.0,,,Albany State (GA),,NashKe21,2002.0,-8.4
6.0,190.0,HOU,Howard Green,DT,23.0,2011.0,0.0,0.0,2.0,11.0,,76.0,0.0,0.0,0.0,0.0,0.0,0.0,0.0,0.0,0.0,0.0,0.0,65.0,,2.0,LSU,,GreeHo20,2002.0,1.3888888888888893
6.0,191.0,DEN,Jeb Putzier,TE,23.0,2008.0,0.0,0.0,1.0,12.0,11.0,69.0,0.0,0.0,0.0,0.0,0.0,0.0,0.0,0.0,96.0,1251.0,3.0,,,,Boise St.,College Stats,PutzJe00,2002.0,-3.421052631578947
6.0,192.0,WAS,Reggie Coleman,T,,,0.0,0.0,0.0,,,,,,,,,,,,,,,,,,Tennessee,,-9999,2002.0,
6.0,193.0,TAM,John Stamper,DE,24.0,2002.0,0.0,0.0,0.0,0.0,,4.0,0.0,0.0,0.0,0.0,0.0,0.0,0.0,0.0,0.0,0.0,0.0,3.0,,,South Carolina,,StamJo21,2002.0,-11.526315789473685
6.0,194.0,SEA,Craig Jarrett,P,23.0,2002.0,0.0,0.0,0.0,0.0,,4.0,0.0,0.0,0.0,0.0,0.0,0.0,0.0,0.0,0.0,0.0,0.0,,,,Michigan St.,College Stats,JarrCr20,2002.0,-6.555555555555555
6.0,195.0,BAL,Lamont Brightful,DB,23.0,2004.0,0.0,0.0,0.0,4.0,3.0,30.0,0.0,0.0,0.0,0.0,0.0,0.0,0.0,0.0,0.0,0.0,0.0,7.0,,,Eastern Washington,,BrigLa20,2002.0,-9.764705882352942
6.0,196.0,NOR,John Gilmore,TE,22.0,2011.0,0.0,0.0,2.0,3.0,0.0,145.0,0.0,0.0,0.0,0.0,0.0,0.0,0.0,0.0,55.0,544.0,6.0,22.0,,,Penn St.,College Stats,GilmJo00,2002.0,-1.5
6.0,197.0,OAK,Larry Ned,RB,24.0,2004.0,0.0,0.0,0.0,0.0,,19.0,0.0,0.0,0.0,0.0,0.0,0.0,0.0,0.0,1.0,9.0,0.0,13.0,,,San Diego St.,College Stats,NedxLa00,2002.0,-6.3125
6.0,198.0,PHI,Tyreo Harrison,LB,22.0,2003.0,0.0,0.0,0.0,1.0,1.0,14.0,0.0,0.0,0.0,0.0,0.0,0.0,0.0,0.0,0.0,0.0,0.0,3.0,,,Notre Dame,College Stats,HarrTy20,2002.0,-7.777777777777779
6.0,199.0,CHI,Adrian Peterson,RB,23.0,2009.0,0.0,0.0,0.0,11.0,11.0,106.0,1.0,1.0,9.0,1.0,0.0,311.0,1283.0,8.0,78.0,665.0,0.0,68.0,,,Georgia Southern,,PeteAd00,2002.0,-10.125
6.0,200.0,GNB,Mike Houghton,G,22.0,2002.0,0.0,0.0,0.0,0.0,,1.0,0.0,0.0,0.0,0.0,0.0,0.0,0.0,0.0,0.0,0.0,0.0,,,,San Diego St.,,HougMi20,2002.0,-15.066666666666666
6.0,201.0,SFO,Mark Anelli,TE,23.0,2002.0,0.0,0.0,0.0,0.0,0.0,2.0,0.0,0.0,0.0,0.0,0.0,0.0,0.0,0.0,0.0,0.0,0.0,,,,Wisconsin,College Stats,AnelMa20,2002.0,-4.117647058823529
6.0,202.0,PIT,Lee Mays,WR,23.0,2006.0,0.0,0.0,0.0,2.0,2.0,49.0,0.0,0.0,0.0,0.0,0.0,0.0,0.0,0.0,11.0,154.0,0.0,14.0,,,Texas-El Paso,College Stats,MaysLe00,2002.0,-3.1111111111111107
6.0,203.0,CHI,Jamin Elliott,WR,22.0,2006.0,0.0,0.0,0.0,0.0,0.0,3.0,0.0,0.0,0.0,0.0,0.0,0.0,0.0,0.0,0.0,0.0,0.0,1.0,,,Delaware,,ElliJa00,2002.0,-11.923076923076923
6.0,204.0,IND,Brian Allen,RB,22.0,2003.0,0.0,0.0,0.0,0.0,0.0,4.0,0.0,0.0,0.0,0.0,0.0,0.0,0.0,0.0,0.0,0.0,0.0,,,,Stanford,College Stats,AlleBr20,2002.0,-9.647058823529411
6.0,205.0,STL,Steve Bellisari,QB,,,0.0,0.0,0.0,,,,,,,,,,,,,,,,,,Ohio St.,College Stats,-9999,2002.0,
6.0,206.0,BAL,Javin Hunter,WR,22.0,2002.0,0.0,0.0,0.0,0.0,0.0,12.0,0.0,0.0,0.0,0.0,0.0,1.0,9.0,0.0,5.0,35.0,0.0,,,,Notre Dame,College Stats,HuntJa00,2002.0,-6.0
6.0,207.0,BAL,Chester Taylor,RB,22.0,2011.0,0.0,0.0,1.0,41.0,12.0,151.0,1.0,2.0,4.0,1.0,0.0,1160.0,4740.0,26.0,299.0,2324.0,6.0,24.0,,,Toledo,College Stats,TaylCh01,2002.0,27.11764705882353
6.0,208.0,DAL,DeVeren Johnson,WR,,,0.0,0.0,0.0,,,,,,,,,,,,,,,,,,Sacred Heart,,-9999,2002.0,
6.0,209.0,BAL,Chad Williams,DB,23.0,2006.0,0.0,0.0,0.0,9.0,8.0,79.0,0.0,0.0,0.0,0.0,0.0,0.0,0.0,0.0,0.0,0.0,0.0,180.0,9.0,7.0,Southern Miss,College Stats,WillCh20,2002.0,1.5714285714285712
6.0,210.0,CHI,Bryan Fletcher,TE,23.0,2007.0,0.0,0.0,1.0,8.0,,46.0,0.0,0.0,0.0,0.0,0.0,0.0,0.0,0.0,54.0,547.0,5.0,1.0,,,UCLA,College Stats,FletBr00,2002.0,0.0588235294117645
6.0,211.0,DAL,Bob Slowikowski,TE,,,0.0,0.0,0.0,,,,,,,,,,,,,,,,,,Virginia Tech,College Stats,-9999,2002.0,
7.0,212.0,PIT,LaVar Glover,DB,23.0,2002.0,0.0,0.0,0.0,0.0,,2.0,0.0,0.0,0.0,0.0,0.0,0.0,0.0,0.0,0.0,0.0,0.0,,,,Cincinnati,College Stats,GlovLa20,2002.0,-4.25
7.0,213.0,CAR,Pete Campion,G,,,0.0,0.0,0.0,,,,,,,,,,,,,,,,,,North Dakota St.,,-9999,2002.0,
7.0,214.0,DET,Luke Staley,RB,,,0.0,0.0,0.0,,,,,,,,,,,,,,,,,,BYU,College Stats,-9999,2002.0,
7.0,215.0,BUF,Mike Pucillo,G,23.0,2007.0,0.0,0.0,1.0,9.0,4.0,48.0,0.0,0.0,0.0,0.0,0.0,0.0,0.0,0.0,0.0,0.0,0.0,,,,Auburn,,PuciMi20,2002.0,0.3888888888888893
7.0,216.0,SDG,Seth Burford,QB,,,0.0,0.0,0.0,,,,,,,,,,,,,,,,,,Cal Poly-San Luis Obispo,,-9999,2002.0,
7.0,217.0,ATL,Michael Coleman,WR,,,0.0,0.0,0.0,,,,,,,,,,,,,,,,,,Widener,,-9999,2002.0,
7.0,218.0,MIN,Chad Beasley,T,23.0,2003.0,0.0,0.0,0.0,2.0,,8.0,0.0,0.0,0.0,0.0,0.0,0.0,0.0,0.0,0.0,0.0,0.0,,,,Virginia Tech,College Stats,BeasCh20,2002.0,-7.866666666666667
7.0,219.0,CIN,Joey Evans,DE,,,0.0,0.0,0.0,,,,,,,,,,,,,,,,,,North Carolina,,-9999,2002.0,
7.0,220.0,IND,Josh Mallard,DE,23.0,2008.0,0.0,0.0,0.0,5.0,2.0,40.0,0.0,0.0,0.0,0.0,0.0,0.0,0.0,0.0,0.0,0.0,0.0,42.0,,8.5,Georgia,,MallJo20,2002.0,-2.5882352941176467
7.0,221.0,KAN,Maurice Rodriguez,LB,,,0.0,0.0,0.0,,,,,,,,,,,,,,,,,,Fresno St.,College Stats,-9999,2002.0,
7.0,222.0,JAX,Kendall Newson,WR,22.0,2003.0,0.0,0.0,0.0,1.0,,6.0,0.0,0.0,0.0,0.0,0.0,0.0,0.0,0.0,2.0,55.0,0.0,1.0,,,Middle Tenn. St.,College Stats,NewsKe00,2002.0,-5.5
7.0,223.0,ARI,Mike Banks,TE,22.0,2003.0,0.0,0.0,0.0,0.0,0.0,18.0,0.0,0.0,0.0,0.0,0.0,0.0,0.0,0.0,0.0,0.0,0.0,8.0,,,Iowa St.,College Stats,BankMi20,2002.0,-4.785714285714286
7.0,224.0,NOR,Derrius Monroe,DE,,,0.0,0.0,0.0,,,,,,,,,,,,,,,,,,Virginia Tech,,-9999,2002.0,
7.0,225.0,TEN,Darrell Hill,WR,23.0,2004.0,0.0,0.0,0.0,0.0,0.0,33.0,0.0,0.0,0.0,0.0,0.0,0.0,0.0,0.0,0.0,0.0,0.0,20.0,,,Northern Illinois,College Stats,HillDa20,2002.0,-6.0588235294117645
7.0,226.0,NYG,Daryl Jones,WR,23.0,2004.0,0.0,0.0,0.0,1.0,1.0,15.0,0.0,0.0,0.0,0.0,0.0,1.0,4.0,0.0,8.0,90.0,0.0,,,,Miami (FL),College Stats,JoneDa02,2002.0,-6.176470588235294
7.0,227.0,CLE,Joaquin Gonzalez,T,23.0,2005.0,0.0,0.0,1.0,9.0,8.0,46.0,0.0,0.0,0.0,0.0,0.0,0.0,0.0,0.0,0.0,0.0,0.0,,,,Miami (FL),,GonzJo21,2002.0,3.8125
7.0,228.0,DEN,Chris Young,DB,22.0,2004.0,0.0,0.0,0.0,2.0,2.0,21.0,0.0,0.0,0.0,0.0,0.0,0.0,0.0,0.0,0.0,0.0,0.0,5.0,,,Georgia Tech,College Stats,YounCh20,2002.0,-3.333333333333333
7.0,229.0,HOU,Stylez G. White,DE,23.0,2010.0,0.0,0.0,2.0,15.0,,63.0,0.0,0.0,0.0,0.0,0.0,0.0,0.0,0.0,0.0,0.0,0.0,83.0,,24.0,Minnesota,,WhitGr99,2002.0,8.944444444444445
7.0,230.0,WAS,Jeff Grau,C,22.0,2003.0,0.0,0.0,0.0,4.0,,27.0,0.0,0.0,0.0,0.0,0.0,0.0,0.0,0.0,0.0,0.0,0.0,4.0,,,UCLA,,GrauJe20,2002.0,-5.111111111111111
7.0,231.0,DEN,Monsanto Pope,DT,24.0,2005.0,0.0,0.0,1.0,12.0,12.0,48.0,0.0,0.0,0.0,0.0,0.0,0.0,0.0,0.0,0.0,0.0,0.0,53.0,,6.0,Virginia,,PopeMo20,2002.0,8.875
7.0,232.0,SEA,Jeff Kelly,QB,23.0,,0.0,0.0,0.0,,,,,,,,,,,,,,,,,,Southern Miss,College Stats,KellJe21,2002.0,
7.0,233.0,TAM,Tim Wansley,DB,23.0,2003.0,0.0,0.0,0.0,4.0,4.0,13.0,0.0,0.0,0.0,0.0,0.0,0.0,0.0,0.0,0.0,0.0,0.0,57.0,2.0,,Georgia,College Stats,WansTi20,2002.0,-13.0
7.0,234.0,WAS,Greg Scott,DE,22.0,2004.0,0.0,0.0,0.0,0.0,0.0,4.0,0.0,0.0,0.0,0.0,0.0,0.0,0.0,0.0,0.0,0.0,0.0,,,,Hampton,,ScotGr20,2002.0,-5.777777777777778
7.0,235.0,OAK,Ronald Curry,WR,23.0,2008.0,0.0,0.0,2.0,16.0,16.0,76.0,0.0,4.0,0.0,0.0,1.0,5.0,3.0,0.0,193.0,2347.0,13.0,34.0,,,North Carolina,College Stats,CurrRo01,2002.0,6.125
7.0,236.0,BAL,Wes Pate,QB,,,0.0,0.0,0.0,,,,,,,,,,,,,,,,,,S.F. Austin,,-9999,2002.0,
7.0,237.0,NWE,Antwoine Womack,RB,,,0.0,0.0,0.0,,,,,,,,,,,,,,,,,,Virginia,College Stats,-9999,2002.0,
7.0,238.0,PHI,Raheem Brock,DE,24.0,2011.0,0.0,0.0,6.0,43.0,,152.0,0.0,0.0,0.0,0.0,0.0,0.0,0.0,0.0,0.0,0.0,0.0,269.0,,40.5,Temple,College Stats,BrocRa20,2002.0,34.84615384615385
7.0,239.0,SFO,Eric Heitmann,G,22.0,2009.0,0.0,0.0,7.0,40.0,40.0,119.0,0.0,0.0,0.0,0.0,0.0,0.0,0.0,0.0,0.0,0.0,0.0,,,,Stanford,,HeitEr20,2002.0,29.411764705882355
7.0,240.0,TEN,Carlos Hall,DE,23.0,2005.0,0.0,0.0,2.0,17.0,15.0,59.0,0.0,0.0,0.0,0.0,0.0,0.0,0.0,0.0,0.0,0.0,0.0,93.0,,14.5,Arkansas,College Stats,HallCa20,2002.0,10.666666666666668
7.0,241.0,MIA,Leonard Henry,RB,24.0,2004.0,0.0,0.0,0.0,1.0,1.0,6.0,0.0,0.0,0.0,0.0,0.0,46.0,141.0,0.0,3.0,12.0,0.0,,,,East Carolina,College Stats,HenrLe20,2002.0,-3.7857142857142856
7.0,242.0,PIT,Brett Keisel,DE,23.0,2014.0,0.0,1.0,8.0,58.0,58.0,156.0,0.0,0.0,0.0,0.0,0.0,0.0,0.0,0.0,0.0,0.0,0.0,253.0,2.0,30.0,BYU,,KeisBr20,2002.0,48.611111111111114
7.0,243.0,STL,Chris Massey,RB,23.0,2011.0,0.0,0.0,0.0,13.0,13.0,141.0,0.0,0.0,0.0,0.0,0.0,1.0,-1.0,0.0,0.0,0.0,0.0,32.0,,,Marshall,,MassCh00,2002.0,7.2
7.0,244.0,ATL,Kevin Shaffer,T,22.0,2010.0,0.0,0.0,5.0,37.0,18.0,132.0,0.0,0.0,0.0,0.0,0.0,0.0,0.0,0.0,0.0,0.0,0.0,,,,Tulsa,,ShafKe20,2002.0,23.6875
7.0,245.0,NYG,Quincy Monk,LB,23.0,2004.0,0.0,0.0,0.0,1.0,1.0,15.0,0.0,0.0,0.0,0.0,0.0,0.0,0.0,0.0,0.0,0.0,0.0,7.0,,,North Carolina,College Stats,MonkQu20,2002.0,-5.333333333333333
7.0,246.0,JAX,Steve Smith,DB,23.0,2002.0,0.0,0.0,0.0,0.0,0.0,4.0,0.0,0.0,0.0,0.0,0.0,0.0,0.0,0.0,0.0,0.0,0.0,,,,Oregon,College Stats,SmitSt21,2002.0,-8.153846153846153
7.0,247.0,JAX,Hayden Epstein,K,21.0,2002.0,0.0,0.0,0.0,0.0,0.0,15.0,0.0,0.0,0.0,0.0,0.0,0.0,0.0,0.0,0.0,0.0,0.0,3.0,,,Michigan,College Stats,epstehay01,2002.0,-3.7142857142857144
7.0,248.0,SFO,Kyle Kosier,G,23.0,2011.0,0.0,0.0,8.0,51.0,10.0,143.0,0.0,0.0,0.0,0.0,0.0,0.0,0.0,0.0,0.0,0.0,0.0,,,,Arizona St.,,KosiKy20,2002.0,39.35714285714286
7.0,249.0,BUF,Rodney Wright,WR,,,0.0,0.0,0.0,,,,,,,,,,,,,,,,,,Fresno St.,College Stats,-9999,2002.0,
7.0,250.0,TAM,Tracey Wistrom,TE,,,0.0,0.0,0.0,,,,,,,,,,,,,,,,,,Nebraska,College Stats,-9999,2002.0,
7.0,251.0,BUF,Jarrett Ferguson,RB,,,0.0,0.0,0.0,,,,,,,,,,,,,,,,,,Virginia Tech,College Stats,-9999,2002.0,
7.0,252.0,DET,Matt Murphy,TE,22.0,2007.0,0.0,0.0,0.0,0.0,0.0,28.0,0.0,0.0,0.0,0.0,0.0,0.0,0.0,0.0,3.0,34.0,0.0,1.0,,,Maryland,College Stats,MurpMa00,2002.0,-9.666666666666666
7.0,253.0,NWE,David Givens,WR,22.0,2006.0,0.0,0.0,2.0,22.0,21.0,58.0,0.0,1.0,0.0,0.0,1.0,3.0,16.0,0.0,166.0,2318.0,12.0,6.0,,,Notre Dame,College Stats,GiveDa00,2002.0,15.23076923076923
7.0,254.0,TAM,Aaron Lockett,WR,,,0.0,0.0,0.0,,,,,,,,,,,,,,,,,,Kansas St.,College Stats,-9999,2002.0,
7.0,255.0,TAM,Zack Quaccia,C,,,0.0,0.0,0.0,,,,,,,,,,,,,,,,,,Stanford,,-9999,2002.0,
7.0,256.0,SFO,Teddy Gaines,DB,,,0.0,0.0,0.0,,,,,,,,,,,,,,,,,,Tennessee,,-9999,2002.0,
7.0,257.0,WAS,Rock Cartwright,FB,22.0,2011.0,0.0,0.0,0.0,9.0,9.0,154.0,0.0,0.0,0.0,0.0,0.0,228.0,956.0,6.0,64.0,589.0,2.0,74.0,,,Kansas St.,College Stats,CartRo01,2002.0,4.5
7.0,258.0,CAR,Brad Franklin,DB,22.0,2003.0,0.0,0.0,0.0,0.0,,4.0,0.0,0.0,0.0,0.0,0.0,0.0,0.0,0.0,0.0,0.0,0.0,3.0,,,Louisiana,,FranBr20,2002.0,0.0
7.0,259.0,DET,Victor Rogers,T,23.0,2004.0,0.0,0.0,0.0,0.0,0.0,1.0,0.0,0.0,0.0,0.0,0.0,0.0,0.0,0.0,0.0,0.0,0.0,,,,Colorado,,RogeVi20,2002.0,-0.5
7.0,260.0,BUF,Dominique Stevenson,LB,24.0,2004.0,0.0,0.0,0.0,2.0,2.0,21.0,0.0,0.0,0.0,0.0,0.0,0.0,0.0,0.0,0.0,0.0,0.0,20.0,,,Tennessee,College Stats,StevDo21,2002.0,0.0
7.0,261.0,HOU,Ahmad Miller,DT,,,0.0,0.0,0.0,,,,,,,,,,,,,,,,,,UNLV,,-9999,2002.0,
1.0,1.0,CIN,Carson Palmer,QB,23.0,2017.0,0.0,3.0,12.0,107.0,60.0,182.0,3941.0,6307.0,46247.0,294.0,187.0,301.0,474.0,8.0,0.0,0.0,0.0,1.0,,,USC,College Stats,PalmCa00,2003.0,30.57142857142857
1.0,2.0,DET,Charles Rogers,WR,22.0,2005.0,0.0,0.0,0.0,4.0,4.0,15.0,0.0,0.0,0.0,0.0,0.0,2.0,17.0,0.0,36.0,440.0,4.0,,,,Michigan St.,College Stats,RogeCh01,2003.0,-49.476190476190474
1.0,3.0,HOU,Andre Johnson HOF,WR,22.0,2016.0,2.0,7.0,12.0,94.0,92.0,193.0,0.0,0.0,0.0,0.0,0.0,23.0,54.0,0.0,1062.0,14185.0,70.0,1.0,,,Miami (FL),College Stats,JohnAn02,2003.0,41.714285714285715
1.0,4.0,NYJ,Dewayne Robertson,DT,21.0,2008.0,0.0,0.0,6.0,34.0,31.0,92.0,0.0,0.0,0.0,0.0,0.0,0.0,0.0,0.0,0.0,0.0,0.0,195.0,,16.0,Kentucky,,RobeDe20,2003.0,-19.904761904761905
1.0,5.0,DAL,Terence Newman,DB,25.0,2017.0,0.0,2.0,15.0,70.0,52.0,221.0,0.0,0.0,0.0,0.0,0.0,1.0,4.0,0.0,0.0,0.0,0.0,749.0,42.0,2.0,Kansas St.,College Stats,NewmTe20,2003.0,14.523809523809526
1.0,6.0,NOR,Johnathan Sullivan,DT,22.0,2005.0,0.0,0.0,1.0,10.0,10.0,36.0,0.0,0.0,0.0,0.0,0.0,0.0,0.0,0.0,0.0,0.0,0.0,57.0,,1.5,Georgia,,SullJo23,2003.0,-40.80952380952381
1.0,7.0,JAX,Byron Leftwich,QB,23.0,2012.0,0.0,0.0,3.0,33.0,30.0,60.0,930.0,1605.0,10532.0,58.0,42.0,137.0,415.0,10.0,1.0,-7.0,0.0,,,,Marshall,College Stats,LeftBy00,2003.0,-15.047619047619051
1.0,8.0,CAR,Jordan Gross,T,23.0,2013.0,1.0,3.0,11.0,69.0,69.0,167.0,0.0,0.0,0.0,0.0,0.0,0.0,0.0,0.0,0.0,1.0,0.0,,,,Utah,College Stats,GrosJo20,2003.0,25.61904761904762
1.0,9.0,MIN,Kevin Williams,DT,23.0,2015.0,5.0,6.0,12.0,102.0,98.0,203.0,0.0,0.0,0.0,0.0,0.0,0.0,0.0,0.0,0.0,0.0,0.0,370.0,5.0,63.0,Oklahoma St.,,WillKe98,2003.0,53.76190476190476
1.0,10.0,BAL,Terrell Suggs,LB,20.0,2019.0,1.0,7.0,15.0,110.0,107.0,244.0,0.0,0.0,0.0,0.0,0.0,0.0,0.0,0.0,0.0,0.0,0.0,630.0,7.0,139.0,Arizona St.,College Stats,SuggTe99,2003.0,70.61904761904762
1.0,11.0,SEA,Marcus Trufant,DB,22.0,2012.0,0.0,1.0,8.0,49.0,49.0,136.0,0.0,0.0,0.0,0.0,0.0,0.0,0.0,0.0,0.0,0.0,0.0,565.0,21.0,2.0,Washington St.,College Stats,TrufMa20,2003.0,-3.952380952380949
1.0,12.0,STL,Jimmy Kennedy,DT,23.0,2011.0,0.0,0.0,2.0,16.0,12.0,92.0,0.0,0.0,0.0,0.0,0.0,0.0,0.0,0.0,0.0,0.0,0.0,107.0,,8.5,Penn St.,College Stats,KennJi21,2003.0,-29.38095238095238
1.0,13.0,NWE,Ty Warren,DE,22.0,2012.0,0.0,0.0,6.0,45.0,45.0,106.0,0.0,0.0,0.0,0.0,0.0,0.0,0.0,0.0,0.0,0.0,0.0,253.0,,20.5,Texas A&M,,WarrTy20,2003.0,-8.142857142857146
1.0,14.0,CHI,Michael Haynes,DE,22.0,2005.0,0.0,0.0,0.0,8.0,8.0,43.0,0.0,0.0,0.0,0.0,0.0,0.0,0.0,0.0,0.0,0.0,0.0,62.0,1.0,5.5,Penn St.,College Stats,HaynMi20,2003.0,-37.19047619047619
1.0,15.0,PHI,Jerome McDougle,DE,24.0,2008.0,0.0,0.0,0.0,3.0,3.0,37.0,0.0,0.0,0.0,0.0,0.0,0.0,0.0,0.0,0.0,0.0,0.0,31.0,,3.0,Miami (FL),College Stats,McDoJe20,2003.0,-34.76190476190476
1.0,16.0,PIT,Troy Polamalu HOF,DB,22.0,2014.0,4.0,8.0,10.0,96.0,96.0,158.0,0.0,0.0,0.0,0.0,0.0,0.0,0.0,0.0,0.0,0.0,0.0,583.0,32.0,12.0,USC,College Stats,PolaTr99,2003.0,53.666666666666664
1.0,17.0,ARI,Bryant Johnson,WR,22.0,2011.0,0.0,0.0,4.0,26.0,18.0,139.0,0.0,0.0,0.0,0.0,0.0,5.0,-8.0,0.0,314.0,3938.0,16.0,6.0,,,Penn St.,College Stats,JohnBr02,2003.0,-19.38095238095238
1.0,18.0,ARI,Calvin Pace,DE,22.0,2015.0,0.0,0.0,10.0,61.0,13.0,187.0,0.0,0.0,0.0,0.0,0.0,0.0,0.0,0.0,0.0,0.0,0.0,470.0,3.0,60.0,Wake Forest,,PaceCa20,2003.0,17.476190476190474
1.0,19.0,BAL,Kyle Boller,QB,22.0,2011.0,0.0,0.0,4.0,16.0,17.0,67.0,861.0,1519.0,8931.0,48.0,54.0,176.0,572.0,2.0,0.0,0.0,0.0,,,,California,College Stats,BollKy00,2003.0,-20.19047619047619
1.0,20.0,DEN,George Foster,T,23.0,2008.0,0.0,0.0,4.0,31.0,26.0,68.0,0.0,0.0,0.0,0.0,0.0,0.0,0.0,0.0,0.0,0.0,0.0,,,,Georgia,,FostGe20,2003.0,-6.61904761904762
1.0,21.0,CLE,Jeff Faine,C,22.0,2012.0,0.0,0.0,8.0,45.0,11.0,125.0,0.0,0.0,0.0,0.0,0.0,1.0,0.0,0.0,1.0,-1.0,0.0,,,,Notre Dame,,FainJe20,2003.0,9.666666666666664
1.0,22.0,CHI,Rex Grossman,QB,23.0,2011.0,0.0,0.0,3.0,23.0,16.0,54.0,863.0,1562.0,10232.0,56.0,60.0,81.0,106.0,4.0,1.0,-4.0,0.0,,,,Florida,College Stats,GrosRe00,2003.0,-7.857142857142858
1.0,23.0,BUF,Willis McGahee,RB,21.0,2013.0,0.0,2.0,7.0,56.0,26.0,142.0,0.0,0.0,0.0,0.0,0.0,2095.0,8474.0,65.0,210.0,1339.0,5.0,,,,Miami (FL),College Stats,McGaWi00,2003.0,25.0
1.0,24.0,IND,Dallas Clark,TE,24.0,2013.0,1.0,1.0,9.0,51.0,47.0,143.0,0.0,0.0,0.0,0.0,0.0,4.0,40.0,0.0,505.0,5665.0,53.0,1.0,,,Iowa,College Stats,ClarDa00,2003.0,-0.9047619047619051
1.0,25.0,NYG,William Joseph,DT,24.0,2009.0,0.0,0.0,1.0,11.0,11.0,69.0,0.0,0.0,0.0,0.0,0.0,0.0,0.0,0.0,0.0,0.0,0.0,73.0,,7.0,Miami (FL),College Stats,JoseWi20,2003.0,-24.285714285714285
1.0,26.0,SFO,Kwame Harris,T,21.0,2008.0,0.0,0.0,3.0,22.0,19.0,86.0,0.0,0.0,0.0,0.0,0.0,0.0,0.0,0.0,0.0,0.0,0.0,,,,Stanford,,HarrKw20,2003.0,-6.4761904761904745
1.0,27.0,KAN,Larry Johnson,RB,23.0,2011.0,1.0,2.0,4.0,51.0,50.0,85.0,1.0,3.0,4.0,1.0,0.0,1427.0,6223.0,55.0,154.0,1373.0,6.0,1.0,,,Penn St.,College Stats,JohnLa00,2003.0,8.714285714285715
1.0,28.0,TEN,Andre Woolfolk,DB,23.0,2006.0,0.0,0.0,0.0,6.0,6.0,39.0,0.0,0.0,0.0,0.0,0.0,0.0,0.0,0.0,0.0,0.0,0.0,108.0,3.0,,Oklahoma,College Stats,WoolAn20,2003.0,-25.428571428571427
1.0,29.0,GNB,Nick Barnett,LB,22.0,2013.0,0.0,0.0,9.0,60.0,50.0,153.0,0.0,0.0,0.0,0.0,0.0,0.0,0.0,0.0,0.0,0.0,0.0,732.0,12.0,20.5,Oregon St.,College Stats,BarnNi20,2003.0,30.142857142857142
1.0,30.0,SDG,Sammy Davis,DB,23.0,2007.0,0.0,0.0,2.0,12.0,11.0,71.0,0.0,0.0,0.0,0.0,0.0,0.0,0.0,0.0,0.0,0.0,0.0,147.0,3.0,1.0,Texas A&M,College Stats,DaviSa21,2003.0,-23.19047619047619
1.0,31.0,OAK,Nnamdi Asomugha,DB,22.0,2013.0,2.0,3.0,8.0,64.0,56.0,157.0,0.0,0.0,0.0,0.0,0.0,0.0,0.0,0.0,0.0,0.0,0.0,356.0,15.0,2.0,California,College Stats,AsomNn20,2003.0,29.476190476190474
1.0,32.0,OAK,Tyler Brayton,DE,23.0,2011.0,0.0,0.0,6.0,40.0,17.0,141.0,0.0,0.0,0.0,0.0,0.0,0.0,0.0,0.0,0.0,0.0,0.0,252.0,1.0,17.5,Colorado,College Stats,BrayTy20,2003.0,-1.904761904761905
2.0,33.0,CIN,Eric Steinbach,G,23.0,2010.0,0.0,0.0,8.0,48.0,30.0,125.0,0.0,0.0,0.0,0.0,0.0,0.0,0.0,0.0,0.0,0.0,0.0,,,,Iowa,College Stats,SteiEr20,2003.0,13.76190476190476
2.0,34.0,DET,Boss Bailey,LB,23.0,2008.0,0.0,0.0,4.0,22.0,21.0,64.0,0.0,0.0,0.0,0.0,0.0,0.0,0.0,0.0,0.0,0.0,0.0,226.0,2.0,7.0,Georgia,College Stats,BailBo20,2003.0,-15.523809523809526
2.0,35.0,CHI,Charles Tillman,DB,22.0,2015.0,1.0,2.0,11.0,66.0,64.0,168.0,0.0,0.0,0.0,0.0,0.0,0.0,0.0,0.0,0.0,0.0,0.0,790.0,38.0,3.0,Louisiana,College Stats,TillCh20,2003.0,26.95238095238095
2.0,36.0,NWE,Eugene Wilson,DB,23.0,2010.0,0.0,0.0,6.0,29.0,21.0,96.0,0.0,0.0,0.0,0.0,0.0,0.0,0.0,0.0,0.0,0.0,0.0,313.0,14.0,,Illinois,College Stats,WilsEu20,2003.0,-11.57142857142857
2.0,37.0,NOR,Jon Stinchcomb,T,24.0,2010.0,0.0,1.0,5.0,45.0,45.0,90.0,0.0,0.0,0.0,0.0,0.0,0.0,0.0,0.0,0.0,0.0,0.0,,,,Georgia,College Stats,StinJo20,2003.0,9.57142857142857
2.0,38.0,DAL,Al Johnson,C,24.0,2008.0,0.0,0.0,3.0,23.0,16.0,66.0,0.0,0.0,0.0,0.0,0.0,0.0,0.0,0.0,0.0,0.0,0.0,,,,Wisconsin,,JohnAl22,2003.0,-1.8571428571428577
2.0,39.0,JAX,Rashean Mathis,DB,23.0,2015.0,1.0,1.0,11.0,64.0,56.0,175.0,0.0,0.0,0.0,0.0,0.0,0.0,0.0,0.0,0.0,0.0,0.0,575.0,32.0,1.0,Bethune-Cookman,,MathRa99,2003.0,31.285714285714285
2.0,40.0,MIN,E.J. Henderson,LB,23.0,2011.0,0.0,1.0,7.0,47.0,47.0,125.0,0.0,0.0,0.0,0.0,0.0,0.0,0.0,0.0,0.0,0.0,0.0,559.0,5.0,15.5,Maryland,College Stats,HendE.20,2003.0,23.571428571428573
2.0,41.0,HOU,Bennie Joppru,TE,23.0,2007.0,0.0,0.0,0.0,0.0,0.0,19.0,0.0,0.0,0.0,0.0,0.0,0.0,0.0,0.0,0.0,0.0,0.0,5.0,,,Michigan,College Stats,JoppBe00,2003.0,-28.714285714285715
2.0,42.0,SEA,Ken Hamlin,DB,22.0,2010.0,0.0,1.0,6.0,37.0,20.0,107.0,0.0,0.0,0.0,0.0,0.0,0.0,0.0,0.0,0.0,0.0,0.0,378.0,15.0,5.0,Arkansas,College Stats,HamlKe20,2003.0,8.38095238095238
2.0,43.0,STL,Pisa Tinoisamoa,LB,22.0,2010.0,0.0,0.0,7.0,35.0,30.0,98.0,0.0,0.0,0.0,0.0,0.0,0.0,0.0,0.0,0.0,0.0,0.0,400.0,7.0,11.0,Hawaii,College Stats,TinoPi20,2003.0,11.904761904761905
2.0,44.0,WAS,Taylor Jacobs,WR,22.0,2007.0,0.0,0.0,0.0,2.0,2.0,56.0,0.0,0.0,0.0,0.0,0.0,2.0,-14.0,0.0,37.0,384.0,2.0,9.0,,,Florida,College Stats,JacoTa00,2003.0,-26.0
2.0,45.0,NWE,Bethel Johnson,WR,24.0,2006.0,0.0,0.0,0.0,8.0,7.0,50.0,0.0,0.0,0.0,0.0,0.0,7.0,4.0,0.0,39.0,606.0,4.0,7.0,,,Texas A&M,College Stats,JohnBe00,2003.0,-18.80952380952381
2.0,46.0,SDG,Drayton Florence,DB,22.0,2013.0,0.0,0.0,6.0,34.0,15.0,157.0,0.0,0.0,0.0,0.0,0.0,0.0,0.0,0.0,0.0,0.0,0.0,416.0,20.0,,Tuskegee,,FlorDr20,2003.0,5.38095238095238
2.0,47.0,KAN,Kawika Mitchell,LB,23.0,2010.0,0.0,0.0,6.0,37.0,20.0,97.0,0.0,0.0,0.0,0.0,0.0,0.0,0.0,0.0,0.0,0.0,0.0,373.0,6.0,13.0,South Florida,College Stats,MitcKa20,2003.0,3.952380952380949
2.0,48.0,BUF,Chris Kelsay,DE,23.0,2012.0,0.0,0.0,8.0,46.0,46.0,147.0,0.0,0.0,0.0,0.0,0.0,0.0,0.0,0.0,0.0,0.0,0.0,293.0,3.0,32.5,Nebraska,,KelsCh21,2003.0,17.19047619047619
2.0,49.0,MIA,Eddie Moore,LB,23.0,2005.0,0.0,0.0,0.0,3.0,3.0,18.0,0.0,0.0,0.0,0.0,0.0,0.0,0.0,0.0,0.0,0.0,0.0,27.0,,,Tennessee,College Stats,MoorEd20,2003.0,-20.6
2.0,50.0,CAR,Bruce Nelson,G,24.0,2003.0,0.0,0.0,0.0,2.0,2.0,15.0,0.0,0.0,0.0,0.0,0.0,0.0,0.0,0.0,0.0,0.0,0.0,,,,Iowa,,NelsBr20,2003.0,-26.714285714285715
2.0,51.0,DEN,Terry Pierce,LB,22.0,2004.0,0.0,0.0,0.0,1.0,1.0,18.0,0.0,0.0,0.0,0.0,0.0,0.0,0.0,0.0,0.0,0.0,0.0,7.0,,,Kansas St.,College Stats,PierTe20,2003.0,-24.842105263157894
2.0,52.0,CLE,Chaun Thompson,LB,23.0,2009.0,0.0,0.0,2.0,17.0,16.0,98.0,0.0,0.0,0.0,0.0,0.0,0.0,0.0,0.0,0.0,0.0,0.0,166.0,,11.5,West Texas A&M,,ThomCh23,2003.0,-6.666666666666668
2.0,53.0,NYJ,Victor Hobson,LB,23.0,2008.0,0.0,0.0,4.0,26.0,26.0,79.0,0.0,0.0,0.0,0.0,0.0,0.0,0.0,0.0,0.0,0.0,0.0,245.0,3.0,11.0,Michigan,College Stats,HobsVi20,2003.0,-0.14285714285714235
2.0,54.0,ARI,Anquan Boldin,WR,22.0,2016.0,0.0,3.0,14.0,86.0,49.0,202.0,1.0,4.0,-6.0,0.0,1.0,42.0,229.0,1.0,1076.0,13779.0,82.0,,,,Florida St.,College Stats,BoldAn00,2003.0,63.095238095238095
2.0,55.0,ATL,Bryan Scott,DB,22.0,2012.0,0.0,0.0,3.0,34.0,11.0,143.0,0.0,0.0,0.0,0.0,0.0,0.0,0.0,0.0,0.0,0.0,0.0,477.0,11.0,10.5,Penn St.,College Stats,ScotBr20,2003.0,0.952380952380949
2.0,56.0,NYG,Osi Umenyiora,DE,21.0,2014.0,1.0,2.0,6.0,63.0,57.0,161.0,0.0,0.0,0.0,0.0,0.0,0.0,0.0,0.0,0.0,0.0,0.0,316.0,1.0,85.0,Troy,,UmenOs99,2003.0,42.421052631578945
2.0,57.0,SFO,Anthony Adams,DT,23.0,2011.0,0.0,0.0,4.0,33.0,13.0,121.0,0.0,0.0,0.0,0.0,0.0,0.0,0.0,0.0,0.0,0.0,0.0,214.0,,10.5,Penn St.,,AdamAn20,2003.0,10.19047619047619
2.0,58.0,IND,Mike Doss,DB,22.0,2008.0,0.0,0.0,3.0,17.0,16.0,57.0,0.0,0.0,0.0,0.0,0.0,0.0,0.0,0.0,0.0,0.0,0.0,211.0,7.0,1.0,Ohio St.,College Stats,DossMi20,2003.0,-7.5238095238095255
2.0,59.0,PIT,Alonzo Jackson,LB,22.0,2005.0,0.0,0.0,0.0,2.0,1.0,18.0,0.0,0.0,0.0,0.0,0.0,0.0,0.0,0.0,0.0,0.0,0.0,15.0,,,Florida St.,College Stats,JackAl23,2003.0,-19.904761904761905
2.0,60.0,TEN,Tyrone Calico,WR,22.0,2005.0,0.0,0.0,0.0,5.0,5.0,27.0,0.0,0.0,0.0,0.0,0.0,1.0,5.0,0.0,42.0,501.0,4.0,,,,Middle Tenn. St.,College Stats,CaliTy00,2003.0,-20.095238095238095
2.0,61.0,PHI,L.J. Smith,TE,23.0,2009.0,0.0,0.0,4.0,21.0,21.0,98.0,0.0,0.0,0.0,0.0,0.0,0.0,0.0,0.0,233.0,2556.0,18.0,9.0,,,Rutgers,College Stats,SmitL.00,2003.0,-7.857142857142858
2.0,62.0,SDG,Terrence Kiel,DB,22.0,2006.0,0.0,0.0,3.0,17.0,17.0,59.0,0.0,0.0,0.0,0.0,0.0,0.0,0.0,0.0,0.0,0.0,0.0,218.0,4.0,2.0,Texas A&M,College Stats,KielTe20,2003.0,-8.75
2.0,63.0,OAK,Teyo Johnson,TE,21.0,2005.0,0.0,0.0,0.0,2.0,2.0,30.0,0.0,0.0,0.0,0.0,0.0,0.0,0.0,0.0,26.0,288.0,3.0,6.0,,,Stanford,College Stats,JohnTe00,2003.0,-28.9
2.0,64.0,TAM,Dewayne White,DE,23.0,2009.0,0.0,0.0,2.0,24.0,13.0,96.0,0.0,0.0,0.0,0.0,0.0,0.0,0.0,0.0,0.0,0.0,0.0,168.0,3.0,27.0,Louisville,College Stats,WhitDe20,2003.0,-5.904761904761905
3.0,65.0,CIN,Kelley Washington,WR,24.0,2010.0,0.0,0.0,0.0,13.0,7.0,91.0,0.0,0.0,0.0,0.0,0.0,3.0,5.0,0.0,120.0,1500.0,12.0,22.0,,,Tennessee,College Stats,WashKe00,2003.0,-12.899999999999999
3.0,66.0,DET,Cory Redding,DE,22.0,2015.0,0.0,0.0,10.0,54.0,26.0,188.0,0.0,0.0,0.0,0.0,0.0,0.0,0.0,0.0,0.0,0.0,0.0,309.0,2.0,35.5,Texas,College Stats,ReddCo20,2003.0,28.523809523809526
3.0,67.0,HOU,Antwan Peek,LB,23.0,2007.0,0.0,0.0,1.0,12.0,9.0,65.0,0.0,0.0,0.0,0.0,0.0,0.0,0.0,0.0,0.0,0.0,0.0,91.0,1.0,14.0,Cincinnati,College Stats,PeekAn20,2003.0,-6.949999999999999
3.0,68.0,CHI,Lance Briggs,LB,22.0,2014.0,1.0,7.0,12.0,98.0,98.0,173.0,0.0,0.0,0.0,0.0,0.0,0.0,0.0,0.0,0.0,0.0,0.0,944.0,16.0,15.0,Arizona,College Stats,BrigLa99,2003.0,81.52380952380952
3.0,69.0,DAL,Jason Witten,TE,21.0,2020.0,2.0,11.0,16.0,80.0,79.0,271.0,1.0,1.0,42.0,0.0,0.0,0.0,0.0,0.0,1228.0,13046.0,74.0,4.0,,,Tennessee,College Stats,WittJa00,2003.0,53.42857142857143
3.0,70.0,ARI,Gerald Hayes,LB,22.0,2010.0,0.0,0.0,4.0,27.0,27.0,94.0,0.0,0.0,0.0,0.0,0.0,0.0,0.0,0.0,0.0,0.0,0.0,349.0,4.0,5.5,Pittsburgh,College Stats,HayeGe20,2003.0,4.095238095238095
3.0,71.0,MIN,Nate Burleson,WR,22.0,2013.0,0.0,0.0,9.0,45.0,17.0,135.0,0.0,0.0,0.0,0.0,0.0,40.0,257.0,0.0,457.0,5630.0,39.0,4.0,,,Nevada,College Stats,BurlNa00,2003.0,17.142857142857142
3.0,72.0,JAX,Vince Manuwai,G,23.0,2010.0,0.0,0.0,7.0,49.0,49.0,111.0,0.0,0.0,0.0,0.0,0.0,0.0,0.0,0.0,1.0,-1.0,0.0,,,,Hawaii,,ManuVi20,2003.0,30.4
3.0,73.0,SEA,Wayne Hunter,T,22.0,2012.0,0.0,0.0,1.0,13.0,0.0,77.0,0.0,0.0,0.0,0.0,0.0,0.0,0.0,0.0,0.0,0.0,0.0,,,,Hawaii,,HuntWa20,2003.0,-11.523809523809526
3.0,74.0,STL,Kevin Curtis,WR,25.0,2010.0,0.0,0.0,3.0,25.0,13.0,81.0,0.0,0.0,0.0,0.0,0.0,9.0,39.0,1.0,253.0,3297.0,20.0,,,,Utah St.,College Stats,CurtKe00,2003.0,6.571428571428573
3.0,75.0,HOU,Seth Wand,T,24.0,2008.0,0.0,0.0,1.0,10.0,10.0,53.0,0.0,0.0,0.0,0.0,0.0,0.0,0.0,0.0,0.0,0.0,0.0,,,,NW Missouri St.,,WandSe20,2003.0,-13.45
3.0,76.0,CAR,Mike Seidman,TE,22.0,2006.0,0.0,0.0,0.0,1.0,1.0,43.0,0.0,0.0,0.0,0.0,0.0,0.0,0.0,0.0,18.0,158.0,2.0,1.0,,,UCLA,College Stats,SeidMi00,2003.0,-20.35
3.0,77.0,BAL,Musa Smith,RB,21.0,2007.0,0.0,0.0,0.0,6.0,6.0,49.0,0.0,0.0,0.0,0.0,0.0,132.0,496.0,4.0,54.0,363.0,0.0,23.0,,,Georgia,College Stats,SmitMu00,2003.0,-12.952380952380953
3.0,78.0,MIA,Wade Smith,T,22.0,2014.0,0.0,1.0,6.0,43.0,7.0,143.0,0.0,0.0,0.0,0.0,0.0,0.0,0.0,0.0,0.0,0.0,0.0,,,,Memphis,College Stats,SmitWa21,2003.0,17.142857142857142
3.0,79.0,GNB,Kenny Peterson,DT,24.0,2009.0,0.0,0.0,1.0,11.0,4.0,76.0,0.0,0.0,0.0,0.0,0.0,0.0,0.0,0.0,0.0,0.0,0.0,82.0,,8.0,Ohio St.,,PeteKe21,2003.0,-5.699999999999999
3.0,80.0,SDG,Courtney Van Buren,T,23.0,2004.0,0.0,0.0,1.0,3.0,3.0,9.0,0.0,0.0,0.0,0.0,0.0,0.0,0.0,0.0,0.0,0.0,0.0,,,,Ark-Pine Bluff,,VanBCo20,2003.0,-8.238095238095237
3.0,81.0,WAS,Derrick Dockery,G,22.0,2012.0,0.0,0.0,7.0,44.0,30.0,141.0,0.0,0.0,0.0,0.0,0.0,0.0,0.0,0.0,0.0,0.0,0.0,,,,Texas,College Stats,DockDe20,2003.0,19.0
3.0,82.0,CAR,Ricky Manning,DB,22.0,2008.0,0.0,0.0,1.0,22.0,14.0,84.0,0.0,0.0,0.0,0.0,0.0,0.0,0.0,0.0,0.0,0.0,0.0,223.0,14.0,4.0,UCLA,College Stats,MannRi20,2003.0,8.55
3.0,83.0,OAK,Sam Williams,DE,23.0,2010.0,0.0,0.0,1.0,13.0,13.0,84.0,0.0,0.0,0.0,0.0,0.0,0.0,0.0,0.0,0.0,0.0,0.0,104.0,1.0,1.0,Fresno St.,College Stats,WillSa22,2003.0,-10.761904761904763
3.0,84.0,CLE,Chris Crocker,DB,23.0,2013.0,0.0,0.0,7.0,42.0,9.0,151.0,0.0,0.0,0.0,0.0,0.0,1.0,21.0,0.0,0.0,0.0,0.0,427.0,15.0,14.5,Marshall,College Stats,CrocCh20,2003.0,16.571428571428573
3.0,85.0,NYJ,B.J. Askew,FB,23.0,2009.0,0.0,0.0,1.0,4.0,1.0,83.0,0.0,0.0,0.0,0.0,0.0,35.0,116.0,2.0,45.0,317.0,0.0,31.0,,,Michigan,College Stats,AskeB.00,2003.0,-8.0
3.0,86.0,NOR,Cie Grant,LB,23.0,2003.0,0.0,0.0,0.0,1.0,1.0,7.0,0.0,0.0,0.0,0.0,0.0,0.0,0.0,0.0,0.0,0.0,0.0,4.0,,,Ohio St.,College Stats,GranCi20,2003.0,-19.0
3.0,87.0,MIA,Taylor Whitley,G,23.0,2005.0,0.0,0.0,1.0,4.0,4.0,18.0,0.0,0.0,0.0,0.0,0.0,0.0,0.0,0.0,0.0,0.0,0.0,,,,Texas A&M,,WhitTa21,2003.0,-7.476190476190476
3.0,88.0,HOU,Dave Ragone,QB,23.0,2003.0,0.0,0.0,0.0,1.0,1.0,2.0,20.0,40.0,135.0,0.0,1.0,6.0,51.0,0.0,1.0,-5.0,0.0,,,,Louisville,College Stats,RagoDa00,2003.0,-19.19047619047619
3.0,89.0,SFO,Andrew Williams,DE,24.0,2004.0,0.0,0.0,0.0,1.0,1.0,9.0,0.0,0.0,0.0,0.0,0.0,0.0,0.0,0.0,0.0,0.0,0.0,10.0,,,Miami (FL),College Stats,WillAn20,2003.0,-18.0
3.0,90.0,IND,Donald Strickland,DB,22.0,2011.0,0.0,0.0,0.0,12.0,5.0,89.0,0.0,0.0,0.0,0.0,0.0,0.0,0.0,0.0,0.0,0.0,0.0,204.0,2.0,4.0,Colorado,College Stats,StriDo20,2003.0,-2.1428571428571423
3.0,91.0,NYG,Visanthe Shiancoe,TE,23.0,2013.0,0.0,0.0,5.0,23.0,1.0,149.0,0.0,0.0,0.0,0.0,0.0,0.0,0.0,0.0,245.0,2679.0,27.0,,,,Morgan St.,,ShiaVi00,2003.0,-2.6999999999999993
3.0,92.0,KAN,Julian Battle,DB,22.0,2004.0,0.0,0.0,0.0,2.0,2.0,26.0,0.0,0.0,0.0,0.0,0.0,0.0,0.0,0.0,0.0,0.0,0.0,24.0,,,Tennessee,College Stats,BattJu20,2003.0,-22.8
3.0,93.0,TEN,Chris Brown,RB,22.0,2009.0,0.0,0.0,2.0,24.0,23.0,68.0,0.0,1.0,0.0,0.0,1.0,722.0,3024.0,19.0,90.0,741.0,2.0,,,,Colorado,College Stats,BrowCh03,2003.0,11.80952380952381
3.0,94.0,BUF,Angelo Crowell,LB,22.0,2007.0,0.0,0.0,3.0,18.0,18.0,65.0,0.0,0.0,0.0,0.0,0.0,0.0,0.0,0.0,0.0,0.0,0.0,233.0,5.0,7.0,Virginia,College Stats,CrowAn20,2003.0,-1.8500000000000014
3.0,95.0,PHI,Billy McMullen,WR,23.0,2008.0,0.0,0.0,0.0,5.0,2.0,49.0,0.0,0.0,0.0,0.0,0.0,0.0,0.0,0.0,52.0,725.0,3.0,4.0,,,Virginia,College Stats,McMuBi00,2003.0,-10.789473684210526
3.0,96.0,OAK,Justin Fargas,FB,23.0,2009.0,0.0,0.0,2.0,20.0,20.0,92.0,0.0,0.0,0.0,0.0,0.0,827.0,3369.0,10.0,77.0,523.0,0.0,20.0,,,USC,College Stats,FargJu00,2003.0,6.380952380952381
3.0,97.0,TAM,Chris Simms,QB,23.0,2009.0,0.0,0.0,1.0,8.0,8.0,23.0,297.0,511.0,3117.0,12.0,18.0,33.0,48.0,1.0,1.0,-3.0,0.0,,,,Texas,College Stats,SimmCh00,2003.0,-4.857142857142858
4.0,98.0,CIN,Dennis Weathersby,DB,23.0,2003.0,0.0,0.0,0.0,0.0,0.0,4.0,0.0,0.0,0.0,0.0,0.0,0.0,0.0,0.0,0.0,0.0,0.0,,,,Oregon St.,College Stats,WeatDe20,2003.0,-21.047619047619047
4.0,99.0,DET,Artose Pinner,RB,25.0,2007.0,0.0,0.0,0.0,8.0,7.0,47.0,0.0,0.0,0.0,0.0,0.0,250.0,858.0,8.0,39.0,308.0,0.0,8.0,,,Kentucky,College Stats,PinnAr00,2003.0,-9.857142857142858
4.0,100.0,CHI,Todd Johnson,DB,24.0,2009.0,0.0,0.0,1.0,13.0,9.0,80.0,0.0,0.0,0.0,0.0,0.0,0.0,0.0,0.0,0.0,0.0,0.0,160.0,,1.0,Florida,College Stats,JohnTo20,2003.0,-6.399999999999999
4.0,101.0,HOU,Domanick Williams,RB,22.0,2005.0,0.0,0.0,3.0,33.0,33.0,40.0,0.0,1.0,0.0,0.0,0.0,770.0,3195.0,23.0,154.0,1276.0,5.0,,,,LSU,College Stats,DaviDo01,2003.0,20.8
4.0,102.0,NOR,Montrae Holland,G,23.0,2011.0,0.0,0.0,4.0,30.0,13.0,99.0,0.0,0.0,0.0,0.0,0.0,0.0,0.0,0.0,0.0,0.0,0.0,,,,Florida St.,,HollMo20,2003.0,9.571428571428573
4.0,103.0,DAL,Bradie James,LB,22.0,2012.0,0.0,0.0,8.0,53.0,47.0,157.0,0.0,0.0,0.0,0.0,0.0,0.0,0.0,0.0,0.0,0.0,0.0,572.0,2.0,16.0,LSU,College Stats,JameBr20,2003.0,36.38095238095238
4.0,104.0,JAX,George Wrighster,TE,22.0,2008.0,0.0,0.0,1.0,8.0,8.0,67.0,0.0,0.0,0.0,0.0,0.0,0.0,0.0,0.0,94.0,850.0,9.0,3.0,,,Oregon,College Stats,WrigGe00,2003.0,-6.5
4.0,105.0,MIN,Onterrio Smith,RB,22.0,2004.0,0.0,0.0,0.0,14.0,14.0,26.0,0.0,0.0,0.0,0.0,0.0,231.0,1123.0,7.0,51.0,523.0,2.0,1.0,,,Oregon,College Stats,SmitOn00,2003.0,-3.3999999999999986
4.0,106.0,STL,Shaun McDonald,WR,22.0,2009.0,0.0,0.0,1.0,19.0,8.0,88.0,0.0,0.0,0.0,0.0,0.0,11.0,16.0,0.0,220.0,2490.0,11.0,2.0,,,Arizona St.,College Stats,McDoSh00,2003.0,3.8571428571428577
4.0,107.0,STL,DeJuan Groce,DB,23.0,2006.0,0.0,0.0,1.0,10.0,9.0,54.0,0.0,0.0,0.0,0.0,0.0,0.0,0.0,0.0,0.0,0.0,0.0,116.0,3.0,,Nebraska,College Stats,GrocDe20,2003.0,0.7619047619047628
4.0,108.0,DEN,Quentin Griffin,RB,22.0,2004.0,0.0,0.0,0.0,6.0,6.0,16.0,0.0,0.0,0.0,0.0,0.0,179.0,656.0,2.0,18.0,129.0,1.0,,,,Oklahoma,College Stats,GrifQu00,2003.0,-16.57894736842105
4.0,109.0,BAL,Jarret Johnson,DE,22.0,2014.0,0.0,0.0,9.0,55.0,45.0,184.0,0.0,0.0,0.0,0.0,0.0,0.0,0.0,0.0,0.0,0.0,0.0,368.0,3.0,25.5,Alabama,,JohnJa23,2003.0,31.952380952380953
4.0,110.0,SEA,Seneca Wallace,QB,23.0,2013.0,0.0,0.0,1.0,14.0,11.0,64.0,468.0,788.0,4947.0,31.0,19.0,68.0,293.0,1.0,6.0,106.0,0.0,,,,Iowa St.,College Stats,WallSe00,2003.0,3.7619047619047628
4.0,111.0,BUF,Terrence McGee,DB,22.0,2012.0,0.0,1.0,7.0,49.0,49.0,122.0,0.0,0.0,0.0,0.0,0.0,0.0,0.0,0.0,0.0,0.0,0.0,441.0,17.0,3.0,Northwestern St. (LA),,McGeTe99,2003.0,38.04761904761905
4.0,112.0,SDG,Matt Wilhelm,LB,22.0,2010.0,0.0,0.0,1.0,18.0,15.0,89.0,0.0,0.0,0.0,0.0,0.0,0.0,0.0,0.0,0.0,0.0,0.0,187.0,6.0,2.0,Ohio St.,College Stats,WilhMa20,2003.0,-0.8421052631578938
4.0,113.0,KAN,Brett Williams,T,23.0,2004.0,0.0,0.0,0.0,0.0,0.0,5.0,0.0,0.0,0.0,0.0,0.0,0.0,0.0,0.0,0.0,0.0,0.0,,,,Florida St.,,WillBr21,2003.0,-16.0
4.0,114.0,DEN,Nick Eason,DT,23.0,2012.0,0.0,0.0,0.0,16.0,,117.0,0.0,0.0,0.0,0.0,0.0,0.0,0.0,0.0,0.0,0.0,0.0,87.0,,7.0,Clemson,,EasoNi20,2003.0,4.052631578947368
4.0,115.0,CLE,Lee Suggs,RB,23.0,2006.0,0.0,0.0,0.0,8.0,8.0,29.0,0.0,0.0,0.0,0.0,0.0,269.0,1074.0,4.0,28.0,217.0,1.0,6.0,,,Virginia Tech,College Stats,SuggLe00,2003.0,-1.7368421052631575
4.0,116.0,CHI,Ian Scott,DT,21.0,2009.0,0.0,0.0,3.0,22.0,19.0,65.0,0.0,0.0,0.0,0.0,0.0,0.0,0.0,0.0,0.0,0.0,0.0,90.0,1.0,3.0,Florida,College Stats,ScotIa20,2003.0,10.047619047619047
4.0,117.0,NWE,Dan Klecko,DT,22.0,2008.0,0.0,0.0,0.0,8.0,4.0,63.0,0.0,0.0,0.0,0.0,0.0,2.0,5.0,0.0,10.0,56.0,1.0,35.0,,5.0,Temple,College Stats,KlecDa20,2003.0,-7.0
4.0,118.0,CIN,Jeremi Johnson,FB,23.0,2009.0,0.0,0.0,4.0,4.0,4.0,96.0,0.0,0.0,0.0,0.0,0.0,52.0,149.0,2.0,61.0,310.0,6.0,,,,Western Kentucky,College Stats,JohnJe00,2003.0,-10.75
4.0,119.0,CAR,Colin Branch,DB,23.0,2006.0,0.0,0.0,1.0,8.0,8.0,48.0,0.0,0.0,0.0,0.0,0.0,0.0,0.0,0.0,0.0,0.0,0.0,67.0,4.0,,Stanford,College Stats,BranCo20,2003.0,-7.666666666666666
4.0,120.0,NWE,Asante Samuel,DB,22.0,2013.0,1.0,4.0,9.0,74.0,31.0,157.0,0.0,0.0,0.0,0.0,0.0,0.0,0.0,0.0,0.0,0.0,0.0,398.0,51.0,,Central Florida,College Stats,SamuAs20,2003.0,54.75
4.0,121.0,ATL,Justin Griffith,FB,23.0,2009.0,0.0,0.0,6.0,11.0,8.0,96.0,0.0,0.0,0.0,0.0,0.0,94.0,413.0,1.0,141.0,989.0,12.0,,,,Mississippi St.,College Stats,GrifJu00,2003.0,2.8421052631578956
4.0,122.0,IND,Steve Sciullo,G,23.0,2004.0,0.0,0.0,1.0,13.0,9.0,28.0,0.0,0.0,0.0,0.0,0.0,0.0,0.0,0.0,0.0,0.0,0.0,,,,Marshall,College Stats,SciuSt20,2003.0,-2.8421052631578956
4.0,123.0,NYG,Roderick Babers,DB,22.0,2004.0,0.0,0.0,0.0,0.0,,7.0,0.0,0.0,0.0,0.0,0.0,0.0,0.0,0.0,0.0,0.0,0.0,8.0,,,Texas,College Stats,BabeRo20,2003.0,-13.7
4.0,124.0,SFO,Brandon Lloyd,WR,22.0,2014.0,0.0,1.0,6.0,41.0,11.0,142.0,0.0,1.0,0.0,0.0,0.0,1.0,-18.0,0.0,399.0,5989.0,36.0,,,,Illinois,College Stats,LloyBr00,2003.0,27.57142857142857
4.0,125.0,PIT,Ike Taylor,DB,23.0,2014.0,0.0,0.0,9.0,53.0,53.0,174.0,0.0,0.0,0.0,0.0,0.0,0.0,0.0,0.0,0.0,0.0,0.0,518.0,14.0,3.0,Louisiana,College Stats,TaylIk20,2003.0,38.421052631578945
4.0,126.0,TEN,Rien Long,DT,22.0,2005.0,0.0,0.0,0.0,5.0,5.0,39.0,0.0,0.0,0.0,0.0,0.0,0.0,0.0,0.0,0.0,0.0,0.0,49.0,,9.5,Washington St.,College Stats,LongRi20,2003.0,-19.35
4.0,127.0,BUF,Sam Aiken,WR,22.0,2010.0,0.0,0.0,0.0,7.0,3.0,95.0,0.0,0.0,0.0,0.0,0.0,0.0,0.0,0.0,48.0,684.0,2.0,38.0,,,North Carolina,College Stats,AikeSa00,2003.0,-1.8499999999999996
4.0,128.0,DEN,Bryant McNeal,DE,,,0.0,0.0,0.0,,,,,,,,,,,,,,,,,,Clemson,College Stats,-9999,2003.0,
4.0,129.0,OAK,Shurron Pierson,DE,21.0,2004.0,0.0,0.0,0.0,0.0,0.0,12.0,0.0,0.0,0.0,0.0,0.0,0.0,0.0,0.0,0.0,0.0,0.0,7.0,,,South Florida,College Stats,PierSh20,2003.0,-9.85
4.0,130.0,TAM,Lance Nimmo,T,,,0.0,0.0,0.0,,,,,,,,,,,,,,,,,,West Virginia,,-9999,2003.0,
4.0,131.0,PHI,Jamaal Green,DE,23.0,2005.0,0.0,0.0,0.0,1.0,1.0,8.0,0.0,0.0,0.0,0.0,0.0,0.0,0.0,0.0,0.0,0.0,0.0,2.0,,1.0,Miami (FL),,GreeJa20,2003.0,-12.789473684210526
4.0,132.0,JAX,LaBrandon Toefield,RB,22.0,2007.0,0.0,0.0,0.0,5.0,5.0,45.0,1.0,2.0,32.0,0.0,0.0,163.0,572.0,7.0,46.0,277.0,2.0,5.0,,,LSU,College Stats,ToefLa00,2003.0,-5.705882352941176
4.0,133.0,TAM,Austin King,C,22.0,2006.0,0.0,0.0,0.0,3.0,,34.0,0.0,0.0,0.0,0.0,0.0,0.0,0.0,0.0,0.0,0.0,0.0,,,,Northwestern,,KingAu20,2003.0,-7.857142857142858
4.0,134.0,BAL,Ovie Mughelli,FB,23.0,2011.0,0.0,1.0,5.0,6.0,2.0,107.0,0.0,0.0,0.0,0.0,0.0,42.0,120.0,1.0,62.0,490.0,6.0,45.0,,,Wake Forest,College Stats,MughOv00,2003.0,-9.411764705882353
4.0,135.0,SEA,Solomon Bates,LB,21.0,2004.0,0.0,0.0,0.0,2.0,2.0,17.0,0.0,0.0,0.0,0.0,0.0,0.0,0.0,0.0,0.0,0.0,0.0,25.0,,,Arizona St.,College Stats,BateSo20,2003.0,-22.444444444444443
5.0,136.0,CIN,Khalid Abdullah,LB,24.0,2003.0,0.0,0.0,0.0,1.0,1.0,16.0,0.0,0.0,0.0,0.0,0.0,0.0,0.0,0.0,0.0,0.0,0.0,8.0,,,Mars Hill,,AbduKh20,2003.0,-7.800000000000001
5.0,137.0,DET,Terrence Holt,DB,23.0,2008.0,0.0,0.0,3.0,18.0,13.0,71.0,0.0,0.0,0.0,0.0,0.0,0.0,0.0,0.0,0.0,0.0,0.0,189.0,8.0,0.5,North Carolina St.,College Stats,HoltTe20,2003.0,-2.94736842105263
5.0,138.0,IND,Robert Mathis,DE,22.0,2016.0,1.0,5.0,9.0,67.0,67.0,192.0,0.0,0.0,0.0,0.0,0.0,0.0,0.0,0.0,0.0,0.0,0.0,408.0,1.0,123.0,Alabama A&M,,MathRo20,2003.0,53.578947368421055
5.0,139.0,CHI,Bobby Wade,WR,22.0,2009.0,0.0,0.0,3.0,22.0,5.0,102.0,0.0,0.0,0.0,0.0,0.0,22.0,93.0,0.0,244.0,2858.0,9.0,2.0,,,Arizona,College Stats,WadeBo00,2003.0,14.142857142857142
5.0,140.0,NYJ,Derek Pagel,DB,23.0,2004.0,0.0,0.0,0.0,1.0,1.0,19.0,0.0,0.0,0.0,0.0,0.0,0.0,0.0,0.0,0.0,0.0,0.0,13.0,,,Iowa,College Stats,PageDe20,2003.0,-10.476190476190476
5.0,141.0,ARI,Kenny King,DE,22.0,2003.0,0.0,0.0,0.0,1.0,1.0,11.0,0.0,0.0,0.0,0.0,0.0,0.0,0.0,0.0,0.0,0.0,0.0,14.0,,2.0,Alabama,College Stats,KingKe20,2003.0,-7.666666666666666
5.0,142.0,CLE,Ryan Pontbriand,C,23.0,2011.0,0.0,2.0,0.0,18.0,18.0,134.0,0.0,0.0,0.0,0.0,0.0,0.0,0.0,0.0,0.0,0.0,0.0,13.0,,,Rice,,PontRy20,2003.0,2.3157894736842106
5.0,143.0,CHI,Justin Gage,WR,22.0,2010.0,0.0,0.0,3.0,25.0,6.0,100.0,0.0,0.0,0.0,0.0,0.0,0.0,0.0,0.0,201.0,2958.0,16.0,3.0,,,Missouri,College Stats,GageJu00,2003.0,8.684210526315791
5.0,144.0,DET,James Davis,LB,24.0,2005.0,0.0,0.0,2.0,13.0,13.0,40.0,0.0,0.0,0.0,0.0,0.0,0.0,0.0,0.0,0.0,0.0,0.0,101.0,,3.5,West Virginia,College Stats,DaviJa24,2003.0,1.9499999999999993
5.0,145.0,CAR,Kindal Moorehead,DT,24.0,2008.0,0.0,0.0,1.0,14.0,12.0,89.0,0.0,0.0,0.0,0.0,0.0,0.0,0.0,0.0,0.0,0.0,0.0,93.0,1.0,10.5,Alabama,College Stats,MoorKi20,2003.0,3.5
5.0,146.0,BAL,Aubrayo Franklin,DT,23.0,2013.0,0.0,0.0,7.0,42.0,3.0,142.0,0.0,0.0,0.0,0.0,0.0,0.0,0.0,0.0,0.0,0.0,0.0,195.0,1.0,4.0,Tennessee,,FranAu20,2003.0,16.55
5.0,147.0,GNB,James Lee,DT,23.0,2004.0,0.0,0.0,0.0,1.0,1.0,9.0,0.0,0.0,0.0,0.0,0.0,0.0,0.0,0.0,0.0,0.0,0.0,7.0,,1.0,Oregon St.,,LeexJa21,2003.0,-9.375
5.0,148.0,STL,Dan Curley,FB,25.0,2003.0,0.0,0.0,0.0,0.0,0.0,1.0,0.0,0.0,0.0,0.0,0.0,0.0,0.0,0.0,0.0,0.0,0.0,,,,Eastern Washington,,CurlDa20,2003.0,-7.421052631578948
5.0,149.0,SDG,Mike Scifres,P,22.0,2015.0,0.0,0.0,0.0,23.0,23.0,195.0,1.0,3.0,28.0,0.0,1.0,1.0,-7.0,0.0,0.0,0.0,0.0,10.0,,,Western Illinois,,ScifMi20,2003.0,7.9
5.0,150.0,NYJ,Matt Walters,DE,24.0,2003.0,0.0,0.0,0.0,1.0,1.0,11.0,0.0,0.0,0.0,0.0,0.0,0.0,0.0,0.0,0.0,0.0,0.0,6.0,,,Miami (FL),College Stats,WaltMa20,2003.0,-7.7368421052631575
5.0,151.0,BUF,Ben Sobieski,T,24.0,2003.0,0.0,0.0,0.0,0.0,0.0,1.0,0.0,0.0,0.0,0.0,0.0,0.0,0.0,0.0,0.0,0.0,0.0,,,,Iowa,,SobiBe20,2003.0,-13.055555555555555
5.0,152.0,CLE,Michael Lehan,DB,23.0,2008.0,0.0,0.0,1.0,9.0,4.0,67.0,0.0,0.0,0.0,0.0,0.0,0.0,0.0,0.0,0.0,0.0,0.0,118.0,1.0,1.0,Minnesota,College Stats,LehaMi20,2003.0,-0.125
5.0,153.0,KAN,Jordan Black,T,23.0,2012.0,0.0,0.0,2.0,24.0,16.0,94.0,0.0,0.0,0.0,0.0,0.0,0.0,0.0,0.0,0.0,0.0,0.0,,,,Notre Dame,College Stats,BlacJo20,2003.0,10.61111111111111
5.0,154.0,TEN,Donnie Nickey,DB,23.0,2010.0,0.0,0.0,0.0,8.0,8.0,123.0,0.0,0.0,0.0,0.0,0.0,1.0,0.0,0.0,1.0,26.0,0.0,86.0,,1.0,Ohio St.,College Stats,NickDo20,2003.0,-10.263157894736842
5.0,155.0,NOR,Melvin Williams,DE,24.0,2004.0,0.0,0.0,0.0,2.0,2.0,17.0,0.0,0.0,0.0,0.0,0.0,0.0,0.0,0.0,0.0,0.0,0.0,9.0,,,Kansas St.,,WillMe20,2003.0,-7.117647058823529
5.0,156.0,MIA,Donald Lee,TE,23.0,2011.0,0.0,0.0,5.0,17.0,2.0,133.0,0.0,0.0,0.0,0.0,0.0,0.0,0.0,0.0,209.0,1990.0,19.0,18.0,,,Mississippi St.,College Stats,LeexDo00,2003.0,7.888888888888889
5.0,157.0,DEN,Ben Claxton,G,23.0,2009.0,0.0,0.0,0.0,0.0,,3.0,0.0,0.0,0.0,0.0,0.0,0.0,0.0,0.0,0.0,0.0,0.0,,,,Mississippi,,ClaxBe20,2003.0,-10.25
5.0,158.0,DEN,Adrian Madise,WR,23.0,2003.0,0.0,0.0,0.0,0.0,0.0,11.0,0.0,0.0,0.0,0.0,0.0,1.0,10.0,0.0,2.0,10.0,0.0,1.0,,,TCU,College Stats,MadiAd00,2003.0,-6.5
5.0,159.0,ATL,Jon Olinger,WR,,,0.0,0.0,0.0,,,,,,,,,,,,,,,,,,Cincinnati,College Stats,-9999,2003.0,
5.0,160.0,NYG,David Diehl,G,22.0,2013.0,0.0,1.0,11.0,67.0,67.0,164.0,0.0,0.0,0.0,0.0,0.0,0.0,0.0,0.0,0.0,0.0,0.0,,,,Illinois,,DiehDa21,2003.0,56.27777777777778
5.0,161.0,SFO,Aaron Walker,TE,23.0,2007.0,0.0,0.0,0.0,3.0,2.0,55.0,0.0,0.0,0.0,0.0,0.0,0.0,0.0,0.0,25.0,312.0,1.0,8.0,,,Florida,College Stats,WalkAa00,2003.0,-9.166666666666666
5.0,162.0,IND,Keyon Whiteside,LB,23.0,2004.0,0.0,0.0,0.0,0.0,0.0,12.0,0.0,0.0,0.0,0.0,0.0,0.0,0.0,0.0,0.0,0.0,0.0,3.0,,,Tennessee,College Stats,WhitKe20,2003.0,-6.176470588235294
5.0,163.0,PIT,Brian St. Pierre,QB,23.0,2010.0,0.0,0.0,0.0,0.0,0.0,3.0,15.0,33.0,185.0,2.0,3.0,5.0,-1.0,0.0,0.0,0.0,0.0,,,,Boston Col.,College Stats,St.PBr20,2003.0,-13.333333333333334
5.0,164.0,NWE,Dan Koppen,C,23.0,2012.0,0.0,1.0,9.0,72.0,68.0,136.0,0.0,0.0,0.0,0.0,0.0,0.0,0.0,0.0,0.0,0.0,0.0,,,,Boston Col.,,KoppDa20,2003.0,59.95
5.0,165.0,SEA,Chris Davis,FB,23.0,2003.0,0.0,0.0,0.0,0.0,0.0,1.0,0.0,0.0,0.0,0.0,0.0,0.0,0.0,0.0,0.0,0.0,0.0,,,,Syracuse,College Stats,DaviCh24,2003.0,-13.35
5.0,166.0,GNB,Hunter Hillenmeyer,LB,22.0,2010.0,0.0,0.0,5.0,34.0,,101.0,0.0,0.0,0.0,0.0,0.0,0.0,0.0,0.0,0.0,0.0,0.0,300.0,2.0,7.0,Vanderbilt,College Stats,HillHu20,2003.0,20.333333333333336
5.0,167.0,OAK,Doug Gabriel,WR,23.0,2006.0,0.0,0.0,1.0,14.0,10.0,57.0,0.0,0.0,0.0,0.0,0.0,3.0,12.0,0.0,101.0,1550.0,8.0,4.0,,,Central Florida,College Stats,GabrDo00,2003.0,5.235294117647058
5.0,168.0,TAM,Sean Mahan,G,23.0,2009.0,0.0,0.0,3.0,24.0,16.0,94.0,0.0,0.0,0.0,0.0,0.0,0.0,0.0,0.0,0.0,0.0,0.0,,,,Notre Dame,,MahaSe20,2003.0,11.944444444444445
5.0,169.0,MIA,J.R. Tolver,WR,,,0.0,0.0,0.0,,,,,,,,,,,,,,,,,,San Diego St.,College Stats,-9999,2003.0,
5.0,170.0,STL,Shane Walton,DB,23.0,2003.0,0.0,0.0,0.0,0.0,0.0,4.0,0.0,0.0,0.0,0.0,0.0,0.0,0.0,0.0,0.0,0.0,0.0,2.0,,,Notre Dame,College Stats,WaltSh20,2003.0,-7.0588235294117645
5.0,171.0,CHI,Tron LaFavor,DT,23.0,2003.0,0.0,0.0,0.0,0.0,0.0,4.0,0.0,0.0,0.0,0.0,0.0,0.0,0.0,0.0,0.0,0.0,0.0,2.0,,,Florida,College Stats,LaFaTr20,2003.0,-6.588235294117647
5.0,172.0,STL,Kevin Garrett,DB,23.0,2006.0,0.0,0.0,0.0,2.0,2.0,24.0,0.0,0.0,0.0,0.0,0.0,0.0,0.0,0.0,0.0,0.0,0.0,20.0,,,SMU,College Stats,GarrKe20,2003.0,-5.5625
5.0,173.0,BAL,Tony Pashos,T,23.0,2013.0,0.0,0.0,5.0,34.0,9.0,104.0,0.0,0.0,0.0,0.0,0.0,0.0,0.0,0.0,0.0,0.0,0.0,,,,Illinois,,PashTo20,2003.0,22.142857142857142
6.0,174.0,CIN,Langston Moore,DT,22.0,2008.0,0.0,0.0,0.0,7.0,4.0,51.0,0.0,0.0,0.0,0.0,0.0,0.0,0.0,0.0,0.0,0.0,0.0,68.0,,5.0,South Carolina,College Stats,MoorLa20,2003.0,-5.235294117647058
6.0,175.0,DET,David Kircus,WR,23.0,2006.0,0.0,0.0,0.0,3.0,1.0,28.0,0.0,0.0,0.0,0.0,0.0,0.0,0.0,0.0,15.0,308.0,1.0,,,,Grand Valley St.,,KircDa00,2003.0,-5.842105263157896
6.0,176.0,JAX,Brandon Green,DE,23.0,2006.0,0.0,0.0,0.0,5.0,0.0,32.0,0.0,0.0,0.0,0.0,0.0,0.0,0.0,0.0,0.0,0.0,0.0,48.0,,3.5,Rice,College Stats,GreeBr20,2003.0,-1.0526315789473681
6.0,177.0,ARI,Reggie Wells,G,22.0,2012.0,0.0,0.0,6.0,40.0,39.0,119.0,0.0,0.0,0.0,0.0,0.0,0.0,0.0,0.0,0.0,0.0,0.0,,,,Clarion,,WellRe20,2003.0,29.473684210526315
6.0,178.0,DAL,B.J. Tucker,DB,22.0,2006.0,0.0,0.0,0.0,0.0,,10.0,0.0,0.0,0.0,0.0,0.0,0.0,0.0,0.0,0.0,0.0,0.0,15.0,,,Wisconsin,College Stats,TuckB.20,2003.0,-13.571428571428571
6.0,179.0,JAX,David Young,DB,24.0,2003.0,0.0,0.0,0.0,0.0,,5.0,0.0,0.0,0.0,0.0,0.0,0.0,0.0,0.0,0.0,0.0,0.0,5.0,,,Georgia Southern,,YounDa20,2003.0,-6.526315789473684
6.0,180.0,MIN,Eddie Johnson,P,22.0,2003.0,0.0,0.0,0.0,1.0,1.0,14.0,0.0,0.0,0.0,0.0,0.0,2.0,15.0,0.0,0.0,0.0,0.0,1.0,,,Idaho St.,,JohnEd22,2003.0,-8.61111111111111
6.0,181.0,MIA,Corey Jenkins,LB,27.0,2004.0,0.0,0.0,0.0,1.0,1.0,23.0,0.0,0.0,0.0,0.0,0.0,0.0,0.0,0.0,0.0,0.0,0.0,7.0,,,South Carolina,College Stats,JenkCo20,2003.0,-8.368421052631579
6.0,182.0,BAL,Gerome Sapp,DB,22.0,2007.0,0.0,0.0,0.0,6.0,3.0,67.0,0.0,0.0,0.0,0.0,0.0,0.0,0.0,0.0,0.0,0.0,0.0,94.0,,2.0,Notre Dame,College Stats,SappGe20,2003.0,-4.277777777777779
6.0,183.0,SEA,Rashad Moore,DT,24.0,2007.0,0.0,0.0,1.0,11.0,10.0,44.0,0.0,0.0,0.0,0.0,0.0,0.0,0.0,0.0,0.0,0.0,0.0,65.0,,3.0,Tennessee,College Stats,MoorRa21,2003.0,5.894736842105263
6.0,184.0,STL,Scott Tercero,G,21.0,2004.0,0.0,0.0,0.0,2.0,2.0,8.0,0.0,0.0,0.0,0.0,0.0,0.0,0.0,0.0,0.0,0.0,0.0,,,,California,,TercSc20,2003.0,-3.3157894736842106
6.0,185.0,PHI,Jeremy Bridges,G,23.0,2012.0,0.0,0.0,2.0,23.0,,112.0,0.0,0.0,0.0,0.0,0.0,0.0,0.0,0.0,0.0,0.0,0.0,,,,Southern Miss,,BridJe20,2003.0,19.058823529411764
6.0,186.0,DAL,Zuriel Smith,WR,23.0,2003.0,0.0,0.0,0.0,0.0,0.0,9.0,0.0,0.0,0.0,0.0,0.0,0.0,0.0,0.0,3.0,46.0,0.0,,,,Hampton,,SmitZu00,2003.0,-10.38888888888889
6.0,187.0,BUF,Lauvale Sape,DT,23.0,2005.0,0.0,0.0,0.0,1.0,1.0,10.0,0.0,0.0,0.0,0.0,0.0,0.0,0.0,0.0,0.0,0.0,0.0,7.0,,,Utah,,SapeLa20,2003.0,-11.15
6.0,188.0,SDG,Hanik Milligan,DB,23.0,2007.0,0.0,1.0,0.0,6.0,4.0,53.0,0.0,0.0,0.0,0.0,0.0,0.0,0.0,0.0,0.0,0.0,0.0,46.0,,,Houston,College Stats,MillHa99,2003.0,-5.764705882352942
6.0,189.0,KAN,Jimmy Wilkerson,DE,22.0,2010.0,0.0,0.0,1.0,17.0,6.0,119.0,0.0,0.0,0.0,0.0,0.0,0.0,0.0,0.0,0.0,0.0,0.0,142.0,,14.0,Oklahoma,,WilkJi20,2003.0,8.6
6.0,190.0,MIN,Mike Nattiel,LB,22.0,2004.0,0.0,0.0,0.0,3.0,3.0,32.0,0.0,0.0,0.0,0.0,0.0,0.0,0.0,0.0,0.0,0.0,0.0,44.0,1.0,,Florida,College Stats,NattMi20,2003.0,-6.611111111111111
6.0,191.0,CHI,Joe Odom,LB,23.0,2005.0,0.0,0.0,0.0,6.0,6.0,28.0,0.0,0.0,0.0,0.0,0.0,0.0,0.0,0.0,0.0,0.0,0.0,45.0,,,Purdue,College Stats,OdomJo20,2003.0,-9.421052631578947
6.0,192.0,HOU,Drew Henson,QB,23.0,2008.0,0.0,0.0,0.0,0.0,,9.0,11.0,20.0,98.0,1.0,1.0,1.0,7.0,0.0,0.0,0.0,0.0,,,,Michigan,College Stats,HensDr00,2003.0,-7.2
6.0,193.0,JAX,Marques Ogden,T,,,0.0,0.0,0.0,,,,,,,,,,,,,,,,,,Howard,,-9999,2003.0,
6.0,194.0,DEN,Aaron Hunt,DE,,,0.0,0.0,0.0,,,,,,,,,,,,,,,,,,Texas Tech,College Stats,-9999,2003.0,
6.0,195.0,CLE,Antonio Garay,DE,23.0,2012.0,0.0,0.0,2.0,15.0,0.0,56.0,0.0,0.0,0.0,0.0,0.0,0.0,0.0,0.0,0.0,0.0,0.0,94.0,,9.0,Boston Col.,College Stats,GaraAn20,2003.0,1.235294117647058
6.0,196.0,ATL,LaTarence Dunbar,WR,23.0,2003.0,0.0,0.0,0.0,0.0,0.0,5.0,0.0,0.0,0.0,0.0,0.0,0.0,0.0,0.0,0.0,0.0,0.0,4.0,,,TCU,College Stats,DunbLa20,2003.0,-4.5
6.0,197.0,SFO,Arnaz Battle,WR,23.0,2011.0,0.0,0.0,2.0,18.0,18.0,113.0,2.0,3.0,27.0,0.0,0.0,22.0,77.0,1.0,178.0,2150.0,11.0,36.0,,,Notre Dame,College Stats,BattAr00,2003.0,11.6875
6.0,198.0,IND,Cato June,LB,23.0,2009.0,0.0,1.0,5.0,38.0,25.0,89.0,0.0,0.0,0.0,0.0,0.0,0.0,0.0,0.0,0.0,0.0,0.0,354.0,12.0,1.0,Michigan,College Stats,JuneCa99,2003.0,29.22222222222222
6.0,199.0,NYG,Willie Ponder,WR,23.0,2006.0,0.0,0.0,0.0,2.0,2.0,38.0,0.0,0.0,0.0,0.0,0.0,2.0,0.0,0.0,8.0,38.0,0.0,4.0,,,SE Missouri St.,College Stats,PondWi00,2003.0,-19.125
6.0,200.0,NYJ,Brooks Bollinger,QB,23.0,2008.0,0.0,0.0,1.0,6.0,5.0,21.0,211.0,360.0,2226.0,9.0,9.0,41.0,155.0,0.0,0.0,0.0,0.0,,,,Wisconsin,College Stats,BollBr00,2003.0,-9.066666666666666
6.0,201.0,NWE,Kliff Kingsbury,QB,24.0,2005.0,0.0,0.0,0.0,0.0,,1.0,1.0,2.0,17.0,0.0,0.0,0.0,0.0,0.0,0.0,0.0,0.0,,,,Texas Tech,College Stats,KingKl00,2003.0,-4.117647058823529
6.0,202.0,ATL,Waine Bacon,DB,24.0,2004.0,0.0,0.0,0.0,1.0,,11.0,0.0,0.0,0.0,0.0,0.0,0.0,0.0,0.0,0.0,0.0,0.0,13.0,1.0,,Alabama,College Stats,BacoWa20,2003.0,-4.111111111111111
6.0,203.0,NOR,Kareem Kelly,WR,,,0.0,0.0,0.0,,,,,,,,,,,,,,,,,,USC,College Stats,-9999,2003.0,
6.0,204.0,OAK,Dustin Rykert,T,,,0.0,0.0,0.0,,,,,,,,,,,,,,,,,,BYU,,-9999,2003.0,
6.0,205.0,TAM,Torrie Cox,DB,22.0,2009.0,0.0,0.0,0.0,5.0,5.0,56.0,0.0,0.0,0.0,0.0,0.0,0.0,0.0,0.0,0.0,0.0,0.0,75.0,1.0,,Pittsburgh,College Stats,CoxxTo21,2003.0,-5.529411764705882
6.0,206.0,CHI,Brock Forsey,RB,23.0,2004.0,0.0,0.0,0.0,2.0,2.0,16.0,0.0,0.0,0.0,0.0,0.0,69.0,244.0,2.0,3.0,37.0,0.0,1.0,,,Boise St.,College Stats,ForsBr00,2003.0,-4.0
6.0,207.0,NYG,Frank Walker,DB,23.0,2011.0,0.0,0.0,1.0,14.0,6.0,107.0,0.0,0.0,0.0,0.0,0.0,0.0,0.0,0.0,0.0,0.0,0.0,152.0,9.0,,Tuskegee,,WalkFr20,2003.0,0.117647058823529
6.0,208.0,IND,Makoa Freitas,T,23.0,2004.0,0.0,0.0,0.0,7.0,7.0,28.0,0.0,0.0,0.0,0.0,0.0,0.0,0.0,0.0,0.0,0.0,0.0,,,,Arizona,,FreiMa20,2003.0,1.333333333333333
6.0,209.0,MIA,Tim Provost,T,,,0.0,0.0,0.0,,,,,,,,,,,,,,,,,,San Jose St.,,-9999,2003.0,
6.0,210.0,ARI,Tony Gilbert,LB,23.0,2009.0,0.0,0.0,0.0,6.0,,68.0,0.0,0.0,0.0,0.0,0.0,0.0,0.0,0.0,0.0,0.0,0.0,39.0,,1.0,Georgia,College Stats,GilbTo20,2003.0,-1.9411764705882355
6.0,211.0,NYG,David Tyree,WR,23.0,2009.0,0.0,1.0,0.0,5.0,5.0,83.0,0.0,0.0,0.0,0.0,0.0,1.0,-9.0,0.0,54.0,650.0,4.0,65.0,,,Syracuse,College Stats,TyreDa00,2003.0,-0.40000000000000036
6.0,212.0,GNB,Brennan Curtin,T,,,0.0,0.0,0.0,,,,,,,,,,,,,,,,,,Notre Dame,,-9999,2003.0,
6.0,213.0,MIA,Yeremiah Bell,DB,25.0,2013.0,0.0,1.0,7.0,40.0,29.0,142.0,0.0,0.0,0.0,0.0,0.0,0.0,0.0,0.0,0.0,0.0,0.0,569.0,8.0,13.0,Eastern Kentucky,,BellYe20,2003.0,32.0
6.0,214.0,HOU,Keith Wright,DT,,,0.0,0.0,0.0,,,,,,,,,,,,,,,,,,Missouri,,-9999,2003.0,
7.0,215.0,CIN,Scott Kooistra,T,22.0,2009.0,0.0,0.0,0.0,6.0,6.0,84.0,0.0,0.0,0.0,0.0,0.0,0.0,0.0,0.0,0.0,0.0,0.0,,,,North Carolina St.,,KooiSc20,2003.0,-2.6111111111111107
7.0,216.0,DET,Ben Johnson,T,,,0.0,0.0,0.0,,,,,,,,,,,,,,,,,,Wisconsin,,-9999,2003.0,
7.0,217.0,HOU,Curry Burns,DB,22.0,2006.0,0.0,0.0,0.0,1.0,0.0,11.0,0.0,0.0,0.0,0.0,0.0,0.0,0.0,0.0,0.0,0.0,0.0,26.0,1.0,,Louisville,College Stats,BurnCu20,2003.0,-6.235294117647059
7.0,218.0,JAX,Malaefou MacKenzie,FB,24.0,2003.0,0.0,0.0,0.0,0.0,0.0,1.0,0.0,0.0,0.0,0.0,0.0,0.0,0.0,0.0,0.0,0.0,0.0,,,,USC,College Stats,MacKMa20,2003.0,-9.866666666666667
7.0,219.0,DAL,Justin Bates,G,,,0.0,0.0,0.0,,,,,,,,,,,,,,,,,,Colorado,,-9999,2003.0,
7.0,220.0,DET,Blue Adams,DB,23.0,2007.0,0.0,0.0,0.0,3.0,,50.0,0.0,0.0,0.0,0.0,0.0,0.0,0.0,0.0,0.0,0.0,0.0,45.0,,1.0,Cincinnati,College Stats,AdamBl20,2003.0,-4.588235294117647
7.0,221.0,MIN,Keenan Howry,WR,22.0,2005.0,0.0,0.0,0.0,0.0,0.0,23.0,0.0,0.0,0.0,0.0,0.0,0.0,0.0,0.0,3.0,18.0,0.0,,,,Oregon,College Stats,HowrKe00,2003.0,-7.714285714285714
7.0,222.0,SEA,Josh Brown,K,24.0,2016.0,0.0,1.0,0.0,34.0,14.0,201.0,1.0,1.0,36.0,1.0,0.0,0.0,0.0,0.0,0.0,0.0,0.0,23.0,,,Nebraska,College Stats,brownjos01,2003.0,27.5
7.0,223.0,BAL,Trent Smith,TE,23.0,2005.0,0.0,0.0,0.0,0.0,,5.0,0.0,0.0,0.0,0.0,0.0,0.0,0.0,0.0,3.0,7.0,0.0,,,,Oklahoma,College Stats,SmitTr01,2003.0,-4.785714285714286
7.0,224.0,SEA,Taco Wallace,WR,22.0,2005.0,0.0,0.0,0.0,0.0,0.0,4.0,0.0,0.0,0.0,0.0,0.0,0.0,0.0,0.0,0.0,0.0,0.0,,,,Kansas St.,College Stats,WallTa00,2003.0,-16.0
7.0,225.0,TEN,Todd Williams,G,25.0,2005.0,0.0,0.0,0.0,0.0,0.0,7.0,0.0,0.0,0.0,0.0,0.0,0.0,0.0,0.0,0.0,0.0,0.0,,,,Florida St.,,WillTo21,2003.0,-6.0588235294117645
7.0,226.0,CAR,Walter Young,WR,23.0,2006.0,0.0,0.0,0.0,0.0,0.0,9.0,0.0,0.0,0.0,0.0,0.0,0.0,0.0,0.0,1.0,17.0,0.0,2.0,,,Illinois,College Stats,YounWa00,2003.0,-7.176470588235294
7.0,227.0,DEN,Clint Mitchell,DE,,,0.0,0.0,0.0,,,,,,,,,,,,,,,,,,Florida,College Stats,-9999,2003.0,
7.0,228.0,BUF,Mario Haggan,LB,23.0,2012.0,0.0,0.0,2.0,21.0,4.0,132.0,0.0,0.0,0.0,0.0,0.0,0.0,0.0,0.0,0.0,0.0,0.0,232.0,1.0,9.0,Mississippi St.,College Stats,HaggMa20,2003.0,15.666666666666668
7.0,229.0,SDG,Andrew Pinnock,FB,23.0,2007.0,0.0,0.0,0.0,1.0,1.0,42.0,0.0,0.0,0.0,0.0,0.0,18.0,56.0,0.0,4.0,31.0,0.0,10.0,,,South Carolina,College Stats,PinnAn00,2003.0,-5.055555555555555
7.0,230.0,KAN,Montique Sharpe,DT,23.0,2003.0,0.0,0.0,0.0,0.0,0.0,5.0,0.0,0.0,0.0,0.0,0.0,0.0,0.0,0.0,0.0,0.0,0.0,4.0,,1.0,Wake Forest,College Stats,SharMo20,2003.0,-9.11111111111111
7.0,231.0,NOR,Talman Gardner,WR,23.0,2004.0,0.0,0.0,0.0,0.0,0.0,21.0,0.0,0.0,0.0,0.0,0.0,0.0,0.0,0.0,4.0,52.0,0.0,11.0,,,Florida St.,College Stats,GardTa00,2003.0,-3.125
7.0,232.0,WAS,Gibran Hamdan,QB,22.0,2003.0,0.0,0.0,0.0,0.0,0.0,1.0,1.0,2.0,7.0,0.0,0.0,0.0,0.0,0.0,0.0,0.0,0.0,,,,Indiana,College Stats,HamdGi00,2003.0,-6.8125
7.0,233.0,HOU,Chance Pearce,C,,,0.0,0.0,0.0,,,,,,,,,,,,,,,,,,Texas A&M,,-9999,2003.0,
7.0,234.0,NWE,Spencer Nead,FB,25.0,2003.0,0.0,0.0,0.0,0.0,,10.0,0.0,0.0,0.0,0.0,0.0,0.0,0.0,0.0,1.0,6.0,0.0,7.0,,,BYU,College Stats,NeadSp00,2003.0,-5.777777777777778
7.0,235.0,DEN,Ahmaad Galloway,RB,,,0.0,0.0,0.0,,,,,,,,,,,,,,,,,,Alabama,College Stats,-9999,2003.0,
7.0,236.0,DET,Brandon Drumm,RB,,,0.0,0.0,0.0,,,,,,,,,,,,,,,,,,Colorado,College Stats,-9999,2003.0,
7.0,237.0,NYJ,Dave Yovanovits,G,22.0,2005.0,0.0,0.0,0.0,0.0,0.0,6.0,0.0,0.0,0.0,0.0,0.0,0.0,0.0,0.0,0.0,0.0,0.0,,,,Temple,,YovaDa20,2003.0,-2.6842105263157894
7.0,238.0,ATL,Demetrin Veal,DE,22.0,2007.0,0.0,0.0,0.0,4.0,0.0,37.0,0.0,0.0,0.0,0.0,0.0,0.0,0.0,0.0,0.0,0.0,0.0,43.0,,2.5,Tennessee,,VealDe20,2003.0,-4.153846153846153
7.0,239.0,NWE,Tully Banta-Cain,LB,23.0,2010.0,0.0,0.0,2.0,22.0,15.0,113.0,0.0,0.0,0.0,0.0,0.0,0.0,0.0,0.0,0.0,0.0,0.0,176.0,1.0,27.5,California,College Stats,BantTu20,2003.0,11.411764705882353
7.0,240.0,NYG,Charles Drake,DB,,,0.0,0.0,0.0,,,,,,,,,,,,,,,,,,Michigan,College Stats,-9999,2003.0,
7.0,241.0,SFO,Ken Dorsey,QB,22.0,2008.0,0.0,0.0,0.0,2.0,1.0,16.0,214.0,408.0,2082.0,8.0,18.0,11.0,18.0,0.0,0.0,0.0,0.0,,,,Miami (FL),College Stats,DorsKe00,2003.0,-2.7857142857142856
7.0,242.0,PIT,J.T. Wall,RB,,,0.0,0.0,0.0,,,,,,,,,,,,,,,,,,Georgia,College Stats,-9999,2003.0,
7.0,243.0,NWE,Ethan Kelley,DT,23.0,2007.0,0.0,0.0,1.0,6.0,0.0,36.0,0.0,0.0,0.0,0.0,0.0,0.0,0.0,0.0,0.0,0.0,0.0,44.0,,2.0,Baylor,,KellEt20,2003.0,0.20000000000000018
7.0,244.0,PHI,Norman LeJeune,DB,23.0,2006.0,0.0,0.0,0.0,0.0,,7.0,0.0,0.0,0.0,0.0,0.0,0.0,0.0,0.0,0.0,0.0,0.0,2.0,,,LSU,,LeJeNo20,2003.0,-13.3125
7.0,245.0,GNB,Chris Johnson,DB,23.0,2012.0,0.0,0.0,1.0,15.0,,77.0,0.0,0.0,0.0,0.0,0.0,0.0,0.0,0.0,0.0,0.0,0.0,178.0,8.0,,Louisville,,JohnCh26,2003.0,8.666666666666668
7.0,246.0,OAK,Siddeeq Shabazz,DB,22.0,2005.0,0.0,0.0,0.0,2.0,0.0,28.0,0.0,0.0,0.0,0.0,0.0,0.0,0.0,0.0,0.0,0.0,0.0,18.0,,,New Mexico St.,College Stats,ShabSi20,2003.0,-6.153846153846153
7.0,247.0,CAR,Casey Moore,RB,,,0.0,0.0,0.0,,,,,,,,,,,,,,,,,,Stanford,College Stats,-9999,2003.0,
7.0,248.0,MIA,Davern Williams,DT,23.0,2004.0,0.0,0.0,0.0,1.0,,3.0,0.0,0.0,0.0,0.0,0.0,0.0,0.0,0.0,0.0,0.0,0.0,3.0,,0.5,Troy,,WillDa22,2003.0,-10.642857142857142
7.0,249.0,NYG,Wayne Lucier,G,23.0,2004.0,0.0,0.0,1.0,9.0,9.0,27.0,0.0,0.0,0.0,0.0,0.0,0.0,0.0,0.0,0.0,0.0,0.0,,,,Colorado,College Stats,LuciWa20,2003.0,1.2941176470588234
7.0,250.0,BAL,Mike Mabry,C,,,0.0,0.0,0.0,,,,,,,,,,,,,,,,,,Central Florida,,-9999,2003.0,
7.0,251.0,STL,Scott Shanle,LB,23.0,2012.0,0.0,0.0,7.0,41.0,0.0,133.0,0.0,0.0,0.0,0.0,0.0,0.0,0.0,0.0,0.0,0.0,0.0,416.0,3.0,9.0,Nebraska,College Stats,ShanSc20,2003.0,31.5
7.0,252.0,KAN,Willie Pile,DB,23.0,2005.0,0.0,0.0,0.0,3.0,2.0,32.0,0.0,0.0,0.0,0.0,0.0,0.0,0.0,0.0,0.0,0.0,0.0,50.0,,,Virginia Tech,College Stats,PileWi20,2003.0,-6.666666666666666
7.0,253.0,GNB,DeAndrew Rubin,WR,,,0.0,0.0,0.0,,,,,,,,,,,,,,,,,,South Florida,College Stats,-9999,2003.0,
7.0,254.0,STL,Richard Angulo,TE,23.0,2008.0,0.0,0.0,0.0,2.0,0.0,27.0,0.0,0.0,0.0,0.0,0.0,0.0,0.0,0.0,17.0,155.0,1.0,,,,Western New Mexico,,AnguRi00,2003.0,-3.0
7.0,255.0,NYG,Kevin Walter,WR,22.0,2012.0,0.0,0.0,6.0,37.0,,152.0,0.0,0.0,0.0,0.0,0.0,13.0,82.0,0.0,356.0,4379.0,25.0,34.0,,,Eastern Michigan,College Stats,WaltKe00,2003.0,24.333333333333336
7.0,256.0,GNB,Carl Ford,WR,22.0,2005.0,0.0,0.0,0.0,0.0,,10.0,0.0,0.0,0.0,0.0,0.0,0.0,0.0,0.0,0.0,0.0,0.0,3.0,,,Toledo,College Stats,FordCa00,2003.0,-6.2
7.0,257.0,GNB,Steve Josue,LB,23.0,2004.0,0.0,0.0,0.0,0.0,0.0,4.0,0.0,0.0,0.0,0.0,0.0,0.0,0.0,0.0,0.0,0.0,0.0,6.0,,,Carson-Newman,,JosuSt20,2003.0,-4.5
7.0,258.0,BAL,Antwoine Sanders,DB,,,0.0,0.0,0.0,,,,,,,,,,,,,,,,,,Utah,College Stats,-9999,2003.0,
7.0,259.0,CIN,Elton Patterson,DE,22.0,2004.0,0.0,0.0,0.0,1.0,0.0,8.0,0.0,0.0,0.0,0.0,0.0,0.0,0.0,0.0,0.0,0.0,0.0,4.0,,1.0,Central Florida,,PattEl20,2003.0,0.5
7.0,260.0,DET,Travis Anglin,WR,,,0.0,0.0,0.0,,,,,,,,,,,,,,,,,,Memphis,College Stats,-9999,2003.0,
7.0,261.0,CHI,Bryan Anderson,G,23.0,2004.0,0.0,0.0,0.0,0.0,0.0,4.0,0.0,0.0,0.0,0.0,0.0,0.0,0.0,0.0,0.0,0.0,0.0,,,,Pittsburgh,,AndeBr22,2003.0,0.0
7.0,262.0,OAK,Ryan Hoag,WR,,,0.0,0.0,0.0,,,,,,,,,,,,,,,,,,Gustavus Adolphus,,-9999,2003.0,
1.0,1.0,SDG,Eli Manning,QB,23.0,2019.0,0.0,4.0,14.0,121.0,,236.0,4895.0,8119.0,57023.0,366.0,244.0,315.0,567.0,7.0,0.0,0.0,0.0,,,,Mississippi,College Stats,MannEl00,2004.0,44.57142857142857
1.0,2.0,OAK,Robert Gallery,T,24.0,2011.0,0.0,0.0,7.0,38.0,35.0,104.0,0.0,0.0,0.0,0.0,0.0,0.0,0.0,0.0,0.0,0.0,0.0,,,,Iowa,College Stats,GallRo20,2004.0,-15.476190476190474
1.0,3.0,ARI,Larry Fitzgerald HOF,WR,21.0,2020.0,1.0,11.0,17.0,93.0,93.0,263.0,2.0,4.0,53.0,1.0,0.0,20.0,68.0,0.0,1432.0,17492.0,121.0,,,,Pittsburgh,College Stats,FitzLa00,2004.0,40.714285714285715
1.0,4.0,NYG,Philip Rivers,QB,22.0,2025.0,0.0,8.0,15.0,150.0,,247.0,5335.0,8226.0,63984.0,425.0,212.0,385.0,600.0,3.0,0.0,-9.0,0.0,,,,North Carolina St.,College Stats,RivePh00,2004.0,96.0952380952381
1.0,5.0,WAS,Sean Taylor,DB,21.0,2007.0,0.0,2.0,4.0,32.0,32.0,55.0,0.0,0.0,0.0,0.0,0.0,0.0,0.0,0.0,0.0,0.0,0.0,243.0,12.0,2.0,Miami (FL),College Stats,TaylSe20,2004.0,-23.476190476190474
1.0,6.0,CLE,Kellen Winslow,TE,21.0,2013.0,0.0,1.0,5.0,37.0,19.0,105.0,0.0,0.0,0.0,0.0,0.0,1.0,7.0,0.0,469.0,5236.0,25.0,,,,Miami (FL),College Stats,WinsKe01,2004.0,-13.80952380952381
1.0,7.0,DET,Roy Williams,WR,22.0,2011.0,0.0,1.0,7.0,42.0,30.0,115.0,0.0,1.0,0.0,0.0,0.0,6.0,17.0,0.0,393.0,5715.0,44.0,1.0,,,Texas,College Stats,WillRo04,2004.0,-6.047619047619051
1.0,8.0,ATL,DeAngelo Hall,DB,20.0,2017.0,0.0,3.0,10.0,61.0,28.0,171.0,0.0,0.0,0.0,0.0,0.0,0.0,0.0,0.0,1.0,0.0,0.0,638.0,43.0,2.0,Virginia Tech,College Stats,HallDe99,2004.0,17.61904761904762
1.0,9.0,JAX,Reggie Williams,WR,21.0,2008.0,0.0,0.0,3.0,23.0,23.0,79.0,0.0,0.0,0.0,0.0,0.0,11.0,44.0,0.0,189.0,2322.0,18.0,,,,Washington,College Stats,WillRe00,2004.0,-25.23809523809524
1.0,10.0,HOU,Dunta Robinson,DB,22.0,2013.0,0.0,0.0,8.0,41.0,23.0,139.0,0.0,0.0,0.0,0.0,0.0,0.0,0.0,0.0,0.0,0.0,0.0,504.0,17.0,5.5,South Carolina,College Stats,RobiDu20,2004.0,1.6190476190476204
1.0,11.0,PIT,Ben Roethlisberger,QB,22.0,2021.0,0.0,6.0,17.0,131.0,131.0,249.0,5440.0,8443.0,64088.0,418.0,211.0,515.0,1373.0,20.0,2.0,-12.0,0.0,,,,Miami (OH),College Stats,RoetBe00,2004.0,78.04761904761905
1.0,12.0,NYJ,Jonathan Vilma,LB,22.0,2013.0,0.0,3.0,8.0,56.0,25.0,125.0,0.0,0.0,0.0,0.0,0.0,0.0,0.0,0.0,0.0,0.0,0.0,617.0,12.0,10.5,Miami (FL),College Stats,VilmJo99,2004.0,10.61904761904762
1.0,13.0,BUF,Lee Evans,WR,23.0,2011.0,0.0,0.0,7.0,47.0,47.0,118.0,0.0,1.0,0.0,0.0,0.0,10.0,145.0,0.0,381.0,6008.0,43.0,,,,Wisconsin,College Stats,EvanLe00,2004.0,-6.142857142857146
1.0,14.0,CHI,Tommie Harris,DT,21.0,2011.0,0.0,3.0,6.0,56.0,55.0,117.0,0.0,0.0,0.0,0.0,0.0,0.0,0.0,0.0,0.0,0.0,0.0,187.0,1.0,31.5,Oklahoma,College Stats,HarrTo99,2004.0,10.80952380952381
1.0,15.0,TAM,Michael Clayton,WR,21.0,2011.0,0.0,0.0,5.0,22.0,22.0,95.0,0.0,1.0,0.0,0.0,0.0,18.0,100.0,0.0,223.0,2955.0,10.0,4.0,,,LSU,College Stats,ClayMi00,2004.0,-15.76190476190476
1.0,16.0,PHI,Shawn Andrews,G,21.0,2010.0,1.0,2.0,3.0,35.0,32.0,63.0,0.0,0.0,0.0,0.0,0.0,0.0,0.0,0.0,0.0,0.0,0.0,,,,Arkansas,College Stats,AndrSh55,2004.0,-7.333333333333336
1.0,17.0,DEN,D.J. Williams,LB,22.0,2014.0,0.0,0.0,9.0,48.0,45.0,145.0,0.0,0.0,0.0,0.0,0.0,0.0,0.0,0.0,0.0,0.0,0.0,678.0,2.0,22.5,Miami (FL),College Stats,WillD.20,2004.0,2.6190476190476204
1.0,18.0,NOR,Will Smith,DE,23.0,2012.0,0.0,1.0,7.0,52.0,52.0,139.0,0.0,0.0,0.0,0.0,0.0,0.0,0.0,0.0,0.0,0.0,0.0,329.0,2.0,67.5,Ohio St.,College Stats,SmitWi99,2004.0,8.476190476190474
1.0,19.0,MIA,Vernon Carey,T,23.0,2011.0,0.0,0.0,7.0,44.0,44.0,121.0,0.0,0.0,0.0,0.0,0.0,0.0,0.0,0.0,0.0,0.0,0.0,,,,Miami (FL),,CareVe20,2004.0,7.80952380952381
1.0,20.0,MIN,Kenechi Udeze,DE,21.0,2007.0,0.0,0.0,3.0,20.0,20.0,51.0,0.0,0.0,0.0,0.0,0.0,0.0,0.0,0.0,0.0,0.0,0.0,86.0,,11.0,USC,College Stats,UdezKe20,2004.0,-17.61904761904762
1.0,21.0,NWE,Vince Wilfork,NT,22.0,2016.0,1.0,5.0,11.0,90.0,81.0,189.0,0.0,0.0,0.0,0.0,0.0,0.0,0.0,0.0,0.0,0.0,0.0,367.0,3.0,16.0,Miami (FL),College Stats,WilfVi20,2004.0,54.666666666666664
1.0,22.0,BUF,J.P. Losman,QB,23.0,2011.0,0.0,0.0,1.0,19.0,19.0,45.0,564.0,952.0,6271.0,33.0,34.0,105.0,490.0,3.0,0.0,0.0,0.0,,,,Tulane,College Stats,LosmJ.00,2004.0,-11.857142857142858
1.0,23.0,SEA,Marcus Tubbs,DT,23.0,2006.0,0.0,0.0,1.0,9.0,9.0,29.0,0.0,0.0,0.0,0.0,0.0,0.0,0.0,0.0,0.0,0.0,0.0,37.0,,7.0,Texas,,TubbMa20,2004.0,-22.0
1.0,24.0,STL,Steven Jackson,RB,21.0,2015.0,0.0,3.0,10.0,75.0,68.0,160.0,1.0,1.0,2.0,1.0,0.0,2764.0,11438.0,69.0,461.0,3683.0,9.0,,,,Oregon St.,College Stats,JackSt00,2004.0,23.095238095238095
1.0,25.0,GNB,Ahmad Carroll,DB,21.0,2009.0,0.0,0.0,2.0,14.0,13.0,57.0,0.0,0.0,0.0,0.0,0.0,0.0,0.0,0.0,0.0,11.0,0.0,117.0,3.0,3.0,Arkansas,College Stats,CarrAh20,2004.0,-21.285714285714285
1.0,26.0,CIN,Chris Perry,RB,22.0,2008.0,0.0,0.0,0.0,9.0,9.0,35.0,0.0,0.0,0.0,0.0,0.0,177.0,606.0,2.0,83.0,474.0,2.0,,,,Michigan,College Stats,PerrCh00,2004.0,-19.476190476190474
1.0,27.0,HOU,Jason Babin,LB,24.0,2015.0,0.0,2.0,5.0,46.0,9.0,148.0,0.0,0.0,0.0,0.0,0.0,0.0,0.0,0.0,0.0,0.0,0.0,285.0,,64.5,Western Michigan,College Stats,BabiJa20,2004.0,3.7142857142857153
1.0,28.0,CAR,Chris Gamble,DB,21.0,2012.0,0.0,0.0,8.0,44.0,44.0,123.0,0.0,0.0,0.0,0.0,0.0,0.0,0.0,0.0,0.0,0.0,0.0,440.0,27.0,1.0,Ohio St.,College Stats,GambCh20,2004.0,12.571428571428573
1.0,29.0,ATL,Michael Jenkins,WR,22.0,2012.0,0.0,0.0,6.0,39.0,33.0,130.0,0.0,0.0,0.0,0.0,0.0,2.0,4.0,0.0,354.0,4427.0,25.0,8.0,,,Ohio St.,College Stats,JenkMi00,2004.0,9.142857142857142
1.0,30.0,DET,Kevin Jones,RB,22.0,2008.0,0.0,0.0,4.0,27.0,26.0,64.0,0.0,0.0,0.0,0.0,0.0,795.0,3176.0,24.0,143.0,1011.0,3.0,2.0,,,Virginia Tech,College Stats,JoneKe02,2004.0,-8.19047619047619
1.0,31.0,SFO,Rashaun Woods,WR,23.0,2004.0,0.0,0.0,0.0,1.0,1.0,14.0,0.0,0.0,0.0,0.0,0.0,0.0,0.0,0.0,7.0,160.0,1.0,,,,Oklahoma St.,College Stats,WoodRa00,2004.0,-33.523809523809526
1.0,32.0,NWE,Ben Watson,TE,23.0,2019.0,0.0,0.0,11.0,40.0,19.0,205.0,0.0,0.0,0.0,0.0,0.0,2.0,10.0,0.0,547.0,6058.0,44.0,1.0,,,Georgia,College Stats,WatsBe00,2004.0,-1.904761904761905
2.0,33.0,ARI,Karlos Dansby,LB,22.0,2017.0,0.0,0.0,13.0,81.0,53.0,212.0,0.0,0.0,0.0,0.0,0.0,0.0,0.0,0.0,0.0,0.0,0.0,1077.0,20.0,43.0,Auburn,College Stats,DansKa20,2004.0,46.76190476190476
2.0,34.0,NYG,Chris Snee,G,22.0,2013.0,1.0,4.0,9.0,75.0,75.0,141.0,0.0,0.0,0.0,0.0,0.0,0.0,0.0,0.0,0.0,0.0,0.0,,,,Boston Col.,,SneeCh20,2004.0,37.476190476190474
2.0,35.0,SDG,Igor Olshansky,DE,22.0,2011.0,0.0,0.0,7.0,39.0,28.0,115.0,0.0,0.0,0.0,0.0,0.0,0.0,0.0,0.0,0.0,0.0,0.0,166.0,1.0,12.5,Oregon,College Stats,OlshIg20,2004.0,-0.047619047619051
2.0,36.0,KAN,Junior Siavii,DT,25.0,2010.0,0.0,0.0,0.0,6.0,2.0,56.0,0.0,0.0,0.0,0.0,0.0,0.0,0.0,0.0,0.0,0.0,0.0,46.0,,1.0,Oregon,,SiavJu20,2004.0,-34.57142857142857
2.0,37.0,DET,Teddy Lehman,LB,22.0,2008.0,0.0,0.0,1.0,9.0,9.0,45.0,0.0,0.0,0.0,0.0,0.0,0.0,0.0,0.0,0.0,0.0,0.0,106.0,2.0,1.0,Oklahoma,College Stats,LehmTe20,2004.0,-26.42857142857143
2.0,38.0,PIT,Ricardo Colclough,DB,20.0,2009.0,0.0,0.0,0.0,2.0,2.0,43.0,0.0,0.0,0.0,0.0,0.0,0.0,0.0,0.0,0.0,0.0,0.0,59.0,1.0,2.5,Tusculum,,ColcRi20,2004.0,-22.857142857142858
2.0,39.0,JAX,Daryl Smith,LB,22.0,2016.0,0.0,0.0,12.0,72.0,47.0,190.0,0.0,0.0,0.0,0.0,0.0,0.0,0.0,0.0,0.0,0.0,0.0,764.0,12.0,30.5,Georgia Tech,College Stats,SmitDa24,2004.0,39.285714285714285
2.0,40.0,TEN,Ben Troupe,TE,22.0,2008.0,0.0,0.0,2.0,8.0,8.0,57.0,0.0,0.0,0.0,0.0,0.0,1.0,-1.0,0.0,106.0,1056.0,7.0,4.0,,,Florida,College Stats,TrouBe00,2004.0,-15.428571428571427
2.0,41.0,DEN,Tatum Bell,RB,23.0,2008.0,0.0,0.0,1.0,22.0,20.0,54.0,0.0,0.0,0.0,0.0,0.0,569.0,2773.0,16.0,71.0,419.0,0.0,5.0,,,Oklahoma St.,College Stats,BellTa00,2004.0,-6.714285714285715
2.0,42.0,TEN,Travis LaBoy,DE,23.0,2011.0,0.0,0.0,3.0,21.0,10.0,95.0,0.0,0.0,0.0,0.0,0.0,0.0,0.0,0.0,0.0,0.0,0.0,147.0,1.0,29.5,Hawaii,College Stats,LaBoTr20,2004.0,-7.61904761904762
2.0,43.0,DAL,Julius Jones,RB,23.0,2010.0,0.0,0.0,6.0,38.0,29.0,94.0,0.0,0.0,0.0,0.0,0.0,1280.0,5068.0,22.0,150.0,1029.0,2.0,,,,Notre Dame,College Stats,JoneJu01,2004.0,14.904761904761905
2.0,44.0,IND,Bob Sanders,DB,23.0,2011.0,2.0,2.0,2.0,33.0,32.0,50.0,0.0,0.0,0.0,0.0,0.0,0.0,0.0,0.0,0.0,0.0,0.0,229.0,6.0,3.5,Iowa,College Stats,SandBo99,2004.0,5.0
2.0,45.0,OAK,Jake Grove,C,24.0,2009.0,0.0,0.0,4.0,20.0,15.0,66.0,0.0,0.0,0.0,0.0,0.0,0.0,0.0,0.0,0.0,0.0,0.0,,,,Virginia Tech,College Stats,GrovJa20,2004.0,-6.80952380952381
2.0,46.0,SFO,Justin Smiley,G,22.0,2010.0,0.0,0.0,5.0,30.0,16.0,88.0,0.0,0.0,0.0,0.0,0.0,0.0,0.0,0.0,0.0,0.0,0.0,,,,Alabama,,SmilJu20,2004.0,1.3809523809523796
2.0,47.0,CHI,Tank Johnson,DT,22.0,2010.0,0.0,0.0,2.0,22.0,11.0,91.0,0.0,0.0,0.0,0.0,0.0,0.0,0.0,0.0,0.0,0.0,0.0,107.0,,14.0,Washington,,JohnTa20,2004.0,-11.047619047619051
2.0,48.0,MIN,Dontarrious Thomas,LB,24.0,2008.0,0.0,0.0,0.0,8.0,8.0,63.0,0.0,0.0,0.0,0.0,0.0,0.0,0.0,0.0,0.0,0.0,0.0,104.0,,1.5,Auburn,College Stats,ThomDo21,2004.0,-20.80952380952381
2.0,49.0,CIN,Keiwan Ratliff,DB,23.0,2010.0,0.0,0.0,0.0,9.0,6.0,76.0,0.0,0.0,0.0,0.0,0.0,0.0,0.0,0.0,0.0,0.0,0.0,129.0,5.0,,Florida,College Stats,RatlKe20,2004.0,-14.600000000000001
2.0,50.0,NOR,Devery Henderson,WR,22.0,2012.0,0.0,0.0,6.0,36.0,36.0,124.0,0.0,0.0,0.0,0.0,0.0,18.0,119.0,1.0,245.0,4377.0,20.0,,,,LSU,College Stats,HendDe00,2004.0,7.285714285714285
2.0,51.0,BAL,Dwan Edwards,DT,23.0,2015.0,0.0,0.0,5.0,32.0,15.0,136.0,0.0,0.0,0.0,0.0,0.0,0.0,0.0,0.0,0.0,0.0,0.0,221.0,3.0,19.5,Oregon St.,,EdwaDw20,2004.0,6.157894736842106
2.0,52.0,DAL,Jacob Rogers,T,23.0,2004.0,0.0,0.0,0.0,0.0,0.0,2.0,0.0,0.0,0.0,0.0,0.0,0.0,0.0,0.0,0.0,0.0,0.0,,,,USC,College Stats,RogeJa20,2004.0,-23.666666666666668
2.0,53.0,SEA,Michael Boulware,DB,22.0,2007.0,0.0,0.0,2.0,16.0,15.0,64.0,0.0,0.0,0.0,0.0,0.0,0.0,0.0,0.0,0.0,0.0,0.0,146.0,11.0,3.0,Florida St.,College Stats,BoulMi20,2004.0,-10.142857142857142
2.0,54.0,DEN,Darius Watts,WR,22.0,2005.0,0.0,0.0,0.0,4.0,4.0,22.0,0.0,0.0,0.0,0.0,0.0,5.0,33.0,0.0,33.0,407.0,1.0,,,,Marshall,College Stats,WattDa00,2004.0,-18.904761904761905
2.0,55.0,JAX,Greg Jones,RB,23.0,2013.0,0.0,0.0,5.0,9.0,9.0,131.0,0.0,0.0,0.0,0.0,0.0,272.0,913.0,10.0,73.0,471.0,3.0,17.0,,,Florida St.,College Stats,JoneGr01,2004.0,-24.04761904761905
2.0,56.0,CIN,Madieu Williams,DB,22.0,2012.0,0.0,0.0,7.0,33.0,18.0,119.0,0.0,0.0,0.0,0.0,0.0,0.0,0.0,0.0,0.0,0.0,0.0,450.0,13.0,5.5,Maryland,College Stats,WillMa20,2004.0,12.421052631578949
2.0,57.0,TEN,Antwan Odom,DE,22.0,2010.0,0.0,0.0,4.0,24.0,16.0,74.0,0.0,0.0,0.0,0.0,0.0,0.0,0.0,0.0,0.0,0.0,0.0,97.0,,23.5,Alabama,,OdomAn20,2004.0,1.1904761904761898
2.0,58.0,SFO,Shawntae Spencer,DB,22.0,2012.0,0.0,0.0,5.0,26.0,25.0,100.0,0.0,0.0,0.0,0.0,0.0,0.0,0.0,0.0,0.0,0.0,0.0,309.0,11.0,2.5,Pittsburgh,College Stats,SpenSh20,2004.0,1.4761904761904745
2.0,59.0,CLE,Sean Jones,DB,22.0,2011.0,0.0,0.0,6.0,31.0,18.0,107.0,0.0,0.0,0.0,0.0,0.0,0.0,0.0,0.0,0.0,0.0,0.0,380.0,17.0,4.0,Georgia,College Stats,JoneSe20,2004.0,9.095238095238095
2.0,60.0,NOR,Courtney Watson,LB,23.0,2005.0,0.0,0.0,1.0,7.0,7.0,21.0,0.0,0.0,0.0,0.0,0.0,0.0,0.0,0.0,0.0,0.0,0.0,68.0,,3.0,Notre Dame,College Stats,WatsCo20,2004.0,-18.095238095238095
2.0,61.0,KAN,Kris Wilson,TE,23.0,2011.0,0.0,0.0,2.0,3.0,2.0,97.0,0.0,0.0,0.0,0.0,0.0,4.0,13.0,0.0,52.0,446.0,5.0,16.0,,,Pittsburgh,College Stats,WilsKr00,2004.0,-25.857142857142858
2.0,62.0,CAR,Keary Colbert,WR,22.0,2011.0,0.0,0.0,3.0,14.0,13.0,75.0,0.0,0.0,0.0,0.0,0.0,1.0,6.0,0.0,130.0,1629.0,8.0,,,,USC,College Stats,ColbKe00,2004.0,-11.75
2.0,63.0,NWE,Marquise Hill,DE,22.0,2006.0,0.0,0.0,0.0,1.0,1.0,13.0,0.0,0.0,0.0,0.0,0.0,0.0,0.0,0.0,0.0,0.0,0.0,2.0,,,LSU,,HillMa21,2004.0,-29.9
3.0,64.0,ARI,Darnell Dockett,DT,23.0,2013.0,0.0,3.0,10.0,69.0,69.0,158.0,0.0,0.0,0.0,0.0,0.0,0.0,0.0,0.0,0.0,0.0,0.0,358.0,4.0,40.5,Florida St.,College Stats,DockDa20,2004.0,39.095238095238095
3.0,65.0,SDG,Nate Kaeding,K,22.0,2012.0,1.0,2.0,0.0,21.0,21.0,115.0,0.0,0.0,0.0,0.0,0.0,0.0,0.0,0.0,0.0,0.0,0.0,15.0,,,Iowa,College Stats,kaedinat01,2004.0,-4.899999999999999
3.0,66.0,SDG,Nick Hardwick,C,23.0,2014.0,0.0,1.0,9.0,67.0,67.0,136.0,0.0,0.0,0.0,0.0,0.0,0.0,0.0,0.0,0.0,0.0,0.0,2.0,,,Purdue,,HardNi55,2004.0,41.523809523809526
3.0,67.0,OAK,Stuart Schweigert,DB,23.0,2008.0,0.0,0.0,3.0,15.0,15.0,69.0,0.0,0.0,0.0,0.0,0.0,0.0,0.0,0.0,0.0,0.0,0.0,266.0,4.0,,Purdue,College Stats,SchwSt20,2004.0,-3.9499999999999993
3.0,68.0,IND,Ben Hartsock,TE,24.0,2013.0,0.0,0.0,2.0,2.0,0.0,131.0,0.0,0.0,0.0,0.0,0.0,0.0,0.0,0.0,31.0,312.0,1.0,5.0,,,Ohio St.,College Stats,HartBe00,2004.0,-14.476190476190474
3.0,69.0,IND,Gilbert Gardner,LB,22.0,2008.0,0.0,0.0,1.0,8.0,7.0,53.0,0.0,0.0,0.0,0.0,0.0,0.0,0.0,0.0,0.0,0.0,0.0,82.0,1.0,1.0,Purdue,College Stats,GardGi20,2004.0,-18.571428571428573
3.0,70.0,GNB,Joey Thomas,DB,24.0,2008.0,0.0,0.0,0.0,3.0,2.0,31.0,0.0,0.0,0.0,0.0,0.0,0.0,0.0,0.0,0.0,0.0,0.0,34.0,,,Montana St.,,ThomJo21,2004.0,-19.904761904761905
3.0,71.0,TEN,Randy Starks,DT,20.0,2015.0,0.0,2.0,8.0,61.0,10.0,186.0,0.0,0.0,0.0,0.0,0.0,0.0,0.0,0.0,0.0,0.0,0.0,300.0,4.0,42.0,Maryland,,StarRa20,2004.0,33.14285714285714
3.0,72.0,GNB,Donnell Washington,DT,,,0.0,0.0,0.0,,,,,,,,,,,,,,,,,,Clemson,,-9999,2004.0,
3.0,73.0,DET,Keith Smith,DB,24.0,2009.0,0.0,0.0,0.0,6.0,6.0,74.0,0.0,0.0,0.0,0.0,0.0,0.0,0.0,0.0,0.0,0.0,0.0,130.0,4.0,1.0,McNeese St.,,SmitKe20,2004.0,-18.523809523809526
3.0,74.0,BUF,Tim Anderson,DT,23.0,2007.0,0.0,0.0,1.0,7.0,7.0,43.0,0.0,0.0,0.0,0.0,0.0,0.0,0.0,0.0,0.0,0.0,0.0,52.0,,1.0,Ohio St.,College Stats,AndeTi20,2004.0,-11.428571428571427
3.0,75.0,PIT,Max Starks,T,22.0,2013.0,0.0,0.0,6.0,44.0,44.0,125.0,0.0,0.0,0.0,0.0,0.0,0.0,0.0,0.0,0.0,0.0,0.0,,,,Florida,College Stats,StarMa21,2004.0,20.55
3.0,76.0,NYJ,Derrick Strait,DB,24.0,2006.0,0.0,0.0,0.0,4.0,4.0,29.0,0.0,0.0,0.0,0.0,0.0,0.0,0.0,0.0,0.0,0.0,0.0,56.0,,,Oklahoma,College Stats,StraDe20,2004.0,-17.35
3.0,77.0,SFO,Derrick Hamilton,WR,22.0,2004.0,0.0,0.0,0.0,0.0,0.0,2.0,0.0,0.0,0.0,0.0,0.0,0.0,0.0,0.0,0.0,0.0,0.0,,,,Clemson,College Stats,HamiDe20,2004.0,-18.952380952380953
3.0,78.0,CHI,Bernard Berrian,WR,23.0,2011.0,0.0,0.0,5.0,32.0,14.0,109.0,0.0,0.0,0.0,0.0,0.0,17.0,82.0,0.0,288.0,4122.0,24.0,,,,Fresno St.,College Stats,BerrBe00,2004.0,6.142857142857142
3.0,79.0,TAM,Marquis Cooper,LB,22.0,2008.0,0.0,0.0,0.0,2.0,2.0,42.0,0.0,0.0,0.0,0.0,0.0,0.0,0.0,0.0,0.0,0.0,0.0,34.0,,,Washington,College Stats,CoopMa21,2004.0,-14.7
3.0,80.0,CIN,Caleb Miller,LB,24.0,2007.0,0.0,0.0,0.0,8.0,8.0,39.0,0.0,0.0,0.0,0.0,0.0,0.0,0.0,0.0,0.0,0.0,0.0,111.0,,1.0,Arkansas,College Stats,MillCa20,2004.0,-3.2380952380952372
3.0,81.0,WAS,Chris Cooley,TE,22.0,2012.0,0.0,2.0,6.0,34.0,34.0,117.0,0.0,0.0,0.0,0.0,0.0,2.0,3.0,0.0,429.0,4711.0,33.0,2.0,,,Utah St.,College Stats,CoolCh00,2004.0,9.0
3.0,82.0,BAL,Devard Darling,WR,22.0,2008.0,0.0,0.0,1.0,4.0,2.0,46.0,0.0,0.0,0.0,0.0,0.0,0.0,0.0,0.0,37.0,578.0,4.0,12.0,,,Washington St.,College Stats,DarlDe00,2004.0,-9.45
3.0,83.0,DAL,Stephen Peterman,G,22.0,2012.0,0.0,0.0,6.0,34.0,0.0,90.0,0.0,0.0,0.0,0.0,0.0,0.0,0.0,0.0,0.0,0.0,0.0,,,,LSU,College Stats,PeteSt20,2004.0,10.238095238095237
3.0,84.0,SEA,Sean Locklear,T,23.0,2012.0,0.0,0.0,6.0,39.0,32.0,117.0,0.0,0.0,0.0,0.0,0.0,0.0,0.0,0.0,0.0,0.0,0.0,1.0,,,North Carolina St.,College Stats,LockSe20,2004.0,13.571428571428573
3.0,85.0,DEN,Jeremy LeSueur,DB,23.0,2005.0,0.0,0.0,0.0,0.0,,2.0,0.0,0.0,0.0,0.0,0.0,0.0,0.0,0.0,0.0,0.0,0.0,,,,Michigan,College Stats,LeSuJe20,2004.0,-12.0
3.0,86.0,JAX,Jorge Cordova,LB,22.0,2007.0,0.0,0.0,0.0,1.0,1.0,17.0,0.0,0.0,0.0,0.0,0.0,0.0,0.0,0.0,0.0,0.0,0.0,6.0,,,Nevada,,CordJo20,2004.0,-19.0
3.0,87.0,GNB,B.J. Sander,P,24.0,2005.0,0.0,0.0,0.0,1.0,1.0,14.0,1.0,1.0,4.0,0.0,0.0,1.0,-11.0,0.0,0.0,0.0,0.0,,,,Ohio St.,College Stats,SandB.20,2004.0,-10.476190476190476
3.0,88.0,MIN,Darrion Scott,DE,22.0,2011.0,0.0,0.0,2.0,15.0,15.0,57.0,0.0,0.0,0.0,0.0,0.0,0.0,0.0,0.0,0.0,0.0,0.0,80.0,,9.5,Ohio St.,,ScotDa20,2004.0,-5.19047619047619
3.0,89.0,PHI,Matt Ware,DB,21.0,2010.0,0.0,0.0,0.0,6.0,2.0,95.0,0.0,0.0,0.0,0.0,0.0,0.0,0.0,0.0,0.0,0.0,0.0,100.0,1.0,,UCLA,College Stats,WareMa20,2004.0,-13.0
3.0,90.0,ATL,Matt Schaub,QB,23.0,2020.0,0.0,2.0,7.0,68.0,4.0,155.0,2148.0,3348.0,25467.0,136.0,91.0,196.0,353.0,4.0,2.0,-13.0,0.0,1.0,,,Virginia,College Stats,SchaMa00,2004.0,53.85714285714286
3.0,91.0,STL,Anthony Hargrove,DE,21.0,2011.0,0.0,0.0,1.0,16.0,7.0,102.0,0.0,0.0,0.0,0.0,0.0,0.0,0.0,0.0,0.0,0.0,0.0,59.0,,19.5,Georgia Tech,,HargAn20,2004.0,-9.7
3.0,92.0,TEN,Rich Gardner,DB,23.0,2006.0,0.0,0.0,0.0,2.0,2.0,28.0,0.0,0.0,0.0,0.0,0.0,0.0,0.0,0.0,0.0,0.0,0.0,18.0,1.0,,Penn St.,College Stats,GardRi20,2004.0,-22.8
3.0,93.0,KAN,Keyaron Fox,LB,22.0,2011.0,0.0,0.0,0.0,13.0,4.0,98.0,0.0,0.0,0.0,0.0,0.0,0.0,0.0,0.0,0.0,0.0,0.0,141.0,1.0,1.0,Georgia Tech,College Stats,FoxxKe20,2004.0,0.8095238095238102
3.0,94.0,CAR,Travelle Wharton,T,23.0,2013.0,0.0,0.0,8.0,45.0,45.0,115.0,0.0,0.0,0.0,0.0,0.0,0.0,0.0,0.0,0.0,0.0,0.0,,,,South Carolina,,WharTr20,2004.0,25.15
3.0,95.0,NWE,Guss Scott,DB,23.0,2006.0,0.0,0.0,0.0,1.0,1.0,11.0,0.0,0.0,0.0,0.0,0.0,0.0,0.0,0.0,0.0,0.0,0.0,32.0,,,Florida,College Stats,ScotGu20,2004.0,-14.789473684210526
3.0,96.0,CIN,Landon Johnson,LB,23.0,2010.0,0.0,0.0,5.0,28.0,22.0,101.0,0.0,0.0,0.0,0.0,0.0,0.0,0.0,0.0,0.0,0.0,0.0,342.0,1.0,3.5,Purdue,College Stats,JohnLa20,2004.0,14.380952380952381
4.0,97.0,NYG,Reggie Torbor,LB,23.0,2010.0,0.0,0.0,2.0,17.0,11.0,104.0,0.0,0.0,0.0,0.0,0.0,0.0,0.0,0.0,0.0,0.0,0.0,178.0,2.0,6.5,Auburn,,TorbRe20,2004.0,4.142857142857142
4.0,98.0,SDG,Shaun Phillips,DE,23.0,2014.0,0.0,1.0,8.0,54.0,48.0,168.0,0.0,0.0,0.0,0.0,0.0,0.0,0.0,0.0,0.0,0.0,0.0,406.0,7.0,81.5,Purdue,College Stats,PhilSh20,2004.0,32.95238095238095
4.0,99.0,OAK,Carlos Francis,WR,23.0,2004.0,0.0,0.0,0.0,0.0,0.0,5.0,0.0,0.0,0.0,0.0,0.0,0.0,0.0,0.0,0.0,0.0,0.0,,,,Texas Tech,College Stats,FranCa20,2004.0,-17.857142857142858
4.0,100.0,ARI,Alex Stepanovich,C,22.0,2008.0,0.0,0.0,1.0,14.0,12.0,46.0,0.0,0.0,0.0,0.0,0.0,0.0,0.0,0.0,0.0,0.0,0.0,,,,Ohio St.,,StepAl20,2004.0,-5.399999999999999
4.0,101.0,ATL,Demorrio Williams,LB,24.0,2012.0,0.0,0.0,5.0,33.0,20.0,138.0,0.0,0.0,0.0,0.0,0.0,0.0,0.0,0.0,0.0,0.0,0.0,480.0,7.0,7.5,Nebraska,College Stats,WillDe22,2004.0,20.8
4.0,102.0,MIA,Will Poole,DB,23.0,2004.0,0.0,0.0,0.0,1.0,1.0,15.0,0.0,0.0,0.0,0.0,0.0,0.0,0.0,0.0,0.0,0.0,0.0,26.0,,1.0,USC,College Stats,PoolWi20,2004.0,-19.428571428571427
4.0,103.0,TEN,Bo Schobel,DE,23.0,2007.0,0.0,0.0,0.0,3.0,2.0,29.0,0.0,0.0,0.0,0.0,0.0,0.0,0.0,0.0,0.0,0.0,0.0,41.0,,1.5,TCU,,SchoBo20,2004.0,-13.61904761904762
4.0,104.0,SFO,Isaac Sopoaga,DT,23.0,2013.0,0.0,0.0,5.0,38.0,35.0,139.0,0.0,0.0,0.0,0.0,0.0,0.0,0.0,0.0,1.0,18.0,0.0,158.0,,8.5,Hawaii,,SopoIs20,2004.0,23.5
4.0,105.0,KAN,Samie Parker,WR,23.0,2007.0,0.0,0.0,2.0,13.0,13.0,47.0,0.0,0.0,0.0,0.0,0.0,4.0,9.0,0.0,110.0,1529.0,7.0,,,,Oregon,College Stats,ParkSa00,2004.0,-4.399999999999999
4.0,106.0,CLE,Luke McCown,QB,23.0,2015.0,0.0,0.0,0.0,8.0,2.0,62.0,216.0,356.0,2370.0,9.0,15.0,34.0,177.0,0.0,0.0,0.0,0.0,,,,Louisiana Tech,College Stats,McCoLu00,2004.0,-7.142857142857142
4.0,107.0,IND,Kendyll Pope,LB,23.0,2004.0,0.0,0.0,0.0,0.0,0.0,2.0,0.0,0.0,0.0,0.0,0.0,0.0,0.0,0.0,0.0,0.0,0.0,1.0,,,Florida St.,College Stats,PopeKe20,2004.0,-9.238095238095237
4.0,108.0,NYJ,Jerricho Cotchery,WR,22.0,2015.0,0.0,0.0,6.0,51.0,37.0,175.0,0.0,0.0,0.0,0.0,0.0,22.0,93.0,1.0,524.0,6623.0,34.0,20.0,,,North Carolina St.,College Stats,CotcJe00,2004.0,28.42105263157895
4.0,109.0,BUF,Tim Euhus,TE,23.0,2007.0,0.0,0.0,0.0,1.0,1.0,34.0,0.0,0.0,0.0,0.0,0.0,0.0,0.0,0.0,14.0,115.0,2.0,3.0,,,Oregon St.,College Stats,EuhuTi00,2004.0,-22.047619047619047
4.0,110.0,CHI,Nathan Vasher,DB,22.0,2010.0,0.0,1.0,2.0,30.0,28.0,87.0,0.0,0.0,0.0,0.0,0.0,0.0,0.0,0.0,0.0,0.0,0.0,160.0,20.0,1.0,Texas,College Stats,VashNa99,2004.0,19.761904761904763
4.0,111.0,TAM,Will Allen,DB,22.0,2015.0,0.0,0.0,2.0,24.0,12.0,176.0,0.0,0.0,0.0,0.0,0.0,0.0,0.0,0.0,0.0,0.0,0.0,303.0,7.0,4.0,Ohio St.,College Stats,AlleWi21,2004.0,13.047619047619047
4.0,112.0,CHI,Leon Joe,LB,22.0,2007.0,0.0,0.0,0.0,4.0,3.0,36.0,0.0,0.0,0.0,0.0,0.0,0.0,0.0,0.0,0.0,0.0,0.0,36.0,,,Maryland,College Stats,JoexLe20,2004.0,-14.842105263157894
4.0,113.0,NWE,Dexter Reid,DB,23.0,2006.0,0.0,0.0,0.0,4.0,2.0,39.0,0.0,0.0,0.0,0.0,0.0,0.0,0.0,0.0,0.0,0.0,0.0,35.0,,,North Carolina,College Stats,ReidDe20,2004.0,-12.0
4.0,114.0,CIN,Matthias Askew,DT,22.0,2005.0,0.0,0.0,0.0,0.0,0.0,6.0,0.0,0.0,0.0,0.0,0.0,0.0,0.0,0.0,0.0,0.0,0.0,2.0,,,Michigan St.,College Stats,AskeMa20,2004.0,-11.947368421052632
4.0,115.0,MIN,Nat Dorsey,T,20.0,2007.0,0.0,0.0,1.0,7.0,5.0,40.0,0.0,0.0,0.0,0.0,0.0,0.0,0.0,0.0,0.0,0.0,0.0,,,,Georgia Tech,,DorsNa20,2004.0,-2.7368421052631575
4.0,116.0,SEA,Niko Koutouvides,LB,23.0,2012.0,0.0,0.0,0.0,8.0,5.0,125.0,0.0,0.0,0.0,0.0,0.0,0.0,0.0,0.0,0.0,0.0,0.0,134.0,,1.0,Purdue,College Stats,KoutNi20,2004.0,-3.9523809523809526
4.0,117.0,CIN,Robert Geathers,DE,21.0,2014.0,0.0,0.0,7.0,46.0,46.0,152.0,0.0,0.0,0.0,0.0,0.0,0.0,0.0,0.0,0.0,0.0,0.0,184.0,3.0,34.0,Georgia,College Stats,GeatRo21,2004.0,31.0
4.0,118.0,JAX,Anthony Maddox,DT,25.0,2007.0,0.0,0.0,1.0,7.0,1.0,35.0,0.0,0.0,0.0,0.0,0.0,0.0,0.0,0.0,0.0,0.0,0.0,43.0,,5.0,Delta St.,,MaddAn20,2004.0,-7.75
4.0,119.0,MIN,Mewelde Moore,RB,22.0,2012.0,0.0,0.0,1.0,29.0,17.0,122.0,2.0,4.0,21.0,2.0,0.0,507.0,2267.0,6.0,220.0,1952.0,8.0,4.0,,,Tulane,College Stats,MoorMe00,2004.0,13.333333333333334
4.0,120.0,JAX,Ernest Wilford,WR,25.0,2010.0,0.0,0.0,4.0,22.0,22.0,87.0,0.0,0.0,0.0,0.0,0.0,0.0,0.0,0.0,156.0,2145.0,15.0,5.0,,,Virginia Tech,College Stats,WilfEr00,2004.0,2.75
4.0,121.0,DAL,Bruce Thornton,DB,24.0,2005.0,0.0,0.0,1.0,4.0,0.0,13.0,0.0,0.0,0.0,0.0,0.0,0.0,0.0,0.0,0.0,0.0,0.0,37.0,2.0,,Georgia,College Stats,ThorBr21,2004.0,-4.157894736842104
4.0,122.0,HOU,Glenn Earl,DB,23.0,2006.0,0.0,0.0,2.0,10.0,10.0,37.0,0.0,0.0,0.0,0.0,0.0,0.0,0.0,0.0,0.0,0.0,0.0,118.0,3.0,2.0,Notre Dame,College Stats,EarlGl20,2004.0,-5.842105263157896
4.0,123.0,CIN,Stacy Andrews,T,23.0,2011.0,0.0,0.0,3.0,23.0,15.0,94.0,0.0,0.0,0.0,0.0,0.0,0.0,0.0,0.0,0.0,0.0,0.0,,,,Mississippi,,AndrSt21,2004.0,9.3
4.0,124.0,TEN,Michael Waddell,DB,23.0,2008.0,0.0,0.0,0.0,4.0,4.0,33.0,0.0,0.0,0.0,0.0,0.0,0.0,0.0,0.0,0.0,0.0,0.0,60.0,1.0,0.5,North Carolina,College Stats,WaddMi20,2004.0,-9.428571428571429
4.0,125.0,IND,Jason David,DB,22.0,2008.0,0.0,0.0,5.0,24.0,16.0,75.0,0.0,0.0,0.0,0.0,0.0,0.0,0.0,0.0,0.0,0.0,0.0,196.0,16.0,,Washington St.,College Stats,DaviJa20,2004.0,9.421052631578947
4.0,126.0,KAN,Jared Allen HOF,DE,22.0,2015.0,4.0,5.0,12.0,101.0,31.0,187.0,0.0,0.0,0.0,0.0,0.0,0.0,0.0,0.0,2.0,3.0,2.0,503.0,6.0,136.0,Idaho St.,,AlleJa22,2004.0,76.65
4.0,127.0,SFO,Richard Seigler,LB,23.0,2006.0,0.0,0.0,0.0,0.0,0.0,9.0,0.0,0.0,0.0,0.0,0.0,0.0,0.0,0.0,0.0,0.0,0.0,4.0,,,Oregon St.,College Stats,SeigRi20,2004.0,-8.85
4.0,128.0,NWE,Cedric Cobbs,RB,23.0,2006.0,0.0,0.0,0.0,0.0,0.0,5.0,0.0,0.0,0.0,0.0,0.0,25.0,59.0,0.0,0.0,0.0,0.0,1.0,,,Arkansas,College Stats,CobbCe00,2004.0,-18.6
4.0,129.0,PHI,J.R. Reed,DB,22.0,2008.0,0.0,0.0,0.0,3.0,3.0,40.0,0.0,0.0,0.0,0.0,0.0,0.0,0.0,0.0,0.0,0.0,0.0,64.0,,,South Florida,College Stats,ReedJ.20,2004.0,-6.85
4.0,130.0,STL,Brandon Chillar,LB,21.0,2010.0,0.0,0.0,2.0,22.0,16.0,97.0,0.0,0.0,0.0,0.0,0.0,0.0,0.0,0.0,0.0,0.0,0.0,299.0,1.0,8.5,UCLA,College Stats,ChilBr20,2004.0,5.277777777777779
4.0,131.0,PHI,Trey Darilek,G,23.0,2005.0,0.0,0.0,0.0,1.0,1.0,18.0,0.0,0.0,0.0,0.0,0.0,0.0,0.0,0.0,0.0,0.0,0.0,,,,Texas-El Paso,,DariTr20,2004.0,-12.789473684210526
4.0,132.0,NYJ,Adrian Jones,T,23.0,2008.0,0.0,0.0,2.0,12.0,8.0,55.0,0.0,0.0,0.0,0.0,0.0,0.0,0.0,0.0,0.0,0.0,0.0,,,,Kansas,College Stats,JoneAd20,2004.0,1.2941176470588243
5.0,133.0,SDG,Dave Ball,DE,23.0,2011.0,0.0,0.0,1.0,15.0,0.0,72.0,0.0,0.0,0.0,0.0,0.0,0.0,0.0,0.0,0.0,0.0,0.0,84.0,1.0,15.5,UCLA,College Stats,BallDa20,2004.0,4.142857142857142
5.0,134.0,OAK,Johnnie Morant,WR,22.0,2006.0,0.0,0.0,0.0,0.0,0.0,15.0,0.0,0.0,0.0,0.0,0.0,0.0,0.0,0.0,8.0,90.0,0.0,1.0,,,Syracuse,College Stats,MoraJo00,2004.0,-15.411764705882353
5.0,135.0,ARI,Antonio Smith,DE,22.0,2016.0,0.0,1.0,8.0,56.0,14.0,186.0,0.0,0.0,0.0,0.0,0.0,0.0,0.0,0.0,0.0,0.0,0.0,247.0,,47.5,Oklahoma St.,,SmitAn22,2004.0,31.555555555555557
5.0,136.0,NYG,Gibril Wilson,DB,22.0,2011.0,0.0,0.0,6.0,32.0,21.0,100.0,0.0,0.0,0.0,0.0,0.0,0.0,0.0,0.0,0.0,0.0,0.0,488.0,13.0,8.5,Tennessee,College Stats,WilsGi20,2004.0,23.2
5.0,137.0,JAX,Josh Scobee,K,22.0,2015.0,0.0,0.0,0.0,26.0,26.0,172.0,0.0,0.0,0.0,0.0,0.0,0.0,0.0,0.0,0.0,0.0,0.0,16.0,,,Louisiana Tech,College Stats,scobejos01,2004.0,5.05263157894737
5.0,138.0,TEN,Jacob Bell,G,23.0,2011.0,0.0,0.0,7.0,32.0,20.0,109.0,0.0,0.0,0.0,0.0,0.0,1.0,-15.0,0.0,0.0,0.0,0.0,,,,Miami (OH),,BellJa20,2004.0,18.578947368421055
5.0,139.0,NOR,Rodney Leisle,DT,23.0,2009.0,0.0,0.0,0.0,2.0,2.0,18.0,0.0,0.0,0.0,0.0,0.0,0.0,0.0,0.0,0.0,0.0,0.0,10.0,,,UCLA,College Stats,LeisRo20,2004.0,-5.857142857142857
5.0,140.0,DET,Alex Lewis,LB,23.0,2008.0,0.0,0.0,1.0,7.0,7.0,52.0,0.0,0.0,0.0,0.0,0.0,0.0,0.0,0.0,0.0,0.0,0.0,137.0,1.0,2.0,Wisconsin,College Stats,LewiAl20,2004.0,-4.476190476190476
5.0,141.0,IND,Jake Scott,G,23.0,2012.0,0.0,0.0,9.0,58.0,35.0,131.0,0.0,0.0,0.0,0.0,0.0,0.0,0.0,0.0,0.0,0.0,0.0,1.0,,,Idaho,,ScotJa21,2004.0,49.333333333333336
5.0,142.0,ATL,Chad Lavalais,DT,25.0,2005.0,0.0,0.0,1.0,9.0,9.0,30.0,0.0,0.0,0.0,0.0,0.0,0.0,0.0,0.0,0.0,0.0,0.0,48.0,,2.5,LSU,College Stats,LavaCh20,2004.0,-6.684210526315789
5.0,143.0,NYJ,Erik Coleman,DB,22.0,2012.0,0.0,0.0,6.0,33.0,19.0,123.0,0.0,0.0,0.0,0.0,0.0,0.0,0.0,0.0,0.0,0.0,0.0,466.0,11.0,2.0,Washington St.,College Stats,ColeEr21,2004.0,16.68421052631579
5.0,144.0,DAL,Sean Ryan,TE,24.0,2009.0,0.0,0.0,0.0,1.0,0.0,53.0,0.0,0.0,0.0,0.0,0.0,0.0,0.0,0.0,26.0,240.0,2.0,,,,Boston Col.,College Stats,RyanSe00,2004.0,-10.05
5.0,145.0,PIT,Nathaniel Adibi,DE,,,0.0,0.0,0.0,,,,,,,,,,,,,,,,,,Virginia Tech,College Stats,-9999,2004.0,
5.0,146.0,TAM,Jeb Terry,G,23.0,2006.0,0.0,0.0,0.0,2.0,2.0,30.0,0.0,0.0,0.0,0.0,0.0,0.0,0.0,0.0,0.0,0.0,0.0,,,,North Carolina,,TerrJe20,2004.0,-23.45
5.0,147.0,CHI,Claude Harriott,DE,,,0.0,0.0,0.0,,,,,,,,,,,,,,,,,,Pittsburgh,,-9999,2004.0,
5.0,148.0,CHI,Craig Krenzel,QB,23.0,2004.0,0.0,0.0,0.0,1.0,1.0,6.0,59.0,127.0,718.0,3.0,6.0,18.0,41.0,0.0,0.0,0.0,0.0,,,,Ohio St.,College Stats,KrenCr00,2004.0,-6.421052631578948
5.0,149.0,CIN,Maurice Mann,WR,21.0,2006.0,0.0,0.0,0.0,0.0,,1.0,0.0,0.0,0.0,0.0,0.0,0.0,0.0,0.0,0.0,0.0,0.0,,,,Nevada,College Stats,MannMa00,2004.0,-15.1
5.0,150.0,JAX,Chris Thompson,DB,22.0,2005.0,0.0,0.0,0.0,1.0,,12.0,0.0,0.0,0.0,0.0,0.0,0.0,0.0,0.0,0.0,0.0,0.0,7.0,,,Nicholls St.,,ThomCh24,2004.0,-7.7368421052631575
5.0,151.0,WAS,Mark Wilson,TE,23.0,2004.0,0.0,0.0,0.0,0.0,0.0,2.0,0.0,0.0,0.0,0.0,0.0,0.0,0.0,0.0,0.0,0.0,0.0,,,,California,College Stats,WilsMa21,2004.0,-13.055555555555555
5.0,152.0,DEN,Jeff Shoate,DB,23.0,2007.0,0.0,0.0,0.0,0.0,0.0,14.0,0.0,0.0,0.0,0.0,0.0,0.0,0.0,0.0,0.0,0.0,0.0,8.0,,,San Diego St.,College Stats,ShoaJe20,2004.0,-9.125
5.0,153.0,BAL,Roderick Green,LB,22.0,2008.0,0.0,0.0,0.0,6.0,3.0,54.0,0.0,0.0,0.0,0.0,0.0,0.0,0.0,0.0,0.0,0.0,0.0,31.0,,12.0,Central Missouri St.,,GreeRo20,2004.0,-7.388888888888889
5.0,154.0,SDG,Michael Turner,RB,22.0,2012.0,1.0,2.0,5.0,55.0,9.0,134.0,0.0,0.0,0.0,0.0,0.0,1639.0,7338.0,66.0,70.0,528.0,1.0,11.0,,,Northern Illinois,College Stats,TurnMi00,2004.0,36.73684210526316
5.0,155.0,MIN,Rod Davis,LB,23.0,2006.0,0.0,0.0,0.0,3.0,3.0,40.0,0.0,0.0,0.0,0.0,0.0,0.0,0.0,0.0,0.0,0.0,0.0,33.0,,,Southern Miss,College Stats,DaviRo21,2004.0,-6.117647058823529
5.0,156.0,NOR,Mike Karney,FB,23.0,2010.0,0.0,0.0,7.0,2.0,2.0,101.0,0.0,0.0,0.0,0.0,0.0,47.0,99.0,5.0,64.0,325.0,2.0,,,,Arizona St.,College Stats,KarnMi00,2004.0,-7.111111111111111
5.0,157.0,SEA,D.J. Hackett,WR,23.0,2008.0,0.0,0.0,0.0,14.0,12.0,42.0,0.0,0.0,0.0,0.0,0.0,0.0,0.0,0.0,118.0,1575.0,9.0,,,,Colorado,College Stats,HackD.00,2004.0,3.75
5.0,158.0,STL,Jason Shivers,DB,21.0,2004.0,0.0,0.0,0.0,0.0,,1.0,0.0,0.0,0.0,0.0,0.0,0.0,0.0,0.0,0.0,0.0,0.0,1.0,,,Arizona St.,College Stats,ShivJa20,2004.0,-6.5
5.0,159.0,JAX,Sean Bubin,T,,,0.0,0.0,0.0,,,,,,,,,,,,,,,,,,Illinois,,-9999,2004.0,
5.0,160.0,MIA,Tony Bua,LB,24.0,2004.0,0.0,0.0,0.0,1.0,1.0,7.0,0.0,0.0,0.0,0.0,0.0,0.0,0.0,0.0,0.0,0.0,0.0,1.0,,,Arkansas,College Stats,BuaxTo20,2004.0,-9.722222222222221
5.0,161.0,CLE,Amon Gordon,DT,22.0,2011.0,0.0,0.0,0.0,4.0,1.0,33.0,0.0,0.0,0.0,0.0,0.0,0.0,0.0,0.0,0.0,0.0,0.0,40.0,,2.0,Stanford,College Stats,GordAm20,2004.0,-8.166666666666666
5.0,162.0,PHI,Thomas Tapeh,FB,24.0,2008.0,0.0,0.0,2.0,2.0,2.0,41.0,0.0,0.0,0.0,0.0,0.0,22.0,69.0,0.0,27.0,157.0,1.0,6.0,,,Minnesota,College Stats,TapeTh00,2004.0,-4.176470588235294
5.0,163.0,CAR,Drew Carter,WR,23.0,2007.0,0.0,0.0,0.0,8.0,8.0,33.0,0.0,0.0,0.0,0.0,0.0,2.0,18.0,0.0,71.0,977.0,8.0,,,,Ohio St.,College Stats,CartDr00,2004.0,-5.333333333333334
5.0,164.0,NWE,P.K. Sam,WR,20.0,2004.0,0.0,0.0,0.0,0.0,0.0,2.0,0.0,0.0,0.0,0.0,0.0,0.0,0.0,0.0,0.0,0.0,0.0,,,,Florida St.,College Stats,SamxP.20,2004.0,-12.05
5.0,165.0,TEN,Robert Reynolds,LB,23.0,2006.0,0.0,0.0,0.0,2.0,2.0,33.0,0.0,0.0,0.0,0.0,0.0,0.0,0.0,0.0,0.0,0.0,0.0,26.0,,,Ohio St.,College Stats,ReynRo20,2004.0,-11.35
6.0,166.0,OAK,Shawn Johnson,DE,,,0.0,0.0,0.0,,,,,,,,,,,,,,,,,,Delaware,,-9999,2004.0,
6.0,167.0,ARI,Nick Leckey,C,22.0,2009.0,0.0,0.0,3.0,14.0,10.0,65.0,0.0,0.0,0.0,0.0,0.0,0.0,0.0,0.0,0.0,0.0,0.0,,,,Kansas St.,College Stats,LeckNi20,2004.0,5.235294117647058
6.0,168.0,NYG,Jamaar Taylor,WR,23.0,2005.0,0.0,0.0,0.0,1.0,1.0,13.0,0.0,0.0,0.0,0.0,0.0,1.0,-8.0,0.0,6.0,146.0,0.0,1.0,,,Texas A&M,College Stats,TaylJa00,2004.0,-11.055555555555555
6.0,169.0,SDG,Ryan Krause,TE,23.0,2007.0,0.0,0.0,0.0,1.0,1.0,14.0,0.0,0.0,0.0,0.0,0.0,0.0,0.0,0.0,7.0,92.0,1.0,3.0,,,Nebraska-Omaha,,KrauRy00,2004.0,-10.5
6.0,170.0,HOU,Vontez Duff,DB,,,0.0,0.0,0.0,,,,,,,,,,,,,,,,,,Notre Dame,College Stats,-9999,2004.0,
6.0,171.0,DEN,Triandos Luke,WR,22.0,2004.0,0.0,0.0,0.0,0.0,0.0,10.0,0.0,0.0,0.0,0.0,0.0,0.0,0.0,0.0,6.0,52.0,0.0,,,,Alabama,College Stats,LukeTr00,2004.0,-6.588235294117647
6.0,172.0,DET,Kelly Butler,T,22.0,2006.0,0.0,0.0,1.0,8.0,6.0,22.0,0.0,0.0,0.0,0.0,0.0,0.0,0.0,0.0,0.0,0.0,0.0,,,,Purdue,,ButlKe21,2004.0,0.4375
6.0,173.0,IND,Von Hutchins,DB,23.0,2007.0,0.0,0.0,1.0,5.0,1.0,38.0,0.0,0.0,0.0,0.0,0.0,0.0,0.0,0.0,0.0,0.0,0.0,123.0,2.0,0.5,Mississippi,College Stats,HutcVo20,2004.0,-6.857142857142858
6.0,174.0,MIA,Rex Hadnot,G,22.0,2012.0,0.0,0.0,5.0,35.0,22.0,129.0,0.0,0.0,0.0,0.0,0.0,0.0,0.0,0.0,0.0,-2.0,0.0,,,,Houston,College Stats,HadnRe20,2004.0,22.764705882352942
6.0,175.0,HOU,Jammal Lord,DB,23.0,2004.0,0.0,0.0,0.0,0.0,0.0,1.0,0.0,0.0,0.0,0.0,0.0,0.0,0.0,0.0,0.0,0.0,0.0,,,,Nebraska,College Stats,LordJa21,2004.0,-8.842105263157896
6.0,176.0,CLE,Kirk Chambers,T,25.0,2011.0,0.0,0.0,1.0,9.0,1.0,70.0,0.0,0.0,0.0,0.0,0.0,0.0,0.0,0.0,0.0,0.0,0.0,,,,Stanford,,ChamKi20,2004.0,2.947368421052632
6.0,177.0,PIT,Bo Lacy,T,,,0.0,0.0,0.0,,,,,,,,,,,,,,,,,,Arkansas,,-9999,2004.0,
6.0,178.0,NYJ,Marko Cavka,T,,,0.0,0.0,0.0,,,,,,,,,,,,,,,,,,Sacramento St.,,-9999,2004.0,
6.0,179.0,GNB,Corey Williams,DT,24.0,2012.0,0.0,0.0,5.0,33.0,11.0,126.0,0.0,0.0,0.0,0.0,0.0,0.0,0.0,0.0,0.0,0.0,0.0,200.0,2.0,27.5,Arkansas St.,,WillCo21,2004.0,26.473684210526315
6.0,180.0,WAS,Jim Molinaro,T,23.0,2006.0,0.0,0.0,0.0,1.0,1.0,15.0,0.0,0.0,0.0,0.0,0.0,0.0,0.0,0.0,0.0,0.0,0.0,,,,Notre Dame,,MoliJi20,2004.0,-8.61111111111111
6.0,181.0,TAM,Nate Lawrie,TE,22.0,2008.0,0.0,0.0,0.0,0.0,0.0,26.0,0.0,0.0,0.0,0.0,0.0,0.0,0.0,0.0,4.0,43.0,0.0,,,,Yale,,LawrNa00,2004.0,-9.368421052631579
6.0,182.0,OAK,Cody Spencer,LB,23.0,2008.0,0.0,0.0,0.0,4.0,,50.0,0.0,0.0,0.0,0.0,0.0,0.0,0.0,0.0,0.0,0.0,0.0,54.0,,,North Texas,College Stats,SpenCo20,2004.0,-6.277777777777779
6.0,183.0,CIN,Greg Brooks,DB,23.0,2006.0,0.0,0.0,0.0,1.0,1.0,16.0,0.0,0.0,0.0,0.0,0.0,0.0,0.0,0.0,0.0,0.0,0.0,7.0,,,Southern Miss,College Stats,BrooGr20,2004.0,-4.105263157894737
6.0,184.0,MIN,Deandre Eiland,DB,,,0.0,0.0,0.0,,,,,,,,,,,,,,,,,,South Carolina,College Stats,-9999,2004.0,
6.0,185.0,PHI,Andy Hall,QB,23.0,,0.0,0.0,0.0,,,,,,,,,,,,,,,,,,Delaware,College Stats,HallAn00,2004.0,
6.0,186.0,ATL,Etric Pruitt,DB,23.0,2005.0,0.0,0.0,0.0,0.0,0.0,9.0,0.0,0.0,0.0,0.0,0.0,0.0,0.0,0.0,0.0,0.0,0.0,9.0,,,Southern Miss,College Stats,PruiEt20,2004.0,-10.38888888888889
6.0,187.0,BAL,Josh Harris,QB,,,0.0,0.0,0.0,,,,,,,,,,,,,,,,,,Bowling Green,College Stats,-9999,2004.0,
6.0,188.0,SFO,Andy Lee,P,22.0,2022.0,3.0,3.0,1.0,34.0,24.0,297.0,3.0,4.0,56.0,0.0,0.0,2.0,-18.0,0.0,0.0,0.0,0.0,9.0,,,Pittsburgh,College Stats,LeexAn20,2004.0,22.235294117647058
6.0,189.0,SEA,Craig Terrill,DT,24.0,2010.0,0.0,0.0,0.0,9.0,9.0,88.0,0.0,0.0,0.0,0.0,0.0,0.0,0.0,0.0,0.0,0.0,0.0,77.0,,8.0,Purdue,College Stats,TerrCr20,2004.0,0.5999999999999996
6.0,190.0,DEN,Josh Sewell,C,,,0.0,0.0,0.0,,,,,,,,,,,,,,,,,,Nebraska,,-9999,2004.0,
6.0,191.0,TEN,Troy Fleming,RB,23.0,2005.0,0.0,0.0,0.0,3.0,3.0,29.0,0.0,0.0,0.0,0.0,0.0,7.0,40.0,0.0,29.0,233.0,3.0,15.0,,,Tennessee,College Stats,FlemTr00,2004.0,-12.421052631578947
6.0,192.0,PHI,Dexter Wynn,DB,23.0,2008.0,0.0,0.0,0.0,4.0,3.0,47.0,0.0,0.0,0.0,0.0,0.0,0.0,0.0,0.0,0.0,0.0,0.0,43.0,,1.0,Colorado St.,College Stats,WynnDe20,2004.0,-3.2
6.0,193.0,IND,Jim Sorgi,QB,23.0,2009.0,0.0,0.0,0.0,5.0,5.0,16.0,99.0,156.0,929.0,6.0,1.0,31.0,0.0,0.0,0.0,0.0,0.0,,,,Wisconsin,College Stats,SorgJi00,2004.0,-6.526315789473685
6.0,194.0,PIT,Matt Kranchick,TE,24.0,2005.0,0.0,0.0,0.0,0.0,0.0,8.0,0.0,0.0,0.0,0.0,0.0,0.0,0.0,0.0,1.0,6.0,0.0,3.0,,,Penn St.,College Stats,KranMa00,2004.0,-6.555555555555555
6.0,195.0,KAN,Jeris McIntyre,WR,,,0.0,0.0,0.0,,,,,,,,,,,,,,,,,,Auburn,College Stats,-9999,2004.0,
6.0,196.0,CAR,Sean Tufts,LB,22.0,2005.0,0.0,0.0,0.0,1.0,1.0,15.0,0.0,0.0,0.0,0.0,0.0,0.0,0.0,0.0,0.0,0.0,0.0,9.0,,,Colorado,,TuftSe20,2004.0,-3.5
6.0,197.0,PIT,Drew Caylor,C,,,0.0,0.0,0.0,,,,,,,,,,,,,,,,,,Stanford,,-9999,2004.0,
6.0,198.0,SFO,Keith Lewis,DB,22.0,2008.0,0.0,0.0,1.0,8.0,8.0,76.0,0.0,0.0,0.0,0.0,0.0,0.0,0.0,0.0,0.0,0.0,0.0,117.0,3.0,1.0,Oregon,College Stats,LewiKe20,2004.0,-0.7777777777777786
6.0,199.0,BAL,Clarence Moore,WR,21.0,2006.0,0.0,0.0,0.0,2.0,2.0,29.0,0.0,0.0,0.0,0.0,0.0,0.0,0.0,0.0,29.0,353.0,5.0,1.0,,,Northern Arizona,,MoorCl00,2004.0,-19.125
6.0,200.0,HOU,Charlie Anderson,LB,22.0,2010.0,0.0,0.0,0.0,9.0,7.0,94.0,0.0,0.0,0.0,0.0,0.0,0.0,0.0,0.0,0.0,0.0,0.0,91.0,,7.5,Mississippi,,AndeCh21,2004.0,-6.066666666666666
6.0,201.0,STL,Jeff Smoker,QB,,,0.0,0.0,0.0,,,,,,,,,,,,,,,,,,Michigan St.,College Stats,-9999,2004.0,
7.0,202.0,ARI,John Navarre,QB,23.0,2005.0,0.0,0.0,0.0,0.0,0.0,2.0,32.0,64.0,342.0,2.0,5.0,0.0,0.0,0.0,0.0,0.0,0.0,,,,Michigan,College Stats,NavaJo00,2004.0,-5.111111111111111
7.0,203.0,NYG,Drew Strojny,T,,,0.0,0.0,0.0,,,,,,,,,,,,,,,,,,Duke,,-9999,2004.0,
7.0,204.0,SDG,Ryon Bingham,DT,23.0,2008.0,0.0,0.0,0.0,6.0,6.0,49.0,0.0,0.0,0.0,0.0,0.0,0.0,0.0,0.0,0.0,0.0,0.0,46.0,,4.5,Nebraska,College Stats,BingRy20,2004.0,-3.6470588235294112
7.0,205.0,DAL,Nate Jones,DB,22.0,2011.0,0.0,0.0,0.0,9.0,2.0,106.0,0.0,0.0,0.0,0.0,0.0,0.0,0.0,0.0,0.0,0.0,0.0,188.0,3.0,6.0,Rutgers,College Stats,JoneNa20,2004.0,-1.5294117647058822
7.0,206.0,TAM,Mark Jones,WR,23.0,2009.0,0.0,0.0,0.0,0.0,0.0,62.0,0.0,0.0,0.0,0.0,0.0,0.0,0.0,0.0,3.0,41.0,0.0,2.0,,,Tennessee,College Stats,JoneMa01,2004.0,-6.0
7.0,207.0,BUF,Dylan McFarland,T,24.0,2005.0,0.0,0.0,0.0,0.0,0.0,3.0,0.0,0.0,0.0,0.0,0.0,0.0,0.0,0.0,0.0,0.0,0.0,,,,Montana,,McFaDy20,2004.0,-13.882352941176471
7.0,208.0,CLE,Adimchinobe Echemandu,RB,23.0,2007.0,0.0,0.0,0.0,1.0,0.0,19.0,0.0,1.0,0.0,0.0,0.0,28.0,110.0,0.0,5.0,36.0,0.0,4.0,,,California,College Stats,EcheAd00,2004.0,-4.666666666666667
7.0,209.0,SDG,Shane Olivea,T,22.0,2007.0,0.0,0.0,4.0,31.0,31.0,60.0,0.0,0.0,0.0,0.0,0.0,0.0,0.0,0.0,0.0,0.0,0.0,,,,Ohio St.,,OlivSh20,2004.0,23.57142857142857
7.0,210.0,HOU,Raheem Orr,LB,23.0,2004.0,0.0,0.0,0.0,0.0,,2.0,0.0,0.0,0.0,0.0,0.0,0.0,0.0,0.0,0.0,0.0,0.0,,,,Rutgers,,OrrxRa20,2004.0,-7.9411764705882355
7.0,211.0,HOU,Sloan Thomas,WR,22.0,2005.0,0.0,0.0,0.0,0.0,,1.0,0.0,0.0,0.0,0.0,0.0,0.0,0.0,0.0,0.0,0.0,0.0,2.0,,,Texas,College Stats,ThomSl00,2004.0,-5.4
7.0,212.0,PIT,Eric Taylor,DT,22.0,2005.0,0.0,0.0,0.0,0.0,,1.0,0.0,0.0,0.0,0.0,0.0,0.0,0.0,0.0,0.0,0.0,0.0,,,,Memphis,College Stats,TaylEr20,2004.0,-4.25
7.0,213.0,NYJ,Darrell McClover,LB,23.0,2009.0,0.0,0.0,0.0,4.0,1.0,51.0,0.0,0.0,0.0,0.0,0.0,0.0,0.0,0.0,0.0,0.0,0.0,36.0,,,Miami (FL),College Stats,McClDa21,2004.0,-4.0
7.0,214.0,BUF,Jonathan Smith,WR,22.0,2006.0,0.0,0.0,0.0,2.0,2.0,18.0,0.0,0.0,0.0,0.0,0.0,3.0,12.0,0.0,8.0,77.0,1.0,2.0,,,Georgia Tech,College Stats,SmitJo00,2004.0,-5.0
7.0,215.0,CHI,Alfonso Marshall,DB,23.0,2004.0,0.0,0.0,0.0,0.0,0.0,7.0,0.0,0.0,0.0,0.0,0.0,0.0,0.0,0.0,0.0,0.0,0.0,4.0,,,Miami (FL),College Stats,MarsAl20,2004.0,-8.61111111111111
7.0,216.0,DAL,Patrick Crayton,WR,25.0,2011.0,0.0,0.0,3.0,33.0,26.0,105.0,0.0,3.0,0.0,0.0,1.0,6.0,39.0,0.0,247.0,3650.0,25.0,,,,NW Oklahoma St.,,CrayPa00,2004.0,19.214285714285715
7.0,217.0,SFO,Cody Pickett,QB,24.0,2005.0,0.0,0.0,0.0,1.0,1.0,6.0,18.0,45.0,195.0,0.0,4.0,14.0,47.0,0.0,0.0,0.0,0.0,1.0,,,Washington,College Stats,PickCo00,2004.0,-6.235294117647059
7.0,218.0,CIN,Casey Bramlet,QB,,,0.0,0.0,0.0,,,,,,,,,,,,,,,,,,Wyoming,,-9999,2004.0,
7.0,219.0,ATL,Quincy Wilson,RB,23.0,2007.0,0.0,0.0,0.0,0.0,,4.0,0.0,0.0,0.0,0.0,0.0,2.0,2.0,0.0,0.0,0.0,0.0,,,,West Virginia,College Stats,WilsQu00,2004.0,-7.375
7.0,220.0,MIN,Jeff Dugan,TE,23.0,2010.0,0.0,0.0,0.0,2.0,2.0,79.0,0.0,0.0,0.0,0.0,0.0,11.0,23.0,0.0,27.0,191.0,3.0,3.0,,,Maryland,College Stats,DugaJe00,2004.0,-5.588235294117647
7.0,221.0,MIA,Tony Pape,G,,,0.0,0.0,0.0,,,,,,,,,,,,,,,,,,Michigan,,-9999,2004.0,
7.0,222.0,MIA,Derrick Pope,LB,22.0,2007.0,0.0,0.0,1.0,10.0,10.0,55.0,0.0,0.0,0.0,0.0,0.0,0.0,0.0,0.0,0.0,0.0,0.0,104.0,2.0,2.0,Alabama,College Stats,PopeDe20,2004.0,3.5
7.0,223.0,DAL,Jacques Reeves,DB,21.0,2012.0,0.0,0.0,2.0,15.0,7.0,90.0,0.0,0.0,0.0,0.0,0.0,0.0,0.0,0.0,0.0,0.0,0.0,183.0,6.0,,Purdue,College Stats,ReevJa20,2004.0,10.214285714285715
7.0,224.0,SEA,Donnie Jones,P,24.0,2018.0,0.0,0.0,0.0,27.0,0.0,226.0,0.0,1.0,0.0,0.0,0.0,4.0,9.0,0.0,0.0,0.0,0.0,13.0,,,LSU,College Stats,JoneDo21,2004.0,11.0
7.0,225.0,DEN,Matt Mauck,QB,25.0,2005.0,0.0,0.0,0.0,1.0,,2.0,15.0,27.0,136.0,0.0,1.0,7.0,39.0,0.0,0.0,0.0,0.0,,,,LSU,College Stats,MaucMa00,2004.0,-5.0588235294117645
7.0,226.0,SFO,Christian Ferrara,DT,,,0.0,0.0,0.0,,,,,,,,,,,,,,,,,,Syracuse,,-9999,2004.0,
7.0,227.0,PHI,Adrien Clarke,G,23.0,2007.0,0.0,0.0,1.0,8.0,2.0,28.0,0.0,0.0,0.0,0.0,0.0,0.0,0.0,0.0,0.0,0.0,0.0,,,,Ohio St.,,ClarAd20,2004.0,2.8125
7.0,228.0,TAM,Casey Cramer,RB,22.0,2008.0,0.0,0.0,0.0,0.0,,36.0,0.0,0.0,0.0,0.0,0.0,0.0,0.0,0.0,4.0,11.0,1.0,16.0,,,Dartmouth,,CramCa00,2004.0,-5.333333333333333
7.0,229.0,IND,David Kimball,K,,,0.0,0.0,0.0,,,,,,,,,,,,,,,,,,Penn St.,College Stats,-9999,2004.0,
7.0,230.0,TEN,Jared Clauss,DT,23.0,2005.0,0.0,0.0,0.0,3.0,3.0,29.0,0.0,0.0,0.0,0.0,0.0,0.0,0.0,0.0,0.0,0.0,0.0,20.0,,0.5,Iowa,College Stats,ClauJa20,2004.0,-6.111111111111111
7.0,231.0,KAN,Kevin Sampson,T,23.0,2006.0,0.0,0.0,1.0,5.0,5.0,16.0,0.0,0.0,0.0,0.0,0.0,0.0,0.0,0.0,0.0,0.0,0.0,,,,Syracuse,,SampKe20,2004.0,1.875
7.0,232.0,CAR,Michael Gaines,TE,24.0,2009.0,0.0,0.0,2.0,7.0,3.0,83.0,0.0,0.0,0.0,0.0,0.0,0.0,0.0,0.0,84.0,869.0,6.0,,,,Central Florida,College Stats,GainMi00,2004.0,0.1875
7.0,233.0,NWE,Christian Morton,DB,23.0,2006.0,0.0,0.0,0.0,2.0,,14.0,0.0,0.0,0.0,0.0,0.0,0.0,0.0,0.0,0.0,0.0,0.0,18.0,1.0,,Illinois,College Stats,MortCh20,2004.0,-15.0
7.0,234.0,NYJ,Trevor Johnson,DE,23.0,2007.0,0.0,0.0,0.0,4.0,3.0,35.0,0.0,0.0,0.0,0.0,0.0,0.0,0.0,0.0,0.0,0.0,0.0,33.0,,,Nebraska,College Stats,JohnTr21,2004.0,-1.7777777777777777
7.0,235.0,NYJ,Derrick Ward,RB,24.0,2011.0,0.0,0.0,0.0,25.0,,93.0,0.0,0.0,0.0,0.0,0.0,551.0,2628.0,12.0,96.0,787.0,3.0,16.0,,,Ottawa (KS),College Stats,WardDe01,2004.0,15.125
7.0,236.0,NYJ,Rashad Washington,DB,24.0,2007.0,0.0,0.0,0.0,3.0,3.0,47.0,0.0,0.0,0.0,0.0,0.0,0.0,0.0,0.0,0.0,0.0,0.0,54.0,,1.5,Kansas St.,College Stats,WashRa20,2004.0,0.11764705882352944
7.0,237.0,STL,Erik Jensen,TE,,,0.0,0.0,0.0,,,,,,,,,,,,,,,,,,Iowa,College Stats,-9999,2004.0,
7.0,238.0,STL,Larry Turner,C,22.0,2006.0,0.0,0.0,0.0,1.0,1.0,21.0,0.0,0.0,0.0,0.0,0.0,0.0,0.0,0.0,0.0,0.0,0.0,,,,Eastern Kentucky,,TurnLa20,2004.0,-7.153846153846153
7.0,239.0,TEN,Eugene Amano,C,22.0,2011.0,0.0,0.0,4.0,30.0,30.0,124.0,0.0,0.0,0.0,0.0,0.0,0.0,0.0,0.0,1.0,7.0,0.0,,,,SE Missouri St.,,AmanEu20,2004.0,19.411764705882355
7.0,240.0,NOR,Colby Bockwoldt,LB,23.0,2007.0,0.0,0.0,1.0,12.0,11.0,49.0,0.0,0.0,0.0,0.0,0.0,0.0,0.0,0.0,0.0,0.0,0.0,116.0,,2.0,BYU,College Stats,BockCo20,2004.0,5.666666666666667
7.0,241.0,TEN,Sean McHugh,FB,22.0,2008.0,0.0,0.0,1.0,2.0,,40.0,0.0,0.0,0.0,0.0,0.0,0.0,0.0,0.0,23.0,301.0,0.0,2.0,,,Penn St.,College Stats,McHuSe00,2004.0,-2.7857142857142856
7.0,242.0,PHI,Bruce Perry,RB,23.0,2006.0,0.0,0.0,0.0,0.0,0.0,5.0,0.0,0.0,0.0,0.0,0.0,16.0,74.0,0.0,0.0,0.0,0.0,1.0,,,Maryland,College Stats,PerrBr01,2004.0,-9.38888888888889
7.0,243.0,PHI,Dominic Furio,C,,,0.0,0.0,0.0,,,,,,,,,,,,,,,,,,UNLV,,-9999,2004.0,
7.0,244.0,BAL,Derek Abney,WR,,,0.0,0.0,0.0,,,,,,,,,,,,,,,,,,Kentucky,College Stats,-9999,2004.0,
7.0,245.0,OAK,Courtney Anderson,TE,23.0,2007.0,0.0,0.0,2.0,6.0,6.0,43.0,0.0,0.0,0.0,0.0,0.0,0.0,0.0,0.0,62.0,763.0,6.0,,,,San Jose St.,College Stats,AndeCo00,2004.0,-0.33333333333333304
7.0,246.0,BAL,Brian Rimpf,G,23.0,2005.0,0.0,0.0,0.0,3.0,3.0,16.0,0.0,0.0,0.0,0.0,0.0,0.0,0.0,0.0,0.0,0.0,0.0,,,,East Carolina,,RimpBr20,2004.0,-5.153846153846153
7.0,247.0,DEN,Brandon Miree,RB,23.0,2006.0,0.0,0.0,0.0,0.0,,10.0,0.0,0.0,0.0,0.0,0.0,0.0,0.0,0.0,9.0,57.0,0.0,,,,Pittsburgh,College Stats,MireBr00,2004.0,-3.7142857142857144
7.0,248.0,HOU,B.J. Symons,QB,,,0.0,0.0,0.0,,,,,,,,,,,,,,,,,,Texas Tech,College Stats,-9999,2004.0,
7.0,249.0,JAX,Bobby McCray,DE,22.0,2010.0,0.0,0.0,2.0,24.0,19.0,94.0,0.0,0.0,0.0,0.0,0.0,0.0,0.0,0.0,0.0,0.0,0.0,105.0,,29.5,Florida,,McCrBo20,2004.0,16.294117647058822
7.0,250.0,DEN,Bradlee Van Pelt,QB,24.0,2005.0,0.0,0.0,0.0,0.0,0.0,3.0,2.0,8.0,7.0,0.0,0.0,11.0,48.0,1.0,0.0,0.0,0.0,,,,Colorado St.,College Stats,VanPBr00,2004.0,-15.071428571428571
7.0,251.0,GNB,Scott Wells,G,23.0,2014.0,0.0,1.0,9.0,64.0,53.0,146.0,0.0,0.0,0.0,0.0,0.0,0.0,0.0,0.0,0.0,0.0,0.0,,,,Tennessee,,WellSc20,2004.0,54.5
7.0,252.0,TAM,Lenny Williams,DB,,,0.0,0.0,0.0,,,,,,,,,,,,,,,,,,Southern,,-9999,2004.0,
7.0,253.0,NYG,Isaac Hilton,DE,,,0.0,0.0,0.0,,,,,,,,,,,,,,,,,,Hampton,,-9999,2004.0,
7.0,254.0,SDG,Carlos Joseph,T,,,0.0,0.0,0.0,,,,,,,,,,,,,,,,,,Miami (FL),,-9999,2004.0,
7.0,255.0,OAK,Andre Sommersell,LB,,,0.0,0.0,0.0,,,,,,,,,,,,,,,,,,Colorado St.,,-9999,2004.0,
1.0,1.0,SFO,Alex Smith,QB,21.0,2020.0,0.0,3.0,14.0,98.0,28.0,174.0,3250.0,5193.0,35650.0,199.0,109.0,580.0,2604.0,15.0,3.0,-7.0,0.0,,,,Utah,College Stats,SmitAl03,2005.0,21.57142857142857
1.0,2.0,MIA,Ronnie Brown,RB,23.0,2014.0,0.0,1.0,6.0,41.0,36.0,132.0,4.0,12.0,63.0,2.0,0.0,1281.0,5391.0,38.0,246.0,1966.0,2.0,1.0,,,Auburn,College Stats,BrowRo05,2005.0,-12.476190476190474
1.0,3.0,CLE,Braylon Edwards,WR,22.0,2012.0,0.0,1.0,5.0,41.0,27.0,112.0,0.0,1.0,0.0,0.0,0.0,4.0,11.0,0.0,359.0,5522.0,40.0,,,,Michigan,College Stats,EdwaBr00,2005.0,-11.285714285714285
1.0,4.0,CHI,Cedric Benson,RB,22.0,2012.0,0.0,0.0,6.0,36.0,10.0,96.0,0.0,0.0,0.0,0.0,0.0,1600.0,6017.0,32.0,120.0,833.0,1.0,1.0,,,Texas,College Stats,BensCe00,2005.0,-17.904761904761905
1.0,5.0,TAM,Cadillac Williams,RB,23.0,2011.0,0.0,0.0,4.0,28.0,27.0,81.0,0.0,0.0,0.0,0.0,0.0,1055.0,4038.0,21.0,148.0,1002.0,4.0,,,,Auburn,College Stats,WillCa02,2005.0,-27.476190476190474
1.0,6.0,TEN,Adam Jones,DB,21.0,2018.0,1.0,1.0,6.0,50.0,13.0,146.0,0.0,0.0,0.0,0.0,0.0,2.0,8.0,0.0,2.0,31.0,0.0,421.0,17.0,3.0,West Virginia,College Stats,JonePa20,2005.0,-0.8095238095238102
1.0,7.0,MIN,Troy Williamson,WR,22.0,2009.0,0.0,0.0,1.0,8.0,8.0,49.0,0.0,0.0,0.0,0.0,0.0,6.0,58.0,0.0,87.0,1131.0,4.0,3.0,,,South Carolina,College Stats,WillTr01,2005.0,-40.04761904761905
1.0,8.0,ARI,Antrel Rolle,DB,22.0,2015.0,0.0,3.0,9.0,57.0,20.0,155.0,0.0,0.0,0.0,0.0,0.0,1.0,9.0,0.0,1.0,9.0,0.0,709.0,26.0,4.0,Miami (FL),College Stats,RollAn20,2005.0,13.61904761904762
1.0,9.0,WAS,Carlos Rogers,DB,24.0,2014.0,0.0,1.0,7.0,47.0,26.0,133.0,0.0,0.0,0.0,0.0,0.0,0.0,0.0,0.0,0.0,0.0,0.0,415.0,17.0,1.0,Auburn,College Stats,RogeCa20,2005.0,-1.2380952380952408
1.0,10.0,DET,Mike Williams,WR,21.0,2011.0,0.0,0.0,2.0,12.0,4.0,56.0,0.0,0.0,0.0,0.0,0.0,1.0,0.0,0.0,127.0,1526.0,5.0,,,,USC,College Stats,WillMi03,2005.0,-27.38095238095238
1.0,11.0,DAL,DeMarcus Ware HOF,LB,23.0,2016.0,4.0,9.0,11.0,100.0,88.0,178.0,0.0,0.0,0.0,0.0,0.0,0.0,0.0,0.0,0.0,0.0,0.0,505.0,3.0,138.5,Troy,College Stats,WareDe99,2005.0,47.04761904761905
1.0,12.0,SDG,Shawne Merriman,LB,21.0,2012.0,1.0,3.0,4.0,40.0,38.0,75.0,0.0,0.0,0.0,0.0,0.0,0.0,0.0,0.0,0.0,0.0,0.0,196.0,1.0,45.5,Maryland,,MerrSh99,2005.0,-5.38095238095238
1.0,13.0,NOR,Jammal Brown,T,24.0,2011.0,1.0,2.0,6.0,49.0,39.0,85.0,0.0,0.0,0.0,0.0,0.0,0.0,0.0,0.0,0.0,0.0,0.0,,,,Oklahoma,College Stats,BrowJa55,2005.0,-4.142857142857146
1.0,14.0,CAR,Thomas Davis,LB,22.0,2020.0,1.0,3.0,12.0,80.0,74.0,199.0,0.0,0.0,0.0,0.0,0.0,0.0,0.0,0.0,0.0,0.0,0.0,859.0,13.0,29.0,Georgia,College Stats,DaviTh20,2005.0,34.80952380952381
1.0,15.0,KAN,Derrick Johnson,LB,22.0,2018.0,1.0,4.0,11.0,80.0,79.0,188.0,0.0,0.0,0.0,0.0,0.0,0.0,0.0,0.0,0.0,0.0,0.0,955.0,14.0,27.5,Texas,College Stats,JohnDe25,2005.0,42.23809523809524
1.0,16.0,HOU,Travis Johnson,DT,23.0,2010.0,0.0,0.0,3.0,17.0,15.0,76.0,0.0,0.0,0.0,0.0,0.0,0.0,0.0,0.0,0.0,0.0,0.0,109.0,1.0,3.0,Florida St.,,JohnTr20,2005.0,-25.333333333333336
1.0,17.0,CIN,David Pollack,LB,23.0,2006.0,0.0,0.0,0.0,3.0,3.0,16.0,0.0,0.0,0.0,0.0,0.0,0.0,0.0,0.0,0.0,0.0,0.0,22.0,,4.5,Georgia,College Stats,PollDa20,2005.0,-42.38095238095238
1.0,18.0,MIN,Erasmus James,DE,22.0,2008.0,0.0,0.0,1.0,6.0,6.0,28.0,0.0,0.0,0.0,0.0,0.0,0.0,0.0,0.0,0.0,0.0,0.0,31.0,,5.0,Wisconsin,College Stats,JameEr20,2005.0,-37.523809523809526
1.0,19.0,STL,Alex Barron,T,22.0,2010.0,0.0,0.0,5.0,27.0,27.0,87.0,0.0,0.0,0.0,0.0,0.0,0.0,0.0,0.0,0.0,0.0,0.0,,,,Florida St.,College Stats,BarrAl20,2005.0,-9.19047619047619
1.0,20.0,DAL,Marcus Spears,DE,22.0,2013.0,0.0,0.0,6.0,36.0,35.0,124.0,0.0,0.0,0.0,0.0,0.0,0.0,0.0,0.0,0.0,0.0,0.0,143.0,,10.0,LSU,College Stats,SpeaMa21,2005.0,-1.6190476190476204
1.0,21.0,JAX,Matt Jones,WR,22.0,2008.0,0.0,0.0,1.0,22.0,22.0,54.0,2.0,3.0,12.0,0.0,0.0,14.0,36.0,0.0,166.0,2153.0,15.0,,,,Arkansas,College Stats,JoneMa00,2005.0,-13.333333333333336
1.0,22.0,BAL,Mark Clayton,WR,23.0,2011.0,0.0,0.0,5.0,28.0,26.0,83.0,2.0,5.0,32.0,1.0,0.0,26.0,118.0,2.0,260.0,3448.0,14.0,1.0,,,Oklahoma,College Stats,ClayMa01,2005.0,-2.8571428571428577
1.0,23.0,OAK,Fabian Washington,DB,22.0,2010.0,0.0,0.0,4.0,20.0,9.0,81.0,0.0,0.0,0.0,0.0,0.0,0.0,0.0,0.0,0.0,0.0,0.0,204.0,6.0,,Nebraska,College Stats,WashFa20,2005.0,-11.0
1.0,24.0,GNB,Aaron Rodgers,QB,21.0,2025.0,4.0,10.0,15.0,169.0,161.0,264.0,5696.0,8743.0,66274.0,527.0,123.0,762.0,3634.0,36.0,4.0,-20.0,0.0,,,,California,College Stats,RodgAa00,2005.0,117.0952380952381
1.0,25.0,WAS,Jason Campbell,QB,23.0,2014.0,0.0,0.0,5.0,48.0,34.0,90.0,1519.0,2518.0,16771.0,87.0,60.0,240.0,1204.0,6.0,0.0,0.0,0.0,,,,Auburn,College Stats,CampJa00,2005.0,12.714285714285715
1.0,26.0,SEA,Chris Spencer,C,23.0,2014.0,0.0,0.0,6.0,38.0,29.0,137.0,0.0,0.0,0.0,0.0,0.0,0.0,0.0,0.0,0.0,0.0,0.0,,,,Mississippi,,SpenCh21,2005.0,9.523809523809526
1.0,27.0,ATL,Roddy White,WR,23.0,2015.0,1.0,4.0,10.0,88.0,88.0,171.0,0.0,0.0,0.0,0.0,0.0,9.0,19.0,0.0,808.0,10863.0,63.0,2.0,,,Ala-Birmingham,College Stats,WhitRo00,2005.0,45.714285714285715
1.0,28.0,SDG,Luis Castillo,DE,22.0,2011.0,0.0,0.0,6.0,33.0,33.0,82.0,0.0,0.0,0.0,0.0,0.0,0.0,0.0,0.0,0.0,0.0,0.0,152.0,2.0,19.0,Northwestern,,CastLu20,2005.0,1.571428571428573
1.0,29.0,IND,Marlin Jackson,DB,22.0,2009.0,0.0,0.0,2.0,14.0,14.0,56.0,0.0,0.0,0.0,0.0,0.0,0.0,0.0,0.0,0.0,0.0,0.0,224.0,4.0,0.5,Michigan,College Stats,JackMa22,2005.0,-15.857142857142858
1.0,30.0,PIT,Heath Miller,TE,22.0,2015.0,0.0,2.0,11.0,45.0,45.0,168.0,0.0,0.0,0.0,0.0,0.0,2.0,8.0,0.0,592.0,6569.0,45.0,1.0,,,Virginia,College Stats,MillHe00,2005.0,9.80952380952381
1.0,31.0,PHI,Mike Patterson,DT,22.0,2014.0,0.0,0.0,6.0,48.0,44.0,147.0,0.0,0.0,0.0,0.0,0.0,0.0,0.0,0.0,0.0,0.0,0.0,287.0,1.0,16.5,USC,College Stats,PattMi20,2005.0,13.476190476190474
1.0,32.0,NWE,Logan Mankins,G,23.0,2015.0,1.0,7.0,11.0,102.0,94.0,161.0,0.0,0.0,0.0,0.0,0.0,0.0,0.0,0.0,1.0,-9.0,0.0,,,,Fresno St.,,MankLo20,2005.0,60.095238095238095
2.0,33.0,SFO,David Baas,G,23.0,2013.0,0.0,0.0,6.0,36.0,21.0,122.0,0.0,0.0,0.0,0.0,0.0,0.0,0.0,0.0,0.0,0.0,0.0,,,,Michigan,College Stats,BaasDa20,2005.0,1.7619047619047592
2.0,34.0,CLE,Brodney Pool,DB,21.0,2011.0,0.0,0.0,4.0,27.0,21.0,100.0,0.0,0.0,0.0,0.0,0.0,0.0,0.0,0.0,0.0,0.0,0.0,294.0,13.0,5.5,Oklahoma,College Stats,PoolBr20,2005.0,-10.523809523809526
2.0,35.0,PHI,Reggie Brown,WR,24.0,2009.0,0.0,0.0,3.0,20.0,20.0,72.0,0.0,0.0,0.0,0.0,0.0,11.0,68.0,1.0,177.0,2574.0,17.0,1.0,,,Georgia,College Stats,BrowRe01,2005.0,-19.04761904761905
2.0,36.0,TAM,Barrett Ruud,LB,22.0,2012.0,0.0,0.0,5.0,41.0,36.0,116.0,0.0,0.0,0.0,0.0,0.0,0.0,0.0,0.0,0.0,0.0,0.0,479.0,7.0,6.0,Nebraska,College Stats,RuudBa20,2005.0,0.4285714285714306
2.0,37.0,DET,Shaun Cody,DT,22.0,2012.0,0.0,0.0,4.0,28.0,5.0,112.0,0.0,0.0,0.0,0.0,0.0,0.0,0.0,0.0,0.0,0.0,0.0,122.0,1.0,3.0,USC,College Stats,CodySh20,2005.0,-7.428571428571431
2.0,38.0,OAK,Stanford Routt,DB,22.0,2012.0,0.0,0.0,3.0,22.0,19.0,119.0,0.0,0.0,0.0,0.0,0.0,0.0,0.0,0.0,0.0,0.0,0.0,232.0,12.0,2.0,Houston,College Stats,RoutSt20,2005.0,-2.8571428571428577
2.0,39.0,CHI,Mark Bradley,WR,23.0,2009.0,0.0,0.0,0.0,10.0,5.0,57.0,2.0,2.0,63.0,1.0,0.0,2.0,20.0,0.0,92.0,1283.0,9.0,2.0,,,Oklahoma,College Stats,BradMa00,2005.0,-22.714285714285715
2.0,40.0,NOR,Josh Bullocks,DB,22.0,2010.0,0.0,0.0,3.0,21.0,19.0,90.0,0.0,0.0,0.0,0.0,0.0,0.0,0.0,0.0,0.0,0.0,0.0,235.0,6.0,1.0,Nebraska,College Stats,BullJo20,2005.0,-2.428571428571427
2.0,41.0,TEN,Michael Roos,T,22.0,2014.0,1.0,1.0,9.0,63.0,63.0,148.0,0.0,0.0,0.0,0.0,0.0,0.0,0.0,0.0,1.0,-7.0,0.0,,,,Eastern Washington,,RoosMi20,2005.0,34.285714285714285
2.0,42.0,DAL,Kevin Burnett,LB,22.0,2013.0,0.0,0.0,4.0,40.0,6.0,136.0,0.0,0.0,0.0,0.0,0.0,0.0,0.0,0.0,0.0,0.0,0.0,495.0,5.0,20.0,Tennessee,College Stats,BurnKe20,2005.0,11.38095238095238
2.0,43.0,NYG,Corey Webster,DB,23.0,2013.0,0.0,0.0,6.0,33.0,33.0,121.0,0.0,0.0,0.0,0.0,0.0,0.0,0.0,0.0,0.0,0.0,0.0,333.0,20.0,2.0,LSU,College Stats,WebsCo20,2005.0,9.904761904761905
2.0,44.0,ARI,J.J. Arrington,RB,22.0,2008.0,0.0,0.0,0.0,12.0,12.0,58.0,0.0,1.0,0.0,0.0,0.0,183.0,654.0,3.0,91.0,693.0,2.0,3.0,,,California,College Stats,ArriJ.00,2005.0,-16.0
2.0,45.0,SEA,Lofa Tatupu,LB,22.0,2010.0,1.0,3.0,5.0,49.0,49.0,84.0,0.0,0.0,0.0,0.0,0.0,0.0,0.0,0.0,0.0,0.0,0.0,410.0,10.0,8.5,USC,College Stats,TatuLo99,2005.0,22.19047619047619
2.0,46.0,MIA,Matt Roth,DE,22.0,2011.0,0.0,0.0,5.0,27.0,14.0,96.0,0.0,0.0,0.0,0.0,0.0,0.0,0.0,0.0,0.0,0.0,0.0,216.0,,23.5,Iowa,,RothMa20,2005.0,-1.6190476190476204
2.0,47.0,NYJ,Mike Nugent,K,23.0,2020.0,0.0,0.0,0.0,22.0,8.0,172.0,0.0,0.0,0.0,0.0,0.0,0.0,0.0,0.0,0.0,0.0,0.0,14.0,,,Ohio St.,College Stats,nugenmik01,2005.0,-11.047619047619051
2.0,48.0,CIN,Odell Thurman,LB,22.0,2005.0,0.0,0.0,1.0,7.0,7.0,16.0,0.0,0.0,0.0,0.0,0.0,0.0,0.0,0.0,0.0,0.0,0.0,68.0,5.0,1.5,Georgia,College Stats,ThurOd20,2005.0,-21.80952380952381
2.0,49.0,MIN,Marcus Johnson,G,21.0,2009.0,0.0,0.0,1.0,8.0,8.0,53.0,0.0,0.0,0.0,0.0,0.0,0.0,0.0,0.0,0.0,0.0,0.0,,,,Mississippi,,JohnMa20,2005.0,-15.600000000000001
2.0,50.0,STL,Ron Bartell,DB,23.0,2012.0,0.0,0.0,4.0,25.0,23.0,96.0,0.0,0.0,0.0,0.0,0.0,0.0,0.0,0.0,0.0,0.0,0.0,321.0,8.0,2.0,Howard,,BartRo20,2005.0,-3.7142857142857153
2.0,51.0,GNB,Nick Collins,DB,22.0,2011.0,0.0,3.0,6.0,48.0,48.0,95.0,0.0,0.0,0.0,0.0,0.0,0.0,0.0,0.0,0.0,0.0,0.0,345.0,21.0,1.0,Bethune-Cookman,,CollNi20,2005.0,22.157894736842106
2.0,52.0,JAX,Khalif Barnes,T,23.0,2017.0,0.0,0.0,7.0,51.0,31.0,154.0,0.0,0.0,0.0,0.0,0.0,0.0,0.0,0.0,3.0,9.0,1.0,1.0,,,Washington,College Stats,BarnKh20,2005.0,27.333333333333332
2.0,53.0,BAL,Dan Cody,DE,23.0,2006.0,0.0,0.0,0.0,0.0,0.0,2.0,0.0,0.0,0.0,0.0,0.0,0.0,0.0,0.0,0.0,0.0,0.0,,,,Oklahoma,,CodyDa20,2005.0,-26.142857142857142
2.0,54.0,CAR,Eric Shelton,RB,22.0,2006.0,0.0,0.0,0.0,0.0,0.0,9.0,0.0,0.0,0.0,0.0,0.0,8.0,23.0,0.0,1.0,6.0,0.0,1.0,,,Louisville,College Stats,ShelEr00,2005.0,-22.904761904761905
2.0,55.0,BUF,Roscoe Parrish,WR,23.0,2012.0,0.0,0.0,0.0,14.0,14.0,90.0,1.0,1.0,3.0,0.0,0.0,14.0,71.0,1.0,134.0,1502.0,7.0,1.0,,,Miami (FL),College Stats,ParrRo00,2005.0,-19.04761904761905
2.0,56.0,DEN,Darrent Williams,DB,22.0,2006.0,0.0,0.0,2.0,11.0,11.0,27.0,0.0,0.0,0.0,0.0,0.0,0.0,0.0,0.0,0.0,0.0,0.0,125.0,6.0,1.0,Oklahoma St.,College Stats,WillDa21,2005.0,-9.578947368421051
2.0,57.0,NYJ,Justin Miller,DB,21.0,2012.0,0.0,1.0,0.0,15.0,13.0,46.0,0.0,0.0,0.0,0.0,0.0,0.0,0.0,0.0,0.0,0.0,0.0,81.0,,,Clemson,College Stats,MillJu99,2005.0,-7.80952380952381
2.0,58.0,GNB,Terrence Murphy,WR,22.0,2005.0,0.0,0.0,0.0,0.0,0.0,3.0,0.0,0.0,0.0,0.0,0.0,0.0,0.0,0.0,5.0,36.0,0.0,,,,Texas A&M,College Stats,MurpTe00,2005.0,-24.523809523809526
2.0,59.0,ATL,Jonathan Babineaux,DE,23.0,2016.0,0.0,0.0,10.0,52.0,52.0,185.0,0.0,0.0,0.0,0.0,0.0,0.0,0.0,0.0,0.0,0.0,0.0,291.0,4.0,27.0,Iowa,College Stats,BabiJo20,2005.0,30.095238095238095
2.0,60.0,IND,Kelvin Hayden,DB,22.0,2012.0,0.0,0.0,4.0,24.0,21.0,101.0,0.0,0.0,0.0,0.0,0.0,0.0,0.0,0.0,0.0,0.0,0.0,285.0,12.0,,Illinois,College Stats,HaydKe20,2005.0,-1.095238095238095
2.0,61.0,SDG,Vincent Jackson,WR,22.0,2016.0,0.0,3.0,8.0,77.0,49.0,155.0,0.0,0.0,0.0,0.0,0.0,15.0,161.0,0.0,540.0,9080.0,57.0,2.0,,,Northern Colorado,,JackVi00,2005.0,48.14285714285714
2.0,62.0,PIT,Bryant McFadden,DB,23.0,2011.0,0.0,0.0,3.0,27.0,22.0,96.0,0.0,0.0,0.0,0.0,0.0,1.0,-2.0,0.0,0.0,0.0,0.0,272.0,9.0,4.0,Florida St.,College Stats,McFaBr20,2005.0,1.25
2.0,63.0,PHI,Matt McCoy,LB,22.0,2011.0,0.0,0.0,1.0,9.0,6.0,65.0,0.0,0.0,0.0,0.0,0.0,0.0,0.0,0.0,0.0,0.0,0.0,110.0,,2.0,San Diego St.,,McCoMa20,2005.0,-21.9
2.0,64.0,BAL,Adam Terry,T,23.0,2010.0,0.0,0.0,0.0,9.0,9.0,50.0,0.0,0.0,0.0,0.0,0.0,0.0,0.0,0.0,0.0,0.0,0.0,,,,Syracuse,,TerrAd20,2005.0,-20.904761904761905
3.0,65.0,SFO,Frank Gore,RB,22.0,2020.0,0.0,5.0,14.0,94.0,75.0,241.0,0.0,0.0,0.0,0.0,0.0,3735.0,16000.0,81.0,484.0,3985.0,18.0,,,,Miami (FL),College Stats,GoreFr00,2005.0,68.1
3.0,66.0,STL,O.J. Atogwe,DB,24.0,2011.0,0.0,0.0,6.0,34.0,31.0,101.0,0.0,0.0,0.0,0.0,0.0,0.0,0.0,0.0,0.0,0.0,0.0,376.0,25.0,5.5,Stanford,College Stats,AtogO.20,2005.0,8.523809523809526
3.0,67.0,CLE,Charlie Frye,QB,24.0,2009.0,0.0,0.0,1.0,8.0,7.0,26.0,419.0,677.0,4154.0,17.0,29.0,72.0,347.0,4.0,0.0,0.0,0.0,,,,Akron,College Stats,FryeCh00,2005.0,-10.95
3.0,68.0,TEN,Courtney Roby,WR,22.0,2014.0,0.0,0.0,0.0,4.0,3.0,92.0,0.0,0.0,0.0,0.0,0.0,3.0,19.0,0.0,26.0,343.0,1.0,45.0,,,Indiana,College Stats,RobyCo00,2005.0,-12.476190476190474
3.0,69.0,OAK,Andrew Walter,QB,23.0,2008.0,0.0,0.0,1.0,1.0,1.0,15.0,174.0,333.0,1919.0,3.0,16.0,19.0,49.0,0.0,0.0,0.0,0.0,,,,Arizona St.,College Stats,WaltAn00,2005.0,-25.571428571428573
3.0,70.0,MIA,Channing Crowder,LB,21.0,2010.0,0.0,0.0,6.0,31.0,31.0,82.0,0.0,0.0,0.0,0.0,0.0,0.0,0.0,0.0,0.0,0.0,0.0,343.0,1.0,2.5,Florida,College Stats,CrowCh20,2005.0,8.095238095238095
3.0,71.0,TAM,Alex Smith,TE,23.0,2015.0,0.0,0.0,3.0,11.0,10.0,124.0,0.0,0.0,0.0,0.0,0.0,0.0,0.0,0.0,163.0,1473.0,13.0,4.0,,,Stanford,College Stats,SmitAl02,2005.0,-16.857142857142858
3.0,72.0,DET,Stanley Wilson,DB,22.0,2007.0,0.0,0.0,0.0,5.0,5.0,32.0,0.0,0.0,0.0,0.0,0.0,0.0,0.0,0.0,0.0,0.0,0.0,64.0,,,Stanford,College Stats,WilsSt20,2005.0,-13.600000000000001
3.0,73.0,HOU,Vernand Morency,RB,25.0,2007.0,0.0,0.0,0.0,8.0,2.0,39.0,0.0,0.0,0.0,0.0,0.0,171.0,726.0,4.0,57.0,404.0,0.0,7.0,,,Oklahoma St.,College Stats,MoreVe00,2005.0,-16.523809523809526
3.0,74.0,NYG,Justin Tuck,DE,22.0,2015.0,1.0,2.0,7.0,65.0,59.0,147.0,0.0,0.0,0.0,0.0,0.0,0.0,0.0,0.0,0.0,0.0,0.0,354.0,3.0,66.5,Notre Dame,,TuckJu20,2005.0,46.57142857142857
3.0,75.0,ARI,Eric Green,DB,23.0,2008.0,0.0,0.0,2.0,12.0,12.0,51.0,0.0,0.0,0.0,0.0,0.0,0.0,0.0,0.0,0.0,0.0,0.0,152.0,2.0,,Virginia Tech,College Stats,GreeEr20,2005.0,-11.45
3.0,76.0,DEN,Karl Paymah,DB,22.0,2010.0,0.0,0.0,0.0,6.0,6.0,74.0,0.0,0.0,0.0,0.0,0.0,0.0,0.0,0.0,0.0,0.0,0.0,115.0,3.0,,Washington St.,College Stats,PaymKa20,2005.0,-15.350000000000001
3.0,77.0,PHI,Ryan Moats,RB,22.0,2009.0,0.0,0.0,0.0,7.0,2.0,38.0,0.0,0.0,0.0,0.0,0.0,204.0,831.0,8.0,20.0,127.0,1.0,14.0,,,Louisiana Tech,College Stats,MoatRy00,2005.0,-11.952380952380953
3.0,78.0,OAK,Kirk Morrison,LB,23.0,2012.0,0.0,0.0,6.0,38.0,33.0,112.0,0.0,0.0,0.0,0.0,0.0,0.0,0.0,0.0,0.0,0.0,0.0,572.0,7.0,6.0,San Diego St.,College Stats,MorrKi20,2005.0,12.142857142857142
3.0,79.0,CAR,Evan Mathis,G,23.0,2016.0,1.0,2.0,6.0,46.0,6.0,134.0,0.0,0.0,0.0,0.0,0.0,0.0,0.0,0.0,0.0,0.0,0.0,,,,Alabama,,MathEv20,2005.0,29.3
3.0,80.0,MIN,Dustin Fox,DB,22.0,2008.0,0.0,0.0,0.0,0.0,,12.0,0.0,0.0,0.0,0.0,0.0,0.0,0.0,0.0,0.0,0.0,0.0,7.0,,,Ohio St.,College Stats,FoxxDu20,2005.0,-11.238095238095237
3.0,81.0,STL,Richie Incognito,G,22.0,2020.0,0.0,4.0,10.0,62.0,11.0,164.0,0.0,0.0,0.0,0.0,0.0,0.0,0.0,0.0,0.0,0.0,0.0,,,,Oregon,,IncoRi20,2005.0,37.0
3.0,82.0,NOR,Alfred Fincher,LB,22.0,2008.0,0.0,0.0,0.0,3.0,2.0,38.0,0.0,0.0,0.0,0.0,0.0,0.0,0.0,0.0,0.0,0.0,0.0,18.0,,,Connecticut,College Stats,FincAl20,2005.0,-10.45
3.0,83.0,CIN,Chris Henry,WR,22.0,2009.0,0.0,0.0,0.0,16.0,16.0,55.0,0.0,0.0,0.0,0.0,0.0,0.0,0.0,0.0,119.0,1826.0,21.0,,,,West Virginia,College Stats,HenrCh00,2005.0,-7.761904761904763
3.0,84.0,NWE,Ellis Hobbs,DB,22.0,2010.0,0.0,0.0,4.0,28.0,25.0,79.0,0.0,0.0,0.0,0.0,0.0,0.0,0.0,0.0,0.0,0.0,0.0,185.0,10.0,2.5,Iowa St.,College Stats,HobbEl20,2005.0,2.571428571428573
3.0,85.0,SEA,David Greene,QB,,,0.0,0.0,0.0,,,,,,,,,,,,,,,,,,Georgia,College Stats,-9999,2005.0,
3.0,86.0,BUF,Kevin Everett,TE,23.0,2007.0,0.0,0.0,0.0,0.0,0.0,17.0,0.0,0.0,0.0,0.0,0.0,0.0,0.0,0.0,2.0,4.0,0.0,1.0,,,Miami (FL),College Stats,EverKe00,2005.0,-20.0
3.0,87.0,JAX,Scott Starks,DB,22.0,2009.0,0.0,0.0,0.0,4.0,4.0,54.0,0.0,0.0,0.0,0.0,0.0,0.0,0.0,0.0,0.0,0.0,0.0,57.0,2.0,,Wisconsin,College Stats,StarSc20,2005.0,-7.476190476190476
3.0,88.0,NYJ,Sione Pouha,DT,26.0,2012.0,0.0,0.0,4.0,36.0,36.0,106.0,0.0,0.0,0.0,0.0,0.0,0.0,0.0,0.0,0.0,0.0,0.0,193.0,,4.5,Utah,College Stats,PouhSi20,2005.0,15.80952380952381
3.0,89.0,CAR,Atiyyah Ellison,DT,23.0,2009.0,0.0,0.0,0.0,0.0,,15.0,0.0,0.0,0.0,0.0,,0.0,0.0,0.0,0.0,0.0,0.0,15.0,,,Missouri,,ElliAt00,2005.0,-19.0
3.0,90.0,ATL,Jordan Beck,LB,22.0,2007.0,0.0,0.0,0.0,2.0,1.0,26.0,0.0,0.0,0.0,0.0,0.0,0.0,0.0,0.0,0.0,0.0,0.0,19.0,,,Cal Poly-San Luis Obispo,,BeckJo20,2005.0,-12.142857142857142
3.0,91.0,TAM,Chris Colmer,T,,,0.0,0.0,0.0,,,,,,,,,,,,,,,,,,North Carolina St.,,-9999,2005.0,
3.0,92.0,IND,Vincent Burns,DE,,,0.0,0.0,0.0,,,,,,,,,,,,,,,,,,Kentucky,College Stats,-9999,2005.0,
3.0,93.0,PIT,Trai Essex,T,22.0,2012.0,0.0,0.0,1.0,19.0,19.0,76.0,0.0,0.0,0.0,0.0,0.0,0.0,0.0,0.0,0.0,0.0,0.0,,,,Northwestern,College Stats,EsseTr20,2005.0,6.80952380952381
3.0,94.0,SFO,Adam Snyder,T,23.0,2014.0,0.0,0.0,5.0,34.0,30.0,141.0,0.0,0.0,0.0,0.0,0.0,0.0,0.0,0.0,0.0,0.0,0.0,,,,Oregon,,SnydAd20,2005.0,14.149999999999999
3.0,95.0,ARI,Darryl Blackstock,LB,22.0,2011.0,0.0,0.0,0.0,6.0,4.0,74.0,0.0,0.0,0.0,0.0,0.0,0.0,0.0,0.0,0.0,0.0,0.0,75.0,,4.0,Virginia,College Stats,BlacDa20,2005.0,-9.789473684210526
3.0,96.0,TEN,Brandon Jones,WR,23.0,2009.0,0.0,0.0,2.0,11.0,11.0,59.0,0.0,0.0,0.0,0.0,0.0,6.0,76.0,0.0,113.0,1398.0,9.0,,,,Oklahoma,College Stats,JoneBr02,2005.0,-2.6190476190476186
3.0,97.0,DEN,Domonique Foxworth,DB,22.0,2011.0,0.0,0.0,2.0,19.0,8.0,78.0,0.0,0.0,0.0,0.0,0.0,0.0,0.0,0.0,0.0,0.0,0.0,228.0,8.0,,Maryland,College Stats,FoxwDo20,2005.0,6.142857142857142
3.0,98.0,SEA,LeRoy Hill,LB,22.0,2012.0,0.0,0.0,6.0,37.0,37.0,97.0,0.0,0.0,0.0,0.0,0.0,0.0,0.0,0.0,0.0,0.0,0.0,379.0,,20.0,Clemson,College Stats,HillLe20,2005.0,15.952380952380953
3.0,99.0,KAN,Dustin Colquitt,P,23.0,2021.0,0.0,2.0,0.0,24.0,24.0,255.0,1.0,2.0,6.0,0.0,0.0,3.0,-3.0,0.0,0.0,0.0,0.0,8.0,,,Tennessee,College Stats,ColqDu20,2005.0,6.142857142857142
3.0,100.0,NWE,Nick Kaczur,T,26.0,2009.0,0.0,0.0,5.0,37.0,37.0,68.0,0.0,0.0,0.0,0.0,0.0,0.0,0.0,0.0,0.0,0.0,0.0,,,,Toledo,College Stats,KaczNi20,2005.0,17.6
3.0,101.0,DEN,Maurice Clarett,RB,,,0.0,0.0,0.0,,,,,,,,,,,,,,,,,,Ohio St.,,-9999,2005.0,
4.0,102.0,PHI,Sean Considine,DB,22.0,2012.0,0.0,0.0,2.0,15.0,10.0,99.0,0.0,0.0,0.0,0.0,0.0,1.0,3.0,0.0,0.0,0.0,0.0,195.0,4.0,2.5,Iowa,College Stats,ConsSe20,2005.0,-5.428571428571427
4.0,103.0,CLE,Antonio Perkins,DB,23.0,2006.0,0.0,0.0,0.0,0.0,0.0,6.0,0.0,0.0,0.0,0.0,0.0,0.0,0.0,0.0,0.0,0.0,0.0,2.0,,,Oklahoma,College Stats,PerkAn20,2005.0,-16.61904761904762
4.0,104.0,MIA,Travis Daniels,DB,22.0,2012.0,0.0,0.0,1.0,13.0,10.0,107.0,0.0,0.0,0.0,0.0,0.0,0.0,0.0,0.0,0.0,0.0,0.0,145.0,6.0,,LSU,College Stats,DaniTr20,2005.0,-1.5
4.0,105.0,SEA,Ray Willis,T,23.0,2009.0,0.0,0.0,1.0,10.0,10.0,44.0,0.0,0.0,0.0,0.0,0.0,0.0,0.0,0.0,0.0,0.0,0.0,,,,Florida St.,,WillRa22,2005.0,-7.399999999999999
4.0,106.0,CHI,Kyle Orton,QB,22.0,2014.0,0.0,0.0,5.0,40.0,10.0,87.0,1613.0,2712.0,18037.0,101.0,69.0,126.0,296.0,4.0,0.0,0.0,0.0,,,,Purdue,College Stats,OrtoKy00,2005.0,24.857142857142858
4.0,107.0,TAM,Dan Buenning,G,23.0,2008.0,0.0,0.0,1.0,10.0,9.0,36.0,0.0,0.0,0.0,0.0,0.0,0.0,0.0,0.0,0.0,0.0,0.0,1.0,,,Wisconsin,,BuenDa20,2005.0,0.7619047619047628
4.0,108.0,TEN,Vincent Fuller,DB,23.0,2011.0,0.0,0.0,0.0,8.0,8.0,76.0,0.0,0.0,0.0,0.0,0.0,0.0,0.0,0.0,0.0,0.0,0.0,142.0,6.0,2.0,Virginia Tech,College Stats,FullVi20,2005.0,-14.578947368421051
4.0,109.0,DAL,Marion Barber III,RB,22.0,2011.0,0.0,1.0,3.0,39.0,37.0,99.0,0.0,1.0,0.0,0.0,0.0,1156.0,4780.0,53.0,179.0,1330.0,6.0,1.0,,,Minnesota,College Stats,BarbMa01,2005.0,15.952380952380953
4.0,110.0,NYG,Brandon Jacobs,RB,23.0,2013.0,0.0,0.0,3.0,36.0,36.0,109.0,0.0,0.0,0.0,0.0,0.0,1141.0,5094.0,60.0,82.0,743.0,4.0,11.0,,,Southern Illinois,,JacoBr00,2005.0,25.761904761904763
4.0,111.0,ARI,Elton Brown,G,23.0,2008.0,0.0,0.0,1.0,8.0,8.0,34.0,0.0,0.0,0.0,0.0,0.0,0.0,0.0,0.0,0.0,0.0,0.0,,,,Virginia,College Stats,BrowEl20,2005.0,-2.9523809523809526
4.0,112.0,MIN,Ciatrick Fason,RB,22.0,2006.0,0.0,0.0,0.0,1.0,1.0,18.0,0.0,0.0,0.0,0.0,0.0,50.0,161.0,5.0,3.0,19.0,0.0,3.0,,,Florida,College Stats,FasoCi00,2005.0,-17.842105263157894
4.0,113.0,TEN,David Stewart,T,23.0,2013.0,0.0,0.0,8.0,48.0,48.0,116.0,0.0,0.0,0.0,0.0,0.0,0.0,0.0,0.0,0.0,0.0,0.0,,,,Mississippi St.,,StewDa21,2005.0,32.0
4.0,114.0,HOU,Jerome Mathis,WR,22.0,2007.0,1.0,1.0,0.0,4.0,4.0,17.0,0.0,0.0,0.0,0.0,0.0,0.0,0.0,0.0,6.0,80.0,1.0,,,,Hampton,,MathJe00,2005.0,-7.947368421052632
4.0,115.0,GNB,Marviel Underwood,DB,23.0,2005.0,0.0,0.0,0.0,1.0,1.0,16.0,0.0,0.0,0.0,0.0,0.0,0.0,0.0,0.0,0.0,0.0,0.0,28.0,,,San Diego St.,College Stats,UndeMa20,2005.0,-8.736842105263158
4.0,116.0,KAN,Craphonso Thorpe,WR,22.0,2007.0,0.0,0.0,0.0,1.0,,5.0,0.0,0.0,0.0,0.0,0.0,0.0,0.0,0.0,12.0,70.0,1.0,,,,Florida St.,College Stats,ThorCr00,2005.0,-10.952380952380953
4.0,117.0,STL,Jerome Carter,DB,22.0,2007.0,0.0,0.0,0.0,3.0,3.0,33.0,0.0,0.0,0.0,0.0,0.0,0.0,0.0,0.0,0.0,0.0,0.0,62.0,2.0,,Florida St.,College Stats,CartJe20,2005.0,-12.0
4.0,118.0,NOR,Chase Lyman,WR,,,0.0,0.0,0.0,,,,,,,,,,,,,,,,,,California,College Stats,-9999,2005.0,
4.0,119.0,CIN,Eric Ghiaciuc,C,24.0,2008.0,0.0,0.0,3.0,19.0,19.0,48.0,0.0,0.0,0.0,0.0,0.0,0.0,0.0,0.0,0.0,0.0,0.0,,,,Central Michigan,,GhiaEr20,2005.0,3.333333333333334
4.0,120.0,WAS,Manuel White,RB,,,0.0,0.0,0.0,,,,,,,,,,,,,,,,,,UCLA,College Stats,-9999,2005.0,
4.0,121.0,CAR,Stefan Lefors,QB,,,0.0,0.0,0.0,,,,,,,,,,,,,,,,,,Louisville,College Stats,-9999,2005.0,
4.0,122.0,BUF,Duke Preston,C,23.0,2008.0,0.0,0.0,1.0,11.0,11.0,59.0,0.0,0.0,0.0,0.0,0.0,0.0,0.0,0.0,0.0,0.0,0.0,,,,Illinois,,PresDu20,2005.0,-4.842105263157896
4.0,123.0,NYJ,Kerry Rhodes,DB,23.0,2012.0,0.0,0.0,7.0,49.0,36.0,118.0,0.0,0.0,0.0,0.0,0.0,0.0,0.0,0.0,0.0,0.0,0.0,490.0,23.0,13.0,Louisville,College Stats,RhodKe20,2005.0,35.3
4.0,124.0,BAL,Jason Brown,C,22.0,2011.0,0.0,0.0,6.0,30.0,19.0,100.0,0.0,0.0,0.0,0.0,0.0,0.0,0.0,0.0,0.0,0.0,0.0,,,,North Carolina,College Stats,BrowJa23,2005.0,16.57142857142857
4.0,125.0,GNB,Brady Poppinga,LB,25.0,2012.0,0.0,0.0,4.0,25.0,20.0,100.0,0.0,0.0,0.0,0.0,0.0,0.0,0.0,0.0,0.0,0.0,0.0,226.0,2.0,5.0,BYU,College Stats,PoppBr20,2005.0,10.421052631578947
4.0,126.0,PHI,Todd Herremans,T,22.0,2015.0,0.0,0.0,9.0,51.0,50.0,135.0,0.0,0.0,0.0,0.0,0.0,0.0,0.0,0.0,2.0,3.0,2.0,1.0,,,Saginaw Valley St.,,HerrTo20,2005.0,26.65
4.0,127.0,JAX,Alvin Pearman,RB,23.0,2009.0,0.0,0.0,0.0,5.0,5.0,38.0,0.0,0.0,0.0,0.0,0.0,58.0,238.0,2.0,36.0,276.0,1.0,10.0,,,Virginia,College Stats,PearAl00,2005.0,-3.8499999999999996
4.0,128.0,ATL,Chauncey Davis,DE,22.0,2011.0,0.0,0.0,1.0,20.0,19.0,102.0,0.0,0.0,0.0,0.0,0.0,0.0,0.0,0.0,0.0,0.0,0.0,150.0,2.0,11.0,Florida St.,College Stats,DaviCh22,2005.0,1.3999999999999986
4.0,129.0,IND,Dylan Gandy,G,23.0,2013.0,0.0,0.0,1.0,19.0,13.0,120.0,0.0,0.0,0.0,0.0,0.0,0.0,0.0,0.0,0.0,0.0,0.0,1.0,,,Texas Tech,,GandDy20,2005.0,9.15
4.0,130.0,SDG,Darren Sproles,RB,22.0,2019.0,0.0,3.0,1.0,62.0,25.0,183.0,0.0,0.0,0.0,0.0,0.0,732.0,3552.0,23.0,553.0,4840.0,32.0,2.0,,,Kansas St.,College Stats,SproDa00,2005.0,45.27777777777778
4.0,131.0,PIT,Fred Gibson,WR,,,0.0,0.0,0.0,,,,,,,,,,,,,,,,,,Georgia,College Stats,-9999,2005.0,
4.0,132.0,DAL,Chris Canty,DE,22.0,2015.0,0.0,0.0,9.0,46.0,20.0,148.0,0.0,0.0,0.0,0.0,0.0,0.0,0.0,0.0,0.0,0.0,0.0,234.0,,22.5,Virginia,,CantCh21,2005.0,35.294117647058826
4.0,133.0,NWE,James Sanders,DB,21.0,2012.0,0.0,0.0,2.0,25.0,22.0,114.0,0.0,0.0,0.0,0.0,0.0,0.0,0.0,0.0,0.0,0.0,0.0,252.0,8.0,1.0,Fresno St.,College Stats,SandJa21,2005.0,14.142857142857142
4.0,134.0,STL,Claude Terrell,G,23.0,2007.0,0.0,0.0,1.0,6.0,6.0,20.0,0.0,0.0,0.0,0.0,0.0,0.0,0.0,0.0,0.0,0.0,0.0,,,,New Mexico,,TerrCl20,2005.0,-9.411764705882353
4.0,135.0,IND,Matt Giordano,DB,22.0,2013.0,0.0,0.0,1.0,16.0,5.0,116.0,0.0,0.0,0.0,0.0,0.0,1.0,-5.0,0.0,0.0,0.0,0.0,180.0,11.0,1.0,California,College Stats,GiorMa20,2005.0,-8.444444444444443
4.0,136.0,TEN,Roydell Williams,WR,24.0,2010.0,0.0,0.0,1.0,10.0,9.0,56.0,0.0,0.0,0.0,0.0,0.0,2.0,-17.0,0.0,92.0,1248.0,6.0,5.0,,,Tulane,College Stats,WillRo05,2005.0,1.1999999999999993
5.0,137.0,SFO,Ronald Fields,DT,23.0,2011.0,0.0,0.0,2.0,13.0,6.0,87.0,0.0,0.0,0.0,0.0,0.0,0.0,0.0,0.0,0.0,0.0,0.0,102.0,,1.0,Mississippi St.,,FielRo20,2005.0,-7.94736842105263
5.0,138.0,KAN,Boomer Grigsby,LB,23.0,2008.0,0.0,0.0,0.0,3.0,3.0,45.0,0.0,0.0,0.0,0.0,0.0,0.0,0.0,0.0,2.0,14.0,0.0,31.0,,,Illinois St.,,GrigBo20,2005.0,-10.421052631578947
5.0,139.0,CLE,David McMillan,DE,23.0,2007.0,0.0,0.0,0.0,2.0,2.0,29.0,0.0,0.0,0.0,0.0,0.0,0.0,0.0,0.0,0.0,0.0,0.0,5.0,,,Kansas,College Stats,McMiDa20,2005.0,-5.857142857142857
5.0,140.0,CHI,Airese Currie,WR,22.0,2006.0,0.0,0.0,0.0,0.0,0.0,1.0,0.0,0.0,0.0,0.0,0.0,0.0,0.0,0.0,0.0,0.0,0.0,,,,Clemson,College Stats,CurrAi00,2005.0,-11.476190476190476
5.0,141.0,TAM,Donte Nicholson,DB,23.0,2008.0,0.0,0.0,0.0,1.0,1.0,16.0,0.0,0.0,0.0,0.0,0.0,0.0,0.0,0.0,0.0,0.0,0.0,11.0,,,Oklahoma,College Stats,NichDo20,2005.0,-7.666666666666666
5.0,142.0,TEN,Damien Nash,RB,23.0,2006.0,0.0,0.0,0.0,1.0,0.0,6.0,0.0,0.0,0.0,0.0,0.0,24.0,98.0,0.0,7.0,55.0,0.0,,,,Missouri,College Stats,NashDa00,2005.0,-14.68421052631579
5.0,143.0,GNB,Junius Coston,G,21.0,2007.0,0.0,0.0,0.0,5.0,5.0,16.0,0.0,0.0,0.0,0.0,0.0,0.0,0.0,0.0,0.0,0.0,0.0,,,,North Carolina A&T,,CostJu20,2005.0,-11.315789473684209
5.0,144.0,STL,Jerome Collins,TE,23.0,2005.0,0.0,0.0,0.0,0.0,0.0,3.0,0.0,0.0,0.0,0.0,0.0,0.0,0.0,0.0,0.0,0.0,0.0,,,,Notre Dame,College Stats,CollJe00,2005.0,-11.05
5.0,145.0,DET,Dan Orlovsky,QB,22.0,2015.0,0.0,0.0,1.0,7.0,5.0,26.0,298.0,512.0,3132.0,15.0,13.0,13.0,34.0,0.0,0.0,0.0,0.0,,,,Connecticut,College Stats,OrloDa00,2005.0,-3.5
5.0,146.0,PHI,Trent Cole,DE,22.0,2016.0,0.0,2.0,9.0,68.0,66.0,176.0,0.0,0.0,0.0,0.0,0.0,0.0,0.0,0.0,0.0,0.0,0.0,467.0,1.0,90.5,Cincinnati,College Stats,ColeTr20,2005.0,42.55
5.0,147.0,KAN,Alphonso Hodge,DB,,,0.0,0.0,0.0,,,,,,,,,,,,,,,,,,Miami (OH),,-9999,2005.0,
5.0,148.0,IND,Jonathan Welsh,DE,23.0,2005.0,0.0,0.0,0.0,0.0,0.0,6.0,0.0,0.0,0.0,0.0,0.0,0.0,0.0,0.0,0.0,0.0,0.0,2.0,,,Wisconsin,,WelsJo20,2005.0,-7.421052631578948
5.0,149.0,CAR,Adam Seward,LB,23.0,2009.0,0.0,0.0,0.0,4.0,4.0,43.0,0.0,0.0,0.0,0.0,0.0,0.0,0.0,0.0,0.0,0.0,0.0,40.0,,,UNLV,College Stats,SewaAd20,2005.0,-11.1
5.0,150.0,TEN,Daniel Loper,T,23.0,2010.0,0.0,0.0,0.0,7.0,3.0,58.0,0.0,0.0,0.0,0.0,0.0,0.0,0.0,0.0,0.0,0.0,0.0,,,,Texas Tech,,LopeDa20,2005.0,-1.7368421052631575
5.0,151.0,HOU,Drew Hodgdon,C,23.0,2007.0,0.0,0.0,0.0,3.0,3.0,14.0,0.0,0.0,0.0,0.0,0.0,0.0,0.0,0.0,0.0,0.0,0.0,,,,Arizona St.,,HodgDr20,2005.0,-10.055555555555555
5.0,152.0,NOR,Adrian McPherson,QB,,,0.0,0.0,0.0,,,,,,,,,,,,,,,,,,Florida St.,,-9999,2005.0,
5.0,153.0,CIN,Adam Kieft,T,,,0.0,0.0,0.0,,,,,,,,,,,,,,,,,,Central Michigan,,-9999,2005.0,
5.0,154.0,WAS,Robert McCune,LB,26.0,2008.0,0.0,0.0,0.0,0.0,0.0,8.0,0.0,0.0,0.0,0.0,0.0,0.0,0.0,0.0,0.0,0.0,0.0,9.0,,,Louisville,College Stats,McCuRo20,2005.0,-18.263157894736842
5.0,155.0,TAM,Larry Brackins,WR,,,0.0,0.0,0.0,,,,,,,,,,,,,,,,,,Pearl River CC,,-9999,2005.0,
5.0,156.0,BUF,Eric King,DB,23.0,2010.0,0.0,0.0,0.0,4.0,1.0,63.0,0.0,0.0,0.0,0.0,0.0,0.0,0.0,0.0,0.0,0.0,0.0,69.0,,,Wake Forest,College Stats,KingEr20,2005.0,-5.111111111111111
5.0,157.0,JAX,Gerald Sensabaugh,DB,22.0,2012.0,0.0,0.0,5.0,31.0,10.0,112.0,0.0,0.0,0.0,0.0,0.0,0.0,0.0,0.0,0.0,0.0,0.0,327.0,14.0,2.0,North Carolina,College Stats,SensGe20,2005.0,20.75
5.0,158.0,BAL,Justin Green,FB,23.0,2007.0,0.0,0.0,0.0,0.0,0.0,39.0,0.0,0.0,0.0,0.0,0.0,5.0,4.0,0.0,13.0,65.0,0.0,21.0,,,Montana,,GreeJu00,2005.0,-6.5
5.0,159.0,SEA,Jeb Huckeba,LB,,,0.0,0.0,0.0,,,,,,,,,,,,,,,,,,Arkansas,,-9999,2005.0,
5.0,160.0,ATL,Michael Boley,LB,23.0,2013.0,0.0,0.0,8.0,41.0,22.0,131.0,0.0,0.0,0.0,0.0,0.0,0.0,0.0,0.0,0.0,0.0,0.0,542.0,8.0,9.5,Southern Miss,College Stats,BoleMi20,2005.0,30.27777777777778
5.0,161.0,NYJ,Andre Maddox,DB,,,0.0,0.0,0.0,,,,,,,,,,,,,,,,,,North Carolina St.,,-9999,2005.0,
5.0,162.0,MIA,Anthony Alabi,T,24.0,2007.0,0.0,0.0,0.0,1.0,1.0,16.0,0.0,0.0,0.0,0.0,0.0,0.0,0.0,0.0,0.0,0.0,0.0,,,,TCU,,AlabAn20,2005.0,-5.176470588235294
5.0,163.0,ATL,Frank Omiyale,T,22.0,2012.0,0.0,0.0,2.0,17.0,0.0,75.0,0.0,0.0,0.0,0.0,0.0,0.0,0.0,0.0,0.0,0.0,0.0,,,,Tennessee Tech,,OmiyFr20,2005.0,3.666666666666666
5.0,164.0,SDG,Wesley Britt,T,23.0,2008.0,0.0,0.0,0.0,3.0,,16.0,0.0,0.0,0.0,0.0,0.0,0.0,0.0,0.0,0.0,0.0,0.0,,,,Alabama,,BritWe20,2005.0,-9.05
5.0,165.0,IND,Robert Hunt,C,,,0.0,0.0,0.0,,,,,,,,,,,,,,,,,,North Dakota St.,,-9999,2005.0,
5.0,166.0,PIT,Rian Wallace,LB,23.0,2006.0,0.0,0.0,0.0,2.0,2.0,16.0,0.0,0.0,0.0,0.0,0.0,0.0,0.0,0.0,0.0,0.0,0.0,7.0,1.0,,Temple,College Stats,WallRi20,2005.0,-11.666666666666666
5.0,167.0,GNB,Michael Hawkins,DB,22.0,2006.0,0.0,0.0,0.0,1.0,1.0,18.0,0.0,0.0,0.0,0.0,0.0,0.0,0.0,0.0,0.0,0.0,0.0,13.0,,,Oklahoma,,HawkMi21,2005.0,-7.764705882352942
5.0,168.0,ARI,Lance Mitchell,LB,23.0,2005.0,0.0,0.0,0.0,1.0,1.0,12.0,0.0,0.0,0.0,0.0,0.0,0.0,0.0,0.0,0.0,0.0,0.0,7.0,,,Oklahoma,College Stats,MitcLa20,2005.0,-11.055555555555555
5.0,169.0,CAR,Geoff Hangartner,C,23.0,2013.0,0.0,0.0,5.0,36.0,26.0,118.0,0.0,0.0,0.0,0.0,0.0,0.0,0.0,0.0,0.0,0.0,0.0,,,,Texas A&M,,HangGe20,2005.0,24.5
5.0,170.0,NWE,Ryan Claridge,LB,,,0.0,0.0,0.0,,,,,,,,,,,,,,,,,,UNLV,,-9999,2005.0,
5.0,171.0,CAR,Ben Emanuel,DB,23.0,2005.0,0.0,0.0,0.0,3.0,,11.0,0.0,0.0,0.0,0.0,0.0,0.0,0.0,0.0,0.0,0.0,0.0,34.0,1.0,0.5,UCLA,College Stats,EmanBe20,2005.0,-3.5882352941176467
5.0,172.0,PHI,Scott Young,G,24.0,2008.0,0.0,0.0,0.0,1.0,1.0,14.0,0.0,0.0,0.0,0.0,0.0,0.0,0.0,0.0,0.0,0.0,0.0,,,,BYU,,YounSc20,2005.0,-6.5625
5.0,173.0,IND,Tyjuan Hagler,LB,23.0,2010.0,0.0,0.0,1.0,12.0,12.0,50.0,0.0,0.0,0.0,0.0,0.0,0.0,0.0,0.0,0.0,0.0,0.0,126.0,1.0,2.0,Cincinnati,College Stats,HaglTy20,2005.0,0.14285714285714235
5.0,174.0,SFO,Rasheed Marshall,WR,24.0,2005.0,0.0,0.0,0.0,0.0,0.0,12.0,0.0,0.0,0.0,0.0,0.0,1.0,-7.0,0.0,1.0,-1.0,0.0,1.0,,,West Virginia,College Stats,MarsRa00,2005.0,-12.235294117647058
6.0,175.0,OAK,Anttaj Hawthorne,DT,23.0,2006.0,0.0,0.0,0.0,1.0,1.0,18.0,0.0,0.0,0.0,0.0,0.0,0.0,0.0,0.0,0.0,0.0,0.0,12.0,,,Wisconsin,College Stats,HawtAn20,2005.0,-7.842105263157896
6.0,176.0,CLE,Nick Speegle,LB,23.0,2006.0,0.0,0.0,0.0,1.0,1.0,16.0,0.0,0.0,0.0,0.0,0.0,0.0,0.0,0.0,0.0,0.0,0.0,9.0,,,New Mexico,College Stats,SpeeNi20,2005.0,-5.052631578947368
6.0,177.0,SDG,Wes Sims,G,24.0,2005.0,0.0,0.0,0.0,0.0,0.0,1.0,0.0,0.0,0.0,0.0,0.0,0.0,0.0,0.0,0.0,0.0,0.0,,,,Oklahoma,,SimsWe20,2005.0,-10.526315789473685
6.0,178.0,TAM,Anthony Bryant,DT,23.0,2010.0,0.0,0.0,0.0,2.0,0.0,15.0,0.0,0.0,0.0,0.0,0.0,0.0,0.0,0.0,0.0,0.0,0.0,7.0,,,Alabama,,BryaAn20,2005.0,-11.571428571428571
6.0,179.0,TEN,Bo Scaife,TE,24.0,2010.0,0.0,0.0,4.0,20.0,20.0,90.0,0.0,0.0,0.0,0.0,0.0,1.0,13.0,1.0,251.0,2383.0,12.0,,,,Texas,College Stats,ScaiBo00,2005.0,13.473684210526315
6.0,180.0,GNB,Mike Montgomery,DT,22.0,2010.0,0.0,0.0,1.0,8.0,8.0,58.0,0.0,0.0,0.0,0.0,0.0,0.0,0.0,0.0,0.0,0.0,0.0,87.0,,5.0,Texas A&M,College Stats,MontMi20,2005.0,-1.6111111111111107
6.0,181.0,CHI,Chris Harris,DB,23.0,2012.0,0.0,0.0,6.0,38.0,19.0,101.0,0.0,0.0,0.0,0.0,0.0,0.0,0.0,0.0,0.0,0.0,0.0,352.0,16.0,1.0,La-Monroe,College Stats,HarrCh20,2005.0,28.63157894736842
6.0,182.0,NYJ,Cedric Houston,RB,23.0,2006.0,0.0,0.0,0.0,5.0,5.0,20.0,0.0,0.0,0.0,0.0,0.0,194.0,676.0,7.0,15.0,109.0,0.0,1.0,,,Tennessee,College Stats,HousCe00,2005.0,-5.277777777777779
6.0,183.0,WAS,Jared Newberry,LB,,,0.0,0.0,0.0,,,,,,,,,,,,,,,,,,Stanford,College Stats,-9999,2005.0,
6.0,184.0,DET,Bill Swancutt,DE,23.0,2005.0,0.0,0.0,0.0,0.0,0.0,8.0,0.0,0.0,0.0,0.0,0.0,0.0,0.0,0.0,0.0,0.0,0.0,,,,Oregon St.,College Stats,SwanBi20,2005.0,-5.315789473684211
6.0,185.0,JAX,Chad Owens,WR,23.0,2007.0,0.0,0.0,0.0,0.0,0.0,6.0,0.0,0.0,0.0,0.0,0.0,0.0,0.0,0.0,0.0,0.0,0.0,2.0,,,Hawaii,College Stats,OwenCh00,2005.0,-3.9411764705882355
6.0,186.0,NYG,Eric Moore,DE,24.0,2011.0,0.0,0.0,0.0,5.0,1.0,35.0,0.0,0.0,0.0,0.0,0.0,0.0,0.0,0.0,0.0,0.0,0.0,34.0,,4.0,Florida St.,College Stats,MoorEr21,2005.0,-5.388888888888889
6.0,187.0,KAN,Will Svitek,T,23.0,2014.0,0.0,0.0,1.0,14.0,2.0,79.0,0.0,0.0,0.0,0.0,0.0,0.0,0.0,0.0,0.0,0.0,0.0,,,,Stanford,College Stats,SvitWi20,2005.0,1.8499999999999996
6.0,188.0,HOU,C.C. Brown,DB,22.0,2011.0,0.0,0.0,3.0,19.0,14.0,83.0,0.0,0.0,0.0,0.0,0.0,0.0,0.0,0.0,0.0,0.0,0.0,295.0,3.0,1.0,Louisiana,,BrowC.20,2005.0,7.235294117647058
6.0,189.0,CAR,Jovan Haye,DE,23.0,2011.0,0.0,0.0,3.0,25.0,0.0,73.0,0.0,0.0,0.0,0.0,0.0,0.0,0.0,0.0,0.0,0.0,0.0,128.0,,6.5,Vanderbilt,College Stats,HayeJo20,2005.0,16.6
6.0,190.0,CIN,Tab Perry,WR,23.0,2007.0,0.0,0.0,0.0,1.0,1.0,20.0,0.0,0.0,0.0,0.0,0.0,6.0,22.0,1.0,10.0,109.0,1.0,12.0,,,UCLA,College Stats,PerrTa00,2005.0,-8.61111111111111
6.0,191.0,MIN,C.J. Mosley,DT,22.0,2015.0,0.0,0.0,1.0,21.0,2.0,140.0,0.0,0.0,0.0,0.0,0.0,0.0,0.0,0.0,0.0,0.0,0.0,141.0,,14.0,Missouri,,MoslC.20,2005.0,5.578947368421053
6.0,192.0,STL,Dante Ridgeway,WR,21.0,2005.0,0.0,0.0,0.0,0.0,,8.0,0.0,0.0,0.0,0.0,0.0,0.0,0.0,0.0,2.0,26.0,0.0,,,,Ball St.,College Stats,RidgDa00,2005.0,-7.2
6.0,193.0,NOR,Jason Jefferson,DT,23.0,2008.0,0.0,0.0,0.0,3.0,,34.0,0.0,0.0,0.0,0.0,0.0,0.0,0.0,0.0,0.0,0.0,0.0,21.0,,,Wisconsin,,JeffJa21,2005.0,-8.526315789473685
6.0,194.0,JAX,Pat Thomas,LB,22.0,2008.0,0.0,0.0,1.0,5.0,2.0,31.0,0.0,0.0,0.0,0.0,0.0,0.0,0.0,0.0,0.0,0.0,0.0,53.0,,0.5,North Carolina St.,,ThomPa20,2005.0,-1.5555555555555554
6.0,195.0,GNB,Craig Bragg,WR,,,0.0,0.0,0.0,,,,,,,,,,,,,,,,,,UCLA,College Stats,-9999,2005.0,
6.0,196.0,SEA,Tony Jackson,TE,,,0.0,0.0,0.0,,,,,,,,,,,,,,,,,,Iowa,College Stats,-9999,2005.0,
6.0,197.0,BUF,Justin Geisinger,G,23.0,2008.0,0.0,0.0,0.0,0.0,,6.0,0.0,0.0,0.0,0.0,0.0,0.0,0.0,0.0,0.0,0.0,0.0,,,,Vanderbilt,,GeisJu20,2005.0,-6.3125
6.0,198.0,NYJ,Joel Dreessen,TE,23.0,2013.0,0.0,0.0,4.0,16.0,0.0,120.0,0.0,0.0,0.0,0.0,0.0,0.0,0.0,0.0,158.0,1767.0,19.0,31.0,,,Colorado St.,College Stats,DreeJo00,2005.0,7.222222222222221
6.0,199.0,KAN,Khari Long,DE,23.0,2005.0,0.0,0.0,0.0,0.0,0.0,1.0,0.0,0.0,0.0,0.0,0.0,0.0,0.0,0.0,0.0,0.0,0.0,,,,Baylor,College Stats,LongKh20,2005.0,-21.125
6.0,200.0,DEN,Chris Myers,G,23.0,2014.0,0.0,2.0,8.0,59.0,9.0,153.0,0.0,0.0,0.0,0.0,0.0,0.0,0.0,0.0,0.0,0.0,0.0,,,,Miami (FL),,MyerCh20,2005.0,43.93333333333334
6.0,201.0,ATL,DeAndra Cobb,RB,24.0,2005.0,0.0,0.0,0.0,0.0,0.0,3.0,0.0,0.0,0.0,0.0,0.0,0.0,0.0,0.0,0.0,0.0,0.0,,,,Michigan St.,College Stats,CobbDe00,2005.0,-4.117647058823529
6.0,202.0,IND,Dave Rayner,K,22.0,2011.0,0.0,0.0,0.0,3.0,0.0,59.0,0.0,0.0,0.0,0.0,0.0,0.0,0.0,0.0,0.0,0.0,0.0,9.0,,,Michigan St.,College Stats,raynedav01,2005.0,-2.1111111111111107
6.0,203.0,CLE,Andrew Hoffman,DT,,,0.0,0.0,0.0,,,,,,,,,,,,,,,,,,Virginia,,-9999,2005.0,
6.0,204.0,PIT,Chris Kemoeatu,G,22.0,2011.0,0.0,0.0,3.0,27.0,27.0,75.0,0.0,0.0,0.0,0.0,0.0,0.0,0.0,0.0,0.0,0.0,0.0,,,,Utah,,KemoCh20,2005.0,17.352941176470587
6.0,205.0,SFO,Derrick Johnson,DB,23.0,2006.0,0.0,0.0,0.0,2.0,2.0,19.0,0.0,0.0,0.0,0.0,0.0,0.0,0.0,0.0,0.0,0.0,0.0,36.0,,1.0,Washington,College Stats,JohnDe24,2005.0,-8.529411764705882
6.0,206.0,DET,Jonathan Goddard,DE,24.0,2005.0,0.0,0.0,0.0,0.0,,1.0,0.0,0.0,0.0,0.0,0.0,0.0,0.0,0.0,0.0,0.0,0.0,1.0,,,Marshall,College Stats,GoddJo20,2005.0,-6.0
6.0,207.0,CAR,Joe Berger,T,23.0,2017.0,0.0,0.0,5.0,36.0,,145.0,0.0,0.0,0.0,0.0,0.0,0.0,0.0,0.0,0.0,0.0,0.0,3.0,,,Michigan Tech,,BergJo20,2005.0,22.11764705882353
6.0,208.0,DAL,Justin Beriault,DB,,,0.0,0.0,0.0,,,,,,,,,,,,,,,,,,Ball St.,College Stats,-9999,2005.0,
6.0,209.0,DAL,Rob Petitti,T,23.0,2010.0,0.0,0.0,1.0,9.0,8.0,27.0,0.0,0.0,0.0,0.0,0.0,0.0,0.0,0.0,0.0,0.0,0.0,,,,Pittsburgh,,PetiRo20,2005.0,1.5714285714285712
6.0,210.0,STL,Reggie Hodges,P,23.0,2012.0,0.0,0.0,0.0,5.0,0.0,64.0,0.0,0.0,0.0,0.0,0.0,2.0,68.0,0.0,0.0,0.0,0.0,2.0,,,Ball St.,College Stats,HodgRe20,2005.0,-2.9411764705882355
6.0,211.0,PHI,Calvin Armstrong,T,,,0.0,0.0,0.0,,,,,,,,,,,,,,,,,,Washington St.,,-9999,2005.0,
6.0,212.0,OAK,Ryan Riddle,DE,24.0,2006.0,0.0,0.0,0.0,1.0,1.0,17.0,0.0,0.0,0.0,0.0,0.0,0.0,0.0,0.0,0.0,0.0,0.0,7.0,,,California,,RiddRy20,2005.0,-3.25
6.0,213.0,BAL,Derek Anderson,QB,22.0,2018.0,0.0,1.0,3.0,23.0,,78.0,909.0,1674.0,10878.0,60.0,64.0,102.0,226.0,5.0,0.0,0.0,0.0,,,,Oregon St.,College Stats,AndeDe00,2005.0,15.0
6.0,214.0,OAK,Pete McMahon,T,,,0.0,0.0,0.0,,,,,,,,,,,,,,,,,,Iowa,,-9999,2005.0,
7.0,215.0,SFO,Daven Holly,DB,23.0,2007.0,0.0,0.0,1.0,10.0,,32.0,0.0,0.0,0.0,0.0,0.0,0.0,0.0,0.0,0.0,0.0,0.0,100.0,5.0,,Cincinnati,College Stats,HollDa22,2005.0,1.3888888888888893
7.0,216.0,MIA,Kevin Vickerson,DT,22.0,2014.0,0.0,0.0,3.0,21.0,,86.0,0.0,0.0,0.0,0.0,0.0,0.0,0.0,0.0,0.0,0.0,0.0,120.0,1.0,6.5,Michigan St.,,VickKe99,2005.0,7.2142857142857135
7.0,217.0,CLE,Jon Dunn,T,,,0.0,0.0,0.0,,,,,,,,,,,,,,,,,,Virginia Tech,,-9999,2005.0,
7.0,218.0,TEN,Reynaldo Hill,DB,23.0,2008.0,0.0,0.0,2.0,11.0,11.0,48.0,0.0,0.0,0.0,0.0,0.0,0.0,0.0,0.0,0.0,0.0,0.0,99.0,6.0,,Florida,College Stats,HillRe21,2005.0,1.1333333333333329
7.0,219.0,MIN,Adrian Ward,DB,,,0.0,0.0,0.0,,,,,,,,,,,,,,,,,,Texas-El Paso,College Stats,-9999,2005.0,
7.0,220.0,CHI,Rod Wilson,DB,23.0,2010.0,0.0,0.0,0.0,7.0,6.0,51.0,0.0,0.0,0.0,0.0,0.0,0.0,0.0,0.0,0.0,0.0,0.0,38.0,,,South Carolina,College Stats,WilsRo20,2005.0,-0.5882352941176467
7.0,221.0,TAM,Rick Razzano,RB,,,0.0,0.0,0.0,,,,,,,,,,,,,,,,,,Mississippi,College Stats,-9999,2005.0,
7.0,222.0,WAS,Nehemiah Broughton,FB,22.0,2006.0,0.0,0.0,0.0,0.0,0.0,6.0,0.0,0.0,0.0,0.0,0.0,1.0,3.0,0.0,0.0,0.0,0.0,2.0,,,The Citadel,,BrouNe00,2005.0,-6.5
7.0,223.0,SFO,Marcus Maxwell,WR,22.0,2007.0,0.0,0.0,0.0,0.0,0.0,9.0,0.0,0.0,0.0,0.0,0.0,0.0,0.0,0.0,1.0,5.0,0.0,2.0,,,Oregon,College Stats,MaxwMa00,2005.0,-4.785714285714286
7.0,224.0,DAL,Jay Ratliff,DE,24.0,2015.0,1.0,4.0,7.0,55.0,51.0,122.0,0.0,0.0,0.0,0.0,0.0,0.0,0.0,0.0,0.0,0.0,0.0,195.0,,35.0,Auburn,College Stats,RatlJa20,2005.0,39.0
7.0,225.0,TAM,Paris Warren,WR,23.0,2006.0,0.0,0.0,0.0,0.0,0.0,8.0,0.0,0.0,0.0,0.0,0.0,0.0,0.0,0.0,5.0,63.0,0.0,,,,Utah,College Stats,WarrPa00,2005.0,-6.0588235294117645
7.0,226.0,ARI,LeRon McCoy,WR,23.0,2005.0,0.0,0.0,0.0,1.0,1.0,10.0,0.0,0.0,0.0,0.0,0.0,0.0,0.0,0.0,18.0,191.0,1.0,,,,Indiana (PA),,McCoLe00,2005.0,-6.176470588235294
7.0,227.0,HOU,Kenneth Pettway,DE,22.0,2008.0,0.0,0.0,0.0,3.0,,25.0,0.0,0.0,0.0,0.0,0.0,0.0,0.0,0.0,0.0,0.0,0.0,15.0,,3.0,Grambling St.,,PettKe20,2005.0,-2.1875
7.0,228.0,PIT,Shaun Nua,DE,,,0.0,0.0,0.0,,,,,,,,,,,,,,,,,,BYU,,-9999,2005.0,
7.0,229.0,KAN,James Kilian,QB,,,0.0,0.0,0.0,,,,,,,,,,,,,,,,,,Tulsa,College Stats,-9999,2005.0,
7.0,230.0,NWE,Matt Cassel,QB,23.0,2018.0,0.0,1.0,6.0,47.0,18.0,107.0,1578.0,2683.0,17508.0,104.0,82.0,268.0,1025.0,5.0,1.0,-4.0,0.0,,,,USC,College Stats,CassMa00,2005.0,37.888888888888886
7.0,231.0,TAM,Hamza Abdullah,DB,22.0,2011.0,0.0,0.0,1.0,5.0,,47.0,0.0,0.0,0.0,0.0,0.0,0.0,0.0,0.0,0.0,0.0,0.0,68.0,,,Washington St.,College Stats,AbduHa20,2005.0,1.875
7.0,232.0,NOR,Jimmy Verdon,DT,20.0,2005.0,0.0,0.0,0.0,0.0,0.0,4.0,0.0,0.0,0.0,0.0,0.0,0.0,0.0,0.0,0.0,0.0,0.0,,,,Arizona St.,College Stats,VerdJi20,2005.0,-6.8125
7.0,233.0,CIN,Jonathan Fanene,DE,23.0,2011.0,0.0,0.0,1.0,12.0,12.0,71.0,0.0,0.0,0.0,0.0,0.0,0.0,0.0,0.0,0.0,0.0,0.0,71.0,1.0,13.5,Utah,College Stats,FaneJo20,2005.0,-5.0
7.0,234.0,BAL,Mike Smith,LB,24.0,2006.0,0.0,0.0,0.0,1.0,1.0,14.0,0.0,0.0,0.0,0.0,0.0,0.0,0.0,0.0,0.0,0.0,0.0,5.0,,,Texas Tech,College Stats,SmitMi22,2005.0,-4.777777777777778
7.0,235.0,SEA,Cornelius Wortham,LB,23.0,2005.0,0.0,0.0,0.0,1.0,1.0,8.0,0.0,0.0,0.0,0.0,0.0,0.0,0.0,0.0,0.0,0.0,0.0,2.0,,,Alabama,College Stats,WortCo20,2005.0,-8.875
7.0,236.0,BUF,Lionel Gates,RB,23.0,2007.0,0.0,0.0,0.0,0.0,,1.0,0.0,0.0,0.0,0.0,0.0,0.0,0.0,0.0,0.0,0.0,0.0,,,,Louisville,College Stats,GateLi00,2005.0,-2.8823529411764706
7.0,237.0,JAX,Chris Roberson,DB,22.0,2008.0,0.0,0.0,0.0,0.0,0.0,7.0,0.0,0.0,0.0,0.0,0.0,0.0,0.0,0.0,0.0,0.0,0.0,2.0,,,Eastern Michigan,College Stats,RobeCh20,2005.0,-2.6842105263157894
7.0,238.0,KAN,Jeremy Parquet,T,,,0.0,0.0,0.0,,,,,,,,,,,,,,,,,,Southern Miss,,-9999,2005.0,
7.0,239.0,DEN,Paul Ernster,K,23.0,2008.0,0.0,0.0,0.0,2.0,2.0,22.0,0.0,0.0,0.0,0.0,0.0,0.0,0.0,0.0,0.0,0.0,0.0,3.0,,,Northern Arizona,,ErnsPa20,2005.0,-8.588235294117647
7.0,240.0,NYJ,Harry Williams,WR,23.0,2007.0,0.0,0.0,0.0,0.0,0.0,3.0,0.0,0.0,0.0,0.0,0.0,0.0,0.0,0.0,0.0,0.0,0.0,2.0,,,Tuskegee,,WillHa20,2005.0,-6.333333333333333
7.0,241.0,ATL,Darrell Shropshire,DT,22.0,2006.0,0.0,0.0,0.0,2.0,2.0,23.0,0.0,0.0,0.0,0.0,0.0,0.0,0.0,0.0,0.0,0.0,0.0,23.0,,3.0,South Carolina,,ShroDa20,2005.0,-2.7857142857142856
7.0,242.0,SDG,Scott Mruczkowski,C,23.0,2011.0,0.0,0.0,1.0,15.0,15.0,83.0,0.0,0.0,0.0,0.0,0.0,0.0,0.0,0.0,0.0,0.0,0.0,,,,Bowling Green,,MrucSc20,2005.0,5.611111111111111
7.0,243.0,IND,Anthony Davis,RB,,,0.0,0.0,0.0,,,,,,,,,,,,,,,,,,Wisconsin,College Stats,-9999,2005.0,
7.0,244.0,PIT,Noah Herron,RB,23.0,2006.0,0.0,0.0,0.0,3.0,0.0,23.0,0.0,0.0,0.0,0.0,0.0,85.0,273.0,3.0,29.0,211.0,2.0,10.0,,,Northwestern,College Stats,HerrNo00,2005.0,-10.3125
7.0,245.0,GNB,Kurt Campbell,DB,,,0.0,0.0,0.0,,,,,,,,,,,,,,,,,,Albany (NY),,-9999,2005.0,
7.0,246.0,GNB,Will Whitticker,G,23.0,2005.0,0.0,0.0,1.0,6.0,6.0,15.0,0.0,0.0,0.0,0.0,0.0,0.0,0.0,0.0,0.0,0.0,0.0,,,,Michigan St.,,WhitWi25,2005.0,-2.1538461538461533
7.0,247.0,PHI,Keyonta Marshall,DT,24.0,2005.0,0.0,0.0,0.0,0.0,0.0,1.0,0.0,0.0,0.0,0.0,0.0,0.0,0.0,0.0,0.0,0.0,0.0,,,,Grand Valley St.,,MarsKe20,2005.0,-3.7142857142857144
7.0,248.0,SFO,Patrick Estes,TE,22.0,2007.0,0.0,0.0,0.0,0.0,0.0,8.0,0.0,0.0,0.0,0.0,0.0,0.0,0.0,0.0,0.0,0.0,0.0,,,,Virginia,College Stats,EstePa00,2005.0,-11.642857142857142
7.0,249.0,SFO,Billy Bajema,TE,22.0,2013.0,0.0,0.0,4.0,2.0,0.0,120.0,0.0,0.0,0.0,0.0,0.0,0.0,0.0,0.0,40.0,416.0,2.0,11.0,,,Oklahoma St.,College Stats,BajeBi00,2005.0,-5.705882352941177
7.0,250.0,STL,Ryan Fitzpatrick,QB,22.0,2021.0,0.0,0.0,10.0,78.0,1.0,166.0,3072.0,5060.0,34990.0,223.0,169.0,574.0,2625.0,21.0,3.0,-3.0,0.0,,,,Harvard,,FitzRy00,2005.0,62.92857142857143
7.0,251.0,STL,Madison Hedgecock,FB,24.0,2010.0,0.0,0.0,4.0,2.0,1.0,84.0,0.0,0.0,0.0,0.0,0.0,3.0,2.0,0.0,37.0,233.0,2.0,20.0,,,North Carolina,College Stats,HedgMa00,2005.0,-7.5
7.0,252.0,PHI,David Bergeron,LB,,,0.0,0.0,0.0,,,,,,,,,,,,,,,,,,Stanford,College Stats,-9999,2005.0,
7.0,253.0,TAM,J.R. Russell,WR,,,0.0,0.0,0.0,,,,,,,,,,,,,,,,,,Louisville,,-9999,2005.0,
7.0,254.0,SEA,Doug Nienhuis,T,23.0,2005.0,0.0,0.0,0.0,0.0,,7.0,0.0,0.0,0.0,0.0,0.0,0.0,0.0,0.0,0.0,0.0,0.0,,,,Oregon St.,,NienDo20,2005.0,-5.0
7.0,255.0,NWE,Andy Stokes,TE,,,0.0,0.0,0.0,,,,,,,,,,,,,,,,,,William Penn,,-9999,2005.0,
1.0,1.0,HOU,Mario Williams,DE,21.0,2016.0,1.0,4.0,9.0,79.0,36.0,158.0,0.0,0.0,0.0,0.0,0.0,0.0,0.0,0.0,0.0,0.0,0.0,317.0,,97.5,North Carolina St.,College Stats,WillMa22,2006.0,2.5714285714285694
1.0,2.0,NOR,Reggie Bush,RB,21.0,2016.0,0.0,0.0,8.0,61.0,34.0,134.0,0.0,1.0,0.0,0.0,1.0,1286.0,5490.0,36.0,477.0,3598.0,18.0,,,,USC,College Stats,BushRe00,2006.0,7.5238095238095255
1.0,3.0,TEN,Vince Young,QB,23.0,2011.0,0.0,2.0,4.0,33.0,31.0,60.0,755.0,1304.0,8964.0,46.0,51.0,282.0,1459.0,12.0,0.0,0.0,0.0,,,,Texas,College Stats,YounVi00,2006.0,-19.285714285714285
1.0,4.0,NYJ,D'Brickashaw Ferguson,T,22.0,2015.0,0.0,3.0,10.0,58.0,58.0,160.0,0.0,0.0,0.0,0.0,0.0,0.0,0.0,0.0,0.0,0.0,0.0,,,,Virginia,,FergDB20,2006.0,4.095238095238095
1.0,5.0,GNB,A.J. Hawk,LB,22.0,2016.0,0.0,1.0,10.0,55.0,52.0,159.0,0.0,0.0,0.0,0.0,0.0,0.0,0.0,0.0,0.0,0.0,0.0,645.0,9.0,20.0,Ohio St.,College Stats,HawkA.20,2006.0,-0.4761904761904745
1.0,6.0,SFO,Vernon Davis,TE,22.0,2019.0,0.0,2.0,11.0,51.0,42.0,198.0,0.0,0.0,0.0,0.0,0.0,6.0,15.0,0.0,583.0,7562.0,63.0,,,,Maryland,College Stats,DaviVe00,2006.0,0.1904761904761898
1.0,7.0,OAK,Michael Huff,DB,23.0,2013.0,0.0,0.0,6.0,33.0,33.0,118.0,0.0,0.0,0.0,0.0,0.0,0.0,0.0,0.0,0.0,0.0,0.0,371.0,11.0,5.5,Texas,College Stats,HuffMi20,2006.0,-15.047619047619051
1.0,8.0,BUF,Donte Whitner,DB,21.0,2016.0,0.0,2.0,10.0,47.0,19.0,157.0,0.0,0.0,0.0,0.0,0.0,0.0,0.0,0.0,0.0,0.0,0.0,668.0,11.0,3.0,Ohio St.,College Stats,WhitDo20,2006.0,3.6190476190476204
1.0,9.0,DET,Ernie Sims,LB,21.0,2013.0,0.0,0.0,4.0,29.0,18.0,109.0,0.0,0.0,0.0,0.0,0.0,0.0,0.0,0.0,0.0,0.0,0.0,420.0,1.0,5.5,Florida St.,College Stats,SimsEr20,2006.0,-19.23809523809524
1.0,10.0,ARI,Matt Leinart,QB,23.0,2012.0,0.0,0.0,1.0,12.0,12.0,33.0,366.0,641.0,4065.0,15.0,21.0,47.0,89.0,2.0,0.0,0.0,0.0,,,,USC,College Stats,LeinMa00,2006.0,-27.38095238095238
1.0,11.0,DEN,Jay Cutler,QB,23.0,2017.0,0.0,1.0,10.0,86.0,28.0,153.0,3048.0,4920.0,35133.0,227.0,160.0,386.0,1682.0,9.0,0.0,0.0,0.0,1.0,,,Vanderbilt,College Stats,CutlJa00,2006.0,33.04761904761905
1.0,12.0,BAL,Haloti Ngata,DT,22.0,2018.0,2.0,5.0,12.0,100.0,92.0,180.0,0.0,0.0,0.0,0.0,0.0,0.0,0.0,0.0,0.0,0.0,0.0,329.0,5.0,32.5,Oregon,College Stats,NgatHa20,2006.0,54.61904761904762
1.0,13.0,CLE,Kamerion Wimbley,DE,22.0,2014.0,0.0,0.0,8.0,44.0,24.0,140.0,0.0,0.0,0.0,0.0,0.0,0.0,0.0,0.0,0.0,0.0,0.0,322.0,2.0,53.5,Florida St.,College Stats,WimbKa20,2006.0,-9.142857142857146
1.0,14.0,PHI,Brodrick Bunkley,DT,22.0,2014.0,0.0,0.0,7.0,40.0,25.0,130.0,0.0,0.0,0.0,0.0,0.0,0.0,0.0,0.0,0.0,0.0,0.0,171.0,,8.5,Florida St.,College Stats,BunkBr20,2006.0,-5.19047619047619
1.0,15.0,STL,Tye Hill,DB,24.0,2010.0,0.0,0.0,0.0,9.0,7.0,40.0,0.0,0.0,0.0,0.0,0.0,0.0,0.0,0.0,0.0,0.0,0.0,117.0,5.0,,Clemson,College Stats,HillTy20,2006.0,-28.76190476190476
1.0,16.0,MIA,Jason Allen,DB,23.0,2012.0,0.0,0.0,1.0,13.0,9.0,98.0,0.0,0.0,0.0,0.0,0.0,0.0,0.0,0.0,0.0,0.0,0.0,213.0,15.0,,Tennessee,College Stats,AlleJa23,2006.0,-29.333333333333336
1.0,17.0,MIN,Chad Greenway,LB,23.0,2016.0,0.0,2.0,10.0,66.0,66.0,156.0,0.0,0.0,0.0,0.0,0.0,0.0,0.0,0.0,0.0,0.0,0.0,762.0,11.0,18.0,Iowa,College Stats,GreeCh99,2006.0,20.61904761904762
1.0,18.0,DAL,Bobby Carpenter,LB,23.0,2012.0,0.0,0.0,0.0,11.0,5.0,93.0,0.0,0.0,0.0,0.0,0.0,0.0,0.0,0.0,0.0,0.0,0.0,126.0,1.0,3.5,Ohio St.,College Stats,CarpBo20,2006.0,-32.523809523809526
1.0,19.0,SDG,Antonio Cromartie,DB,22.0,2016.0,1.0,4.0,8.0,66.0,26.0,162.0,0.0,0.0,0.0,0.0,0.0,1.0,1.0,0.0,1.0,-2.0,0.0,376.0,31.0,,Florida St.,College Stats,CromAn20,2006.0,29.80952380952381
1.0,20.0,KAN,Tamba Hali,DE,22.0,2017.0,0.0,5.0,10.0,75.0,75.0,177.0,0.0,0.0,0.0,0.0,0.0,0.0,0.0,0.0,0.0,0.0,0.0,460.0,2.0,89.5,Penn St.,College Stats,HaliTa20,2006.0,37.38095238095238
1.0,21.0,NWE,Laurence Maroney,RB,21.0,2010.0,0.0,0.0,0.0,26.0,25.0,49.0,0.0,0.0,0.0,0.0,0.0,618.0,2504.0,21.0,44.0,459.0,1.0,1.0,,,Minnesota,College Stats,MaroLa00,2006.0,-9.333333333333336
1.0,22.0,SFO,Manny Lawson,DE,22.0,2015.0,0.0,0.0,7.0,47.0,23.0,143.0,0.0,0.0,0.0,0.0,0.0,0.0,0.0,0.0,0.0,0.0,0.0,352.0,4.0,24.5,North Carolina St.,College Stats,LawsMa20,2006.0,16.142857142857142
1.0,23.0,TAM,Davin Joseph,G,22.0,2014.0,0.0,2.0,8.0,42.0,38.0,116.0,0.0,0.0,0.0,0.0,0.0,0.0,0.0,0.0,0.0,0.0,0.0,1.0,,,Oklahoma,College Stats,JoseDa20,2006.0,11.0
1.0,24.0,CIN,Johnathan Joseph,DB,22.0,2020.0,0.0,2.0,15.0,67.0,19.0,211.0,0.0,0.0,0.0,0.0,0.0,0.0,0.0,0.0,0.0,0.0,0.0,670.0,32.0,,South Carolina,College Stats,JoseJo20,2006.0,15.095238095238095
1.0,25.0,PIT,Santonio Holmes,WR,22.0,2014.0,0.0,0.0,6.0,47.0,35.0,112.0,0.0,1.0,0.0,0.0,1.0,16.0,89.0,0.0,389.0,6030.0,36.0,,,,Ohio St.,College Stats,HolmSa00,2006.0,11.714285714285715
1.0,26.0,BUF,John McCargo,DT,23.0,2011.0,0.0,0.0,0.0,4.0,4.0,44.0,0.0,0.0,0.0,0.0,0.0,0.0,0.0,0.0,0.0,0.0,0.0,35.0,,2.5,North Carolina St.,College Stats,McCaJo22,2006.0,-24.476190476190474
1.0,27.0,CAR,DeAngelo Williams,RB,23.0,2016.0,0.0,1.0,6.0,61.0,51.0,142.0,0.0,0.0,0.0,0.0,0.0,1730.0,8096.0,61.0,236.0,2106.0,9.0,1.0,,,Memphis,College Stats,WillDe02,2006.0,18.714285714285715
1.0,28.0,JAX,Marcedes Lewis,TE,22.0,2025.0,0.0,1.0,15.0,35.0,33.0,290.0,0.0,0.0,0.0,0.0,0.0,0.0,0.0,0.0,437.0,5115.0,40.0,,,,UCLA,College Stats,LewiMa00,2006.0,3.571428571428573
1.0,29.0,NYJ,Nick Mangold,C,22.0,2016.0,2.0,7.0,11.0,73.0,73.0,164.0,0.0,0.0,0.0,0.0,0.0,0.0,0.0,0.0,1.0,-3.0,0.0,1.0,,,Ohio St.,,MangNi20,2006.0,43.14285714285714
1.0,30.0,IND,Joseph Addai,RB,23.0,2011.0,0.0,1.0,4.0,50.0,50.0,78.0,1.0,1.0,22.0,1.0,0.0,1095.0,4453.0,39.0,191.0,1448.0,9.0,,,,LSU,College Stats,AddaJo00,2006.0,14.80952380952381
1.0,31.0,SEA,Kelly Jennings,DB,23.0,2011.0,0.0,0.0,2.0,18.0,17.0,91.0,0.0,0.0,0.0,0.0,0.0,0.0,0.0,0.0,0.0,0.0,0.0,211.0,2.0,1.0,Miami (FL),College Stats,JennKe20,2006.0,-16.523809523809526
1.0,32.0,NYG,Mathias Kiwanuka,DE,23.0,2014.0,0.0,0.0,5.0,37.0,37.0,120.0,0.0,0.0,0.0,0.0,0.0,0.0,0.0,0.0,0.0,0.0,0.0,301.0,3.0,38.5,Boston Col.,College Stats,KiwaMa20,2006.0,-4.904761904761905
2.0,33.0,HOU,DeMeco Ryans,LB,22.0,2015.0,0.0,2.0,8.0,58.0,39.0,140.0,0.0,0.0,0.0,0.0,0.0,0.0,0.0,0.0,0.0,0.0,0.0,735.0,7.0,13.5,Alabama,College Stats,RyanDe20,2006.0,23.76190476190476
2.0,34.0,CLE,D'Qwell Jackson,LB,22.0,2016.0,0.0,1.0,9.0,61.0,40.0,141.0,0.0,0.0,0.0,0.0,0.0,0.0,0.0,0.0,0.0,0.0,0.0,754.0,9.0,19.5,Maryland,College Stats,JackDQ20,2006.0,23.476190476190474
2.0,35.0,WAS,Rocky McIntosh,LB,23.0,2013.0,0.0,0.0,5.0,38.0,33.0,124.0,0.0,0.0,0.0,0.0,0.0,0.0,0.0,0.0,0.0,0.0,0.0,371.0,4.0,9.0,Miami (FL),,McInRo20,2006.0,-1.047619047619051
2.0,36.0,NWE,Chad Jackson,WR,21.0,2008.0,0.0,0.0,0.0,2.0,2.0,18.0,0.0,0.0,0.0,0.0,0.0,4.0,22.0,0.0,14.0,171.0,3.0,,,,Florida,College Stats,JackCh00,2006.0,-38.57142857142857
2.0,37.0,ATL,Jimmy Williams,DB,22.0,2007.0,0.0,0.0,0.0,5.0,5.0,27.0,0.0,0.0,0.0,0.0,0.0,0.0,0.0,0.0,0.0,0.0,0.0,41.0,1.0,,Virginia Tech,College Stats,WillJi23,2006.0,-30.42857142857143
2.0,38.0,OAK,Thomas Howard,LB,23.0,2013.0,0.0,0.0,5.0,33.0,25.0,95.0,0.0,0.0,0.0,0.0,0.0,0.0,0.0,0.0,0.0,0.0,0.0,392.0,7.0,6.0,Texas-El Paso,College Stats,HowaTh20,2006.0,8.142857142857142
2.0,39.0,PHI,Winston Justice,T,21.0,2013.0,0.0,0.0,3.0,21.0,16.0,63.0,0.0,0.0,0.0,0.0,0.0,0.0,0.0,0.0,0.0,0.0,0.0,,,,USC,College Stats,JustWi20,2006.0,-11.714285714285715
2.0,40.0,DET,Daniel Bullocks,DB,23.0,2008.0,0.0,0.0,1.0,7.0,7.0,31.0,0.0,0.0,0.0,0.0,0.0,0.0,0.0,0.0,0.0,0.0,0.0,119.0,,1.0,Nebraska,College Stats,BullDa20,2006.0,-16.428571428571427
2.0,41.0,ARI,Deuce Lutui,G,23.0,2012.0,0.0,0.0,5.0,34.0,32.0,101.0,0.0,0.0,0.0,0.0,0.0,0.0,0.0,0.0,0.0,0.0,0.0,,,,USC,,LutuDe20,2006.0,5.285714285714285
2.0,42.0,CHI,Danieal Manning,DB,24.0,2014.0,0.0,0.0,6.0,35.0,21.0,128.0,0.0,0.0,0.0,0.0,0.0,0.0,0.0,0.0,0.0,0.0,0.0,435.0,11.0,4.0,Abilene Christian,,MannDa21,2006.0,6.38095238095238
2.0,43.0,NOR,Roman Harper,DB,23.0,2016.0,0.0,2.0,8.0,49.0,40.0,156.0,0.0,0.0,0.0,0.0,0.0,0.0,0.0,0.0,0.0,0.0,0.0,641.0,11.0,18.0,Alabama,College Stats,HarpRo21,2006.0,25.904761904761905
2.0,44.0,NYG,Sinorice Moss,WR,22.0,2009.0,0.0,0.0,0.0,4.0,4.0,37.0,0.0,0.0,0.0,0.0,0.0,1.0,4.0,0.0,39.0,421.0,3.0,2.0,,,Miami (FL),College Stats,MossSi00,2006.0,-24.0
2.0,45.0,TEN,LenDale White,RB,21.0,2009.0,0.0,0.0,1.0,14.0,14.0,58.0,0.0,0.0,0.0,0.0,0.0,628.0,2349.0,24.0,42.0,204.0,0.0,,,,USC,College Stats,WhitLe01,2006.0,-12.80952380952381
2.0,46.0,STL,Joe Klopfenstein,TE,22.0,2009.0,0.0,0.0,3.0,3.0,3.0,49.0,0.0,0.0,0.0,0.0,0.0,0.0,0.0,0.0,34.0,397.0,2.0,,,,Colorado,College Stats,KlopJo00,2006.0,-25.61904761904762
2.0,47.0,GNB,Daryn Colledge,T,24.0,2014.0,0.0,0.0,9.0,57.0,38.0,141.0,0.0,0.0,0.0,0.0,0.0,0.0,0.0,0.0,0.0,0.0,0.0,,,,Boise St.,,CollDa20,2006.0,23.95238095238095
2.0,48.0,MIN,Cedric Griffin,DB,23.0,2012.0,0.0,0.0,4.0,23.0,23.0,89.0,0.0,0.0,0.0,0.0,0.0,0.0,0.0,0.0,0.0,0.0,0.0,352.0,8.0,,Texas,College Stats,GrifCe20,2006.0,-5.80952380952381
2.0,49.0,NYJ,Kellen Clemens,QB,23.0,2017.0,0.0,0.0,2.0,10.0,3.0,64.0,350.0,638.0,4053.0,16.0,21.0,85.0,227.0,3.0,0.0,0.0,0.0,1.0,,,Oregon,College Stats,ClemKe00,2006.0,-13.600000000000001
2.0,50.0,SDG,Marcus McNeill,T,22.0,2011.0,0.0,2.0,6.0,48.0,48.0,82.0,0.0,0.0,0.0,0.0,0.0,0.0,0.0,0.0,0.0,0.0,0.0,,,,Auburn,College Stats,McNeMa20,2006.0,19.285714285714285
2.0,51.0,MIN,Ryan Cook,C,23.0,2012.0,0.0,0.0,3.0,23.0,17.0,90.0,0.0,0.0,0.0,0.0,0.0,0.0,0.0,0.0,0.0,0.0,0.0,,,,New Mexico,,CookRy20,2006.0,-2.842105263157894
2.0,52.0,GNB,Greg Jennings,WR,22.0,2015.0,0.0,2.0,8.0,66.0,55.0,143.0,0.0,0.0,0.0,0.0,0.0,1.0,-1.0,0.0,571.0,8291.0,64.0,,,,Western Michigan,College Stats,JennGr00,2006.0,42.33333333333333
2.0,53.0,DAL,Anthony Fasano,TE,22.0,2017.0,0.0,0.0,8.0,22.0,2.0,180.0,0.0,0.0,0.0,0.0,0.0,0.0,0.0,0.0,299.0,3278.0,36.0,,,,Notre Dame,College Stats,FasaAn00,2006.0,-4.142857142857142
2.0,54.0,KAN,Bernard Pollard,DB,21.0,2014.0,0.0,1.0,7.0,34.0,11.0,126.0,0.0,0.0,0.0,0.0,0.0,0.0,0.0,0.0,0.0,0.0,0.0,553.0,12.0,10.5,Purdue,College Stats,PollBe20,2006.0,11.095238095238095
2.0,55.0,CIN,Andrew Whitworth,T,24.0,2021.0,2.0,4.0,16.0,100.0,66.0,239.0,0.0,0.0,0.0,0.0,0.0,0.0,0.0,0.0,1.0,1.0,1.0,,,,LSU,,WhitAn20,2006.0,66.95238095238095
2.0,56.0,BAL,Chris Chester,G,23.0,2016.0,0.0,0.0,9.0,59.0,18.0,169.0,0.0,0.0,0.0,0.0,0.0,0.0,0.0,0.0,0.0,0.0,0.0,3.0,,,Oklahoma,College Stats,ChesCh21,2006.0,38.421052631578945
2.0,57.0,CHI,Devin Hester HOF,DB,23.0,2016.0,3.0,4.0,3.0,47.0,43.0,156.0,0.0,0.0,0.0,0.0,0.0,36.0,116.0,1.0,255.0,3311.0,16.0,11.0,,,Miami (FL),College Stats,HestDe99,2006.0,24.19047619047619
2.0,58.0,CAR,Richard Marshall,DB,21.0,2014.0,0.0,0.0,3.0,31.0,23.0,124.0,0.0,0.0,0.0,0.0,0.0,0.0,0.0,0.0,0.0,0.0,0.0,526.0,18.0,7.0,Fresno St.,College Stats,MarsRi20,2006.0,6.4761904761904745
2.0,59.0,TAM,Jeremy Trueblood,T,23.0,2013.0,0.0,0.0,6.0,35.0,31.0,116.0,0.0,0.0,0.0,0.0,0.0,0.0,0.0,0.0,0.0,0.0,0.0,1.0,,,Boston Col.,,TrueJe20,2006.0,13.095238095238095
2.0,60.0,JAX,Maurice Jones-Drew,RB,21.0,2014.0,1.0,3.0,4.0,74.0,73.0,126.0,1.0,2.0,8.0,1.0,1.0,1847.0,8167.0,68.0,346.0,2944.0,11.0,,,,UCLA,College Stats,DrewMa00,2006.0,48.904761904761905
2.0,61.0,DEN,Tony Scheffler,TE,23.0,2013.0,0.0,0.0,2.0,24.0,16.0,107.0,0.0,0.0,0.0,0.0,0.0,3.0,7.0,0.0,258.0,3207.0,22.0,3.0,1.0,,Western Michigan,College Stats,ScheTo00,2006.0,-4.857142857142858
2.0,62.0,IND,Tim Jennings,DB,22.0,2015.0,0.0,2.0,6.0,43.0,9.0,137.0,0.0,0.0,0.0,0.0,0.0,0.0,0.0,0.0,0.0,0.0,0.0,396.0,20.0,,Georgia,College Stats,JennTi20,2006.0,17.25
2.0,63.0,SEA,Darryl Tapp,DE,21.0,2017.0,0.0,0.0,2.0,30.0,21.0,165.0,0.0,0.0,0.0,0.0,0.0,0.0,0.0,0.0,0.0,0.0,0.0,262.0,2.0,29.0,Virginia Tech,College Stats,TappDa20,2006.0,-0.8999999999999986
2.0,64.0,MIN,Tarvaris Jackson,QB,23.0,2015.0,0.0,0.0,2.0,22.0,13.0,59.0,640.0,1073.0,7263.0,39.0,35.0,171.0,636.0,6.0,0.0,0.0,0.0,,,,Alabama St.,College Stats,JackTa00,2006.0,-7.904761904761905
3.0,65.0,HOU,Charles Spencer,G,24.0,2006.0,0.0,0.0,0.0,1.0,1.0,2.0,0.0,0.0,0.0,0.0,0.0,0.0,0.0,0.0,0.0,0.0,0.0,,,,Pittsburgh,,SpenCh20,2006.0,-24.9
3.0,66.0,HOU,Eric Winston,T,22.0,2017.0,0.0,0.0,7.0,53.0,41.0,165.0,0.0,0.0,0.0,0.0,0.0,0.0,0.0,0.0,0.0,0.0,0.0,,,,Miami (FL),College Stats,WinsEr20,2006.0,27.523809523809526
3.0,67.0,GNB,Abdul Hodge,LB,23.0,2010.0,0.0,0.0,0.0,2.0,1.0,35.0,0.0,0.0,0.0,0.0,0.0,0.0,0.0,0.0,0.0,0.0,0.0,25.0,,,Iowa,College Stats,HodgAb20,2006.0,-16.95
3.0,68.0,STL,Claude Wroten,DT,22.0,2007.0,0.0,0.0,0.0,2.0,2.0,26.0,0.0,0.0,0.0,0.0,0.0,0.0,0.0,0.0,0.0,0.0,0.0,21.0,,1.5,LSU,College Stats,WrotCl20,2006.0,-14.476190476190474
3.0,69.0,OAK,Paul McQuistan,T,23.0,2014.0,0.0,0.0,2.0,24.0,4.0,97.0,0.0,0.0,0.0,0.0,0.0,0.0,0.0,0.0,0.0,0.0,0.0,,,,Weber St.,,McQuPa21,2006.0,-2.571428571428573
3.0,70.0,BUF,Ashton Youboty,DB,22.0,2011.0,0.0,0.0,0.0,8.0,5.0,49.0,0.0,0.0,0.0,0.0,0.0,0.0,0.0,0.0,0.0,0.0,0.0,73.0,2.0,2.0,Ohio St.,College Stats,YoubAs20,2006.0,-14.904761904761905
3.0,71.0,PHI,Chris Gocong,DE,22.0,2011.0,0.0,0.0,5.0,29.0,15.0,79.0,0.0,0.0,0.0,0.0,0.0,0.0,0.0,0.0,0.0,0.0,0.0,228.0,,9.5,Cal Poly-San Luis Obispo,,GocoCh99,2006.0,1.1428571428571423
3.0,72.0,ARI,Leonard Pope,TE,22.0,2012.0,0.0,0.0,4.0,6.0,4.0,103.0,0.0,0.0,0.0,0.0,0.0,0.0,0.0,0.0,105.0,982.0,11.0,,,,Georgia,College Stats,PopeLe00,2006.0,-12.600000000000001
3.0,73.0,CHI,Dusty Dvoracek,DT,25.0,2008.0,0.0,0.0,1.0,6.0,6.0,13.0,0.0,0.0,0.0,0.0,0.0,0.0,0.0,0.0,0.0,0.0,0.0,24.0,,,Oklahoma,College Stats,DvorDu99,2006.0,-18.523809523809526
3.0,74.0,DET,Brian Calhoun,RB,22.0,2007.0,0.0,0.0,0.0,1.0,1.0,11.0,0.0,0.0,0.0,0.0,0.0,14.0,54.0,0.0,7.0,55.0,0.0,1.0,,,Wisconsin,College Stats,CalhBr00,2006.0,-17.428571428571427
3.0,75.0,GNB,Jason Spitz,G,23.0,2011.0,0.0,0.0,3.0,24.0,24.0,75.0,0.0,0.0,0.0,0.0,0.0,0.0,0.0,0.0,0.0,0.0,0.0,,,,Louisville,College Stats,SpitJa20,2006.0,0.5500000000000007
3.0,76.0,NYJ,Anthony Schlegel,LB,25.0,2007.0,0.0,0.0,0.0,2.0,0.0,17.0,0.0,0.0,0.0,0.0,0.0,0.0,0.0,0.0,0.0,0.0,0.0,21.0,,,Ohio St.,College Stats,SchlAn20,2006.0,-19.35
3.0,77.0,STL,Jon Alston,LB,23.0,2009.0,0.0,0.0,0.0,5.0,0.0,39.0,0.0,0.0,0.0,0.0,0.0,1.0,22.0,0.0,0.0,0.0,0.0,51.0,,,Stanford,College Stats,AlstJo20,2006.0,-13.952380952380953
3.0,78.0,CLE,Travis Wilson,WR,22.0,2006.0,0.0,0.0,0.0,0.0,0.0,4.0,0.0,0.0,0.0,0.0,0.0,0.0,0.0,0.0,2.0,32.0,0.0,,,,Oklahoma,College Stats,WilsTr00,2006.0,-25.857142857142858
3.0,79.0,ATL,Jerious Norwood,RB,23.0,2011.0,0.0,0.0,0.0,20.0,20.0,66.0,0.0,2.0,0.0,0.0,1.0,399.0,2056.0,7.0,96.0,912.0,3.0,6.0,,,Mississippi St.,College Stats,NorwJe00,2006.0,3.3000000000000007
3.0,80.0,JAX,Clint Ingram,LB,23.0,2009.0,0.0,0.0,3.0,21.0,21.0,56.0,0.0,0.0,0.0,0.0,0.0,0.0,0.0,0.0,0.0,0.0,0.0,158.0,2.0,5.5,Oklahoma,College Stats,IngrCl20,2006.0,9.761904761904763
3.0,81.0,SDG,Charlie Whitehurst,QB,24.0,2016.0,0.0,0.0,0.0,7.0,0.0,25.0,219.0,396.0,2463.0,11.0,8.0,56.0,156.0,2.0,0.0,10.0,0.0,,,,Clemson,College Stats,WhitCh02,2006.0,-18.0
3.0,82.0,MIA,Derek Hagan,WR,21.0,2014.0,0.0,0.0,0.0,12.0,5.0,99.0,0.0,0.0,0.0,0.0,0.0,0.0,0.0,0.0,148.0,1734.0,7.0,19.0,,,Arizona St.,College Stats,HagaDe00,2006.0,-1.4499999999999993
3.0,83.0,PIT,Anthony Smith,DB,22.0,2011.0,0.0,0.0,1.0,12.0,9.0,76.0,0.0,0.0,0.0,0.0,0.0,0.0,0.0,0.0,0.0,0.0,0.0,146.0,7.0,,Syracuse,College Stats,SmitAn21,2006.0,-11.761904761904763
3.0,84.0,SFO,Brandon Williams,WR,22.0,2007.0,0.0,0.0,0.0,0.0,0.0,23.0,0.0,0.0,0.0,0.0,0.0,0.0,0.0,0.0,0.0,0.0,0.0,2.0,,,Wisconsin,College Stats,WillBr01,2006.0,-25.428571428571427
3.0,85.0,KAN,Brodie Croyle,QB,23.0,2010.0,0.0,0.0,0.0,2.0,2.0,18.0,181.0,319.0,1669.0,8.0,9.0,10.0,15.0,0.0,0.0,0.0,0.0,,,,Alabama,College Stats,CroyBr00,2006.0,-10.0
3.0,86.0,NWE,David Thomas,TE,23.0,2012.0,0.0,0.0,3.0,9.0,3.0,80.0,0.0,0.0,0.0,0.0,0.0,0.0,0.0,0.0,102.0,938.0,8.0,1.0,,,Texas,College Stats,ThomDa02,2006.0,-11.0
3.0,87.0,BAL,David Pittman,DB,22.0,2007.0,0.0,0.0,0.0,1.0,1.0,7.0,0.0,0.0,0.0,0.0,0.0,0.0,0.0,0.0,0.0,0.0,0.0,9.0,2.0,,Northwestern St. (LA),,PittDa99,2006.0,-10.476190476190476
3.0,88.0,CAR,James Anderson,LB,22.0,2015.0,0.0,0.0,4.0,31.0,25.0,123.0,0.0,0.0,0.0,0.0,0.0,0.0,0.0,0.0,0.0,0.0,0.0,421.0,3.0,12.0,Virginia Tech,College Stats,AndeJa21,2006.0,10.80952380952381
3.0,89.0,CAR,Rashad Butler,T,23.0,2013.0,0.0,0.0,0.0,7.0,,51.0,0.0,0.0,0.0,0.0,0.0,0.0,0.0,0.0,0.0,0.0,0.0,,,,Miami (FL),College Stats,ButlRa20,2006.0,-12.0
3.0,90.0,TAM,Maurice Stovall,WR,21.0,2012.0,0.0,0.0,0.0,5.0,5.0,81.0,0.0,0.0,0.0,0.0,0.0,2.0,29.0,0.0,52.0,668.0,3.0,37.0,,,Notre Dame,College Stats,StovMa00,2006.0,-9.142857142857142
3.0,91.0,CIN,Frostee Rucker,DE,22.0,2018.0,0.0,0.0,5.0,39.0,10.0,157.0,0.0,0.0,0.0,0.0,0.0,0.0,0.0,0.0,0.0,0.0,0.0,201.0,1.0,21.5,USC,College Stats,RuckFr99,2006.0,13.3
3.0,92.0,DAL,Jason Hatcher,DE,24.0,2015.0,0.0,1.0,5.0,34.0,23.0,147.0,0.0,0.0,0.0,0.0,0.0,0.0,0.0,0.0,0.0,0.0,0.0,177.0,1.0,34.5,Grambling St.,,HatcJa20,2006.0,9.2
3.0,93.0,STL,Dominique Byrd,TE,22.0,2011.0,0.0,0.0,0.0,0.0,0.0,17.0,0.0,0.0,0.0,0.0,0.0,0.0,0.0,0.0,6.0,83.0,1.0,,,,USC,College Stats,ByrdDo00,2006.0,-12.19047619047619
3.0,94.0,IND,Freddy Keiaho,LB,23.0,2009.0,0.0,0.0,2.0,15.0,15.0,55.0,0.0,0.0,0.0,0.0,0.0,0.0,0.0,0.0,0.0,0.0,0.0,189.0,1.0,1.5,San Diego St.,College Stats,KeiaFr20,2006.0,-4.850000000000001
3.0,95.0,PIT,Willie Reid,WR,23.0,2007.0,0.0,0.0,0.0,1.0,1.0,7.0,0.0,0.0,0.0,0.0,0.0,0.0,0.0,0.0,4.0,54.0,0.0,,,,Florida St.,College Stats,ReidWi00,2006.0,-14.789473684210526
3.0,96.0,NYG,Gerris Wilkinson,LB,23.0,2010.0,0.0,0.0,0.0,6.0,6.0,58.0,0.0,0.0,0.0,0.0,0.0,0.0,0.0,0.0,0.0,0.0,0.0,54.0,,,Georgia Tech,College Stats,WilkGe20,2006.0,-7.619047619047619
3.0,97.0,NYJ,Eric Smith,DB,23.0,2012.0,0.0,0.0,1.0,18.0,18.0,96.0,0.0,0.0,0.0,0.0,0.0,0.0,0.0,0.0,1.0,27.0,0.0,225.0,6.0,3.5,Michigan St.,College Stats,SmitEr22,2006.0,5.142857142857142
4.0,98.0,HOU,Owen Daniels,TE,23.0,2015.0,0.0,2.0,9.0,41.0,35.0,131.0,0.0,0.0,0.0,0.0,0.0,0.0,0.0,0.0,479.0,5661.0,36.0,2.0,,,Wisconsin,College Stats,DaniOw00,2006.0,19.952380952380953
4.0,99.0,PHI,Max Jean-Gilles,G,22.0,2010.0,0.0,0.0,2.0,14.0,14.0,42.0,0.0,0.0,0.0,0.0,0.0,0.0,0.0,0.0,0.0,0.0,0.0,,,,Georgia,College Stats,JeanMa20,2006.0,-3.8571428571428577
4.0,100.0,SFO,Michael Robinson,WR,23.0,2013.0,0.0,1.0,1.0,7.0,4.0,112.0,1.0,2.0,28.0,0.0,0.0,115.0,422.0,2.0,75.0,610.0,3.0,55.0,,,Penn St.,College Stats,RobiMi00,2006.0,-12.399999999999999
4.0,101.0,OAK,Darnell Bing,DB,21.0,2009.0,0.0,0.0,0.0,1.0,,5.0,0.0,0.0,0.0,0.0,0.0,0.0,0.0,0.0,0.0,0.0,0.0,4.0,,,USC,College Stats,BingDa00,2006.0,-11.2
4.0,102.0,TEN,Calvin Lowry,DB,23.0,2008.0,0.0,0.0,0.0,7.0,6.0,43.0,0.0,0.0,0.0,0.0,0.0,0.0,0.0,0.0,0.0,0.0,0.0,68.0,2.0,,Penn St.,College Stats,LowrCa20,2006.0,-13.428571428571427
4.0,103.0,NYJ,Brad Smith,QB,22.0,2014.0,0.0,0.0,1.0,17.0,12.0,125.0,4.0,10.0,51.0,1.0,2.0,134.0,972.0,4.0,104.0,987.0,5.0,68.0,,,Missouri,College Stats,SmitBr01,2006.0,0.3809523809523796
4.0,104.0,GNB,Cory Rodgers,WR,,,0.0,0.0,0.0,,,,,,,,,,,,,,,,,,TCU,College Stats,-9999,2006.0,
4.0,105.0,BUF,Ko Simpson,DB,22.0,2009.0,0.0,0.0,2.0,12.0,10.0,41.0,0.0,0.0,0.0,0.0,0.0,0.0,0.0,0.0,0.0,0.0,0.0,129.0,3.0,1.0,South Carolina,College Stats,SimpKo20,2006.0,-5.399999999999999
4.0,106.0,NWE,Garrett Mills,FB,22.0,2010.0,0.0,0.0,0.0,1.0,,16.0,0.0,0.0,0.0,0.0,0.0,0.0,0.0,0.0,9.0,110.0,0.0,4.0,,,Tulsa,College Stats,MillGa01,2006.0,-14.142857142857142
4.0,107.0,ARI,Gabe Watson,DT,22.0,2010.0,0.0,0.0,1.0,11.0,11.0,62.0,0.0,0.0,0.0,0.0,0.0,0.0,0.0,0.0,0.0,0.0,0.0,81.0,,2.0,Michigan,College Stats,WatsGa20,2006.0,1.7619047619047628
4.0,108.0,NOR,Jahri Evans,T,23.0,2017.0,4.0,6.0,12.0,114.0,110.0,183.0,0.0,0.0,0.0,0.0,0.0,0.0,0.0,0.0,0.0,0.0,0.0,,,,Bloomsburg,,EvanJa21,2006.0,91.42105263157895
4.0,109.0,PHI,Jason Avant,WR,23.0,2015.0,0.0,0.0,3.0,29.0,25.0,148.0,0.0,0.0,0.0,0.0,0.0,2.0,2.0,0.0,346.0,4118.0,13.0,22.0,,,Michigan,College Stats,AvanJa00,2006.0,5.9523809523809526
4.0,110.0,CLE,Leon Williams,LB,23.0,2012.0,0.0,0.0,0.0,9.0,8.0,61.0,0.0,0.0,0.0,0.0,0.0,0.0,0.0,0.0,0.0,0.0,0.0,129.0,,5.0,Miami (FL),College Stats,WillLe20,2006.0,-1.2380952380952372
4.0,111.0,BAL,Demetrius Williams,WR,23.0,2010.0,0.0,0.0,0.0,9.0,9.0,46.0,0.0,0.0,0.0,0.0,0.0,0.0,0.0,0.0,63.0,1008.0,4.0,,,,Oregon,College Stats,WillDe03,2006.0,-1.9523809523809526
4.0,112.0,CLE,Isaac Sowells,T,24.0,2008.0,0.0,0.0,0.0,1.0,1.0,17.0,0.0,0.0,0.0,0.0,0.0,0.0,0.0,0.0,0.0,0.0,0.0,,,,Indiana,,SoweIs20,2006.0,-17.842105263157894
4.0,113.0,STL,Victor Adeyanju,DE,23.0,2009.0,0.0,0.0,2.0,13.0,13.0,53.0,0.0,0.0,0.0,0.0,0.0,0.0,0.0,0.0,0.0,0.0,0.0,109.0,,3.0,Indiana,College Stats,AdeyVi20,2006.0,-3.0
4.0,114.0,MIA,Joe Toledo,T,,,0.0,0.0,0.0,,,,,,,,,,,,,,,,,,Washington,,-9999,2006.0,
4.0,115.0,GNB,Will Blackmon,DB,21.0,2016.0,0.0,0.0,2.0,16.0,6.0,96.0,0.0,0.0,0.0,0.0,0.0,0.0,0.0,0.0,0.0,0.0,0.0,159.0,4.0,3.5,Boston Col.,College Stats,BlacWi20,2006.0,6.2631578947368425
4.0,116.0,TEN,Stephen Tulloch,LB,21.0,2016.0,0.0,0.0,7.0,49.0,20.0,159.0,0.0,0.0,0.0,0.0,0.0,0.0,0.0,0.0,0.0,0.0,0.0,683.0,5.0,14.5,North Carolina St.,College Stats,TullSt20,2006.0,37.04761904761905
4.0,117.0,NYJ,Leon Washington,RB,24.0,2014.0,1.0,2.0,1.0,30.0,23.0,126.0,1.0,1.0,36.0,0.0,0.0,487.0,2271.0,16.0,168.0,1286.0,4.0,5.0,,,Florida St.,College Stats,WashLe00,2006.0,15.0
4.0,118.0,NWE,Stephen Gostkowski,K,22.0,2020.0,2.0,4.0,0.0,37.0,36.0,219.0,0.0,0.0,0.0,0.0,0.0,0.0,0.0,0.0,0.0,0.0,0.0,19.0,,,Memphis,College Stats,GostSt20,2006.0,22.25
4.0,119.0,DEN,Brandon Marshall,WR,22.0,2018.0,1.0,6.0,10.0,83.0,27.0,179.0,0.0,1.0,0.0,0.0,0.0,20.0,118.0,0.0,970.0,12351.0,83.0,6.0,,,Central Florida,College Stats,MarsBr00,2006.0,67.33333333333333
4.0,120.0,CHI,Jamar Williams,LB,22.0,2010.0,0.0,0.0,0.0,5.0,5.0,54.0,0.0,0.0,0.0,0.0,0.0,0.0,0.0,0.0,0.0,0.0,0.0,70.0,,1.0,Arizona St.,College Stats,WillJa21,2006.0,-14.25
4.0,121.0,CAR,Nate Salley,DB,22.0,2008.0,0.0,0.0,0.0,1.0,1.0,24.0,0.0,0.0,0.0,0.0,0.0,0.0,0.0,0.0,0.0,0.0,0.0,9.0,,,Ohio St.,College Stats,SallNa20,2006.0,-7.157894736842104
4.0,122.0,TAM,Alan Zemaitis,DB,,,0.0,0.0,0.0,,,,,,,,,,,,,,,,,,Penn St.,College Stats,-9999,2006.0,
4.0,123.0,CIN,Domata Peko,DT,21.0,2020.0,0.0,0.0,12.0,68.0,60.0,214.0,0.0,0.0,0.0,0.0,0.0,0.0,0.0,0.0,0.0,0.0,0.0,321.0,,20.0,Michigan St.,College Stats,PekoDo20,2006.0,54.3
4.0,124.0,NYG,Barry Cofield,DT,22.0,2015.0,0.0,0.0,8.0,46.0,30.0,138.0,0.0,0.0,0.0,0.0,0.0,0.0,0.0,0.0,0.0,0.0,0.0,208.0,,19.5,Northwestern,College Stats,CofiBa20,2006.0,32.57142857142857
4.0,125.0,DAL,Skyler Green,WR,21.0,2008.0,0.0,0.0,0.0,0.0,0.0,11.0,0.0,0.0,0.0,0.0,0.0,1.0,1.0,0.0,3.0,33.0,0.0,,,,LSU,College Stats,GreeSk20,2006.0,-14.578947368421053
4.0,126.0,DEN,Elvis Dumervil,DE,22.0,2017.0,2.0,5.0,6.0,63.0,41.0,162.0,0.0,0.0,0.0,0.0,0.0,0.0,0.0,0.0,0.0,0.0,0.0,263.0,1.0,105.5,Louisville,College Stats,DumeEl20,2006.0,38.65
4.0,127.0,MIN,Ray Edwards,DE,21.0,2012.0,0.0,0.0,5.0,37.0,28.0,97.0,0.0,0.0,0.0,0.0,0.0,0.0,0.0,0.0,0.0,0.0,0.0,168.0,,33.0,Purdue,College Stats,EdwaRa21,2006.0,28.15
4.0,128.0,SEA,Rob Sims,G,22.0,2014.0,0.0,0.0,7.0,46.0,13.0,125.0,0.0,0.0,0.0,0.0,0.0,0.0,0.0,0.0,0.0,0.0,0.0,,,,Ohio St.,,SimsRo20,2006.0,27.4
4.0,129.0,NYG,Guy Whimper,DE,23.0,2013.0,0.0,0.0,1.0,13.0,2.0,78.0,0.0,0.0,0.0,0.0,0.0,0.0,0.0,0.0,3.0,28.0,1.0,,,,East Carolina,College Stats,WhimGu20,2006.0,3.1500000000000004
4.0,130.0,DEN,Domenik Hixon,WR,21.0,2013.0,0.0,0.0,0.0,17.0,0.0,76.0,0.0,0.0,0.0,0.0,0.0,3.0,18.0,0.0,109.0,1460.0,7.0,27.0,,,Akron,College Stats,HixoDo00,2006.0,0.27777777777777857
4.0,131.0,PIT,Willie Colon,G,23.0,2015.0,0.0,0.0,6.0,40.0,28.0,100.0,0.0,0.0,0.0,0.0,0.0,0.0,0.0,0.0,0.0,0.0,0.0,,,,Hofstra,,ColoWi20,2006.0,26.210526315789473
4.0,132.0,BAL,P.J. Daniels,RB,23.0,,0.0,0.0,0.0,,,,,,,,,,,,,,,,,,Georgia Tech,College Stats,DaniP.00,2006.0,
4.0,133.0,PIT,Orien Harris,DT,23.0,2009.0,0.0,0.0,0.0,1.0,,20.0,0.0,0.0,0.0,0.0,0.0,0.0,0.0,0.0,0.0,0.0,0.0,9.0,,,Miami (FL),College Stats,HarrOr20,2006.0,-9.857142857142858
5.0,134.0,BUF,Kyle Williams,DT,23.0,2018.0,0.0,6.0,11.0,79.0,79.0,183.0,0.0,0.0,0.0,0.0,0.0,1.0,1.0,1.0,1.0,9.0,0.0,387.0,1.0,48.5,LSU,College Stats,WillKy20,2006.0,63.588235294117645
5.0,135.0,NOR,Rob Ninkovich,DE,22.0,2016.0,0.0,0.0,7.0,51.0,0.0,131.0,0.0,0.0,0.0,0.0,0.0,0.0,0.0,0.0,0.0,0.0,0.0,273.0,5.0,46.0,Purdue,College Stats,NinkRo20,2006.0,26.555555555555557
5.0,136.0,NWE,Ryan O'Callaghan,T,23.0,2010.0,0.0,0.0,1.0,11.0,6.0,51.0,0.0,0.0,0.0,0.0,0.0,0.0,0.0,0.0,0.0,0.0,0.0,,,,California,,OCalRy20,2006.0,2.1999999999999993
5.0,137.0,TEN,Terna Nande,LB,23.0,2006.0,0.0,0.0,0.0,0.0,0.0,1.0,0.0,0.0,0.0,0.0,0.0,0.0,0.0,0.0,0.0,0.0,0.0,1.0,,,Miami (OH),College Stats,NandTe20,2006.0,-20.94736842105263
5.0,138.0,DAL,Pat Watkins,DB,23.0,2010.0,0.0,0.0,1.0,6.0,6.0,53.0,0.0,0.0,0.0,0.0,0.0,0.0,0.0,0.0,0.0,0.0,0.0,104.0,4.0,,Florida St.,College Stats,WatkPa20,2006.0,-7.421052631578947
5.0,139.0,ATL,Quinn Ojinnaka,G,22.0,2012.0,0.0,0.0,2.0,11.0,8.0,62.0,0.0,0.0,0.0,0.0,0.0,0.0,0.0,0.0,0.0,0.0,0.0,,,,Syracuse,,OjinQu20,2006.0,3.1428571428571432
5.0,140.0,SFO,Parys Haralson,DE,22.0,2014.0,0.0,0.0,7.0,38.0,31.0,118.0,0.0,0.0,0.0,0.0,0.0,0.0,0.0,0.0,0.0,0.0,0.0,190.0,,28.0,Tennessee,College Stats,HaraPa20,2006.0,26.523809523809526
5.0,141.0,DET,Jonathan Scott,T,23.0,2014.0,0.0,0.0,1.0,17.0,4.0,71.0,0.0,0.0,0.0,0.0,0.0,0.0,0.0,0.0,0.0,0.0,0.0,,,,Texas,College Stats,ScotJo22,2006.0,8.333333333333334
5.0,142.0,ARI,Brandon Johnson,LB,23.0,2012.0,0.0,0.0,1.0,13.0,0.0,87.0,0.0,0.0,0.0,0.0,0.0,0.0,0.0,0.0,0.0,0.0,0.0,133.0,3.0,3.5,Louisville,College Stats,JohnBr20,2006.0,-2.6842105263157894
5.0,143.0,BUF,Brad Butler,T,22.0,2009.0,0.0,0.0,2.0,13.0,13.0,33.0,0.0,0.0,0.0,0.0,0.0,0.0,0.0,0.0,0.0,0.0,0.0,,,,Virginia,College Stats,ButlBr20,2006.0,-3.315789473684209
5.0,144.0,STL,Marques Hagans,WR,23.0,2008.0,0.0,0.0,0.0,1.0,1.0,6.0,1.0,1.0,5.0,0.0,0.0,3.0,-2.0,0.0,9.0,108.0,0.0,,,,Virginia,College Stats,HagaMa00,2006.0,-10.05
5.0,145.0,CLE,Jerome Harrison,RB,23.0,2011.0,0.0,0.0,0.0,12.0,10.0,63.0,0.0,0.0,0.0,0.0,0.0,356.0,1681.0,7.0,70.0,490.0,3.0,4.0,,,Washington St.,College Stats,HarrJe00,2006.0,1.5
5.0,146.0,BAL,Dawan Landry,DB,23.0,2014.0,0.0,0.0,8.0,43.0,22.0,130.0,0.0,0.0,0.0,0.0,0.0,0.0,0.0,0.0,0.0,0.0,0.0,562.0,13.0,8.0,Georgia Tech,College Stats,LandDa21,2006.0,17.55
5.0,147.0,PHI,Jeremy Bloom,DB,,,0.0,0.0,0.0,,,,,,,,,,,,,,,,,,Colorado,,-9999,2006.0,
5.0,148.0,GNB,Ingle Martin,QB,24.0,2006.0,0.0,0.0,0.0,0.0,0.0,1.0,0.0,0.0,0.0,0.0,0.0,2.0,-5.0,0.0,0.0,0.0,0.0,,,,Furman,College Stats,MartIn00,2006.0,-7.421052631578948
5.0,149.0,MIN,Greg Blue,DB,24.0,2007.0,0.0,0.0,0.0,2.0,2.0,20.0,0.0,0.0,0.0,0.0,0.0,0.0,0.0,0.0,0.0,0.0,0.0,18.0,,,Georgia,College Stats,BlueGr20,2006.0,-13.1
5.0,150.0,NYJ,Jason Pociask,TE,23.0,2007.0,0.0,0.0,0.0,0.0,0.0,4.0,0.0,0.0,0.0,0.0,0.0,0.0,0.0,0.0,1.0,7.0,0.0,,,,Wisconsin,College Stats,PociJa00,2006.0,-8.736842105263158
5.0,151.0,SDG,Tim Dobbins,LB,23.0,2013.0,0.0,0.0,1.0,19.0,9.0,110.0,0.0,0.0,0.0,0.0,0.0,0.0,0.0,0.0,0.0,0.0,0.0,198.0,3.0,2.0,Iowa St.,College Stats,DobbTi20,2006.0,5.944444444444445
5.0,152.0,CLE,DeMario Minter,DB,,,0.0,0.0,0.0,,,,,,,,,,,,,,,,,,Georgia,College Stats,-9999,2006.0,
5.0,153.0,WAS,Anthony Montgomery,NT,22.0,2009.0,0.0,0.0,1.0,14.0,14.0,42.0,0.0,0.0,0.0,0.0,0.0,0.0,0.0,0.0,0.0,0.0,0.0,55.0,,3.0,Minnesota,College Stats,MontAn20,2006.0,0.6111111111111107
5.0,154.0,KAN,Marcus Maxey,DB,23.0,2006.0,0.0,0.0,0.0,0.0,0.0,2.0,0.0,0.0,0.0,0.0,0.0,0.0,0.0,0.0,0.0,0.0,0.0,,,,Miami (FL),College Stats,MaxeMa20,2006.0,-18.263157894736842
5.0,155.0,CAR,Jeff King,TE,23.0,2012.0,0.0,0.0,6.0,10.0,8.0,108.0,0.0,0.0,0.0,0.0,0.0,0.0,0.0,0.0,156.0,1323.0,12.0,7.0,,,Virginia Tech,College Stats,KingJe00,2006.0,0.882352941176471
5.0,156.0,TAM,Julian Jenkins,DE,22.0,2006.0,0.0,0.0,0.0,1.0,1.0,12.0,0.0,0.0,0.0,0.0,0.0,0.0,0.0,0.0,0.0,0.0,0.0,6.0,,,Stanford,College Stats,JenkJu20,2006.0,-8.11111111111111
5.0,157.0,CIN,A.J. Nicholson,LB,23.0,2006.0,0.0,0.0,0.0,0.0,0.0,2.0,0.0,0.0,0.0,0.0,0.0,0.0,0.0,0.0,0.0,0.0,0.0,,,,Florida St.,College Stats,NichA.20,2006.0,-10.25
5.0,158.0,NYG,Charlie Peprah,DB,23.0,2012.0,0.0,0.0,2.0,12.0,,74.0,0.0,0.0,0.0,0.0,0.0,0.0,0.0,0.0,0.0,0.0,0.0,142.0,8.0,,Alabama,College Stats,PeprCh20,2006.0,5.5
5.0,159.0,CHI,Mark Anderson,DE,23.0,2012.0,0.0,0.0,1.0,21.0,15.0,98.0,0.0,0.0,0.0,0.0,0.0,0.0,0.0,0.0,0.0,0.0,0.0,132.0,,36.5,Alabama,College Stats,AndeMa21,2006.0,8.0
5.0,160.0,JAX,Brent Hawkins,DE,23.0,2007.0,0.0,0.0,0.0,3.0,3.0,20.0,0.0,0.0,0.0,0.0,0.0,0.0,0.0,0.0,0.0,0.0,0.0,19.0,,5.5,Illinois St.,,HawkBr20,2006.0,-7.722222222222221
5.0,161.0,DEN,Chris Kuper,G,23.0,2013.0,0.0,0.0,5.0,35.0,35.0,90.0,0.0,0.0,0.0,0.0,0.0,0.0,0.0,0.0,0.0,7.0,0.0,,,,North Dakota,,KupeCh20,2006.0,22.833333333333336
5.0,162.0,IND,Michael Toudouze,G,23.0,2011.0,0.0,0.0,0.0,1.0,1.0,9.0,0.0,0.0,0.0,0.0,0.0,0.0,0.0,0.0,0.0,0.0,0.0,,,,TCU,,ToudMi20,2006.0,-5.176470588235294
5.0,163.0,SEA,David Kirtman,RB,23.0,2008.0,0.0,0.0,0.0,0.0,0.0,7.0,0.0,0.0,0.0,0.0,0.0,0.0,0.0,0.0,0.0,0.0,0.0,,,,USC,College Stats,KirtDa00,2006.0,-13.333333333333334
5.0,164.0,PIT,Omar Jacobs,QB,,,0.0,0.0,0.0,,,,,,,,,,,,,,,,,,Bowling Green,College Stats,-9999,2006.0,
5.0,165.0,GNB,Tony Moll,T,23.0,2011.0,0.0,0.0,0.0,13.0,10.0,63.0,0.0,0.0,0.0,0.0,0.0,0.0,0.0,0.0,0.0,0.0,0.0,,,,Nevada,College Stats,MollTo20,2006.0,-0.34999999999999964
5.0,166.0,BAL,Quinn Sypniewski,TE,24.0,2007.0,0.0,0.0,1.0,2.0,2.0,31.0,0.0,0.0,0.0,0.0,0.0,0.0,0.0,0.0,36.0,261.0,1.0,2.0,,,Colorado,College Stats,SypnQu00,2006.0,-11.666666666666666
5.0,167.0,PIT,Charles Davis,TE,,,0.0,0.0,0.0,,,,,,,,,,,,,,,,,,Purdue,College Stats,-9999,2006.0,
5.0,168.0,PHI,Omar Gaither,LB,22.0,2013.0,0.0,0.0,2.0,25.0,22.0,92.0,0.0,0.0,0.0,0.0,0.0,0.0,0.0,0.0,0.0,0.0,0.0,264.0,2.0,6.0,Tennessee,College Stats,GaitOm20,2006.0,12.944444444444445
5.0,169.0,TEN,Jesse Mahelona,DT,23.0,2007.0,0.0,0.0,0.0,1.0,1.0,11.0,0.0,0.0,0.0,0.0,0.0,0.0,0.0,0.0,0.0,0.0,0.0,16.0,,1.0,Tennessee,College Stats,MaheJe20,2006.0,-10.5
6.0,170.0,HOU,Wali Lundy,RB,22.0,2006.0,0.0,0.0,1.0,5.0,5.0,14.0,0.0,0.0,0.0,0.0,0.0,124.0,476.0,4.0,33.0,204.0,0.0,,,,Virginia,College Stats,LundWa00,2006.0,-2.0588235294117645
6.0,171.0,NOR,Mike Hass,WR,23.0,2009.0,0.0,0.0,0.0,0.0,,2.0,0.0,0.0,0.0,0.0,0.0,0.0,0.0,0.0,0.0,0.0,0.0,,,,Oregon St.,College Stats,HassMi00,2006.0,-6.588235294117647
6.0,172.0,TEN,Jonathan Orr,WR,,,0.0,0.0,0.0,,,,,,,,,,,,,,,,,,Wisconsin,College Stats,-9999,2006.0,
6.0,173.0,WAS,Reed Doughty,DB,23.0,2013.0,0.0,0.0,3.0,20.0,20.0,107.0,0.0,0.0,0.0,0.0,0.0,0.0,0.0,0.0,0.0,0.0,0.0,336.0,3.0,3.5,Northern Colorado,,DougRe20,2006.0,8.142857142857142
6.0,174.0,NOR,Josh Lay,DB,,,0.0,0.0,0.0,,,,,,,,,,,,,,,,,,Pittsburgh,,-9999,2006.0,
6.0,175.0,SFO,Delanie Walker,WR,22.0,2019.0,0.0,3.0,7.0,39.0,8.0,183.0,0.0,0.0,0.0,0.0,0.0,16.0,89.0,1.0,504.0,5888.0,36.0,37.0,,,Central Missouri St.,,WalkHu00,2006.0,30.157894736842103
6.0,176.0,OAK,Kevin Boothe,T,23.0,2014.0,0.0,0.0,4.0,27.0,3.0,114.0,0.0,0.0,0.0,0.0,0.0,0.0,0.0,0.0,0.0,0.0,0.0,,,,Cornell,,BootKe20,2006.0,20.94736842105263
6.0,177.0,ARI,Jonathan Lewis,DT,22.0,2006.0,0.0,0.0,0.0,0.0,0.0,4.0,0.0,0.0,0.0,0.0,0.0,0.0,0.0,0.0,0.0,0.0,0.0,3.0,,,Virginia Tech,College Stats,LewiJo22,2006.0,-10.526315789473685
6.0,178.0,BUF,Keith Ellison,LB,22.0,2010.0,0.0,0.0,3.0,19.0,19.0,58.0,0.0,0.0,0.0,0.0,0.0,1.0,6.0,0.0,0.0,0.0,0.0,164.0,2.0,2.0,Oregon St.,College Stats,ElliKe20,2006.0,5.428571428571429
6.0,179.0,DET,Dee McCann,DB,,,0.0,0.0,0.0,,,,,,,,,,,,,,,,,,West Virginia,College Stats,-9999,2006.0,
6.0,180.0,CLE,Lawrence Vickers,FB,23.0,2012.0,0.0,0.0,3.0,3.0,2.0,106.0,0.0,0.0,0.0,0.0,0.0,37.0,98.0,0.0,58.0,404.0,3.0,13.0,,,Colorado,College Stats,VickLa00,2006.0,-6.611111111111111
6.0,181.0,CLE,Babatunde Oshinowo,DT,23.0,2007.0,0.0,0.0,0.0,0.0,0.0,2.0,0.0,0.0,0.0,0.0,0.0,0.0,0.0,0.0,0.0,0.0,0.0,2.0,,,Stanford,College Stats,OshiBa20,2006.0,-9.368421052631579
6.0,182.0,DAL,Montavious Stanley,DT,24.0,2009.0,0.0,0.0,0.0,5.0,,33.0,0.0,0.0,0.0,0.0,0.0,0.0,0.0,0.0,0.0,0.0,0.0,46.0,,1.5,Louisville,College Stats,StanMo20,2006.0,-5.277777777777779
6.0,183.0,GNB,Johnny Jolly,DT,23.0,2013.0,0.0,0.0,3.0,21.0,21.0,61.0,0.0,0.0,0.0,0.0,0.0,0.0,0.0,0.0,0.0,0.0,0.0,89.0,1.0,3.0,Texas A&M,College Stats,JollJo20,2006.0,15.894736842105264
6.0,184.0,ATL,Adam Jennings,WR,23.0,2009.0,0.0,0.0,0.0,0.0,0.0,46.0,0.0,0.0,0.0,0.0,0.0,1.0,-4.0,0.0,6.0,62.0,1.0,11.0,,,Fresno St.,College Stats,JennAd00,2006.0,-5.315789473684211
6.0,185.0,GNB,Tyrone Culver,DB,23.0,2012.0,0.0,0.0,0.0,7.0,1.0,80.0,0.0,0.0,0.0,0.0,0.0,0.0,0.0,0.0,0.0,0.0,0.0,109.0,2.0,1.0,Fresno St.,College Stats,CulvTy20,2006.0,3.0588235294117645
6.0,186.0,KAN,Tre Stallings,G,23.0,2007.0,0.0,0.0,0.0,0.0,0.0,1.0,0.0,0.0,0.0,0.0,0.0,0.0,0.0,0.0,0.0,0.0,0.0,,,,Mississippi St.,College Stats,StalTr20,2006.0,-10.38888888888889
6.0,187.0,SDG,Jeromey Clary,T,22.0,2013.0,0.0,0.0,6.0,47.0,47.0,103.0,0.0,0.0,0.0,0.0,0.0,0.0,0.0,0.0,1.0,-8.0,0.0,,,,Kansas St.,College Stats,ClarJe20,2006.0,34.85
6.0,188.0,SDG,Kurt Smith,K,,,0.0,0.0,0.0,,,,,,,,,,,,,,,,,,Virginia,College Stats,-9999,2006.0,
6.0,189.0,NYJ,Drew Coleman,DB,23.0,2011.0,0.0,0.0,0.0,11.0,8.0,83.0,0.0,0.0,0.0,0.0,0.0,0.0,0.0,0.0,0.0,0.0,0.0,132.0,4.0,8.0,TCU,College Stats,ColeDr20,2006.0,2.5999999999999996
6.0,190.0,KAN,Jeff Webb,WR,24.0,2008.0,0.0,0.0,0.0,2.0,2.0,31.0,0.0,0.0,0.0,0.0,0.0,1.0,5.0,0.0,36.0,382.0,1.0,6.0,,,San Diego St.,College Stats,WebbJe00,2006.0,-7.611111111111111
6.0,191.0,NWE,Jeremy Mincey,DE,22.0,2015.0,0.0,0.0,4.0,29.0,,96.0,0.0,0.0,0.0,0.0,0.0,0.0,0.0,0.0,0.0,0.0,0.0,152.0,1.0,26.0,Florida,College Stats,MincJe99,2006.0,13.578947368421053
6.0,192.0,SFO,Marcus Hudson,DB,23.0,2010.0,0.0,0.0,0.0,5.0,4.0,62.0,0.0,0.0,0.0,0.0,0.0,0.0,0.0,0.0,0.0,0.0,0.0,71.0,,,North Carolina St.,College Stats,HudsMa20,2006.0,-2.2
6.0,193.0,CIN,Reggie McNeal,QB,22.0,2006.0,0.0,0.0,0.0,0.0,0.0,7.0,0.0,0.0,0.0,0.0,0.0,1.0,8.0,0.0,0.0,0.0,0.0,,,,Texas A&M,College Stats,McNeRe00,2006.0,-11.526315789473685
6.0,194.0,TAM,Bruce Gradkowski,QB,23.0,2014.0,0.0,0.0,1.0,8.0,3.0,37.0,375.0,709.0,4057.0,21.0,24.0,88.0,329.0,0.0,0.0,0.0,0.0,,,,Toledo,College Stats,GradBr00,2006.0,1.4444444444444446
6.0,195.0,CHI,J.D. Runnels,RB,22.0,2006.0,0.0,0.0,0.0,0.0,0.0,2.0,0.0,0.0,0.0,0.0,0.0,0.0,0.0,0.0,0.0,0.0,0.0,,,,Oklahoma,College Stats,RunnJ.00,2006.0,-13.764705882352942
6.0,196.0,WAS,Kedric Golston,DT,23.0,2016.0,0.0,0.0,4.0,27.0,27.0,142.0,0.0,0.0,0.0,0.0,0.0,0.0,0.0,0.0,0.0,0.0,0.0,137.0,,7.0,Georgia,College Stats,GolsKe20,2006.0,22.5
6.0,197.0,SFO,Melvin Oliver,DE,23.0,2006.0,0.0,0.0,1.0,5.0,5.0,16.0,0.0,0.0,0.0,0.0,0.0,0.0,0.0,0.0,0.0,0.0,0.0,35.0,,1.0,LSU,College Stats,OlivMe20,2006.0,-1.3125
6.0,198.0,DEN,Greg Eslinger,C,,,0.0,0.0,0.0,,,,,,,,,,,,,,,,,,Minnesota,College Stats,-9999,2006.0,
6.0,199.0,IND,Charlie Johnson,T,22.0,2014.0,0.0,0.0,7.0,52.0,30.0,134.0,0.0,0.0,0.0,0.0,0.0,0.0,0.0,0.0,1.0,-2.0,0.0,,,,Oklahoma St.,College Stats,JohnCh23,2006.0,30.875
6.0,200.0,CHI,Tyler Reed,G,,,0.0,0.0,0.0,,,,,,,,,,,,,,,,,,Penn St.,,-9999,2006.0,
6.0,201.0,PIT,Marvin Philip,C,,,0.0,0.0,0.0,,,,,,,,,,,,,,,,,,California,,-9999,2006.0,
6.0,202.0,TAM,T.J. Williams,TE,,,0.0,0.0,0.0,,,,,,,,,,,,,,,,,,North Carolina St.,College Stats,-9999,2006.0,
6.0,203.0,BAL,Sam Koch,P,24.0,2021.0,0.0,1.0,0.0,25.0,25.0,256.0,7.0,8.0,82.0,0.0,0.0,7.0,10.0,1.0,0.0,0.0,0.0,15.0,,,Nebraska,College Stats,KochSa20,2006.0,13.076923076923077
6.0,204.0,PHI,LaJuan Ramsey,DT,22.0,2009.0,0.0,0.0,0.0,4.0,2.0,34.0,0.0,0.0,0.0,0.0,0.0,0.0,0.0,0.0,0.0,0.0,0.0,23.0,1.0,1.0,USC,College Stats,RamsLa20,2006.0,-5.647058823529411
6.0,205.0,NWE,Dan Stevenson,G,,,0.0,0.0,0.0,,,,,,,,,,,,,,,,,,Notre Dame,,-9999,2006.0,
6.0,206.0,NWE,Le Kevin Smith,DT,24.0,2010.0,0.0,0.0,0.0,5.0,3.0,45.0,0.0,0.0,0.0,0.0,0.0,0.0,0.0,0.0,0.0,0.0,0.0,19.0,,1.0,Nebraska,College Stats,SmitLe20,2006.0,-1.0
6.0,207.0,IND,Antoine Bethea,DB,22.0,2019.0,0.0,3.0,12.0,63.0,40.0,209.0,0.0,0.0,0.0,0.0,0.0,0.0,0.0,0.0,0.0,0.0,0.0,995.0,25.0,9.5,Howard,,BethAn20,2006.0,49.11764705882353
6.0,208.0,BAL,Derrick Martin,DB,21.0,2013.0,0.0,0.0,0.0,5.0,2.0,73.0,0.0,0.0,0.0,0.0,0.0,0.0,0.0,0.0,0.0,0.0,0.0,77.0,3.0,1.0,Wyoming,College Stats,MartDe22,2006.0,-0.666666666666667
7.0,209.0,CIN,Ethan Kilmer,WR,23.0,2006.0,0.0,0.0,0.0,0.0,0.0,16.0,0.0,0.0,0.0,0.0,0.0,0.0,0.0,0.0,0.0,0.0,0.0,14.0,1.0,,Penn St.,College Stats,KilmEt00,2006.0,-7.428571428571429
7.0,210.0,NOR,Zach Strief,G,22.0,2017.0,0.0,0.0,6.0,50.0,50.0,158.0,0.0,0.0,0.0,0.0,0.0,0.0,0.0,0.0,0.0,0.0,0.0,1.0,,,Northwestern,College Stats,StriZa20,2006.0,42.05882352941177
7.0,211.0,DAL,Pat McQuistan,T,23.0,2012.0,0.0,0.0,0.0,8.0,3.0,72.0,0.0,0.0,0.0,0.0,0.0,0.0,0.0,0.0,0.0,0.0,0.0,1.0,,,Weber St.,,McQuPa20,2006.0,2.5999999999999996
7.0,212.0,MIA,Fred Evans,DT,22.0,2013.0,0.0,0.0,0.0,9.0,0.0,95.0,0.0,0.0,0.0,0.0,0.0,0.0,0.0,0.0,0.0,0.0,0.0,66.0,,3.0,Texas St.,,EvanFr21,2006.0,4.75
7.0,213.0,JAX,James Wyche,DE,24.0,2009.0,0.0,0.0,0.0,0.0,0.0,3.0,0.0,0.0,0.0,0.0,0.0,0.0,0.0,0.0,0.0,0.0,0.0,1.0,,,Syracuse,College Stats,WychJa00,2006.0,-8.0
7.0,214.0,OAK,Chris Morris,C,23.0,2010.0,0.0,0.0,1.0,5.0,5.0,51.0,0.0,0.0,0.0,0.0,0.0,0.0,0.0,0.0,0.0,0.0,0.0,,,,Michigan St.,,MorrCh21,2006.0,-2.0
7.0,215.0,TEN,Cortland Finnegan,DB,22.0,2015.0,1.0,1.0,7.0,53.0,43.0,133.0,0.0,0.0,0.0,0.0,0.0,0.0,0.0,0.0,0.0,0.0,0.0,541.0,18.0,7.0,Samford,,FinnCo20,2006.0,44.388888888888886
7.0,216.0,BUF,Terrance Pennington,T,22.0,2007.0,0.0,0.0,1.0,4.0,4.0,16.0,0.0,0.0,0.0,0.0,0.0,0.0,0.0,0.0,0.0,0.0,0.0,,,,New Mexico,,PennTe20,2006.0,-9.785714285714286
7.0,217.0,DET,Fred Matua,G,,,0.0,0.0,0.0,,,,,,,,,,,,,,,,,,USC,,-9999,2006.0,
7.0,218.0,ARI,Todd Watkins,WR,23.0,2009.0,0.0,0.0,0.0,1.0,,21.0,0.0,0.0,0.0,0.0,0.0,0.0,0.0,0.0,8.0,90.0,0.0,5.0,,,BYU,College Stats,WatkTo20,2006.0,-8.866666666666667
7.0,219.0,BAL,Ryan LaCasse,LB,23.0,2006.0,0.0,0.0,0.0,1.0,,12.0,0.0,0.0,0.0,0.0,0.0,0.0,0.0,0.0,0.0,0.0,0.0,6.0,,,Syracuse,College Stats,LaCaRy20,2006.0,-6.375
7.0,220.0,NYJ,Titus Adams,DT,23.0,2009.0,0.0,0.0,0.0,0.0,,2.0,0.0,0.0,0.0,0.0,0.0,0.0,0.0,0.0,0.0,0.0,0.0,1.0,,,Nebraska,College Stats,AdamTi00,2006.0,-7.588235294117647
7.0,221.0,STL,Tim McGarigle,LB,22.0,2007.0,0.0,0.0,0.0,1.0,1.0,12.0,0.0,0.0,0.0,0.0,0.0,0.0,0.0,0.0,0.0,0.0,0.0,6.0,,,Northwestern,College Stats,McGaTi99,2006.0,-6.714285714285714
7.0,222.0,CLE,Justin Hamilton,RB,23.0,2008.0,0.0,0.0,0.0,1.0,1.0,12.0,0.0,0.0,0.0,0.0,0.0,0.0,0.0,0.0,0.0,0.0,0.0,13.0,,,Virginia Tech,College Stats,HamiJu20,2006.0,-5.5
7.0,223.0,ATL,D.J. Shockley,QB,,,0.0,0.0,0.0,,,,,,,,,,,,,,,,,,Georgia,College Stats,-9999,2006.0,
7.0,224.0,DAL,E.J. Whitley,C,,,0.0,0.0,0.0,,,,,,,,,,,,,,,,,,Texas Tech,,-9999,2006.0,
7.0,225.0,SDG,Chase Page,DT,23.0,2007.0,0.0,0.0,0.0,0.0,,6.0,0.0,0.0,0.0,0.0,0.0,0.0,0.0,0.0,0.0,0.0,0.0,4.0,,,North Carolina,College Stats,PageCh99,2006.0,-6.0588235294117645
7.0,226.0,MIA,Rodrique Wright,DT,22.0,2008.0,0.0,0.0,0.0,4.0,4.0,13.0,0.0,0.0,0.0,0.0,0.0,0.0,0.0,0.0,0.0,0.0,0.0,28.0,,1.5,Texas,College Stats,WrigRo99,2006.0,-3.1764705882352944
7.0,227.0,SDG,Jimmy Martin,C,,,0.0,0.0,0.0,,,,,,,,,,,,,,,,,,Virginia Tech,,-9999,2006.0,
7.0,228.0,KAN,Jarrad Page,DB,21.0,2011.0,0.0,0.0,2.0,18.0,16.0,74.0,0.0,0.0,0.0,0.0,0.0,1.0,4.0,0.0,0.0,0.0,0.0,190.0,12.0,1.0,UCLA,College Stats,PageJa20,2006.0,12.666666666666668
7.0,229.0,NWE,Willie Andrews,DB,22.0,2007.0,0.0,0.0,0.0,3.0,3.0,30.0,0.0,0.0,0.0,0.0,0.0,0.0,0.0,0.0,0.0,0.0,0.0,12.0,,,Baylor,College Stats,AndrWi20,2006.0,-3.0555555555555554
7.0,230.0,WAS,Kili Lefotu,G,,,0.0,0.0,0.0,,,,,,,,,,,,,,,,,,Arizona,College Stats,-9999,2006.0,
7.0,231.0,CIN,Bennie Brazell,WR,,,0.0,0.0,0.0,,,,,,,,,,,,,,,,,,LSU,College Stats,-9999,2006.0,
7.0,232.0,NYG,Gerrick McPhearson,DB,,,0.0,0.0,0.0,,,,,,,,,,,,,,,,,,Maryland,College Stats,-9999,2006.0,
7.0,233.0,MIA,Devin Aromashodu,WR,22.0,2012.0,0.0,0.0,0.0,10.0,,61.0,0.0,0.0,0.0,0.0,0.0,0.0,0.0,0.0,78.0,1193.0,5.0,3.0,,,Auburn,College Stats,AromDe00,2006.0,-7.0
7.0,234.0,CAR,Will Montgomery,G,23.0,2015.0,0.0,0.0,4.0,34.0,2.0,110.0,0.0,0.0,0.0,0.0,0.0,0.0,0.0,0.0,0.0,0.0,0.0,,,,Virginia Tech,,MontWi20,2006.0,28.22222222222222
7.0,235.0,TAM,Justin Phinisee,DB,,,0.0,0.0,0.0,,,,,,,,,,,,,,,,,,Oregon,College Stats,-9999,2006.0,
7.0,236.0,JAX,Dee Webb,DB,21.0,2006.0,0.0,0.0,0.0,1.0,1.0,11.0,0.0,0.0,0.0,0.0,0.0,0.0,0.0,0.0,0.0,0.0,0.0,15.0,1.0,,Florida,College Stats,WebbDe20,2006.0,-1.8823529411764706
7.0,237.0,CAR,Stanley McClover,DE,21.0,2008.0,0.0,0.0,0.0,1.0,1.0,14.0,0.0,0.0,0.0,0.0,0.0,0.0,0.0,0.0,0.0,0.0,0.0,7.0,,1.0,Auburn,College Stats,McClSt20,2006.0,-1.6842105263157894
7.0,238.0,IND,T.J. Rushing,DB,23.0,2009.0,0.0,0.0,0.0,3.0,3.0,35.0,0.0,0.0,0.0,0.0,0.0,0.0,0.0,0.0,0.0,0.0,0.0,26.0,,,Stanford,College Stats,RushT.20,2006.0,-5.153846153846153
7.0,239.0,SEA,Ryan Plackemeier,P,22.0,2008.0,0.0,0.0,0.0,5.0,4.0,43.0,0.0,0.0,0.0,0.0,0.0,1.0,0.0,0.0,0.0,0.0,0.0,1.0,,,Wake Forest,College Stats,PlacRy20,2006.0,-5.588235294117647
7.0,240.0,PIT,Cedric Humes,RB,,,0.0,0.0,0.0,,,,,,,,,,,,,,,,,,Virginia Tech,College Stats,-9999,2006.0,
7.0,241.0,TAM,Charles Bennett,LB,23.0,2006.0,0.0,0.0,0.0,0.0,0.0,3.0,0.0,0.0,0.0,0.0,0.0,0.0,0.0,0.0,0.0,0.0,0.0,1.0,,,Clemson,College Stats,BennCh21,2006.0,-4.785714285714286
7.0,242.0,STL,Mark Setterstrom,G,22.0,2009.0,0.0,0.0,0.0,5.0,5.0,19.0,0.0,0.0,0.0,0.0,0.0,0.0,0.0,0.0,0.0,0.0,0.0,,,,Minnesota,,SettMa20,2006.0,-4.388888888888889
7.0,243.0,STL,Tony Palmer,G,23.0,2007.0,0.0,0.0,0.0,0.0,,8.0,0.0,0.0,0.0,0.0,0.0,0.0,0.0,0.0,0.0,0.0,0.0,,,,Missouri,,PalmTo21,2006.0,-5.8
7.0,244.0,TAM,Tim Massaquoi,TE,24.0,2007.0,0.0,0.0,0.0,0.0,,11.0,0.0,0.0,0.0,0.0,0.0,0.0,0.0,0.0,0.0,0.0,0.0,,,,Michigan,College Stats,MassTi20,2006.0,-13.3125
7.0,245.0,TEN,Spencer Toone,LB,26.0,2006.0,0.0,0.0,0.0,0.0,0.0,3.0,0.0,0.0,0.0,0.0,0.0,0.0,0.0,0.0,0.0,0.0,0.0,,,,Utah,College Stats,ToonSp20,2006.0,-6.333333333333333
7.0,246.0,TEN,Quinton Ganther,RB,22.0,2010.0,0.0,0.0,0.0,3.0,1.0,36.0,0.0,0.0,0.0,0.0,0.0,80.0,280.0,3.0,17.0,151.0,0.0,5.0,,,Utah,College Stats,GantQu00,2006.0,-5.153846153846153
7.0,247.0,DET,Anthony Cannon,LB,21.0,2008.0,0.0,0.0,0.0,3.0,3.0,32.0,0.0,0.0,0.0,0.0,0.0,0.0,0.0,0.0,0.0,0.0,0.0,17.0,,,Tulane,College Stats,CannAn20,2006.0,-0.7142857142857144
7.0,248.0,BUF,Aaron Merz,G,23.0,2006.0,0.0,0.0,0.0,1.0,1.0,7.0,0.0,0.0,0.0,0.0,0.0,0.0,0.0,0.0,0.0,0.0,0.0,,,,California,College Stats,MerzAa20,2006.0,-10.642857142857142
7.0,249.0,SEA,Ben Obomanu,WR,22.0,2013.0,0.0,0.0,0.0,10.0,10.0,69.0,0.0,0.0,0.0,0.0,0.0,4.0,41.0,0.0,88.0,1217.0,7.0,23.0,,,Auburn,College Stats,ObomBe00,2006.0,2.2941176470588234
7.0,250.0,WAS,Kevin Simon,LB,,,0.0,0.0,0.0,,,,,,,,,,,,,,,,,,Tennessee,College Stats,-9999,2006.0,
7.0,251.0,HOU,David Anderson,WR,23.0,2011.0,0.0,0.0,0.0,7.0,7.0,67.0,0.0,0.0,0.0,0.0,0.0,0.0,0.0,0.0,88.0,965.0,4.0,8.0,,,Colorado St.,College Stats,AndeDa01,2006.0,-2.5
7.0,252.0,NOR,Marques Colston,WR,23.0,2015.0,0.0,0.0,7.0,72.0,72.0,146.0,0.0,0.0,0.0,0.0,0.0,2.0,7.0,0.0,711.0,9759.0,72.0,1.0,,,Hofstra,,ColsMa00,2006.0,62.333333333333336
7.0,253.0,GNB,Dave Tollefson,DE,24.0,2012.0,0.0,0.0,0.0,6.0,,78.0,0.0,0.0,0.0,0.0,0.0,0.0,0.0,0.0,0.0,0.0,0.0,62.0,,10.5,NW Missouri St.,,TollDa99,2006.0,-0.7692307692307692
7.0,254.0,SFO,Vickiel Vaughn,DB,,,0.0,0.0,0.0,,,,,,,,,,,,,,,,,,Arkansas,College Stats,-9999,2006.0,
7.0,255.0,OAK,Kevin McMahan,WR,,,0.0,0.0,0.0,,,,,,,,,,,,,,,,,,Maine,,-9999,2006.0,
1.0,1.0,OAK,JaMarcus Russell,QB,22.0,2009.0,0.0,0.0,2.0,6.0,6.0,31.0,354.0,680.0,4083.0,18.0,23.0,40.0,175.0,1.0,0.0,0.0,0.0,,,,LSU,College Stats,RussJa00,2007.0,-70.42857142857143
1.0,2.0,DET,Calvin Johnson HOF,WR,21.0,2015.0,3.0,6.0,9.0,78.0,78.0,135.0,0.0,0.0,0.0,0.0,0.0,19.0,167.0,1.0,731.0,11619.0,83.0,,,,Georgia Tech,College Stats,JohnCa00,2007.0,24.523809523809526
1.0,3.0,CLE,Joe Thomas HOF,T,22.0,2017.0,6.0,10.0,10.0,85.0,85.0,167.0,0.0,0.0,0.0,0.0,0.0,0.0,0.0,0.0,0.0,0.0,0.0,,,,Wisconsin,College Stats,ThomJo28,2007.0,32.714285714285715
1.0,4.0,TAM,Gaines Adams,DE,24.0,2009.0,0.0,0.0,1.0,17.0,17.0,47.0,0.0,0.0,0.0,0.0,0.0,0.0,0.0,0.0,0.0,0.0,0.0,67.0,2.0,13.5,Clemson,College Stats,AdamGa99,2007.0,-36.904761904761905
1.0,5.0,ARI,Levi Brown,T,23.0,2013.0,0.0,0.0,5.0,34.0,34.0,81.0,0.0,0.0,0.0,0.0,0.0,0.0,0.0,0.0,1.0,4.0,0.0,,,,Penn St.,College Stats,BrowLe20,2007.0,-21.476190476190474
1.0,6.0,WAS,LaRon Landry,DB,22.0,2014.0,0.0,1.0,7.0,39.0,26.0,103.0,0.0,0.0,0.0,0.0,0.0,0.0,0.0,0.0,0.0,0.0,0.0,467.0,6.0,8.0,LSU,College Stats,LandLa99,2007.0,-11.80952380952381
1.0,7.0,MIN,Adrian Peterson,RB,22.0,2021.0,4.0,7.0,12.0,101.0,89.0,184.0,0.0,0.0,0.0,0.0,0.0,3230.0,14918.0,120.0,305.0,2474.0,6.0,,,,Oklahoma,College Stats,PeteAd01,2007.0,52.95238095238095
1.0,8.0,ATL,Jamaal Anderson,DE,21.0,2012.0,0.0,0.0,3.0,20.0,19.0,77.0,0.0,0.0,0.0,0.0,0.0,0.0,0.0,0.0,0.0,0.0,0.0,96.0,,7.5,Arkansas,College Stats,AndeJa98,2007.0,-23.38095238095238
1.0,9.0,MIA,Ted Ginn Jr.,WR,22.0,2020.0,0.0,0.0,7.0,52.0,15.0,193.0,1.0,1.0,10.0,0.0,0.0,68.0,486.0,2.0,412.0,5742.0,33.0,6.0,,,Ohio St.,College Stats,GinnTe00,2007.0,3.761904761904759
1.0,10.0,HOU,Amobi Okoye,DT,20.0,2012.0,0.0,0.0,4.0,24.0,21.0,87.0,0.0,0.0,0.0,0.0,0.0,0.0,0.0,0.0,0.0,0.0,0.0,118.0,,16.0,Louisville,College Stats,OkoyAm99,2007.0,-15.38095238095238
1.0,11.0,SFO,Patrick Willis HOF,LB,22.0,2014.0,5.0,7.0,7.0,93.0,93.0,112.0,0.0,0.0,0.0,0.0,0.0,0.0,0.0,0.0,0.0,0.0,0.0,733.0,8.0,20.5,Mississippi,College Stats,WillPa98,2007.0,40.04761904761905
1.0,12.0,BUF,Marshawn Lynch,RB,21.0,2019.0,1.0,5.0,8.0,74.0,15.0,149.0,1.0,3.0,8.0,1.0,0.0,2453.0,10413.0,85.0,287.0,2214.0,9.0,1.0,,,California,College Stats,LyncMa00,2007.0,28.61904761904762
1.0,13.0,STL,Adam Carriker,DE,23.0,2012.0,0.0,0.0,3.0,22.0,9.0,65.0,0.0,0.0,0.0,0.0,0.0,0.0,0.0,0.0,0.0,0.0,0.0,86.0,,9.0,Nebraska,College Stats,CarrAd99,2007.0,-31.142857142857146
1.0,14.0,NYJ,Darrelle Revis HOF,DB,22.0,2017.0,4.0,7.0,9.0,93.0,76.0,145.0,0.0,0.0,0.0,0.0,0.0,0.0,0.0,0.0,0.0,-1.0,0.0,411.0,29.0,2.0,Pittsburgh,College Stats,ReviDa99,2007.0,47.80952380952381
1.0,15.0,PIT,Lawrence Timmons,LB,21.0,2017.0,0.0,1.0,9.0,72.0,68.0,172.0,0.0,0.0,0.0,0.0,0.0,0.0,0.0,0.0,0.0,0.0,0.0,737.0,12.0,35.5,Florida St.,College Stats,TimmLa99,2007.0,34.23809523809524
1.0,16.0,GNB,Justin Harrell,DT,23.0,2010.0,0.0,0.0,0.0,2.0,2.0,14.0,0.0,0.0,0.0,0.0,0.0,0.0,0.0,0.0,0.0,0.0,0.0,17.0,,,Tennessee,College Stats,HarrJu99,2007.0,-40.333333333333336
1.0,17.0,DEN,Jarvis Moss,DE,23.0,2011.0,0.0,0.0,0.0,3.0,2.0,53.0,0.0,0.0,0.0,0.0,0.0,0.0,0.0,0.0,0.0,0.0,0.0,34.0,,6.0,Florida,College Stats,MossJa99,2007.0,-42.38095238095238
1.0,18.0,CIN,Leon Hall,DB,22.0,2018.0,0.0,0.0,6.0,51.0,49.0,152.0,0.0,0.0,0.0,0.0,0.0,0.0,0.0,0.0,0.0,0.0,0.0,425.0,27.0,2.0,Michigan,College Stats,HallLe98,2007.0,7.4761904761904745
1.0,19.0,TEN,Michael Griffin,DB,22.0,2016.0,0.0,2.0,9.0,55.0,53.0,154.0,0.0,0.0,0.0,0.0,0.0,0.0,0.0,0.0,0.0,0.0,0.0,605.0,25.0,7.0,Texas,College Stats,GrifMi99,2007.0,18.80952380952381
1.0,20.0,NYG,Aaron Ross,DB,24.0,2013.0,0.0,0.0,4.0,20.0,17.0,83.0,0.0,0.0,0.0,0.0,0.0,0.0,0.0,0.0,0.0,0.0,0.0,201.0,11.0,2.5,Texas,College Stats,RossAa99,2007.0,-17.61904761904762
1.0,21.0,JAX,Reggie Nelson,DB,23.0,2018.0,0.0,2.0,11.0,63.0,12.0,181.0,0.0,0.0,0.0,0.0,0.0,0.0,0.0,0.0,0.0,0.0,0.0,618.0,38.0,6.5,Florida,College Stats,NelsRe99,2007.0,27.666666666666664
1.0,22.0,CLE,Brady Quinn,QB,22.0,2012.0,0.0,0.0,1.0,2.0,3.0,24.0,296.0,550.0,3043.0,12.0,17.0,44.0,185.0,1.0,1.0,18.0,0.0,,,,Notre Dame,College Stats,QuinBr00,2007.0,-28.857142857142858
1.0,23.0,KAN,Dwayne Bowe,WR,22.0,2015.0,0.0,1.0,8.0,50.0,50.0,125.0,0.0,0.0,0.0,0.0,0.0,2.0,16.0,0.0,537.0,7208.0,44.0,,,,LSU,College Stats,BoweDw00,2007.0,19.0
1.0,24.0,NWE,Brandon Meriweather,DB,23.0,2015.0,0.0,2.0,6.0,33.0,22.0,112.0,0.0,0.0,0.0,0.0,0.0,0.0,0.0,0.0,0.0,0.0,0.0,337.0,17.0,6.0,Miami (FL),College Stats,MeriBr99,2007.0,-18.904761904761905
1.0,25.0,CAR,Jon Beason,LB,22.0,2015.0,1.0,3.0,5.0,55.0,48.0,93.0,0.0,0.0,0.0,0.0,0.0,0.0,0.0,0.0,0.0,0.0,0.0,526.0,10.0,4.0,Miami (FL),College Stats,BeasJo99,2007.0,19.714285714285715
1.0,26.0,DAL,Anthony Spencer,DE,23.0,2014.0,0.0,1.0,4.0,34.0,34.0,104.0,0.0,0.0,0.0,0.0,0.0,0.0,0.0,0.0,0.0,0.0,0.0,272.0,1.0,33.0,Purdue,College Stats,SpenAn99,2007.0,5.5238095238095255
1.0,27.0,NOR,Robert Meachem,WR,22.0,2014.0,0.0,0.0,1.0,26.0,25.0,103.0,0.0,0.0,0.0,0.0,0.0,18.0,127.0,1.0,178.0,2914.0,27.0,,,,Tennessee,College Stats,MeacRo00,2007.0,-16.285714285714285
1.0,28.0,SFO,Joe Staley,T,23.0,2019.0,0.0,6.0,12.0,81.0,81.0,181.0,0.0,0.0,0.0,0.0,0.0,0.0,0.0,0.0,3.0,26.0,0.0,1.0,,,Central Michigan,College Stats,StalJo20,2007.0,49.57142857142857
1.0,29.0,BAL,Ben Grubbs,G,23.0,2015.0,0.0,2.0,9.0,56.0,26.0,129.0,0.0,0.0,0.0,0.0,0.0,0.0,0.0,0.0,0.0,0.0,0.0,,,,Auburn,College Stats,GrubBe20,2007.0,26.142857142857142
1.0,30.0,SDG,Craig Davis,WR,21.0,2010.0,0.0,0.0,0.0,7.0,7.0,25.0,0.0,0.0,0.0,0.0,0.0,4.0,13.0,0.0,51.0,558.0,2.0,,,,LSU,College Stats,DaviCr00,2007.0,-28.19047619047619
1.0,31.0,CHI,Greg Olsen,TE,22.0,2020.0,0.0,3.0,11.0,60.0,11.0,199.0,0.0,0.0,0.0,0.0,0.0,0.0,0.0,0.0,742.0,8683.0,60.0,,,,Miami (FL),College Stats,OlseGr00,2007.0,25.476190476190474
1.0,32.0,IND,Anthony Gonzalez,WR,22.0,2011.0,0.0,0.0,1.0,16.0,16.0,40.0,0.0,0.0,0.0,0.0,0.0,0.0,0.0,0.0,99.0,1307.0,7.0,,,,Ohio St.,College Stats,GonzAn00,2007.0,-25.904761904761905
2.0,33.0,ARI,Alan Branch,DT,22.0,2017.0,0.0,0.0,6.0,42.0,4.0,146.0,0.0,0.0,0.0,0.0,0.0,0.0,0.0,0.0,0.0,0.0,0.0,185.0,,10.5,Michigan,College Stats,BranAl99,2007.0,7.761904761904759
2.0,34.0,BUF,Paul Posluszny,LB,22.0,2017.0,0.0,1.0,9.0,58.0,17.0,145.0,0.0,0.0,0.0,0.0,0.0,0.0,0.0,0.0,0.0,0.0,0.0,882.0,15.0,16.0,Penn St.,College Stats,PoluPa99,2007.0,20.476190476190474
2.0,35.0,TAM,Arron Sears,G,22.0,2008.0,0.0,0.0,2.0,14.0,14.0,31.0,0.0,0.0,0.0,0.0,0.0,0.0,0.0,0.0,0.0,0.0,0.0,,,,Tennessee,College Stats,SearAr20,2007.0,-25.04761904761905
2.0,36.0,PHI,Kevin Kolb,QB,23.0,2012.0,0.0,0.0,1.0,12.0,5.0,34.0,449.0,755.0,5206.0,28.0,25.0,69.0,229.0,2.0,0.0,0.0,0.0,,,,Houston,College Stats,KolbKe00,2007.0,-28.57142857142857
2.0,37.0,SDG,Eric Weddle,DB,22.0,2021.0,2.0,6.0,12.0,88.0,64.0,201.0,0.0,1.0,0.0,0.0,0.0,5.0,24.0,0.0,0.0,0.0,0.0,903.0,29.0,9.5,Utah,College Stats,WeddEr99,2007.0,52.57142857142857
2.0,38.0,OAK,Zach Miller,TE,21.0,2014.0,0.0,1.0,7.0,28.0,20.0,110.0,0.0,0.0,0.0,0.0,0.0,0.0,0.0,0.0,328.0,3804.0,20.0,,,,Arizona St.,College Stats,MillZa01,2007.0,3.1428571428571423
2.0,39.0,ATL,Justin Blalock,G,23.0,2014.0,0.0,0.0,8.0,55.0,55.0,125.0,0.0,0.0,0.0,0.0,0.0,0.0,0.0,0.0,0.0,0.0,0.0,,,,Texas,College Stats,BlalJu20,2007.0,22.285714285714285
2.0,40.0,MIA,John Beck,QB,26.0,2011.0,0.0,0.0,0.0,4.0,2.0,9.0,140.0,239.0,1417.0,3.0,7.0,19.0,55.0,3.0,0.0,0.0,0.0,,,,BYU,College Stats,BeckJo00,2007.0,-19.428571428571427
2.0,41.0,ATL,Chris Houston,DB,22.0,2013.0,0.0,0.0,7.0,32.0,13.0,99.0,0.0,0.0,0.0,0.0,0.0,0.0,0.0,0.0,0.0,0.0,0.0,324.0,13.0,,Arkansas,College Stats,HousCh99,2007.0,3.2857142857142847
2.0,42.0,IND,Tony Ugoh,T,23.0,2011.0,0.0,0.0,2.0,17.0,16.0,40.0,0.0,0.0,0.0,0.0,0.0,0.0,0.0,0.0,0.0,0.0,0.0,,,,Arkansas,College Stats,UgohTo20,2007.0,-11.61904761904762
2.0,43.0,DET,Drew Stanton,QB,23.0,2017.0,0.0,0.0,1.0,10.0,4.0,38.0,345.0,659.0,4059.0,20.0,24.0,80.0,220.0,2.0,0.0,0.0,0.0,,,,Michigan St.,College Stats,StanDr00,2007.0,-13.095238095238095
2.0,44.0,MIN,Sidney Rice,WR,21.0,2013.0,0.0,1.0,3.0,33.0,20.0,81.0,4.0,7.0,174.0,0.0,0.0,4.0,9.0,0.0,243.0,3592.0,30.0,,,,South Carolina,College Stats,RiceSi01,2007.0,5.0
2.0,45.0,CAR,Dwayne Jarrett,WR,20.0,2010.0,0.0,0.0,0.0,4.0,4.0,32.0,0.0,0.0,0.0,0.0,0.0,1.0,11.0,0.0,35.0,428.0,1.0,,,,USC,College Stats,JarrDw00,2007.0,-22.80952380952381
2.0,46.0,PIT,LaMarr Woodley,DE,22.0,2015.0,0.0,1.0,7.0,54.0,50.0,110.0,0.0,0.0,0.0,0.0,0.0,0.0,0.0,0.0,0.0,0.0,0.0,229.0,5.0,58.0,Michigan,College Stats,WoodLa99,2007.0,25.38095238095238
2.0,47.0,NYJ,David Harris,LB,23.0,2017.0,0.0,0.0,11.0,75.0,73.0,164.0,0.0,0.0,0.0,0.0,0.0,0.0,0.0,0.0,0.0,0.0,0.0,725.0,6.0,36.5,Michigan,College Stats,HarrDa99,2007.0,41.95238095238095
2.0,48.0,JAX,Justin Durant,LB,21.0,2017.0,0.0,0.0,6.0,36.0,15.0,128.0,0.0,0.0,0.0,0.0,0.0,0.0,0.0,0.0,0.0,0.0,0.0,502.0,3.0,4.5,Hampton,,DuraJu99,2007.0,7.19047619047619
2.0,49.0,CIN,Kenny Irons,RB,,,0.0,0.0,0.0,,,,,,,,,,,,,,,,,,Auburn,College Stats,-9999,2007.0,
2.0,50.0,TEN,Chris Henry,RB,22.0,2010.0,0.0,0.0,0.0,1.0,1.0,11.0,0.0,0.0,0.0,0.0,0.0,32.0,122.0,2.0,6.0,53.0,0.0,2.0,,,Arizona,College Stats,HenrCh01,2007.0,-27.714285714285715
2.0,51.0,NYG,Steve Smith,WR,22.0,2012.0,0.0,1.0,1.0,23.0,21.0,64.0,0.0,0.0,0.0,0.0,0.0,0.0,0.0,0.0,245.0,2641.0,12.0,,,,USC,College Stats,SmitSt02,2007.0,-2.842105263157894
2.0,52.0,STL,Brian Leonard,RB,23.0,2014.0,0.0,0.0,0.0,11.0,3.0,88.0,0.0,0.0,0.0,0.0,0.0,221.0,828.0,0.0,143.0,1008.0,1.0,24.0,,,Rutgers,College Stats,LeonBr00,2007.0,-12.666666666666668
2.0,53.0,CLE,Eric Wright,DB,22.0,2013.0,0.0,0.0,6.0,32.0,22.0,92.0,0.0,0.0,0.0,0.0,0.0,0.0,0.0,0.0,0.0,0.0,0.0,333.0,15.0,1.0,UNLV,College Stats,WrigEr99,2007.0,5.857142857142858
2.0,54.0,KAN,Turk McBride,DT,22.0,2012.0,0.0,0.0,1.0,13.0,6.0,66.0,0.0,0.0,0.0,0.0,0.0,0.0,0.0,0.0,0.0,0.0,0.0,78.0,,9.5,Tennessee,College Stats,McBrTu99,2007.0,-9.904761904761905
2.0,55.0,SEA,Josh Wilson,DB,22.0,2015.0,0.0,0.0,6.0,32.0,13.0,126.0,0.0,0.0,0.0,0.0,0.0,0.0,0.0,0.0,0.0,0.0,0.0,377.0,15.0,5.5,Maryland,College Stats,WilsJo99,2007.0,-1.047619047619051
2.0,56.0,DEN,Tim Crowder,DE,22.0,2011.0,0.0,0.0,1.0,11.0,2.0,60.0,0.0,0.0,0.0,0.0,0.0,0.0,0.0,0.0,0.0,0.0,0.0,83.0,,10.5,Texas,College Stats,CrowTi99,2007.0,-9.578947368421051
2.0,57.0,PHI,Victor Abiamiri,DE,21.0,2009.0,0.0,0.0,0.0,5.0,5.0,29.0,0.0,0.0,0.0,0.0,0.0,0.0,0.0,0.0,0.0,0.0,0.0,22.0,,4.0,Notre Dame,College Stats,AbiaVi99,2007.0,-17.80952380952381
2.0,58.0,DET,Ikaika Alama-Francis,DE,22.0,2011.0,0.0,0.0,0.0,2.0,1.0,35.0,0.0,0.0,0.0,0.0,0.0,0.0,0.0,0.0,0.0,0.0,0.0,30.0,,1.0,Hawaii,College Stats,AlamIk99,2007.0,-22.523809523809526
2.0,59.0,CAR,Ryan Kalil,C,22.0,2019.0,2.0,5.0,9.0,72.0,71.0,155.0,0.0,0.0,0.0,0.0,0.0,0.0,0.0,0.0,0.0,0.0,0.0,,,,USC,College Stats,KaliRy20,2007.0,50.095238095238095
2.0,60.0,MIA,Samson Satele,C,22.0,2014.0,0.0,0.0,8.0,48.0,24.0,118.0,0.0,0.0,0.0,0.0,0.0,1.0,0.0,0.0,1.0,-3.0,0.0,,,,Hawaii,College Stats,SateSa20,2007.0,22.904761904761905
2.0,61.0,DET,Gerald Alexander,DB,23.0,2011.0,0.0,0.0,2.0,11.0,6.0,44.0,0.0,0.0,0.0,0.0,0.0,0.0,0.0,0.0,0.0,0.0,0.0,121.0,4.0,2.0,Boise St.,College Stats,AlexGe99,2007.0,-17.857142857142858
2.0,62.0,CHI,Dan Bazuin,DE,,,0.0,0.0,0.0,,,,,,,,,,,,,,,,,,Central Michigan,College Stats,-9999,2007.0,
2.0,63.0,GNB,Brandon Jackson,RB,21.0,2012.0,0.0,0.0,1.0,16.0,16.0,54.0,0.0,0.0,0.0,0.0,0.0,355.0,1383.0,7.0,112.0,864.0,2.0,4.0,,,Nebraska,College Stats,JackBr00,2007.0,-14.899999999999999
2.0,64.0,TAM,Sabby Piscitelli,LB,24.0,2011.0,0.0,0.0,1.0,15.0,11.0,66.0,0.0,0.0,0.0,0.0,0.0,0.0,0.0,0.0,0.0,0.0,0.0,160.0,5.0,,Oregon St.,College Stats,PiscSa99,2007.0,-14.904761904761905
3.0,65.0,OAK,Quentin Moses,DE,23.0,2010.0,0.0,0.0,0.0,5.0,,44.0,0.0,0.0,0.0,0.0,0.0,0.0,0.0,0.0,0.0,0.0,0.0,28.0,,3.5,Georgia,College Stats,MoseQu99,2007.0,-20.9
3.0,66.0,NOR,Usama Young,DB,22.0,2014.0,0.0,0.0,1.0,17.0,5.0,99.0,0.0,0.0,0.0,0.0,0.0,0.0,0.0,0.0,0.0,0.0,0.0,221.0,8.0,6.0,Kent St.,College Stats,YounUs99,2007.0,-8.476190476190474
3.0,67.0,DAL,James Marten,T,23.0,2008.0,0.0,0.0,0.0,0.0,,1.0,0.0,0.0,0.0,0.0,0.0,0.0,0.0,0.0,0.0,0.0,0.0,,,,Boston Col.,College Stats,MartJa21,2007.0,-18.95
3.0,68.0,TAM,Quincy Black,LB,23.0,2012.0,0.0,0.0,3.0,18.0,18.0,81.0,0.0,0.0,0.0,0.0,0.0,0.0,0.0,0.0,0.0,0.0,0.0,226.0,3.0,3.5,New Mexico,College Stats,BlacQu99,2007.0,1.5238095238095255
3.0,69.0,ARI,Buster Davis,LB,23.0,2008.0,0.0,0.0,0.0,2.0,,7.0,0.0,0.0,0.0,0.0,0.0,0.0,0.0,0.0,0.0,0.0,0.0,18.0,,,Florida St.,College Stats,DaviBu99,2007.0,-24.571428571428573
3.0,70.0,DEN,Ryan Harris,T,22.0,2016.0,0.0,0.0,5.0,33.0,23.0,114.0,0.0,0.0,0.0,0.0,0.0,0.0,0.0,0.0,0.0,0.0,0.0,1.0,,,Notre Dame,College Stats,HarrRy20,2007.0,10.095238095238095
3.0,71.0,MIA,Lorenzo Booker,RB,23.0,2011.0,0.0,0.0,0.0,4.0,3.0,36.0,0.0,0.0,0.0,0.0,0.0,61.0,230.0,0.0,47.0,362.0,0.0,2.0,,,Florida St.,College Stats,BookLo00,2007.0,-23.857142857142858
3.0,72.0,MIN,Marcus McCauley,DB,24.0,2009.0,0.0,0.0,0.0,4.0,4.0,27.0,0.0,0.0,0.0,0.0,0.0,0.0,0.0,0.0,0.0,0.0,0.0,58.0,,,Fresno St.,College Stats,McCaMa99,2007.0,-14.600000000000001
3.0,73.0,HOU,Jacoby Jones,WR,23.0,2015.0,1.0,1.0,2.0,30.0,18.0,128.0,0.0,0.0,0.0,0.0,0.0,19.0,62.0,0.0,203.0,2733.0,14.0,1.0,,,Lane,,JoneJa03,2007.0,5.4761904761904745
3.0,74.0,BAL,Yamon Figurs,WR,24.0,2010.0,0.0,0.0,0.0,2.0,2.0,34.0,0.0,0.0,0.0,0.0,0.0,3.0,-7.0,0.0,5.0,103.0,1.0,4.0,,,Kansas St.,College Stats,FiguYa00,2007.0,-16.428571428571427
3.0,75.0,ATL,Laurent Robinson,WR,22.0,2012.0,0.0,0.0,1.0,16.0,4.0,59.0,0.0,0.0,0.0,0.0,0.0,2.0,-14.0,0.0,167.0,2110.0,15.0,1.0,,,Illinois St.,,RobiLa01,2007.0,-7.449999999999999
3.0,76.0,SFO,Jason Hill,WR,22.0,2012.0,0.0,0.0,1.0,9.0,4.0,54.0,0.0,0.0,0.0,0.0,0.0,2.0,5.0,0.0,78.0,1043.0,9.0,13.0,,,Washington St.,College Stats,HillJa00,2007.0,-12.350000000000001
3.0,77.0,PIT,Matt Spaeth,TE,23.0,2015.0,0.0,0.0,6.0,2.0,2.0,123.0,0.0,0.0,0.0,0.0,0.0,0.0,0.0,0.0,55.0,420.0,10.0,2.0,,,Minnesota,College Stats,SpaeMa00,2007.0,-16.952380952380953
3.0,78.0,GNB,James Jones,WR,23.0,2015.0,0.0,0.0,4.0,46.0,43.0,136.0,0.0,0.0,0.0,0.0,0.0,0.0,0.0,0.0,433.0,5861.0,51.0,1.0,,,San Jose St.,College Stats,JoneJa04,2007.0,20.142857142857142
3.0,79.0,JAX,Mike Sims-Walker,WR,22.0,2011.0,0.0,0.0,2.0,16.0,16.0,44.0,0.0,0.0,0.0,0.0,0.0,0.0,0.0,0.0,134.0,1798.0,14.0,2.0,,,Central Florida,College Stats,WalkMi01,2007.0,-0.6999999999999993
3.0,80.0,TEN,Paul Williams,WR,23.0,2008.0,0.0,0.0,0.0,0.0,0.0,5.0,0.0,0.0,0.0,0.0,0.0,0.0,0.0,0.0,1.0,7.0,0.0,,,,Fresno St.,College Stats,WillPa00,2007.0,-11.238095238095237
3.0,81.0,NYG,Jay Alford,DT,24.0,2010.0,0.0,0.0,0.0,4.0,4.0,36.0,0.0,0.0,0.0,0.0,0.0,0.0,0.0,0.0,0.0,0.0,0.0,13.0,,3.5,Penn St.,College Stats,AlfoJa99,2007.0,-21.0
3.0,82.0,KAN,Tank Tyler,DT,22.0,2009.0,0.0,0.0,1.0,11.0,10.0,43.0,0.0,0.0,0.0,0.0,0.0,0.0,0.0,0.0,0.0,0.0,0.0,63.0,,,North Carolina St.,,TyleTa99,2007.0,-2.4499999999999993
3.0,83.0,CAR,Charles Johnson,DE,21.0,2017.0,0.0,0.0,8.0,47.0,47.0,143.0,0.0,0.0,0.0,0.0,0.0,0.0,0.0,0.0,0.0,0.0,0.0,228.0,,67.5,Georgia,College Stats,JohnCh98,2007.0,23.238095238095237
3.0,84.0,STL,Jonathan Wade,DB,23.0,2011.0,0.0,0.0,0.0,7.0,4.0,61.0,0.0,0.0,0.0,0.0,0.0,0.0,0.0,0.0,0.0,0.0,0.0,104.0,2.0,,Tennessee,College Stats,WadeJo99,2007.0,-18.428571428571427
3.0,85.0,SEA,Brandon Mebane,DT,22.0,2019.0,0.0,0.0,13.0,63.0,50.0,182.0,0.0,0.0,0.0,0.0,0.0,0.0,0.0,0.0,0.0,0.0,0.0,299.0,1.0,18.5,California,College Stats,MebaBr99,2007.0,51.0
3.0,86.0,BAL,Marshal Yanda,T,22.0,2019.0,2.0,8.0,10.0,92.0,92.0,177.0,0.0,0.0,0.0,0.0,0.0,0.0,0.0,0.0,0.0,0.0,0.0,,,,Iowa,College Stats,YandMa20,2007.0,72.0
3.0,87.0,PHI,Stewart Bradley,LB,23.0,2012.0,0.0,0.0,2.0,19.0,17.0,76.0,0.0,0.0,0.0,0.0,0.0,0.0,0.0,0.0,0.0,0.0,0.0,187.0,3.0,3.0,Nebraska,College Stats,BradSt99,2007.0,7.523809523809524
3.0,88.0,NOR,Andy Alleman,G,23.0,2009.0,0.0,0.0,0.0,5.0,,24.0,0.0,0.0,0.0,0.0,0.0,0.0,0.0,0.0,0.0,0.0,0.0,,,,Akron,,AlleAn20,2007.0,-15.19047619047619
3.0,89.0,GNB,Aaron Rouse,DB,23.0,2009.0,0.0,0.0,2.0,8.0,5.0,41.0,0.0,0.0,0.0,0.0,0.0,0.0,0.0,0.0,0.0,0.0,0.0,110.0,4.0,1.0,Virginia Tech,College Stats,RousAa99,2007.0,-11.0
3.0,90.0,PHI,Tony Hunt,RB,21.0,2008.0,0.0,0.0,0.0,0.0,0.0,14.0,0.0,0.0,0.0,0.0,0.0,14.0,25.0,2.0,6.0,42.0,0.0,1.0,,,Penn St.,College Stats,HuntTo01,2007.0,-14.142857142857142
3.0,91.0,OAK,Mario Henderson,DT,22.0,2010.0,0.0,0.0,1.0,11.0,11.0,44.0,0.0,0.0,0.0,0.0,0.0,0.0,0.0,0.0,0.0,0.0,0.0,1.0,,,Florida St.,,HendMa21,2007.0,-14.7
3.0,92.0,BUF,Trent Edwards,QB,23.0,2012.0,0.0,0.0,2.0,16.0,15.0,38.0,563.0,929.0,6033.0,26.0,30.0,78.0,330.0,3.0,0.0,0.0,0.0,,,,Stanford,College Stats,EdwaTr01,2007.0,-8.8
3.0,93.0,CHI,Garrett Wolfe,RB,23.0,2010.0,0.0,0.0,0.0,2.0,2.0,50.0,0.0,0.0,0.0,0.0,0.0,72.0,282.0,1.0,11.0,129.0,0.0,38.0,,,Northern Illinois,College Stats,WolfGa00,2007.0,-10.19047619047619
3.0,94.0,CHI,Michael Okwo,LB,,,0.0,0.0,0.0,,,,,,,,,,,,,,,,,,Stanford,College Stats,-9999,2007.0,
3.0,95.0,IND,Dante Hughes,DB,22.0,2011.0,0.0,0.0,0.0,4.0,2.0,53.0,0.0,0.0,0.0,0.0,0.0,0.0,0.0,0.0,0.0,0.0,0.0,87.0,1.0,,California,,HughDa99,2007.0,-11.789473684210526
3.0,96.0,SDG,Anthony Waters,LB,23.0,2010.0,0.0,0.0,0.0,2.0,1.0,20.0,0.0,0.0,0.0,0.0,0.0,0.0,0.0,0.0,0.0,0.0,0.0,13.0,,,Clemson,College Stats,WateAn00,2007.0,-11.619047619047619
3.0,97.0,SFO,Ray McDonald,DE,22.0,2014.0,0.0,0.0,5.0,35.0,35.0,115.0,0.0,0.0,0.0,0.0,0.0,0.0,0.0,0.0,0.0,0.0,0.0,156.0,1.0,19.5,Florida,College Stats,McDoRa99,2007.0,22.142857142857142
3.0,98.0,IND,Quinn Pitcock,DT,23.0,2007.0,0.0,0.0,0.0,1.0,1.0,9.0,0.0,0.0,0.0,0.0,0.0,0.0,0.0,0.0,0.0,0.0,0.0,13.0,,1.5,Ohio St.,College Stats,PitcQu99,2007.0,-20.047619047619047
3.0,99.0,OAK,Johnnie Lee Higgins,WR,23.0,2010.0,0.0,0.0,0.0,9.0,9.0,60.0,0.0,0.0,0.0,0.0,0.0,7.0,58.0,0.0,57.0,779.0,4.0,3.0,,,Texas-El Paso,College Stats,HiggJo00,2007.0,-8.857142857142858
4.0,100.0,OAK,Michael Bush,RB,23.0,2013.0,0.0,0.0,2.0,25.0,21.0,89.0,1.0,3.0,8.0,0.0,0.0,809.0,3250.0,29.0,104.0,1010.0,2.0,,,,Louisville,College Stats,BushMi00,2007.0,5.600000000000001
4.0,101.0,JAX,Adam Podlesh,P,24.0,2013.0,0.0,0.0,0.0,8.0,6.0,107.0,0.0,1.0,0.0,0.0,0.0,2.0,-2.0,0.0,0.0,0.0,0.0,9.0,,,Maryland,College Stats,PodlAd20,2007.0,-4.199999999999999
4.0,102.0,MIN,Brian Robison,DE,24.0,2017.0,0.0,0.0,6.0,46.0,46.0,173.0,0.0,0.0,0.0,0.0,0.0,0.0,0.0,0.0,0.0,0.0,0.0,207.0,,60.0,Texas,College Stats,RobiBr98,2007.0,25.571428571428573
4.0,103.0,DAL,Isaiah Stanback,QB,23.0,2012.0,0.0,0.0,0.0,0.0,0.0,22.0,0.0,0.0,0.0,0.0,0.0,0.0,0.0,0.0,6.0,52.0,0.0,,,,Washington,College Stats,StanIs00,2007.0,-16.61904761904762
4.0,104.0,SFO,Jay Moore,DE,,,0.0,0.0,0.0,,,,,,,,,,,,,,,,,,Nebraska,College Stats,-9999,2007.0,
4.0,105.0,DET,A.J. Davis,DB,,,0.0,0.0,0.0,,,,,,,,,,,,,,,,,,North Carolina St.,College Stats,-9999,2007.0,
4.0,106.0,TAM,Tanard Jackson,DB,22.0,2011.0,0.0,0.0,4.0,24.0,24.0,56.0,0.0,0.0,0.0,0.0,0.0,0.0,0.0,0.0,0.0,0.0,0.0,212.0,10.0,1.0,Syracuse,College Stats,JackTa99,2007.0,8.857142857142858
4.0,107.0,NOR,Antonio Pittman,RB,21.0,2008.0,0.0,0.0,0.0,3.0,,23.0,0.0,0.0,0.0,0.0,0.0,117.0,435.0,0.0,21.0,147.0,0.0,1.0,,,Ohio St.,College Stats,PittAn00,2007.0,-6.238095238095237
4.0,108.0,MIA,Paul Soliai,DT,23.0,2016.0,0.0,1.0,6.0,41.0,32.0,138.0,0.0,0.0,0.0,0.0,0.0,0.0,0.0,0.0,0.0,0.0,0.0,159.0,,5.5,Utah,College Stats,SoliPa99,2007.0,18.42105263157895
4.0,109.0,ATL,Stephen Nicholas,LB,24.0,2013.0,0.0,0.0,4.0,27.0,27.0,101.0,0.0,0.0,0.0,0.0,0.0,0.0,0.0,0.0,0.0,0.0,0.0,284.0,2.0,8.0,South Florida,College Stats,NichSt99,2007.0,3.9523809523809526
4.0,110.0,OAK,John Bowie,DB,23.0,2009.0,0.0,0.0,0.0,0.0,0.0,5.0,0.0,0.0,0.0,0.0,0.0,0.0,0.0,0.0,0.0,0.0,0.0,2.0,,,Cincinnati,College Stats,BowiJo99,2007.0,-10.238095238095237
4.0,111.0,BUF,Dwayne Wright,RB,24.0,2007.0,0.0,0.0,0.0,1.0,1.0,15.0,0.0,0.0,0.0,0.0,0.0,29.0,94.0,0.0,3.0,17.0,0.0,3.0,,,Fresno St.,College Stats,WrigDw01,2007.0,-9.952380952380953
4.0,112.0,PIT,Daniel Sepulveda,P,23.0,2011.0,0.0,0.0,0.0,7.0,7.0,52.0,2.0,2.0,65.0,0.0,0.0,0.0,0.0,0.0,0.0,0.0,0.0,6.0,,,Baylor,College Stats,SepuDa20,2007.0,-11.842105263157894
4.0,113.0,JAX,Brian Smith,DE,,,0.0,0.0,0.0,,,,,,,,,,,,,,,,,,Missouri,College Stats,-9999,2007.0,
4.0,114.0,CIN,Marvin White,DB,23.0,2010.0,0.0,0.0,2.0,8.0,6.0,43.0,0.0,0.0,0.0,0.0,0.0,0.0,0.0,0.0,0.0,0.0,0.0,115.0,1.0,,TCU,College Stats,WhitMa99,2007.0,-3.947368421052632
4.0,115.0,TEN,Leroy Harris,C,23.0,2013.0,0.0,0.0,3.0,19.0,19.0,76.0,0.0,0.0,0.0,0.0,0.0,0.0,0.0,0.0,0.0,0.0,0.0,,,,North Carolina St.,,HarrLe21,2007.0,9.263157894736842
4.0,116.0,NYG,Zak DeOssie,LB,23.0,2019.0,0.0,2.0,0.0,21.0,21.0,199.0,0.0,0.0,0.0,0.0,0.0,0.0,0.0,0.0,0.0,0.0,0.0,71.0,,,Brown,,DeOsZa99,2007.0,9.047619047619047
4.0,117.0,DET,Manuel Ramirez,G,24.0,2015.0,0.0,0.0,4.0,33.0,8.0,83.0,0.0,0.0,0.0,0.0,0.0,0.0,0.0,0.0,0.0,0.0,0.0,,,,Texas Tech,College Stats,RamiMa20,2007.0,18.0
4.0,118.0,CAR,Ryne Robinson,WR,22.0,2007.0,0.0,0.0,0.0,0.0,0.0,16.0,0.0,0.0,0.0,0.0,0.0,0.0,0.0,0.0,4.0,35.0,0.0,1.0,,,Miami (OH),College Stats,RobiRy00,2007.0,-14.75
4.0,119.0,GNB,Allen Barbre,T,23.0,2017.0,0.0,0.0,2.0,23.0,6.0,92.0,0.0,0.0,0.0,0.0,0.0,0.0,0.0,0.0,0.0,0.0,0.0,,,,Missouri Southern,,BarbAl20,2007.0,7.333333333333334
4.0,120.0,SEA,Baraka Atkins,DE,22.0,2008.0,0.0,0.0,0.0,2.0,2.0,21.0,0.0,0.0,0.0,0.0,0.0,0.0,0.0,0.0,0.0,0.0,0.0,21.0,,2.0,Miami (FL),College Stats,AtkiBa99,2007.0,-17.25
4.0,121.0,DEN,Marcus Thomas,DT,21.0,2011.0,0.0,0.0,2.0,14.0,14.0,76.0,0.0,0.0,0.0,0.0,0.0,0.0,0.0,0.0,0.0,0.0,0.0,104.0,2.0,1.0,Florida,College Stats,ThomMa99,2007.0,5.842105263157896
4.0,122.0,DAL,Doug Free,T,23.0,2016.0,0.0,0.0,7.0,49.0,49.0,124.0,0.0,0.0,0.0,0.0,0.0,0.0,0.0,0.0,0.0,0.0,0.0,,,,Northern Illinois,,FreeDo20,2007.0,33.1578947368421
4.0,123.0,HOU,Fred Bennett,DB,23.0,2010.0,0.0,0.0,1.0,7.0,7.0,49.0,0.0,0.0,0.0,0.0,0.0,0.0,0.0,0.0,0.0,0.0,0.0,106.0,5.0,,South Carolina,College Stats,BennFr99,2007.0,-6.699999999999999
4.0,124.0,SEA,Mansfield Wrotto,G,22.0,2010.0,0.0,0.0,1.0,6.0,3.0,27.0,0.0,0.0,0.0,0.0,0.0,0.0,0.0,0.0,0.0,0.0,0.0,,,,Georgia Tech,College Stats,WrotMa20,2007.0,-7.428571428571429
4.0,125.0,NOR,Jermon Bushrod,T,23.0,2018.0,0.0,2.0,8.0,62.0,40.0,145.0,0.0,0.0,0.0,0.0,0.0,0.0,0.0,0.0,0.0,0.0,0.0,2.0,,,Towson,,BushJe20,2007.0,47.421052631578945
4.0,126.0,SFO,Dashon Goldson,DB,22.0,2016.0,1.0,2.0,7.0,41.0,30.0,127.0,0.0,0.0,0.0,0.0,0.0,2.0,53.0,0.0,0.0,0.0,0.0,466.0,16.0,3.0,Washington,College Stats,GoldDa99,2007.0,16.65
4.0,127.0,NWE,Kareem Brown,DT,24.0,2007.0,0.0,0.0,0.0,0.0,,1.0,0.0,0.0,0.0,0.0,0.0,0.0,0.0,0.0,0.0,0.0,0.0,,,,Miami (FL),College Stats,BrowKa99,2007.0,-8.85
4.0,128.0,TEN,Chris Davis,WR,23.0,2008.0,0.0,0.0,0.0,0.0,0.0,17.0,0.0,0.0,0.0,0.0,0.0,2.0,19.0,0.0,7.0,69.0,0.0,2.0,,,Florida St.,College Stats,DaviCh02,2007.0,-18.6
4.0,129.0,SDG,Scott Chandler,TE,22.0,2015.0,0.0,0.0,2.0,18.0,0.0,90.0,0.0,0.0,0.0,0.0,0.0,0.0,0.0,0.0,205.0,2379.0,21.0,7.0,,,Iowa,College Stats,ChanSc00,2007.0,8.15
4.0,130.0,CHI,Josh Beekman,C,24.0,2009.0,0.0,0.0,1.0,10.0,10.0,28.0,0.0,0.0,0.0,0.0,0.0,0.0,0.0,0.0,0.0,0.0,0.0,,,,Boston Col.,College Stats,BeekJo20,2007.0,-6.722222222222221
4.0,131.0,IND,Brannon Condren,DB,24.0,2008.0,0.0,0.0,0.0,1.0,1.0,12.0,0.0,0.0,0.0,0.0,0.0,0.0,0.0,0.0,0.0,0.0,0.0,6.0,,,Troy,College Stats,CondBr99,2007.0,-12.789473684210526
4.0,132.0,PIT,Ryan McBean,DT,23.0,2011.0,0.0,0.0,1.0,11.0,0.0,47.0,0.0,0.0,0.0,0.0,0.0,0.0,0.0,0.0,0.0,0.0,0.0,49.0,,4.0,Oklahoma St.,College Stats,McBeRy99,2007.0,0.29411764705882426
4.0,133.0,ATL,Martrez Milner,TE,23.0,2007.0,0.0,0.0,0.0,0.0,0.0,8.0,0.0,0.0,0.0,0.0,0.0,0.0,0.0,0.0,9.0,50.0,0.0,,,,Georgia,College Stats,MilnMa00,2007.0,-10.857142857142858
4.0,134.0,BAL,Antwan Barnes,LB,22.0,2014.0,0.0,0.0,0.0,7.0,3.0,88.0,0.0,0.0,0.0,0.0,0.0,0.0,0.0,0.0,0.0,0.0,0.0,105.0,1.0,25.5,Florida International,College Stats,BarnAn99,2007.0,-8.411764705882353
4.0,135.0,SFO,Joe Cohen,DT,23.0,2009.0,0.0,0.0,0.0,0.0,,7.0,0.0,0.0,0.0,0.0,0.0,0.0,0.0,0.0,0.0,0.0,0.0,6.0,,1.0,Florida,College Stats,CoheJo00,2007.0,-24.444444444444443
4.0,136.0,IND,Clint Session,LB,22.0,2011.0,0.0,0.0,2.0,20.0,17.0,57.0,0.0,0.0,0.0,0.0,0.0,0.0,0.0,0.0,0.0,0.0,0.0,230.0,4.0,2.5,Pittsburgh,College Stats,SessCl99,2007.0,11.2
4.0,137.0,BAL,Le'Ron McClain,RB,22.0,2013.0,1.0,2.0,6.0,13.0,12.0,111.0,0.0,0.0,0.0,0.0,0.0,354.0,1310.0,13.0,94.0,557.0,3.0,5.0,,,Alabama,College Stats,McClLe00,2007.0,-7.94736842105263
5.0,138.0,OAK,Jay Richardson,DE,23.0,2013.0,0.0,0.0,2.0,12.0,11.0,59.0,0.0,0.0,0.0,0.0,0.0,0.0,0.0,0.0,0.0,0.0,0.0,86.0,,7.0,Ohio St.,College Stats,RichJa99,2007.0,-1.421052631578947
5.0,139.0,STL,Dustin Fry,C,23.0,2007.0,0.0,0.0,0.0,0.0,0.0,4.0,0.0,0.0,0.0,0.0,0.0,0.0,0.0,0.0,0.0,0.0,0.0,,,,Clemson,,FryxDu20,2007.0,-7.857142857142857
5.0,140.0,CLE,Brandon McDonald,DB,22.0,2012.0,0.0,0.0,2.0,15.0,13.0,80.0,0.0,0.0,0.0,0.0,0.0,0.0,0.0,0.0,0.0,0.0,0.0,177.0,9.0,1.0,Memphis,College Stats,McDoBr99,2007.0,3.5238095238095237
5.0,141.0,TAM,Greg Peterson,DE,23.0,2009.0,0.0,0.0,0.0,2.0,2.0,14.0,0.0,0.0,0.0,0.0,0.0,0.0,0.0,0.0,0.0,0.0,0.0,14.0,,1.5,North Carolina Central,,PeteGr99,2007.0,-6.666666666666666
5.0,142.0,ARI,Steve Breaston,WR,24.0,2012.0,0.0,0.0,3.0,26.0,22.0,86.0,1.0,2.0,17.0,0.0,0.0,10.0,120.0,0.0,255.0,3387.0,9.0,2.0,,,Michigan,College Stats,BreaSt00,2007.0,10.31578947368421
5.0,143.0,WAS,Dallas Sartz,LB,,,0.0,0.0,0.0,,,,,,,,,,,,,,,,,,USC,College Stats,-9999,2007.0,
5.0,144.0,HOU,Brandon Harrison,DB,22.0,2008.0,0.0,0.0,0.0,2.0,2.0,15.0,0.0,0.0,0.0,0.0,0.0,0.0,0.0,0.0,0.0,0.0,0.0,24.0,,,Stanford,College Stats,HarrBr99,2007.0,-9.05
5.0,145.0,NOR,David Jones,DB,21.0,2012.0,0.0,0.0,0.0,6.0,,59.0,0.0,0.0,0.0,0.0,0.0,0.0,0.0,0.0,0.0,0.0,0.0,87.0,1.0,,Wingate,,JoneDa99,2007.0,-4.5
5.0,146.0,MIN,Aundrae Allison,WR,21.0,2008.0,0.0,0.0,0.0,3.0,3.0,26.0,0.0,0.0,0.0,0.0,0.0,3.0,4.0,0.0,18.0,231.0,0.0,,,,East Carolina,College Stats,AlliAu00,2007.0,-22.45
5.0,147.0,SFO,Tarell Brown,DB,22.0,2015.0,0.0,0.0,4.0,24.0,18.0,117.0,0.0,0.0,0.0,0.0,0.0,0.0,0.0,0.0,0.0,0.0,0.0,272.0,11.0,,Texas,College Stats,BrowTa99,2007.0,13.625
5.0,148.0,KAN,Kolby Smith,RB,22.0,2009.0,0.0,0.0,0.0,4.0,4.0,27.0,0.0,0.0,0.0,0.0,0.0,162.0,540.0,3.0,34.0,209.0,0.0,6.0,,,Louisville,College Stats,SmitKo00,2007.0,-3.421052631578948
5.0,149.0,JAX,Uche Nwaneri,G,23.0,2013.0,0.0,0.0,6.0,37.0,37.0,104.0,0.0,0.0,0.0,0.0,0.0,0.0,0.0,0.0,0.0,0.0,0.0,,,,Purdue,,NwanUc20,2007.0,21.9
5.0,150.0,JAX,Josh Gattis,DB,23.0,2007.0,0.0,0.0,0.0,0.0,,4.0,0.0,0.0,0.0,0.0,0.0,0.0,0.0,0.0,0.0,0.0,0.0,1.0,,,Wake Forest,College Stats,GattJo99,2007.0,-8.736842105263158
5.0,151.0,CIN,Jeff Rowe,QB,23.0,,0.0,0.0,0.0,,,,,,,,,,,,,,,,,,Nevada,College Stats,RoweJe00,2007.0,
5.0,152.0,TEN,Antonio Johnson,DT,22.0,2013.0,0.0,0.0,3.0,21.0,3.0,83.0,0.0,0.0,0.0,0.0,0.0,0.0,0.0,0.0,0.0,0.0,0.0,97.0,,4.5,Mississippi St.,College Stats,JohnAn03,2007.0,11.875
5.0,153.0,NYG,Kevin Boss,TE,23.0,2012.0,0.0,0.0,4.0,17.0,14.0,74.0,0.0,0.0,0.0,0.0,0.0,1.0,16.0,0.0,150.0,2033.0,22.0,1.0,,,Western Oregon,,BossKe00,2007.0,3.6111111111111107
5.0,154.0,STL,Clifton Ryan,DT,23.0,2010.0,0.0,0.0,2.0,13.0,13.0,49.0,0.0,0.0,0.0,0.0,0.0,0.0,0.0,0.0,0.0,0.0,0.0,100.0,,3.0,Michigan St.,College Stats,RyanCl99,2007.0,-5.2631578947368425
5.0,155.0,CAR,Dante Rosario,TE,22.0,2014.0,0.0,0.0,1.0,9.0,7.0,122.0,0.0,0.0,0.0,0.0,0.0,1.0,-2.0,0.0,116.0,1235.0,8.0,27.0,,,Oregon,College Stats,RosaDa00,2007.0,-0.117647058823529
5.0,156.0,PIT,Cameron Stephenson,G,,,0.0,0.0,0.0,,,,,,,,,,,,,,,,,,Rutgers,,-9999,2007.0,
5.0,157.0,GNB,David Clowney,WR,22.0,2010.0,0.0,0.0,0.0,3.0,,28.0,0.0,0.0,0.0,0.0,0.0,3.0,1.0,0.0,22.0,341.0,1.0,1.0,,,Virginia Tech,College Stats,ClowDa00,2007.0,-7.25
5.0,158.0,DET,Johnny Baldwin,LB,23.0,2007.0,0.0,0.0,0.0,0.0,,3.0,0.0,0.0,0.0,0.0,0.0,0.0,0.0,0.0,0.0,0.0,0.0,2.0,,,Arkansas–Monticello,,BaldJo99,2007.0,-6.5
5.0,159.0,PHI,C.J. Gaddis,DB,,,0.0,0.0,0.0,,,,,,,,,,,,,,,,,,Clemson,College Stats,-9999,2007.0,
5.0,160.0,KAN,Justin Medlock,K,23.0,2012.0,0.0,0.0,0.0,1.0,0.0,11.0,0.0,0.0,0.0,0.0,0.0,0.0,0.0,0.0,0.0,0.0,0.0,,,,UCLA,College Stats,MedlJu20,2007.0,-9.722222222222221
5.0,161.0,SEA,Will Herring,LB,24.0,2014.0,0.0,0.0,0.0,10.0,7.0,109.0,0.0,0.0,0.0,0.0,0.0,0.0,0.0,0.0,0.0,0.0,0.0,122.0,3.0,1.0,Auburn,College Stats,HerrWi99,2007.0,-2.166666666666666
5.0,162.0,PHI,Brent Celek,TE,22.0,2017.0,0.0,0.0,9.0,35.0,35.0,175.0,0.0,0.0,0.0,0.0,0.0,0.0,0.0,0.0,398.0,4998.0,31.0,7.0,,,Cincinnati,College Stats,CeleBr00,2007.0,28.823529411764707
5.0,163.0,HOU,Brandon Frye,T,24.0,2009.0,0.0,0.0,0.0,2.0,,11.0,0.0,0.0,0.0,0.0,0.0,0.0,0.0,0.0,0.0,0.0,0.0,,,,Virginia Tech,,FryeBr21,2007.0,-11.333333333333334
5.0,164.0,CAR,Tim Shaw,LB,23.0,2012.0,0.0,0.0,0.0,6.0,1.0,80.0,0.0,0.0,0.0,0.0,0.0,0.0,0.0,0.0,0.0,0.0,0.0,97.0,,,Penn St.,College Stats,ShawTi99,2007.0,-6.050000000000001
5.0,165.0,OAK,Eric Frampton,DB,23.0,2013.0,0.0,0.0,0.0,5.0,,91.0,0.0,0.0,0.0,0.0,0.0,0.0,0.0,0.0,0.0,0.0,0.0,84.0,,,Washington St.,College Stats,FramEr99,2007.0,-8.35
5.0,166.0,JAX,Derek Landri,DT,23.0,2013.0,0.0,0.0,1.0,15.0,2.0,88.0,0.0,0.0,0.0,0.0,0.0,0.0,0.0,0.0,0.0,0.0,0.0,96.0,,9.0,Notre Dame,College Stats,LandDe99,2007.0,1.333333333333334
5.0,167.0,CHI,Kevin Payne,DB,23.0,2009.0,0.0,0.0,1.0,10.0,10.0,32.0,0.0,0.0,0.0,0.0,0.0,0.0,0.0,0.0,0.0,0.0,0.0,114.0,4.0,1.0,La-Monroe,College Stats,PaynKe99,2007.0,1.235294117647058
5.0,168.0,CHI,Corey Graham,DB,22.0,2018.0,0.0,1.0,5.0,33.0,10.0,184.0,0.0,0.0,0.0,0.0,0.0,0.0,0.0,0.0,0.0,0.0,0.0,555.0,18.0,3.0,New Hampshire,,GrahCo99,2007.0,20.944444444444443
5.0,169.0,IND,Roy Hall,WR,23.0,2008.0,0.0,0.0,0.0,0.0,0.0,7.0,0.0,0.0,0.0,0.0,0.0,0.0,0.0,0.0,1.0,9.0,0.0,4.0,,,Ohio St.,College Stats,HallRo02,2007.0,-11.5
5.0,170.0,PIT,William Gay,DB,22.0,2017.0,0.0,0.0,7.0,41.0,35.0,176.0,0.0,0.0,0.0,0.0,0.0,0.0,0.0,0.0,0.0,0.0,0.0,473.0,13.0,7.0,Louisville,College Stats,GayxWi99,2007.0,33.94117647058823
5.0,171.0,NWE,Clint Oldenburg,T,23.0,2007.0,0.0,0.0,0.0,0.0,,2.0,0.0,0.0,0.0,0.0,0.0,0.0,0.0,0.0,0.0,0.0,0.0,,,,Colorado St.,College Stats,OldeCl20,2007.0,-6.588235294117647
5.0,172.0,SDG,Legedu Naanee,WR,23.0,2012.0,0.0,0.0,2.0,13.0,8.0,73.0,2.0,2.0,48.0,0.0,0.0,6.0,5.0,0.0,108.0,1232.0,4.0,14.0,,,Boise St.,College Stats,NaanLe00,2007.0,5.4375
5.0,173.0,IND,Michael Coe,DB,23.0,2012.0,0.0,0.0,0.0,2.0,1.0,38.0,0.0,0.0,0.0,0.0,0.0,0.0,0.0,0.0,0.0,0.0,0.0,36.0,,,Alabama St.,,CoexMi99,2007.0,-9.857142857142858
5.0,174.0,BAL,Troy Smith,QB,23.0,2010.0,0.0,0.0,0.0,6.0,2.0,20.0,121.0,234.0,1734.0,8.0,5.0,52.0,230.0,3.0,1.0,36.0,0.0,,,,Ohio St.,College Stats,SmitTr02,2007.0,-6.235294117647058
6.0,175.0,OAK,Oren O'Neal,FB,23.0,2009.0,0.0,0.0,0.0,0.0,0.0,18.0,0.0,0.0,0.0,0.0,0.0,1.0,0.0,0.0,1.0,1.0,0.0,3.0,,,Arkansas St.,College Stats,ONeaOr00,2007.0,-8.842105263157896
6.0,176.0,MIN,Rufus Alexander,LB,24.0,2008.0,0.0,0.0,0.0,0.0,0.0,1.0,0.0,0.0,0.0,0.0,0.0,0.0,0.0,0.0,0.0,0.0,0.0,,,,Oklahoma,College Stats,AlexRu20,2007.0,-6.052631578947368
6.0,177.0,NYJ,Jacob Bender,T,22.0,2007.0,0.0,0.0,0.0,0.0,0.0,2.0,0.0,0.0,0.0,0.0,0.0,0.0,0.0,0.0,0.0,0.0,0.0,,,,Nicholls St.,,BendJa20,2007.0,-10.526315789473685
6.0,178.0,DAL,Nick Folk,K,22.0,2025.0,0.0,1.0,2.0,38.0,8.0,258.0,0.0,0.0,0.0,0.0,0.0,0.0,0.0,0.0,0.0,0.0,0.0,5.0,,,Arizona,College Stats,FolkNi20,2007.0,24.42857142857143
6.0,179.0,WAS,H.B. Blades,LB,22.0,2010.0,0.0,0.0,0.0,9.0,9.0,64.0,0.0,0.0,0.0,0.0,0.0,0.0,0.0,0.0,0.0,0.0,0.0,99.0,,,Pittsburgh,College Stats,BladH.99,2007.0,2.473684210526316
6.0,180.0,NWE,Justin Rogers,LB,24.0,2009.0,0.0,0.0,0.0,2.0,,32.0,0.0,0.0,0.0,0.0,0.0,0.0,0.0,0.0,0.0,0.0,0.0,24.0,,,SMU,College Stats,RogeJu99,2007.0,-7.611111111111111
6.0,181.0,MIA,Reagan Maui'a,RB,23.0,2012.0,0.0,0.0,1.0,0.0,0.0,39.0,0.0,0.0,0.0,0.0,0.0,4.0,5.0,0.0,6.0,44.0,0.0,4.0,,,Hawaii,College Stats,MauiRe00,2007.0,-9.368421052631579
6.0,182.0,TAM,Adam Hayward,LB,23.0,2014.0,0.0,0.0,1.0,11.0,11.0,118.0,0.0,0.0,0.0,0.0,0.0,0.0,0.0,0.0,0.0,0.0,0.0,139.0,,1.0,Portland St.,,HaywAd98,2007.0,0.7222222222222214
6.0,183.0,HOU,Kasey Studdard,G,23.0,2010.0,0.0,0.0,1.0,8.0,8.0,25.0,0.0,0.0,0.0,0.0,0.0,0.0,0.0,0.0,0.0,0.0,0.0,,,,Texas,,StudKa20,2007.0,2.894736842105263
6.0,184.0,BUF,John Wendling,DB,24.0,2013.0,0.0,0.0,0.0,7.0,3.0,110.0,0.0,0.0,0.0,0.0,0.0,0.0,0.0,0.0,0.0,0.0,0.0,115.0,1.0,,Wyoming,College Stats,WendJo99,2007.0,1.6842105263157894
6.0,185.0,ATL,Trey Lewis,DT,22.0,2010.0,0.0,0.0,0.0,4.0,4.0,18.0,0.0,0.0,0.0,0.0,0.0,0.0,0.0,0.0,0.0,0.0,0.0,25.0,1.0,,Washburn,,LewiTr99,2007.0,0.0588235294117645
6.0,186.0,SFO,Thomas Clayton,RB,,,0.0,0.0,0.0,,,,,,,,,,,,,,,,,,Kansas St.,College Stats,-9999,2007.0,
6.0,187.0,CIN,Matt Toeaina,DT,22.0,2012.0,0.0,0.0,2.0,12.0,,36.0,0.0,0.0,0.0,0.0,0.0,0.0,0.0,0.0,0.0,0.0,0.0,35.0,,2.0,Oregon,,ToeaMa99,2007.0,-0.15000000000000036
6.0,188.0,TEN,Joel Filani,WR,,,0.0,0.0,0.0,,,,,,,,,,,,,,,,,,Texas Tech,College Stats,-9999,2007.0,
6.0,189.0,NYG,Adam Koets,T,23.0,2010.0,0.0,0.0,0.0,3.0,3.0,11.0,0.0,0.0,0.0,0.0,0.0,0.0,0.0,0.0,0.0,0.0,0.0,,,,Oregon St.,,KoetAd20,2007.0,-5.4
6.0,190.0,STL,Ken Shackleford,T,,,0.0,0.0,0.0,,,,,,,,,,,,,,,,,,Georgia,,-9999,2007.0,
6.0,191.0,GNB,Korey Hall,LB,24.0,2011.0,0.0,0.0,2.0,0.0,0.0,61.0,0.0,0.0,0.0,0.0,0.0,0.0,0.0,0.0,21.0,137.0,1.0,35.0,,,Boise St.,College Stats,HallKo99,2007.0,-15.421052631578947
6.0,192.0,GNB,Desmond Bishop,LB,23.0,2014.0,0.0,0.0,2.0,18.0,17.0,75.0,0.0,0.0,0.0,0.0,0.0,0.0,0.0,0.0,0.0,0.0,0.0,228.0,1.0,9.0,California,College Stats,BishDe99,2007.0,10.8
6.0,193.0,GNB,Mason Crosby,K,23.0,2023.0,0.0,0.0,1.0,33.0,33.0,261.0,0.0,0.0,0.0,0.0,0.0,0.0,0.0,0.0,0.0,0.0,0.0,24.0,,,Colorado,College Stats,CrosMa20,2007.0,21.473684210526315
6.0,194.0,ATL,David Irons,DB,24.0,2008.0,0.0,0.0,0.0,1.0,1.0,20.0,0.0,0.0,0.0,0.0,0.0,0.0,0.0,0.0,0.0,0.0,0.0,16.0,,,Auburn,College Stats,IronDa99,2007.0,-5.555555555555555
6.0,195.0,DAL,Deon Anderson,FB,24.0,2010.0,0.0,0.0,1.0,1.0,1.0,39.0,0.0,0.0,0.0,0.0,0.0,2.0,3.0,0.0,9.0,67.0,1.0,14.0,,,Connecticut,College Stats,AndeDe01,2007.0,-12.764705882352942
6.0,196.0,KAN,Herbert Taylor,T,22.0,2012.0,0.0,0.0,0.0,2.0,1.0,20.0,0.0,0.0,0.0,0.0,0.0,0.0,0.0,0.0,0.0,0.0,0.0,,,,TCU,College Stats,TaylHe21,2007.0,-2.5
6.0,197.0,SEA,Courtney Taylor,WR,23.0,2008.0,0.0,0.0,0.0,1.0,1.0,18.0,0.0,0.0,0.0,0.0,0.0,0.0,0.0,0.0,14.0,136.0,0.0,4.0,,,Auburn,College Stats,TaylCo00,2007.0,-5.3125
6.0,198.0,ATL,Doug Datish,C,,,0.0,0.0,0.0,,,,,,,,,,,,,,,,,,Ohio St.,College Stats,-9999,2007.0,
6.0,199.0,MIA,Drew Mormino,C,,,0.0,0.0,0.0,,,,,,,,,,,,,,,,,,Central Michigan,,-9999,2007.0,
6.0,200.0,CLE,Melila Purcell,DE,,,0.0,0.0,0.0,,,,,,,,,,,,,,,,,,Hawaii,College Stats,-9999,2007.0,
6.0,201.0,PHI,Rashad Barksdale,DB,23.0,2007.0,0.0,0.0,0.0,0.0,,6.0,0.0,0.0,0.0,0.0,0.0,0.0,0.0,0.0,0.0,0.0,0.0,8.0,,,Albany (NY),,BarkRa99,2007.0,-4.117647058823529
6.0,202.0,NWE,Mike Richardson,DB,23.0,2010.0,0.0,0.0,0.0,2.0,1.0,22.0,0.0,0.0,0.0,0.0,0.0,0.0,0.0,0.0,0.0,0.0,0.0,28.0,,,Notre Dame,College Stats,RichMi99,2007.0,-3.1111111111111107
6.0,203.0,ATL,Daren Stone,DB,22.0,2008.0,0.0,0.0,0.0,2.0,1.0,20.0,0.0,0.0,0.0,0.0,0.0,0.0,0.0,0.0,0.0,0.0,0.0,12.0,,,Maine,,StonDa99,2007.0,-9.923076923076923
6.0,204.0,TEN,Jacob Ford,DE,24.0,2010.0,0.0,0.0,0.0,7.0,7.0,43.0,0.0,0.0,0.0,0.0,0.0,0.0,0.0,0.0,0.0,0.0,0.0,69.0,,15.5,Central Arkansas,,FordJa99,2007.0,-2.6470588235294112
6.0,205.0,WAS,Jordan Palmer,QB,23.0,2014.0,0.0,0.0,0.0,0.0,,5.0,11.0,18.0,66.0,0.0,2.0,2.0,3.0,0.0,0.0,0.0,0.0,,,,Texas-El Paso,College Stats,PalmJo20,2007.0,-10.529411764705882
6.0,206.0,TEN,Ryan Smith,DB,,,0.0,0.0,0.0,,,,,,,,,,,,,,,,,,Florida,College Stats,-9999,2007.0,
6.0,207.0,BAL,Prescott Burgess,LB,23.0,2011.0,0.0,0.0,0.0,2.0,2.0,40.0,0.0,0.0,0.0,0.0,0.0,0.0,0.0,0.0,0.0,0.0,0.0,32.0,,,Michigan,College Stats,BurgPr99,2007.0,-11.882352941176471
6.0,208.0,NWE,Justise Hairston,RB,,,0.0,0.0,0.0,,,,,,,,,,,,,,,,,,Central Connecticut St.,,-9999,2007.0,
6.0,209.0,NWE,Corey Hilliard,T,22.0,2014.0,0.0,0.0,0.0,9.0,,47.0,0.0,0.0,0.0,0.0,0.0,0.0,0.0,0.0,0.0,0.0,0.0,,,,Oklahoma St.,College Stats,HillCo21,2007.0,1.5714285714285712
6.0,210.0,SEA,Jordan Kent,WR,23.0,2009.0,0.0,0.0,0.0,0.0,0.0,14.0,0.0,0.0,0.0,0.0,0.0,0.0,0.0,0.0,1.0,5.0,0.0,3.0,,,Oregon,College Stats,KentJo20,2007.0,-7.9411764705882355
7.0,211.0,NWE,Oscar Lua,LB,,,0.0,0.0,0.0,,,,,,,,,,,,,,,,,,USC,College Stats,-9999,2007.0,
7.0,212.0,DAL,Courtney Brown,DB,23.0,2008.0,0.0,0.0,0.0,2.0,2.0,17.0,0.0,0.0,0.0,0.0,0.0,0.0,0.0,0.0,0.0,0.0,0.0,10.0,,,Cal Poly-San Luis Obispo,,BrowCo97,2007.0,-2.25
7.0,213.0,CLE,Chase Pittman,DE,,,0.0,0.0,0.0,,,,,,,,,,,,,,,,,,LSU,College Stats,-9999,2007.0,
7.0,214.0,TAM,Chris Denman,T,,,0.0,0.0,0.0,,,,,,,,,,,,,,,,,,Fresno St.,College Stats,-9999,2007.0,
7.0,215.0,ARI,Ben Patrick,TE,23.0,2010.0,0.0,0.0,2.0,4.0,4.0,42.0,0.0,0.0,0.0,0.0,0.0,0.0,0.0,0.0,45.0,446.0,4.0,1.0,,,Delaware,College Stats,PatrBe00,2007.0,-4.611111111111111
7.0,216.0,WAS,Tyler Ecker,TE,,,0.0,0.0,0.0,,,,,,,,,,,,,,,,,,Michigan,College Stats,-9999,2007.0,
7.0,217.0,MIN,Tyler Thigpen,QB,23.0,2012.0,0.0,0.0,1.0,10.0,,29.0,275.0,509.0,3222.0,21.0,18.0,79.0,469.0,3.0,1.0,37.0,1.0,,,,Coastal Carolina,,ThigTy00,2007.0,2.764705882352941
7.0,218.0,HOU,Zach Diles,LB,22.0,2014.0,0.0,0.0,3.0,15.0,14.0,74.0,0.0,0.0,0.0,0.0,0.0,0.0,0.0,0.0,0.0,0.0,0.0,179.0,1.0,1.0,Kansas St.,College Stats,DileZa99,2007.0,5.133333333333333
7.0,219.0,MIA,Kelvin Smith,LB,23.0,2009.0,0.0,0.0,0.0,0.0,0.0,7.0,0.0,0.0,0.0,0.0,0.0,0.0,0.0,0.0,0.0,0.0,0.0,,,,Syracuse,College Stats,SmitKe97,2007.0,-7.375
7.0,220.0,NOR,Marvin Mitchell,LB,22.0,2013.0,0.0,0.0,1.0,12.0,5.0,98.0,0.0,0.0,0.0,0.0,0.0,0.0,0.0,0.0,0.0,0.0,0.0,125.0,1.0,1.0,Tennessee,College Stats,MitcMa99,2007.0,4.411764705882353
7.0,221.0,CHI,Trumaine McBride,DB,21.0,2015.0,0.0,0.0,2.0,14.0,6.0,84.0,0.0,0.0,0.0,0.0,0.0,0.0,0.0,0.0,0.0,0.0,0.0,132.0,7.0,1.0,Mississippi,College Stats,McBrTr99,2007.0,6.285714285714286
7.0,222.0,BUF,Derek Schouman,TE,22.0,2010.0,0.0,0.0,1.0,2.0,2.0,25.0,0.0,0.0,0.0,0.0,0.0,0.0,0.0,0.0,27.0,275.0,1.0,,,,Boise St.,College Stats,SchoDe00,2007.0,-4.5
7.0,223.0,TEN,Michael Otto,T,24.0,2013.0,0.0,0.0,0.0,7.0,7.0,62.0,0.0,0.0,0.0,0.0,0.0,0.0,0.0,0.0,0.0,0.0,0.0,,,,Purdue,,OttoMi20,2007.0,2.2142857142857144
7.0,224.0,NYG,Michael Johnson,DB,23.0,2010.0,0.0,0.0,2.0,14.0,14.0,49.0,0.0,0.0,0.0,0.0,0.0,0.0,0.0,0.0,0.0,0.0,0.0,117.0,3.0,2.0,Arizona,College Stats,JohnMi99,2007.0,-2.0
7.0,225.0,MIA,Brandon Fields,P,23.0,2015.0,0.0,1.0,0.0,21.0,21.0,130.0,0.0,1.0,0.0,0.0,0.0,3.0,0.0,0.0,0.0,0.0,0.0,13.0,,,Michigan St.,College Stats,FielBr20,2007.0,14.941176470588236
7.0,226.0,CAR,C.J. Wilson,DB,22.0,2010.0,0.0,0.0,0.0,1.0,1.0,23.0,0.0,0.0,0.0,0.0,0.0,0.0,0.0,0.0,0.0,0.0,0.0,23.0,,,Baylor,College Stats,WilsC.99,2007.0,-6.176470588235294
7.0,227.0,PIT,Dallas Baker,WR,24.0,2008.0,0.0,0.0,0.0,0.0,0.0,8.0,0.0,0.0,0.0,0.0,0.0,0.0,0.0,0.0,1.0,6.0,0.0,,,,Florida,College Stats,BakeDa01,2007.0,-5.1875
7.0,228.0,GNB,DeShawn Wynn,RB,23.0,2010.0,0.0,0.0,0.0,3.0,3.0,23.0,0.0,0.0,0.0,0.0,0.0,64.0,332.0,5.0,14.0,122.0,0.0,2.0,,,Florida,College Stats,WynnDe00,2007.0,-2.333333333333333
7.0,229.0,JAX,John Broussard,WR,23.0,2007.0,0.0,0.0,0.0,2.0,2.0,8.0,0.0,0.0,0.0,0.0,0.0,0.0,0.0,0.0,4.0,126.0,1.0,,,,San Jose St.,College Stats,BrouJo00,2007.0,-4.055555555555555
7.0,230.0,CIN,Dan Santucci,G,24.0,2007.0,0.0,0.0,0.0,0.0,0.0,2.0,0.0,0.0,0.0,0.0,0.0,0.0,0.0,0.0,0.0,0.0,0.0,,,,Notre Dame,College Stats,SantDa20,2007.0,-9.11111111111111
7.0,231.0,KAN,Michael Allan,TE,,,0.0,0.0,0.0,,,,,,,,,,,,,,,,,,Whitworth,,-9999,2007.0,
7.0,232.0,SEA,Steve Vallos,G,23.0,2013.0,0.0,0.0,0.0,7.0,5.0,59.0,0.0,0.0,0.0,0.0,0.0,0.0,0.0,0.0,0.0,0.0,0.0,,,,Wake Forest,College Stats,VallSt00,2007.0,0.1875
7.0,233.0,MIN,Chandler Williams,WR,,,0.0,0.0,0.0,,,,,,,,,,,,,,,,,,Florida International,College Stats,-9999,2007.0,
7.0,234.0,CLE,Syndric Steptoe,WR,22.0,2008.0,0.0,0.0,0.0,1.0,1.0,16.0,0.0,0.0,0.0,0.0,0.0,0.0,0.0,0.0,19.0,182.0,0.0,,,,Arizona,College Stats,StepSy20,2007.0,-4.777777777777778
7.0,235.0,NYJ,Chansi Stuckey,WR,23.0,2011.0,0.0,0.0,0.0,10.0,5.0,55.0,0.0,0.0,0.0,0.0,0.0,6.0,16.0,1.0,106.0,1062.0,5.0,1.0,,,Clemson,College Stats,StucCh20,2007.0,0.125
7.0,236.0,PHI,Nate Ilaoa,RB,,,0.0,0.0,0.0,,,,,,,,,,,,,,,,,,Hawaii,College Stats,-9999,2007.0,
7.0,237.0,DAL,Alan Ball,DB,22.0,2015.0,0.0,0.0,2.0,19.0,9.0,108.0,0.0,0.0,0.0,0.0,0.0,0.0,0.0,0.0,0.0,0.0,0.0,194.0,6.0,0.5,Illinois,College Stats,BallAl99,2007.0,16.315789473684212
7.0,238.0,MIA,Abraham Wright,DE,,,0.0,0.0,0.0,,,,,,,,,,,,,,,,,,Colorado,College Stats,-9999,2007.0,
7.0,239.0,BUF,C.J. Ah You,DE,25.0,2011.0,0.0,0.0,0.0,4.0,,33.0,0.0,0.0,0.0,0.0,0.0,0.0,0.0,0.0,0.0,0.0,0.0,33.0,,6.0,Oklahoma,College Stats,AhYoC.00,2007.0,-6.588235294117647
7.0,240.0,SDG,Brandon Siler,LB,21.0,2012.0,0.0,0.0,1.0,12.0,10.0,74.0,0.0,0.0,0.0,0.0,0.0,0.0,0.0,0.0,0.0,0.0,0.0,140.0,2.0,3.0,Florida,College Stats,SileBr99,2007.0,5.666666666666667
7.0,241.0,CHI,Aaron Brant,G,,,0.0,0.0,0.0,,,,,,,,,,,,,,,,,,Iowa St.,College Stats,-9999,2007.0,
7.0,242.0,IND,Keyunta Dawson,DE,21.0,2013.0,0.0,0.0,1.0,14.0,13.0,71.0,0.0,0.0,0.0,0.0,0.0,0.0,0.0,0.0,0.0,0.0,0.0,76.0,,1.5,Texas Tech,College Stats,DawsKe99,2007.0,4.611111111111111
7.0,243.0,GNB,Clark Harris,TE,23.0,2022.0,0.0,1.0,0.0,11.0,,206.0,0.0,0.0,0.0,0.0,0.0,0.0,0.0,0.0,0.0,0.0,0.0,22.0,,,Rutgers,College Stats,HarrCl20,2007.0,5.2
7.0,244.0,ATL,Jason Snelling,RB,23.0,2013.0,0.0,0.0,0.0,21.0,21.0,96.0,0.0,0.0,0.0,0.0,0.0,363.0,1420.0,8.0,168.0,1249.0,9.0,33.0,,,Virginia,College Stats,SnelJa00,2007.0,7.6875
7.0,245.0,TAM,Marcus Hamilton,DB,23.0,2009.0,0.0,0.0,0.0,1.0,0.0,10.0,0.0,0.0,0.0,0.0,0.0,0.0,0.0,0.0,0.0,0.0,0.0,6.0,,,Virginia,College Stats,HamiMa99,2007.0,-5.333333333333333
7.0,246.0,TAM,Kenneth Darby,RB,24.0,2010.0,0.0,0.0,0.0,4.0,0.0,41.0,0.0,0.0,0.0,0.0,0.0,95.0,408.0,2.0,49.0,356.0,1.0,18.0,,,Alabama,College Stats,DarbKe00,2007.0,-4.153846153846153
7.0,247.0,NWE,Mike Elgin,G,,,0.0,0.0,0.0,,,,,,,,,,,,,,,,,,Iowa,College Stats,-9999,2007.0,
7.0,248.0,STL,Keith Jackson,DT,,,0.0,0.0,0.0,,,,,,,,,,,,,,,,,,Arkansas,College Stats,-9999,2007.0,
7.0,249.0,STL,Derek Stanley,WR,22.0,2009.0,0.0,0.0,0.0,1.0,1.0,15.0,0.0,0.0,0.0,0.0,0.0,2.0,5.0,0.0,6.0,119.0,1.0,2.0,,,Wisconsin–Whitewater,,StanDe00,2007.0,-6.705882352941177
7.0,250.0,NYG,Ahmad Bradshaw,RB,21.0,2015.0,0.0,0.0,3.0,42.0,36.0,103.0,0.0,0.0,0.0,0.0,0.0,1083.0,4928.0,36.0,187.0,1493.0,12.0,18.0,,,Marshall,College Stats,BradAh00,2007.0,26.92857142857143
7.0,251.0,JAX,Chad Nkang,LB,22.0,2008.0,0.0,0.0,0.0,3.0,3.0,23.0,0.0,0.0,0.0,0.0,0.0,0.0,0.0,0.0,0.0,0.0,0.0,20.0,,,Elon,,NkanCh99,2007.0,-6.5
7.0,252.0,JAX,Andrew Carnahan,T,,,0.0,0.0,0.0,,,,,,,,,,,,,,,,,,Arizona St.,,-9999,2007.0,
7.0,253.0,CIN,Nedu Ndukwe,DB,22.0,2011.0,0.0,0.0,2.0,15.0,15.0,55.0,0.0,0.0,0.0,0.0,0.0,0.0,0.0,0.0,0.0,0.0,0.0,184.0,7.0,7.5,Notre Dame,College Stats,NdukCh99,2007.0,8.23076923076923
7.0,254.0,OAK,Jonathan Holland,WR,22.0,2009.0,0.0,0.0,0.0,1.0,1.0,17.0,0.0,0.0,0.0,0.0,0.0,0.0,0.0,0.0,0.0,0.0,0.0,10.0,,,Louisiana Tech,College Stats,HollJo01,2007.0,-4.0
7.0,255.0,DET,Ramzee Robinson,DB,23.0,2009.0,0.0,0.0,0.0,1.0,1.0,26.0,0.0,0.0,0.0,0.0,0.0,0.0,0.0,0.0,0.0,0.0,0.0,29.0,,,Alabama,College Stats,RobiRa99,2007.0,-11.666666666666666
1.0,1.0,MIA,Jake Long,T,23.0,2016.0,1.0,4.0,6.0,54.0,46.0,104.0,0.0,0.0,0.0,0.0,0.0,0.0,0.0,0.0,0.0,0.0,0.0,,,,Michigan,College Stats,LongJa20,2008.0,-22.42857142857143
1.0,2.0,STL,Chris Long,DE,23.0,2018.0,0.0,0.0,6.0,48.0,40.0,162.0,0.0,0.0,0.0,0.0,0.0,0.0,0.0,0.0,0.0,0.0,0.0,252.0,,70.0,Virginia,College Stats,LongCh99,2008.0,-5.4761904761904745
1.0,3.0,ATL,Matt Ryan,QB,23.0,2022.0,1.0,4.0,15.0,146.0,144.0,234.0,5551.0,8464.0,62792.0,381.0,183.0,514.0,1539.0,13.0,1.0,5.0,1.0,1.0,,,Boston Col.,College Stats,RyanMa00,2008.0,93.71428571428572
1.0,4.0,OAK,Darren McFadden,RB,21.0,2017.0,0.0,0.0,4.0,39.0,32.0,103.0,1.0,4.0,16.0,1.0,0.0,1302.0,5421.0,28.0,254.0,2114.0,5.0,,,,Arkansas,College Stats,McFaDa00,2008.0,-14.904761904761905
1.0,5.0,KAN,Glenn Dorsey,DT,23.0,2016.0,0.0,0.0,7.0,37.0,26.0,104.0,0.0,0.0,0.0,0.0,0.0,0.0,0.0,0.0,0.0,0.0,0.0,223.0,,7.0,LSU,College Stats,DorsGl99,2008.0,-18.476190476190474
1.0,6.0,NYJ,Vernon Gholston,DE,22.0,2010.0,0.0,0.0,0.0,6.0,6.0,45.0,0.0,0.0,0.0,0.0,0.0,0.0,0.0,0.0,0.0,0.0,0.0,24.0,,,Ohio St.,College Stats,GholVe99,2008.0,-44.80952380952381
1.0,7.0,NOR,Sedrick Ellis,DT,23.0,2012.0,0.0,0.0,5.0,26.0,26.0,70.0,0.0,0.0,0.0,0.0,0.0,0.0,0.0,0.0,0.0,0.0,0.0,99.0,,12.5,USC,College Stats,ElliSe99,2008.0,-22.04761904761905
1.0,8.0,JAX,Derrick Harvey,DE,21.0,2011.0,0.0,0.0,1.0,14.0,14.0,52.0,0.0,0.0,0.0,0.0,0.0,0.0,0.0,0.0,0.0,0.0,0.0,72.0,1.0,8.0,Florida,College Stats,HarvDe99,2008.0,-29.38095238095238
1.0,9.0,CIN,Keith Rivers,LB,22.0,2014.0,0.0,0.0,4.0,24.0,15.0,74.0,0.0,0.0,0.0,0.0,0.0,0.0,0.0,0.0,0.0,0.0,0.0,189.0,2.0,3.0,USC,College Stats,RiveKe99,2008.0,-24.23809523809524
1.0,10.0,NWE,Jerod Mayo,LB,22.0,2015.0,1.0,2.0,7.0,51.0,51.0,103.0,0.0,0.0,0.0,0.0,0.0,0.0,0.0,0.0,0.0,0.0,0.0,536.0,3.0,11.0,Tennessee,College Stats,MayoJe99,2008.0,11.61904761904762
1.0,11.0,BUF,Leodis McKelvin,DB,23.0,2016.0,0.0,0.0,4.0,29.0,25.0,111.0,0.0,0.0,0.0,0.0,0.0,0.0,0.0,0.0,0.0,0.0,0.0,300.0,15.0,,Troy,College Stats,McKeLe99,2008.0,-23.95238095238095
1.0,12.0,DEN,Ryan Clady,T,22.0,2016.0,2.0,4.0,7.0,65.0,63.0,107.0,0.0,0.0,0.0,0.0,0.0,0.0,0.0,0.0,0.0,0.0,0.0,,,,Boise St.,College Stats,CladRy20,2008.0,19.61904761904762
1.0,13.0,CAR,Jonathan Stewart,RB,21.0,2018.0,0.0,1.0,5.0,48.0,48.0,134.0,0.0,0.0,0.0,0.0,0.0,1705.0,7335.0,51.0,162.0,1295.0,7.0,,,,Oregon,College Stats,StewJo00,2008.0,-5.142857142857146
1.0,14.0,CHI,Chris Williams,T,23.0,2014.0,0.0,0.0,4.0,25.0,17.0,72.0,0.0,0.0,0.0,0.0,0.0,0.0,0.0,0.0,1.0,4.0,0.0,,,,Vanderbilt,,WillCh03,2008.0,-20.19047619047619
1.0,15.0,KAN,Branden Albert,G,23.0,2016.0,0.0,2.0,9.0,41.0,27.0,120.0,0.0,0.0,0.0,0.0,0.0,0.0,0.0,0.0,0.0,0.0,0.0,,,,Virginia,College Stats,AlbeBr20,2008.0,3.238095238095241
1.0,16.0,ARI,Dominique Rodgers-Cromartie,DB,22.0,2019.0,0.0,2.0,7.0,53.0,18.0,162.0,0.0,0.0,0.0,0.0,0.0,0.0,0.0,0.0,0.0,0.0,0.0,396.0,30.0,2.5,Tennessee St.,,RodgDo99,2008.0,10.666666666666664
1.0,17.0,DET,Gosder Cherilus,T,24.0,2016.0,0.0,0.0,8.0,48.0,27.0,132.0,0.0,0.0,0.0,0.0,0.0,0.0,0.0,0.0,0.0,0.0,0.0,,,,Boston Col.,College Stats,CherGo20,2008.0,2.6190476190476204
1.0,18.0,BAL,Joe Flacco,QB,23.0,2025.0,0.0,1.0,12.0,97.0,89.0,209.0,4417.0,7167.0,48176.0,272.0,172.0,407.0,925.0,17.0,2.0,32.0,0.0,1.0,,,Delaware,College Stats,FlacJo00,2008.0,53.476190476190474
1.0,19.0,CAR,Jeff Otah,T,22.0,2011.0,0.0,0.0,2.0,14.0,14.0,29.0,0.0,0.0,0.0,0.0,0.0,0.0,0.0,0.0,0.0,0.0,0.0,,,,Pittsburgh,College Stats,OtahJe20,2008.0,-22.19047619047619
1.0,20.0,TAM,Aqib Talib,DB,22.0,2019.0,1.0,5.0,9.0,68.0,14.0,148.0,0.0,0.0,0.0,0.0,0.0,0.0,0.0,0.0,0.0,0.0,0.0,385.0,35.0,1.0,Kansas,College Stats,TaliAq99,2008.0,30.38095238095238
1.0,21.0,ATL,Sam Baker,T,23.0,2013.0,0.0,0.0,3.0,32.0,32.0,70.0,0.0,0.0,0.0,0.0,0.0,0.0,0.0,0.0,0.0,0.0,0.0,1.0,,,USC,College Stats,BakeSa21,2008.0,-3.3333333333333357
1.0,22.0,DAL,Felix Jones,RB,21.0,2013.0,0.0,0.0,1.0,27.0,26.0,80.0,0.0,0.0,0.0,0.0,0.0,617.0,2912.0,11.0,136.0,1125.0,3.0,1.0,,,Arkansas,College Stats,JoneFe00,2008.0,-3.8571428571428577
1.0,23.0,PIT,Rashard Mendenhall,RB,21.0,2013.0,0.0,0.0,4.0,29.0,26.0,72.0,0.0,0.0,0.0,0.0,0.0,1081.0,4236.0,37.0,95.0,795.0,2.0,,,,Illinois,College Stats,MendRa00,2008.0,-2.0
1.0,24.0,TEN,Chris Johnson,RB,22.0,2017.0,1.0,3.0,7.0,70.0,61.0,130.0,0.0,1.0,0.0,0.0,0.0,2163.0,9651.0,55.0,307.0,2255.0,9.0,,,,East Carolina,College Stats,JohnCh04,2008.0,18.095238095238095
1.0,25.0,DAL,Mike Jenkins,DB,23.0,2015.0,0.0,1.0,4.0,27.0,21.0,101.0,0.0,0.0,0.0,0.0,0.0,0.0,0.0,0.0,0.0,0.0,0.0,221.0,10.0,,South Florida,College Stats,JenkMi99,2008.0,-8.285714285714285
1.0,26.0,HOU,Duane Brown,T,23.0,2023.0,1.0,5.0,15.0,91.0,56.0,220.0,0.0,0.0,0.0,0.0,0.0,0.0,0.0,0.0,0.0,0.0,0.0,3.0,,,Virginia Tech,College Stats,BrowDu20,2008.0,62.523809523809526
1.0,27.0,SDG,Antoine Cason,DB,22.0,2014.0,0.0,0.0,4.0,27.0,20.0,110.0,0.0,0.0,0.0,0.0,0.0,0.0,0.0,0.0,0.0,0.0,0.0,318.0,16.0,,Arizona,College Stats,CasoAn99,2008.0,-15.285714285714285
1.0,28.0,SEA,Lawrence Jackson,DE,23.0,2012.0,0.0,0.0,2.0,15.0,11.0,69.0,0.0,0.0,0.0,0.0,0.0,0.0,0.0,0.0,0.0,0.0,0.0,98.0,,19.5,USC,College Stats,JackLa98,2008.0,-16.428571428571427
1.0,29.0,SFO,Kentwan Balmer,DT,21.0,2011.0,0.0,0.0,1.0,7.0,2.0,46.0,0.0,0.0,0.0,0.0,0.0,0.0,0.0,0.0,0.0,0.0,0.0,39.0,,,North Carolina,College Stats,BalmKe99,2008.0,-22.857142857142858
1.0,30.0,NYJ,Dustin Keller,TE,23.0,2012.0,0.0,0.0,3.0,22.0,22.0,72.0,0.0,0.0,0.0,0.0,0.0,1.0,7.0,0.0,241.0,2876.0,17.0,,,,Purdue,College Stats,KellDu00,2008.0,-13.19047619047619
1.0,31.0,NYG,Kenny Phillips,DB,21.0,2015.0,0.0,0.0,2.0,16.0,15.0,59.0,0.0,0.0,0.0,0.0,0.0,0.0,0.0,0.0,0.0,0.0,0.0,209.0,8.0,,Miami (FL),College Stats,PhilKe99,2008.0,-18.523809523809526
2.0,32.0,MIA,Phillip Merling,DE,23.0,2013.0,0.0,0.0,0.0,6.0,6.0,53.0,0.0,0.0,0.0,0.0,0.0,0.0,0.0,0.0,0.0,0.0,0.0,52.0,1.0,3.5,Clemson,College Stats,MerlPh99,2008.0,-35.904761904761905
2.0,33.0,STL,Donnie Avery,WR,24.0,2014.0,0.0,0.0,4.0,21.0,8.0,77.0,0.0,0.0,0.0,0.0,0.0,20.0,114.0,1.0,218.0,2861.0,14.0,,,,Houston,College Stats,AverDo00,2008.0,-13.23809523809524
2.0,34.0,WAS,Devin Thomas,WR,21.0,2011.0,0.0,0.0,1.0,4.0,4.0,55.0,0.0,0.0,0.0,0.0,0.0,6.0,51.0,1.0,43.0,482.0,3.0,14.0,,,Michigan St.,College Stats,ThomDe02,2008.0,-33.523809523809526
2.0,35.0,KAN,Brandon Flowers,DB,22.0,2016.0,0.0,1.0,9.0,42.0,34.0,119.0,0.0,0.0,0.0,0.0,0.0,0.0,0.0,0.0,0.0,0.0,0.0,426.0,21.0,3.0,Virginia Tech,College Stats,FlowBr99,2008.0,2.952380952380949
2.0,36.0,GNB,Jordy Nelson,WR,23.0,2018.0,0.0,1.0,7.0,73.0,69.0,151.0,0.0,0.0,0.0,0.0,0.0,1.0,-2.0,0.0,613.0,8587.0,72.0,5.0,,,Kansas St.,College Stats,NelsJo00,2008.0,32.42857142857143
2.0,37.0,ATL,Curtis Lofton,LB,22.0,2015.0,0.0,0.0,8.0,49.0,29.0,128.0,0.0,0.0,0.0,0.0,0.0,0.0,0.0,0.0,0.0,0.0,0.0,660.0,3.0,8.0,Oklahoma,College Stats,LoftCu99,2008.0,13.57142857142857
2.0,38.0,SEA,John Carlson,TE,24.0,2014.0,0.0,0.0,4.0,16.0,12.0,90.0,0.0,0.0,0.0,0.0,0.0,0.0,0.0,0.0,210.0,2256.0,15.0,3.0,,,Notre Dame,College Stats,CarlJo00,2008.0,-8.857142857142858
2.0,39.0,SFO,Chilo Rachal,G,22.0,2012.0,0.0,0.0,3.0,20.0,17.0,64.0,0.0,0.0,0.0,0.0,0.0,0.0,0.0,0.0,0.0,0.0,0.0,,,,USC,,RachCh20,2008.0,-12.714285714285715
2.0,40.0,NOR,Tracy Porter,DB,22.0,2016.0,0.0,0.0,6.0,31.0,16.0,98.0,0.0,0.0,0.0,0.0,0.0,0.0,0.0,0.0,0.0,0.0,0.0,310.0,13.0,2.5,Indiana,College Stats,PortTr99,2008.0,7.571428571428573
2.0,41.0,BUF,James Hardy,WR,22.0,2009.0,0.0,0.0,0.0,1.0,1.0,16.0,0.0,0.0,0.0,0.0,0.0,0.0,0.0,0.0,10.0,96.0,2.0,,,,Indiana,College Stats,HardJa00,2008.0,-27.714285714285715
2.0,42.0,DEN,Eddie Royal,WR,22.0,2016.0,0.0,0.0,6.0,35.0,19.0,116.0,0.0,1.0,0.0,0.0,0.0,35.0,275.0,0.0,408.0,4357.0,28.0,3.0,,,Virginia Tech,College Stats,RoyaEd00,2008.0,6.38095238095238
2.0,43.0,MIN,Tyrell Johnson,DB,23.0,2012.0,0.0,0.0,1.0,10.0,10.0,53.0,0.0,0.0,0.0,0.0,0.0,0.0,0.0,0.0,0.0,0.0,0.0,100.0,2.0,,Arkansas St.,College Stats,JohnTy99,2008.0,-13.095238095238095
2.0,44.0,CHI,Matt Forte,RB,22.0,2017.0,0.0,2.0,9.0,84.0,78.0,146.0,0.0,1.0,0.0,0.0,0.0,2356.0,9796.0,54.0,554.0,4672.0,21.0,,,,Tulane,College Stats,FortMa00,2008.0,56.0
2.0,45.0,DET,Jordon Dizon,LB,22.0,2009.0,0.0,0.0,0.0,2.0,2.0,28.0,0.0,0.0,0.0,0.0,0.0,0.0,0.0,0.0,0.0,0.0,0.0,37.0,,1.0,Colorado,College Stats,DizoJo99,2008.0,-24.80952380952381
2.0,46.0,CIN,Jerome Simpson,WR,22.0,2015.0,0.0,0.0,3.0,18.0,9.0,63.0,0.0,0.0,0.0,0.0,0.0,1.0,2.0,0.0,150.0,2058.0,9.0,,,,Coastal Carolina,,SimpJe00,2008.0,-10.61904761904762
2.0,47.0,PHI,Trevor Laws,DT,23.0,2011.0,0.0,0.0,0.0,7.0,7.0,56.0,0.0,0.0,0.0,0.0,0.0,0.0,0.0,0.0,0.0,0.0,0.0,45.0,1.0,5.0,Notre Dame,College Stats,LawsTr99,2008.0,-26.04761904761905
2.0,48.0,WAS,Fred Davis,TE,22.0,2013.0,0.0,0.0,3.0,14.0,14.0,72.0,0.0,0.0,0.0,0.0,0.0,2.0,-2.0,0.0,162.0,2043.0,13.0,1.0,,,USC,College Stats,DaviFr01,2008.0,-14.80952380952381
2.0,49.0,PHI,DeSean Jackson,WR,21.0,2022.0,0.0,3.0,11.0,75.0,52.0,183.0,0.0,1.0,0.0,0.0,1.0,72.0,463.0,4.0,641.0,11263.0,58.0,3.0,,,California,College Stats,JackDe00,2008.0,51.4
2.0,50.0,ARI,Calais Campbell,DE,22.0,2025.0,1.0,6.0,16.0,113.0,59.0,278.0,0.0,0.0,0.0,0.0,0.0,0.0,0.0,0.0,0.0,0.0,0.0,674.0,3.0,117.0,Miami (FL),College Stats,CampCa99,2008.0,84.28571428571428
2.0,51.0,WAS,Malcolm Kelly,WR,21.0,2009.0,0.0,0.0,1.0,3.0,3.0,21.0,0.0,0.0,0.0,0.0,0.0,0.0,0.0,0.0,28.0,365.0,0.0,,,,Oklahoma,College Stats,KellMa01,2008.0,-22.842105263157894
2.0,52.0,JAX,Quentin Groves,DE,24.0,2014.0,0.0,0.0,2.0,17.0,4.0,100.0,0.0,0.0,0.0,0.0,0.0,0.0,0.0,0.0,0.0,0.0,0.0,141.0,2.0,9.5,Auburn,College Stats,GrovQu99,2008.0,-6.666666666666668
2.0,53.0,PIT,Limas Sweed,WR,23.0,2009.0,0.0,0.0,0.0,1.0,1.0,20.0,0.0,0.0,0.0,0.0,0.0,0.0,0.0,0.0,7.0,69.0,0.0,2.0,,,Texas,College Stats,SweeLi00,2008.0,-25.142857142857142
2.0,54.0,TEN,Jason Jones,DE,22.0,2016.0,0.0,0.0,4.0,32.0,14.0,109.0,0.0,0.0,0.0,0.0,0.0,0.0,0.0,0.0,0.0,0.0,0.0,155.0,,31.5,Eastern Michigan,College Stats,JoneJa99,2008.0,9.095238095238095
2.0,55.0,BAL,Ray Rice,RB,21.0,2013.0,0.0,3.0,5.0,63.0,63.0,92.0,1.0,2.0,1.0,1.0,0.0,1430.0,6180.0,37.0,369.0,3034.0,6.0,,,,Rutgers,College Stats,RiceRa00,2008.0,29.95238095238095
2.0,56.0,GNB,Brian Brohm,QB,22.0,2010.0,0.0,0.0,0.0,0.0,,3.0,27.0,52.0,252.0,0.0,5.0,3.0,-3.0,0.0,0.0,0.0,0.0,,,,Louisville,College Stats,BrohBr00,2008.0,-20.57894736842105
2.0,57.0,MIA,Chad Henne,QB,23.0,2022.0,0.0,0.0,3.0,26.0,16.0,78.0,1200.0,2015.0,13290.0,60.0,63.0,143.0,351.0,4.0,1.0,-6.0,0.0,,,,Michigan,College Stats,HennCh01,2008.0,3.19047619047619
2.0,58.0,TAM,Dexter Jackson,WR,22.0,2008.0,0.0,0.0,0.0,0.0,0.0,7.0,0.0,0.0,0.0,0.0,0.0,0.0,0.0,0.0,0.0,0.0,0.0,1.0,,,Appalachian St.,,JackDe01,2008.0,-24.523809523809526
2.0,59.0,IND,Mike Pollak,T,23.0,2014.0,0.0,0.0,2.0,26.0,22.0,81.0,0.0,0.0,0.0,0.0,0.0,0.0,0.0,0.0,0.0,0.0,0.0,,,,Arizona St.,,PollMi20,2008.0,4.095238095238095
2.0,60.0,GNB,Pat Lee,DB,24.0,2012.0,0.0,0.0,1.0,4.0,2.0,47.0,0.0,0.0,0.0,0.0,0.0,0.0,0.0,0.0,0.0,0.0,0.0,50.0,1.0,,Auburn,College Stats,LeexPa99,2008.0,-21.095238095238095
2.0,61.0,DAL,Martellus Bennett,TE,21.0,2017.0,0.0,1.0,8.0,35.0,4.0,144.0,0.0,0.0,0.0,0.0,0.0,2.0,10.0,0.0,433.0,4573.0,30.0,2.0,,,Texas A&M,College Stats,BennMa00,2008.0,6.142857142857142
2.0,62.0,NWE,Terrence Wheatley,DB,23.0,2010.0,0.0,0.0,0.0,1.0,1.0,12.0,0.0,0.0,0.0,0.0,0.0,0.0,0.0,0.0,0.0,0.0,0.0,4.0,,,Colorado,College Stats,WheaTe99,2008.0,-24.75
2.0,63.0,NYG,Terrell Thomas,DB,23.0,2013.0,0.0,0.0,2.0,18.0,18.0,60.0,0.0,0.0,0.0,0.0,0.0,0.0,0.0,0.0,0.0,0.0,0.0,248.0,12.0,3.0,USC,College Stats,ThomTe99,2008.0,-12.899999999999999
3.0,64.0,DET,Kevin Smith,RB,21.0,2012.0,0.0,0.0,2.0,19.0,19.0,54.0,0.0,0.0,0.0,0.0,0.0,598.0,2346.0,17.0,123.0,1082.0,5.0,1.0,,,Central Florida,College Stats,SmitKe02,2008.0,-10.904761904761905
3.0,65.0,STL,John Greco,T,23.0,2018.0,0.0,0.0,5.0,29.0,1.0,132.0,0.0,0.0,0.0,0.0,0.0,0.0,0.0,0.0,0.0,0.0,0.0,,,,Toledo,College Stats,GrecJo20,2008.0,3.1000000000000014
3.0,66.0,MIA,Kendall Langford,DE,22.0,2017.0,0.0,0.0,8.0,43.0,21.0,136.0,0.0,0.0,0.0,0.0,0.0,0.0,0.0,0.0,0.0,0.0,0.0,208.0,,22.5,Hampton,,LangKe98,2008.0,17.523809523809526
3.0,67.0,CAR,Charles Godfrey,DB,22.0,2015.0,0.0,0.0,5.0,27.0,27.0,95.0,0.0,0.0,0.0,0.0,0.0,0.0,0.0,0.0,0.0,0.0,0.0,301.0,11.0,3.0,Iowa,College Stats,GodfCh99,2008.0,8.05
3.0,68.0,ATL,Chevis Jackson,DB,22.0,2010.0,0.0,0.0,0.0,4.0,4.0,33.0,0.0,0.0,0.0,0.0,0.0,0.0,0.0,0.0,0.0,0.0,0.0,52.0,1.0,1.0,LSU,College Stats,JackCh99,2008.0,-12.476190476190474
3.0,69.0,SDG,Jacob Hester,FB,23.0,2012.0,0.0,0.0,1.0,6.0,6.0,65.0,0.0,0.0,0.0,0.0,0.0,111.0,400.0,3.0,56.0,315.0,3.0,30.0,,,LSU,College Stats,HestJa00,2008.0,-20.571428571428573
3.0,70.0,CHI,Earl Bennett,WR,21.0,2013.0,0.0,0.0,1.0,19.0,19.0,78.0,0.0,0.0,0.0,0.0,0.0,2.0,9.0,0.0,185.0,2277.0,12.0,2.0,,,Vanderbilt,College Stats,BennEa00,2008.0,-3.904761904761905
3.0,71.0,BAL,Tavares Gooden,LB,23.0,2013.0,0.0,0.0,1.0,9.0,7.0,58.0,0.0,0.0,0.0,0.0,0.0,0.0,0.0,0.0,0.0,0.0,0.0,74.0,,,Miami (FL),College Stats,GoodTa99,2008.0,-18.857142857142858
3.0,72.0,BUF,Chris Ellis,DE,23.0,2010.0,0.0,0.0,0.0,2.0,2.0,15.0,0.0,0.0,0.0,0.0,0.0,0.0,0.0,0.0,0.0,0.0,0.0,8.0,,1.0,Virginia Tech,College Stats,ElliCh99,2008.0,-16.6
3.0,73.0,KAN,Jamaal Charles,RB,21.0,2018.0,2.0,4.0,4.0,66.0,64.0,119.0,0.0,0.0,0.0,0.0,0.0,1407.0,7563.0,44.0,310.0,2593.0,20.0,7.0,,,Texas,College Stats,CharJa00,2008.0,41.476190476190474
3.0,74.0,CAR,Dan Connor,LB,22.0,2013.0,0.0,0.0,2.0,13.0,10.0,62.0,0.0,0.0,0.0,0.0,0.0,0.0,0.0,0.0,0.0,0.0,0.0,147.0,,1.0,Penn St.,College Stats,ConnDa99,2008.0,-5.428571428571427
3.0,75.0,SFO,Reggie Smith,DB,21.0,2011.0,0.0,0.0,1.0,5.0,5.0,45.0,0.0,0.0,0.0,0.0,0.0,0.0,0.0,0.0,0.0,0.0,0.0,60.0,2.0,,Oklahoma,College Stats,SmitRe99,2008.0,-18.45
3.0,76.0,KAN,Brad Cottam,TE,23.0,2009.0,0.0,0.0,1.0,2.0,2.0,24.0,0.0,0.0,0.0,0.0,0.0,0.0,0.0,0.0,16.0,183.0,0.0,,,,Tennessee,College Stats,CottBr00,2008.0,-19.35
3.0,77.0,CIN,Pat Sims,DT,22.0,2017.0,0.0,0.0,3.0,27.0,19.0,130.0,0.0,0.0,0.0,0.0,0.0,0.0,0.0,0.0,0.0,0.0,0.0,169.0,1.0,9.0,Auburn,College Stats,SimsPa99,2008.0,8.047619047619047
3.0,78.0,NWE,Shawn Crable,LB,23.0,2010.0,0.0,0.0,0.0,0.0,0.0,6.0,0.0,0.0,0.0,0.0,0.0,0.0,0.0,0.0,0.0,0.0,0.0,2.0,,0.5,Michigan,College Stats,CrabSh99,2008.0,-25.857142857142858
3.0,79.0,HOU,Antwaun Molden,DB,23.0,2012.0,0.0,0.0,0.0,4.0,2.0,51.0,0.0,0.0,0.0,0.0,0.0,0.0,0.0,0.0,0.0,0.0,0.0,49.0,2.0,,Eastern Kentucky,,MoldAn99,2008.0,-12.7
3.0,80.0,PHI,Bryan Smith,LB,24.0,2009.0,0.0,0.0,0.0,1.0,,6.0,0.0,0.0,0.0,0.0,0.0,0.0,0.0,0.0,0.0,0.0,0.0,3.0,,,McNeese St.,,SmitBr96,2008.0,-10.238095238095237
3.0,81.0,ARI,Early Doucet,WR,22.0,2012.0,0.0,0.0,0.0,10.0,10.0,54.0,0.0,0.0,0.0,0.0,0.0,4.0,14.0,0.0,139.0,1491.0,7.0,9.0,,,LSU,College Stats,DoucEa00,2008.0,-15.0
3.0,82.0,KAN,DaJuan Morgan,DB,22.0,2010.0,0.0,0.0,0.0,3.0,3.0,30.0,0.0,0.0,0.0,0.0,0.0,0.0,0.0,0.0,0.0,0.0,0.0,40.0,,,North Carolina St.,College Stats,MorgDa98,2008.0,-10.45
3.0,83.0,TAM,Jeremy Zuttah,G,22.0,2016.0,0.0,1.0,8.0,46.0,26.0,131.0,0.0,0.0,0.0,0.0,0.0,0.0,0.0,0.0,0.0,1.0,0.0,,,,Rutgers,College Stats,ZuttJe20,2008.0,22.238095238095237
3.0,84.0,ATL,Harry Douglas,WR,23.0,2017.0,0.0,0.0,2.0,31.0,28.0,118.0,0.0,0.0,0.0,0.0,0.0,18.0,65.0,1.0,310.0,3759.0,10.0,,,,Louisville,College Stats,DougHa00,2008.0,5.571428571428573
3.0,85.0,TEN,Craig Stevens,TE,24.0,2015.0,0.0,0.0,5.0,5.0,5.0,109.0,0.0,0.0,0.0,0.0,0.0,0.0,0.0,0.0,60.0,724.0,6.0,23.0,,,California,College Stats,StevCr00,2008.0,-7.0
3.0,86.0,BAL,Tom Zbikowski,DB,23.0,2012.0,0.0,0.0,1.0,11.0,7.0,64.0,0.0,0.0,0.0,0.0,0.0,0.0,0.0,0.0,0.0,0.0,0.0,102.0,3.0,2.0,Notre Dame,College Stats,ZbikTo99,2008.0,-9.0
3.0,87.0,DET,Andre Fluellen,DT,23.0,2015.0,0.0,0.0,0.0,8.0,8.0,81.0,0.0,0.0,0.0,0.0,0.0,0.0,0.0,0.0,0.0,0.0,0.0,43.0,,4.5,Florida St.,College Stats,FlueAn99,2008.0,-3.4761904761904763
3.0,88.0,PIT,Bruce Davis,LB,23.0,2011.0,0.0,0.0,0.0,0.0,0.0,15.0,0.0,0.0,0.0,0.0,0.0,0.0,0.0,0.0,0.0,0.0,0.0,5.0,,,UCLA,College Stats,DaviBr99,2008.0,-20.19047619047619
3.0,89.0,HOU,Steve Slaton,RB,22.0,2011.0,0.0,0.0,2.0,21.0,21.0,45.0,0.0,0.0,0.0,0.0,0.0,442.0,1896.0,13.0,100.0,808.0,5.0,,,,West Virginia,College Stats,SlatSt00,2008.0,2.0
3.0,90.0,CHI,Marcus Harrison,DT,24.0,2010.0,0.0,0.0,1.0,6.0,6.0,37.0,0.0,0.0,0.0,0.0,0.0,0.0,0.0,0.0,0.0,0.0,0.0,43.0,,3.0,Arkansas,College Stats,HarrMa98,2008.0,-8.142857142857142
3.0,91.0,GNB,Jermichael Finley,TE,21.0,2013.0,0.0,0.0,3.0,27.0,27.0,70.0,0.0,0.0,0.0,0.0,0.0,0.0,0.0,0.0,223.0,2785.0,20.0,4.0,,,Texas,College Stats,FinlJe00,2008.0,1.3000000000000007
3.0,92.0,DET,Cliff Avril,LB,22.0,2017.0,0.0,1.0,7.0,51.0,23.0,140.0,0.0,0.0,0.0,0.0,0.0,0.0,0.0,0.0,0.0,0.0,0.0,207.0,1.0,74.0,Purdue,College Stats,AvriCl99,2008.0,26.2
3.0,93.0,IND,Philip Wheeler,LB,23.0,2016.0,0.0,0.0,3.0,29.0,10.0,133.0,0.0,0.0,0.0,0.0,0.0,0.0,0.0,0.0,0.0,0.0,0.0,377.0,,6.5,Georgia Tech,College Stats,WheePh99,2008.0,16.80952380952381
3.0,94.0,NWE,Kevin O'Connell,QB,23.0,2008.0,0.0,0.0,0.0,0.0,0.0,2.0,4.0,6.0,23.0,0.0,0.0,3.0,-6.0,0.0,0.0,0.0,0.0,,,,San Diego St.,College Stats,OConKe00,2008.0,-19.85
3.0,95.0,NYG,Mario Manningham,WR,22.0,2013.0,0.0,0.0,4.0,22.0,18.0,67.0,0.0,0.0,0.0,0.0,0.0,5.0,54.0,0.0,211.0,2849.0,19.0,2.0,,,Michigan,College Stats,MannMa01,2008.0,6.210526315789474
3.0,96.0,WAS,Chad Rinehart,T,23.0,2014.0,0.0,0.0,1.0,23.0,2.0,58.0,0.0,0.0,0.0,0.0,0.0,0.0,0.0,0.0,0.0,0.0,0.0,,,,Northern Iowa,,RineCh20,2008.0,9.380952380952381
3.0,97.0,CIN,Andre Caldwell,WR,23.0,2015.0,0.0,0.0,0.0,12.0,10.0,105.0,0.0,0.0,0.0,0.0,0.0,12.0,97.0,0.0,156.0,1509.0,11.0,12.0,,,Florida,College Stats,CaldAn00,2008.0,-0.8571428571428577
3.0,98.0,ATL,Thomas DeCoud,DB,23.0,2014.0,0.0,1.0,6.0,37.0,34.0,104.0,0.0,0.0,0.0,0.0,0.0,0.0,0.0,0.0,0.0,0.0,0.0,326.0,15.0,3.0,California,College Stats,DeCoTh99,2008.0,15.952380952380953
3.0,99.0,BAL,Oniel Cousins,G,24.0,2014.0,0.0,0.0,0.0,10.0,4.0,75.0,0.0,0.0,0.0,0.0,0.0,0.0,0.0,0.0,0.0,0.0,0.0,,,,Texas-El Paso,College Stats,CousOn00,2008.0,-7.857142857142858
4.0,100.0,OAK,Tyvon Branch,DB,21.0,2017.0,0.0,0.0,5.0,28.0,22.0,106.0,0.0,0.0,0.0,0.0,0.0,0.0,0.0,0.0,0.0,0.0,0.0,481.0,5.0,9.0,Connecticut,College Stats,BranTy99,2008.0,8.600000000000001
4.0,101.0,STL,Justin King,DB,21.0,2012.0,0.0,0.0,1.0,9.0,9.0,38.0,0.0,0.0,0.0,0.0,0.0,0.0,0.0,0.0,0.0,0.0,0.0,99.0,1.0,1.0,Penn St.,College Stats,KingJu99,2008.0,-3.1999999999999993
4.0,102.0,GNB,Jeremy Thompson,DE,22.0,2009.0,0.0,0.0,0.0,1.0,1.0,15.0,0.0,0.0,0.0,0.0,0.0,0.0,0.0,0.0,0.0,0.0,0.0,6.0,,,Wake Forest,College Stats,ThomJe99,2008.0,-19.428571428571427
4.0,103.0,TEN,William Hayes,DE,23.0,2018.0,0.0,0.0,4.0,32.0,8.0,137.0,0.0,0.0,0.0,0.0,0.0,0.0,0.0,0.0,0.0,0.0,0.0,246.0,1.0,37.5,Winston-Salem St.,,HayeWi99,2008.0,15.38095238095238
4.0,104.0,CLE,Beau Bell,LB,22.0,2008.0,0.0,0.0,0.0,0.0,0.0,5.0,0.0,0.0,0.0,0.0,0.0,0.0,0.0,0.0,0.0,0.0,0.0,3.0,,,UNLV,College Stats,BellBe99,2008.0,-14.5
4.0,105.0,KAN,Will Franklin,WR,22.0,2008.0,0.0,0.0,0.0,1.0,1.0,13.0,0.0,0.0,0.0,0.0,0.0,0.0,0.0,0.0,7.0,83.0,0.0,,,,Missouri,College Stats,FranWi00,2008.0,-16.4
4.0,106.0,BAL,Marcus Smith,WR,23.0,2010.0,0.0,0.0,0.0,0.0,0.0,21.0,0.0,0.0,0.0,0.0,0.0,0.0,0.0,0.0,0.0,0.0,0.0,7.0,,,New Mexico,College Stats,SmitMa01,2008.0,-15.142857142857142
4.0,107.0,SFO,Cody Wallace,C,23.0,2015.0,0.0,0.0,1.0,13.0,0.0,49.0,0.0,0.0,0.0,0.0,0.0,0.0,0.0,0.0,0.0,0.0,0.0,,,,Texas A&M,College Stats,WallCo20,2008.0,3.7619047619047628
4.0,108.0,DEN,Kory Lichtensteiger,C,23.0,2016.0,0.0,0.0,4.0,34.0,1.0,93.0,0.0,0.0,0.0,0.0,0.0,0.0,0.0,0.0,0.0,0.0,0.0,,,,Bowling Green,,LichKo20,2008.0,11.421052631578949
4.0,109.0,PHI,Mike McGlynn,T,23.0,2015.0,0.0,0.0,4.0,29.0,8.0,83.0,0.0,0.0,0.0,0.0,0.0,0.0,0.0,0.0,1.0,1.0,0.0,,,,Pittsburgh,,McGlMi20,2008.0,5.9523809523809526
4.0,110.0,MIA,Shawn Murphy,T,25.0,2009.0,0.0,0.0,0.0,0.0,,1.0,0.0,0.0,0.0,0.0,0.0,0.0,0.0,0.0,0.0,0.0,0.0,,,,Utah St.,College Stats,MurpSh20,2008.0,-10.238095238095237
4.0,111.0,CLE,Martin Rucker,TE,23.0,2011.0,0.0,0.0,0.0,0.0,0.0,12.0,0.0,0.0,0.0,0.0,0.0,0.0,0.0,0.0,2.0,17.0,0.0,,,,Missouri,College Stats,RuckMa00,2008.0,-10.952380952380953
4.0,112.0,CIN,Anthony Collins,T,22.0,2014.0,0.0,0.0,1.0,16.0,12.0,69.0,0.0,0.0,0.0,0.0,0.0,0.0,0.0,0.0,0.0,0.0,0.0,,,,Kansas,,CollAn21,2008.0,-2.842105263157894
4.0,113.0,NYJ,Dwight Lowery,DB,22.0,2016.0,0.0,0.0,6.0,35.0,9.0,116.0,0.0,0.0,0.0,0.0,0.0,0.0,0.0,0.0,0.0,0.0,0.0,315.0,17.0,5.0,San Jose St.,College Stats,LoweDw99,2008.0,19.0
4.0,114.0,BUF,Reggie Corner,DB,24.0,2011.0,0.0,0.0,0.0,8.0,8.0,55.0,0.0,0.0,0.0,0.0,0.0,0.0,0.0,0.0,0.0,0.0,0.0,95.0,2.0,1.0,Akron,College Stats,CornRe99,2008.0,-3.947368421052632
4.0,115.0,TAM,Dre Moore,DT,23.0,2009.0,0.0,0.0,0.0,1.0,1.0,7.0,0.0,0.0,0.0,0.0,0.0,0.0,0.0,0.0,0.0,0.0,0.0,4.0,,,Maryland,College Stats,MoorDr99,2008.0,-8.736842105263158
4.0,116.0,ARI,Kenny Iwebema,DE,23.0,2010.0,0.0,0.0,0.0,2.0,2.0,31.0,0.0,0.0,0.0,0.0,0.0,0.0,0.0,0.0,0.0,0.0,0.0,8.0,,2.0,Iowa,College Stats,IwebKe99,2008.0,-9.952380952380953
4.0,117.0,PHI,Quintin Demps,DB,23.0,2017.0,0.0,0.0,3.0,22.0,2.0,110.0,0.0,0.0,0.0,0.0,0.0,0.0,0.0,0.0,0.0,0.0,0.0,222.0,18.0,1.5,Texas-El Paso,College Stats,DempQu99,2008.0,7.0
4.0,118.0,HOU,Xavier Adibi,LB,23.0,2012.0,0.0,0.0,0.0,4.0,4.0,44.0,0.0,0.0,0.0,0.0,0.0,0.0,0.0,0.0,0.0,0.0,0.0,54.0,,,Virginia Tech,College Stats,AdibXa99,2008.0,-10.75
4.0,119.0,DEN,Jack Williams,DB,23.0,2009.0,0.0,0.0,0.0,2.0,2.0,22.0,0.0,0.0,0.0,0.0,0.0,0.0,0.0,0.0,0.0,0.0,0.0,26.0,,,Kent St.,College Stats,WillJa96,2008.0,-13.666666666666666
4.0,120.0,CHI,Craig Steltz,DB,22.0,2013.0,0.0,0.0,0.0,6.0,6.0,77.0,0.0,0.0,0.0,0.0,0.0,0.0,0.0,0.0,0.0,0.0,0.0,102.0,1.0,1.0,LSU,College Stats,StelCr99,2008.0,-13.25
4.0,121.0,SEA,Red Bryant,DT,24.0,2015.0,0.0,0.0,4.0,31.0,26.0,86.0,0.0,0.0,0.0,0.0,0.0,0.0,0.0,0.0,0.0,0.0,0.0,96.0,2.0,4.5,Texas A&M,College Stats,BryaRe99,2008.0,22.842105263157897
4.0,122.0,DAL,Tashard Choice,RB,23.0,2013.0,0.0,0.0,0.0,13.0,10.0,88.0,0.0,0.0,0.0,0.0,0.0,372.0,1579.0,10.0,81.0,574.0,0.0,8.0,,,Georgia Tech,College Stats,ChoiTa00,2008.0,-2.8421052631578956
4.0,123.0,NYG,Bryan Kehl,LB,24.0,2013.0,0.0,0.0,0.0,7.0,4.0,72.0,0.0,0.0,0.0,0.0,0.0,0.0,0.0,0.0,0.0,0.0,0.0,95.0,1.0,1.0,BYU,College Stats,KehlBr99,2008.0,-6.699999999999999
4.0,124.0,WAS,Justin Tryon,DB,24.0,2012.0,0.0,0.0,0.0,6.0,3.0,63.0,0.0,0.0,0.0,0.0,0.0,0.0,0.0,0.0,0.0,0.0,0.0,84.0,1.0,1.0,Arizona St.,College Stats,TryoJu99,2008.0,-7.428571428571429
4.0,125.0,OAK,Arman Shields,WR,23.0,,0.0,0.0,0.0,,,,,,,,,,,,,,,,,,Richmond,,ShieAr00,2008.0,
4.0,126.0,TEN,Lavelle Hawkins,WR,22.0,2013.0,0.0,0.0,0.0,7.0,7.0,56.0,0.0,0.0,0.0,0.0,0.0,0.0,0.0,0.0,71.0,771.0,1.0,8.0,,,California,College Stats,HawkLa00,2008.0,-17.35
4.0,127.0,IND,Jacob Tamme,TE,23.0,2016.0,0.0,0.0,2.0,21.0,7.0,130.0,0.0,0.0,0.0,0.0,0.0,0.0,0.0,0.0,259.0,2570.0,14.0,32.0,,,Kentucky,College Stats,TammJa00,2008.0,12.15
4.0,128.0,STL,Keenan Burton,WR,23.0,2009.0,0.0,0.0,1.0,3.0,3.0,22.0,0.0,0.0,0.0,0.0,0.0,3.0,8.0,0.0,38.0,425.0,1.0,7.0,,,Kentucky,College Stats,BurtKe00,2008.0,-15.600000000000001
4.0,129.0,NWE,Jonathan Wilhite,DB,24.0,2011.0,0.0,0.0,0.0,10.0,8.0,54.0,0.0,0.0,0.0,0.0,0.0,0.0,0.0,0.0,0.0,0.0,0.0,104.0,4.0,2.0,Auburn,College Stats,WilhJo99,2008.0,0.15000000000000036
4.0,130.0,PIT,Tony Hills,T,23.0,2016.0,0.0,0.0,0.0,3.0,0.0,32.0,0.0,0.0,0.0,0.0,0.0,0.0,0.0,0.0,0.0,0.0,0.0,,,,Texas,,HillTo21,2008.0,-13.722222222222221
4.0,131.0,PHI,Jack Ikegwuonu,DB,22.0,2009.0,0.0,0.0,0.0,0.0,0.0,1.0,0.0,0.0,0.0,0.0,0.0,0.0,0.0,0.0,0.0,0.0,0.0,,,,Wisconsin,College Stats,IkegJa99,2008.0,-13.789473684210526
4.0,132.0,BUF,Derek Fine,TE,25.0,2009.0,0.0,0.0,1.0,2.0,2.0,18.0,0.0,0.0,0.0,0.0,0.0,0.0,0.0,0.0,19.0,158.0,1.0,,,,Kansas,College Stats,FineDe00,2008.0,-8.705882352941176
4.0,133.0,BAL,David Hale,T,25.0,2009.0,0.0,0.0,0.0,1.0,1.0,18.0,0.0,0.0,0.0,0.0,0.0,0.0,0.0,0.0,0.0,0.0,0.0,,,,Weber St.,,HaleDa22,2008.0,-9.857142857142858
4.0,134.0,TEN,Stanford Keglar,LB,23.0,2010.0,0.0,0.0,0.0,3.0,2.0,35.0,0.0,0.0,0.0,0.0,0.0,0.0,0.0,0.0,0.0,0.0,0.0,18.0,,,Purdue,College Stats,KeglSt99,2008.0,-12.411764705882353
4.0,135.0,GNB,Josh Sitton,T,22.0,2018.0,0.0,4.0,9.0,81.0,74.0,148.0,0.0,0.0,0.0,0.0,0.0,0.0,0.0,0.0,0.0,0.0,0.0,1.0,,,Central Florida,,SittJo20,2008.0,56.55555555555556
5.0,136.0,DET,Kenny Moore,WR,23.0,2010.0,0.0,0.0,0.0,1.0,,14.0,0.0,0.0,0.0,0.0,0.0,0.0,0.0,0.0,6.0,59.0,0.0,,,,Wake Forest,College Stats,MoorKe00,2008.0,-7.800000000000001
5.0,137.0,MIN,John David Booty,QB,,,0.0,0.0,0.0,,,,,,,,,,,,,,,,,,USC,,-9999,2008.0,
5.0,138.0,ATL,Robert James,LB,24.0,2013.0,0.0,0.0,0.0,1.0,1.0,19.0,0.0,0.0,0.0,0.0,0.0,0.0,0.0,0.0,0.0,0.0,0.0,9.0,,,Arizona St.,College Stats,JameRo99,2008.0,-12.421052631578947
5.0,139.0,DEN,Ryan Torain,RB,22.0,2012.0,0.0,0.0,1.0,5.0,0.0,22.0,0.0,0.0,0.0,0.0,0.0,238.0,1011.0,6.0,24.0,148.0,2.0,,,,Arizona St.,College Stats,ToraRy00,2008.0,-2.8571428571428568
5.0,140.0,KAN,Brandon Carr,DB,22.0,2020.0,0.0,0.0,12.0,53.0,20.0,195.0,0.0,0.0,0.0,0.0,0.0,0.0,0.0,0.0,0.0,0.0,0.0,608.0,21.0,3.0,Grand Valley St.,,CarrBr99,2008.0,41.523809523809526
5.0,141.0,CAR,Gary Barnidge,TE,22.0,2016.0,0.0,1.0,4.0,14.0,3.0,124.0,0.0,0.0,0.0,0.0,0.0,0.0,0.0,0.0,178.0,2258.0,14.0,32.0,,,Louisville,College Stats,BarnGa01,2008.0,5.333333333333334
5.0,142.0,CHI,Zackary Bowman,DB,23.0,2015.0,0.0,0.0,1.0,15.0,12.0,99.0,0.0,0.0,0.0,0.0,0.0,0.0,0.0,0.0,0.0,0.0,0.0,181.0,13.0,,Nebraska,College Stats,BowmZa20,2008.0,-0.6842105263157894
5.0,143.0,DAL,Orlando Scandrick,DB,21.0,2019.0,0.0,0.0,4.0,26.0,25.0,143.0,0.0,0.0,0.0,0.0,0.0,0.0,0.0,0.0,0.0,0.0,0.0,406.0,9.0,13.5,Boise St.,College Stats,ScanOr99,2008.0,9.684210526315791
5.0,144.0,NOR,DeMario Pressley,DT,22.0,2011.0,0.0,0.0,0.0,1.0,1.0,8.0,0.0,0.0,0.0,0.0,0.0,0.0,0.0,0.0,0.0,0.0,0.0,18.0,,,North Carolina St.,College Stats,PresDe99,2008.0,-10.05
5.0,145.0,CIN,Jason Shirley,DT,22.0,2011.0,0.0,0.0,0.0,0.0,0.0,7.0,0.0,0.0,0.0,0.0,0.0,0.0,0.0,0.0,0.0,0.0,0.0,4.0,,2.5,Fresno St.,College Stats,ShirJa99,2008.0,-10.5
5.0,146.0,DET,Jerome Felton,FB,22.0,2016.0,0.0,1.0,3.0,3.0,2.0,132.0,0.0,0.0,0.0,0.0,0.0,55.0,178.0,0.0,50.0,421.0,0.0,7.0,,,Furman,,FeltJe00,2008.0,-22.45
5.0,147.0,BUF,Alvin Bowen,LB,24.0,2010.0,0.0,0.0,0.0,0.0,,2.0,0.0,0.0,0.0,0.0,0.0,0.0,0.0,0.0,0.0,0.0,0.0,,,,Iowa St.,College Stats,BoweAl99,2008.0,-10.375
5.0,148.0,DEN,Carlton Powell,DT,23.0,2011.0,0.0,0.0,0.0,0.0,,3.0,0.0,0.0,0.0,0.0,0.0,0.0,0.0,0.0,0.0,0.0,0.0,,,,Virginia Tech,College Stats,PoweCa98,2008.0,-7.421052631578948
5.0,149.0,ARI,Tim Hightower,RB,22.0,2016.0,0.0,0.0,2.0,26.0,18.0,77.0,0.0,0.0,0.0,0.0,0.0,752.0,2977.0,32.0,162.0,1208.0,2.0,1.0,,,Richmond,,HighTi00,2008.0,10.9
5.0,150.0,GNB,Breno Giacomini,T,22.0,2017.0,0.0,0.0,5.0,36.0,0.0,94.0,0.0,0.0,0.0,0.0,0.0,0.0,0.0,0.0,0.0,0.0,0.0,,,,Louisville,College Stats,GiacBr20,2008.0,27.263157894736842
5.0,151.0,HOU,Frank Okam,DT,22.0,2011.0,0.0,0.0,0.0,3.0,0.0,25.0,0.0,0.0,0.0,0.0,0.0,0.0,0.0,0.0,0.0,0.0,0.0,28.0,,,Texas,College Stats,OkamFr99,2008.0,-10.055555555555555
5.0,152.0,MIN,Letroy Guion,DT,21.0,2016.0,0.0,0.0,4.0,28.0,13.0,112.0,0.0,0.0,0.0,0.0,0.0,0.0,0.0,0.0,0.0,0.0,0.0,107.0,,8.5,Florida St.,College Stats,GuioLe99,2008.0,18.875
5.0,153.0,NWE,Matthew Slater,WR,22.0,2023.0,2.0,10.0,0.0,0.0,0.0,239.0,0.0,0.0,0.0,0.0,0.0,2.0,11.0,0.0,1.0,46.0,0.0,138.0,,,UCLA,College Stats,SlatMa00,2008.0,-13.38888888888889
5.0,154.0,ATL,Kroy Biermann,LB,22.0,2015.0,0.0,0.0,3.0,24.0,24.0,114.0,0.0,0.0,0.0,0.0,0.0,0.0,0.0,0.0,0.0,0.0,0.0,216.0,2.0,23.5,Montana,,BierKr99,2008.0,5.7368421052631575
5.0,155.0,JAX,Thomas Williams,LB,23.0,2011.0,0.0,0.0,0.0,1.0,0.0,15.0,0.0,0.0,0.0,0.0,0.0,0.0,0.0,0.0,0.0,0.0,0.0,12.0,,,USC,College Stats,WillTh99,2008.0,-8.117647058823529
5.0,156.0,PIT,Dennis Dixon,QB,23.0,2010.0,0.0,0.0,0.0,2.0,2.0,4.0,35.0,59.0,402.0,1.0,2.0,10.0,56.0,1.0,0.0,0.0,0.0,,,,Oregon,College Stats,DixoDe00,2008.0,-7.111111111111111
5.0,157.0,STL,Roy Schuening,G,24.0,2008.0,0.0,0.0,0.0,0.0,0.0,1.0,0.0,0.0,0.0,0.0,0.0,0.0,0.0,0.0,0.0,0.0,0.0,,,,Oregon St.,College Stats,SchuRo20,2008.0,-10.25
5.0,158.0,CHI,Kellen Davis,TE,22.0,2016.0,0.0,0.0,4.0,5.0,5.0,125.0,0.0,0.0,0.0,0.0,0.0,0.0,0.0,0.0,53.0,579.0,13.0,10.0,,,Michigan St.,College Stats,DaviKe01,2008.0,-1.5
5.0,159.0,JAX,Trae Williams,DB,23.0,,0.0,0.0,0.0,,,,,,,,,,,,,,,,,,South Florida,College Stats,WillTr97,2008.0,
5.0,160.0,TAM,Josh Johnson,QB,22.0,2025.0,0.0,0.0,0.0,9.0,3.0,50.0,242.0,412.0,2669.0,14.0,18.0,94.0,481.0,2.0,0.0,0.0,0.0,1.0,,,San Diego,,JohnJo05,2008.0,-1.7222222222222214
5.0,161.0,IND,Marcus Howard,LB,22.0,2008.0,0.0,0.0,0.0,1.0,1.0,9.0,0.0,0.0,0.0,0.0,0.0,0.0,0.0,0.0,0.0,0.0,0.0,9.0,,1.5,Georgia,College Stats,HowaMa99,2008.0,-11.166666666666666
5.0,162.0,NYJ,Erik Ainge,QB,22.0,,0.0,0.0,0.0,,,,,,,,,,,,,,,,,,Tennessee,College Stats,AingEr00,2008.0,
5.0,163.0,SEA,Owen Schmitt,FB,23.0,2012.0,0.0,0.0,0.0,1.0,0.0,74.0,0.0,0.0,0.0,0.0,0.0,11.0,28.0,0.0,34.0,218.0,2.0,13.0,,,West Virginia,College Stats,SchmOw00,2008.0,-12.333333333333334
5.0,164.0,NOR,Carl Nicks,T,23.0,2013.0,1.0,2.0,4.0,53.0,49.0,73.0,0.0,0.0,0.0,0.0,0.0,0.0,0.0,0.0,0.0,0.0,0.0,,,,Nebraska,College Stats,NickCa20,2008.0,40.95
5.0,165.0,NYG,Jonathan Goff,LB,22.0,2010.0,0.0,0.0,1.0,9.0,9.0,37.0,0.0,0.0,0.0,0.0,0.0,0.0,0.0,0.0,0.0,0.0,0.0,72.0,1.0,2.0,Vanderbilt,College Stats,GoffJo99,2008.0,-4.35
5.0,166.0,SDG,Marcus Thomas,RB,24.0,2008.0,0.0,0.0,0.0,0.0,,3.0,0.0,0.0,0.0,0.0,0.0,0.0,0.0,0.0,0.0,0.0,0.0,,,,Texas-El Paso,College Stats,ThomMa01,2008.0,-13.666666666666666
6.0,167.0,DAL,Erik Walden,DE,23.0,2017.0,0.0,0.0,6.0,37.0,,145.0,0.0,0.0,0.0,0.0,0.0,0.0,0.0,0.0,0.0,0.0,0.0,244.0,2.0,35.0,Middle Tenn. St.,,WaldEr99,2008.0,28.235294117647058
6.0,168.0,WAS,Durant Brooks,P,23.0,2008.0,0.0,0.0,0.0,0.0,0.0,6.0,0.0,0.0,0.0,0.0,0.0,0.0,0.0,0.0,0.0,0.0,0.0,,,,Georgia Tech,College Stats,BrooDu20,2008.0,-12.055555555555555
6.0,169.0,OAK,Trevor Scott,DE,24.0,2014.0,0.0,0.0,2.0,11.0,9.0,85.0,0.0,0.0,0.0,0.0,0.0,0.0,0.0,0.0,0.0,0.0,0.0,87.0,,16.5,Buffalo,College Stats,ScotTr99,2008.0,-0.5
6.0,170.0,KAN,Barry Richardson,T,22.0,2013.0,0.0,0.0,3.0,19.0,12.0,65.0,0.0,0.0,0.0,0.0,0.0,0.0,0.0,0.0,0.0,0.0,0.0,,,,Clemson,,RichBa20,2008.0,11.941176470588236
6.0,171.0,NYJ,Marcus Henry,WR,22.0,,0.0,0.0,0.0,,,,,,,,,,,,,,,,,,Kansas,College Stats,HenrMa00,2008.0,
6.0,172.0,ATL,Thomas Brown,RB,22.0,,0.0,0.0,0.0,,,,,,,,,,,,,,,,,,Georgia,College Stats,BrowTh01,2008.0,
6.0,173.0,HOU,Dominique Barber,DB,22.0,2011.0,0.0,0.0,0.0,5.0,5.0,39.0,0.0,0.0,0.0,0.0,0.0,0.0,0.0,0.0,0.0,0.0,0.0,48.0,1.0,1.0,Minnesota,College Stats,BarbDo99,2008.0,-6.857142857142858
6.0,174.0,SFO,Josh Morgan,WR,23.0,2014.0,0.0,0.0,5.0,21.0,13.0,93.0,0.0,1.0,0.0,0.0,0.0,14.0,146.0,0.0,209.0,2558.0,12.0,6.0,,,Virginia Tech,College Stats,MorgJo00,2008.0,8.764705882352942
6.0,175.0,TAM,Geno Hayes,LB,21.0,2014.0,0.0,0.0,5.0,30.0,18.0,101.0,0.0,0.0,0.0,0.0,0.0,0.0,0.0,0.0,0.0,0.0,0.0,313.0,6.0,10.0,Florida St.,College Stats,HayeGe98,2008.0,21.157894736842103
6.0,176.0,MIA,Jalen Parmele,RB,22.0,2014.0,0.0,0.0,0.0,1.0,,36.0,0.0,0.0,0.0,0.0,0.0,48.0,187.0,0.0,7.0,60.0,0.0,17.0,,,Toledo,College Stats,ParmJa00,2008.0,-5.052631578947368
6.0,177.0,CIN,Corey Lynch,DB,23.0,2013.0,0.0,0.0,0.0,8.0,1.0,76.0,0.0,0.0,0.0,0.0,0.0,1.0,3.0,0.0,0.0,0.0,0.0,96.0,5.0,,Appalachian St.,,LyncCo99,2008.0,-2.526315789473685
6.0,178.0,NOR,Taylor Mehlhaff,K,23.0,2008.0,0.0,0.0,0.0,0.0,0.0,3.0,0.0,0.0,0.0,0.0,0.0,0.0,0.0,0.0,0.0,0.0,0.0,,,,Wisconsin,College Stats,MehlTa99,2008.0,-13.571428571428571
6.0,179.0,BUF,Xavier Omon,RB,23.0,2009.0,0.0,0.0,0.0,0.0,0.0,7.0,0.0,0.0,0.0,0.0,0.0,11.0,27.0,0.0,0.0,0.0,0.0,,,,NW Missouri St.,,OmonXa00,2008.0,-6.526315789473684
6.0,180.0,WAS,Kareem Moore,DB,24.0,2010.0,0.0,0.0,1.0,7.0,7.0,42.0,0.0,0.0,0.0,0.0,0.0,0.0,0.0,0.0,0.0,0.0,0.0,77.0,2.0,,Nicholls St.,,MoorKa99,2008.0,-2.6111111111111107
6.0,181.0,CAR,Nick Hayden,DT,22.0,2015.0,0.0,0.0,4.0,25.0,7.0,76.0,0.0,0.0,0.0,0.0,0.0,0.0,0.0,0.0,0.0,0.0,0.0,114.0,,2.0,Wisconsin,College Stats,HaydNi99,2008.0,15.631578947368421
6.0,182.0,KAN,Kevin Robinson,WR,23.0,2008.0,0.0,0.0,0.0,0.0,0.0,8.0,0.0,0.0,0.0,0.0,0.0,0.0,0.0,0.0,0.0,0.0,0.0,,,,Utah St.,College Stats,RobiKe00,2008.0,-10.277777777777779
6.0,183.0,DEN,Spencer Larsen,LB,24.0,2013.0,0.0,0.0,1.0,5.0,4.0,63.0,0.0,0.0,0.0,0.0,0.0,17.0,62.0,0.0,14.0,127.0,1.0,36.0,,,Arizona,College Stats,LarsSp99,2008.0,-0.10526315789473717
6.0,184.0,PHI,Mike Gibson,T,22.0,2013.0,0.0,0.0,0.0,5.0,,36.0,0.0,0.0,0.0,0.0,0.0,0.0,0.0,0.0,1.0,-2.0,0.0,,,,California,,GibsMi20,2008.0,-0.3157894736842106
6.0,185.0,ARI,Chris Harrington,DE,23.0,2009.0,0.0,0.0,0.0,0.0,,6.0,0.0,0.0,0.0,0.0,0.0,0.0,0.0,0.0,0.0,0.0,0.0,2.0,,,Texas A&M,College Stats,HarrCh97,2008.0,-3.9411764705882355
6.0,186.0,WAS,Colt Brennan,QB,25.0,,0.0,0.0,0.0,,,,,,,,,,,,,,,,,,Hawaii,College Stats,BrenCo00,2008.0,
6.0,187.0,MIN,John Sullivan,C,23.0,2018.0,0.0,0.0,8.0,54.0,35.0,153.0,0.0,0.0,0.0,0.0,0.0,0.0,0.0,0.0,0.0,0.0,0.0,,,,Notre Dame,,SullJo24,2008.0,41.85
6.0,188.0,PIT,Mike Humpal,LB,23.0,,0.0,0.0,0.0,,,,,,,,,,,,,,,,,,Iowa,College Stats,HumpMi99,2008.0,
6.0,189.0,SEA,Tyler Schmitt,LB,22.0,,0.0,0.0,0.0,,,,,,,,,,,,,,,,,,San Diego St.,College Stats,SchmTy99,2008.0,
6.0,190.0,CLE,Ahtyba Rubin,DT,22.0,2017.0,0.0,0.0,7.0,47.0,32.0,144.0,0.0,0.0,0.0,0.0,0.0,0.0,0.0,0.0,0.0,0.0,0.0,264.0,2.0,15.0,Iowa St.,College Stats,RubiAh99,2008.0,37.388888888888886
6.0,191.0,CLE,Paul Hubbard,WR,23.0,2010.0,0.0,0.0,0.0,0.0,,1.0,0.0,0.0,0.0,0.0,0.0,0.0,0.0,0.0,1.0,8.0,0.0,,,,Wisconsin,College Stats,HubbPa00,2008.0,-15.421052631578947
6.0,192.0,SDG,DeJuan Tribble,DB,23.0,,0.0,0.0,0.0,,,,,,,,,,,,,,,,,,Boston Col.,College Stats,TribDe99,2008.0,
6.0,193.0,MIN,Jaymar Johnson,WR,24.0,2011.0,0.0,0.0,0.0,0.0,0.0,7.0,0.0,0.0,0.0,0.0,0.0,0.0,0.0,0.0,1.0,9.0,0.0,,,,Jackson St.,,JohnJa01,2008.0,-11.526315789473685
6.0,194.0,PIT,Ryan Mundy,DB,23.0,2014.0,0.0,0.0,1.0,17.0,7.0,96.0,0.0,0.0,0.0,0.0,0.0,0.0,0.0,0.0,1.0,33.0,0.0,217.0,6.0,2.0,West Virginia,College Stats,MundRy00,2008.0,10.444444444444445
6.0,195.0,MIA,Donald Thomas,G,22.0,2013.0,0.0,0.0,1.0,16.0,8.0,45.0,0.0,0.0,0.0,0.0,0.0,0.0,0.0,0.0,0.0,0.0,0.0,,,,Connecticut,College Stats,ThomDo26,2008.0,2.235294117647058
6.0,196.0,IND,Tom Santi,TE,22.0,2009.0,0.0,0.0,0.0,2.0,2.0,9.0,0.0,0.0,0.0,0.0,0.0,0.0,0.0,0.0,18.0,171.0,1.0,,,,Virginia,College Stats,SantTo00,2008.0,-2.5
6.0,197.0,NWE,Bo Ruud,LB,24.0,,0.0,0.0,0.0,,,,,,,,,,,,,,,,,,Nebraska,College Stats,RuudBo99,2008.0,
6.0,198.0,NYG,Andre Woodson,QB,24.0,,0.0,0.0,0.0,,,,,,,,,,,,,,,,,,Kentucky,College Stats,WoodAn00,2008.0,
6.0,199.0,NYG,Robert Henderson,DE,24.0,,0.0,0.0,0.0,,,,,,,,,,,,,,,,,,Southern Miss,College Stats,HendRo99,2008.0,
6.0,200.0,PHI,Joe Mays,LB,23.0,2015.0,0.0,0.0,2.0,18.0,1.0,78.0,0.0,0.0,0.0,0.0,0.0,0.0,0.0,0.0,0.0,0.0,0.0,184.0,,1.5,North Dakota St.,,MaysJo99,2008.0,2.9333333333333336
6.0,201.0,IND,Steve Justice,C,24.0,2008.0,0.0,0.0,0.0,1.0,1.0,8.0,0.0,0.0,0.0,0.0,0.0,0.0,0.0,0.0,0.0,0.0,0.0,,,,Wake Forest,College Stats,JustSt20,2008.0,-3.117647058823529
6.0,202.0,IND,Mike Hart,RB,22.0,2010.0,0.0,0.0,0.0,3.0,3.0,21.0,0.0,0.0,0.0,0.0,0.0,71.0,264.0,2.0,12.0,97.0,0.0,3.0,,,Michigan,College Stats,HartMi00,2008.0,-2.1111111111111107
6.0,203.0,PHI,Andy Studebaker,LB,22.0,2015.0,0.0,0.0,0.0,11.0,,97.0,0.0,0.0,0.0,0.0,0.0,0.0,0.0,0.0,0.0,0.0,0.0,77.0,2.0,2.5,Wheaton,,StudAn99,2008.0,-0.9230769230769234
6.0,204.0,MIA,Lex Hilliard,RB,24.0,2012.0,0.0,0.0,1.0,3.0,3.0,62.0,0.0,0.0,0.0,0.0,0.0,48.0,163.0,2.0,30.0,233.0,2.0,26.0,,,Montana,,HillLe00,2008.0,-6.647058823529411
6.0,205.0,IND,Pierre Garcon,WR,22.0,2018.0,0.0,0.0,10.0,54.0,21.0,148.0,0.0,1.0,0.0,0.0,0.0,12.0,72.0,0.0,628.0,7854.0,38.0,7.0,,,Mount Union,,GarcPi00,2008.0,43.470588235294116
6.0,206.0,BAL,Haruki Nakamura,DB,22.0,2012.0,0.0,0.0,1.0,10.0,4.0,69.0,0.0,0.0,0.0,0.0,0.0,1.0,-4.0,0.0,0.0,0.0,0.0,81.0,2.0,,Cincinnati,College Stats,NakaHa99,2008.0,4.0
6.0,207.0,CIN,Matt Sherry,TE,23.0,,0.0,0.0,0.0,,,,,,,,,,,,,,,,,,Villanova,,SherMa00,2008.0,
7.0,208.0,CHI,Ervin Baldwin,DE,22.0,2009.0,0.0,0.0,0.0,0.0,,3.0,0.0,0.0,0.0,0.0,0.0,0.0,0.0,0.0,0.0,0.0,0.0,7.0,,,Michigan St.,College Stats,BaldEr99,2008.0,-5.666666666666667
7.0,209.0,GNB,Matt Flynn,QB,23.0,2014.0,0.0,0.0,0.0,8.0,7.0,51.0,219.0,357.0,2541.0,17.0,11.0,65.0,69.0,1.0,0.0,0.0,0.0,,,,LSU,College Stats,FlynMa00,2008.0,0.5714285714285712
7.0,210.0,KAN,Brian Johnston,DE,22.0,2008.0,0.0,0.0,0.0,0.0,0.0,9.0,0.0,0.0,0.0,0.0,0.0,0.0,0.0,0.0,0.0,0.0,0.0,2.0,,,Gardner-Webb,,JohnBr98,2008.0,-7.9411764705882355
7.0,211.0,NYJ,Nate Garner,T,23.0,2014.0,0.0,0.0,0.0,13.0,,74.0,0.0,0.0,0.0,0.0,0.0,0.0,0.0,0.0,0.0,0.0,0.0,,,,Arkansas,College Stats,GarnNa20,2008.0,7.6
7.0,212.0,ATL,Wilrey Fontenot,DB,23.0,,0.0,0.0,0.0,,,,,,,,,,,,,,,,,,Arizona,College Stats,FontWi99,2008.0,
7.0,213.0,JAX,Chauncey Washington,RB,23.0,2011.0,0.0,0.0,0.0,0.0,0.0,11.0,0.0,0.0,0.0,0.0,0.0,5.0,8.0,0.0,3.0,22.0,0.0,3.0,,,USC,College Stats,WashCh00,2008.0,-8.0
7.0,214.0,SFO,Larry Grant,LB,23.0,2013.0,0.0,0.0,1.0,10.0,4.0,68.0,0.0,0.0,0.0,0.0,0.0,0.0,0.0,0.0,0.0,0.0,0.0,80.0,,5.0,Ohio St.,College Stats,GranLa99,2008.0,3.0
7.0,215.0,BAL,Justin Harper,WR,23.0,2009.0,0.0,0.0,0.0,0.0,0.0,2.0,0.0,0.0,0.0,0.0,0.0,0.0,0.0,0.0,0.0,0.0,0.0,,,,Virginia Tech,College Stats,HarpJu01,2008.0,-8.61111111111111
7.0,216.0,DET,Landon Cohen,DT,22.0,2014.0,0.0,0.0,0.0,4.0,2.0,40.0,0.0,0.0,0.0,0.0,0.0,0.0,0.0,0.0,0.0,0.0,0.0,30.0,,,Ohio,College Stats,CoheLa99,2008.0,-9.785714285714286
7.0,217.0,GNB,Brett Swain,WR,23.0,2011.0,0.0,0.0,0.0,1.0,1.0,27.0,0.0,0.0,0.0,0.0,0.0,0.0,0.0,0.0,8.0,87.0,0.0,6.0,,,San Diego St.,College Stats,SwaiBr00,2008.0,-6.235294117647059
7.0,218.0,DET,Caleb Campbell,DB,23.0,2010.0,0.0,0.0,0.0,0.0,0.0,2.0,0.0,0.0,0.0,0.0,0.0,0.0,0.0,0.0,0.0,0.0,0.0,2.0,,,Army,College Stats,CampCa00,2008.0,-9.866666666666667
7.0,219.0,BUF,Demetress Bell,T,24.0,2012.0,0.0,0.0,2.0,13.0,12.0,40.0,0.0,0.0,0.0,0.0,0.0,0.0,0.0,0.0,0.0,0.0,0.0,,,,Northwestern St. (LA),,BellDe20,2008.0,5.625
7.0,220.0,DEN,Josh Barrett,DB,23.0,2011.0,0.0,0.0,0.0,3.0,2.0,25.0,0.0,0.0,0.0,0.0,0.0,0.0,0.0,0.0,0.0,0.0,0.0,38.0,1.0,,Arizona St.,College Stats,BarrJo99,2008.0,-4.588235294117647
7.0,221.0,CAR,Hilee Taylor,LB,22.0,2009.0,0.0,0.0,0.0,1.0,1.0,16.0,0.0,0.0,0.0,0.0,0.0,0.0,0.0,0.0,0.0,0.0,0.0,5.0,,1.0,North Carolina,College Stats,TaylHi99,2008.0,-6.714285714285714
7.0,222.0,CHI,Chester Adams,G,23.0,,0.0,0.0,0.0,,,,,,,,,,,,,,,,,,Georgia,,AdamCh21,2008.0,
7.0,223.0,HOU,Alex Brink,QB,23.0,,0.0,0.0,0.0,,,,,,,,,,,,,,,,,,Washington St.,College Stats,BrinAl00,2008.0,
7.0,224.0,BUF,Stevie Johnson,WR,21.0,2015.0,0.0,0.0,5.0,33.0,29.0,99.0,0.0,0.0,0.0,0.0,0.0,2.0,16.0,0.0,381.0,4764.0,34.0,3.0,,,Kentucky,College Stats,JohnSt00,2008.0,17.0
7.0,225.0,ARI,Brandon Keith,T,23.0,2011.0,0.0,0.0,2.0,8.0,8.0,26.0,0.0,0.0,0.0,0.0,0.0,0.0,0.0,0.0,0.0,0.0,0.0,,,,Northern Iowa,,KeitBr20,2008.0,1.9411764705882355
7.0,226.0,OAK,Chaz Schilens,WR,22.0,2012.0,0.0,0.0,1.0,7.0,6.0,59.0,0.0,0.0,0.0,0.0,0.0,1.0,-2.0,0.0,100.0,1191.0,9.0,4.0,,,San Diego St.,College Stats,SchiCh00,2008.0,-0.17647058823529438
7.0,227.0,DEN,Peyton Hillis,FB,22.0,2014.0,0.0,0.0,3.0,21.0,4.0,81.0,1.0,3.0,13.0,0.0,0.0,696.0,2832.0,23.0,134.0,1050.0,3.0,10.0,,,Arkansas,College Stats,HillPe00,2008.0,15.8125
7.0,228.0,STL,Chris Chamberlain,DB,22.0,2011.0,0.0,0.0,1.0,11.0,11.0,59.0,0.0,0.0,0.0,0.0,0.0,0.0,0.0,0.0,0.0,0.0,0.0,124.0,1.0,2.0,Tulsa,College Stats,ChamCh99,2008.0,5.666666666666667
7.0,229.0,TEN,Cary Williams,DB,23.0,2015.0,0.0,0.0,5.0,30.0,0.0,97.0,0.0,0.0,0.0,0.0,0.0,0.0,0.0,0.0,1.0,13.0,0.0,290.0,9.0,3.0,Washburn,,WillCa99,2008.0,23.944444444444443
7.0,230.0,PHI,King Dunlap,T,22.0,2016.0,0.0,0.0,4.0,32.0,10.0,98.0,0.0,0.0,0.0,0.0,0.0,0.0,0.0,0.0,0.0,0.0,0.0,,,,Auburn,,DunlKi20,2008.0,22.88888888888889
7.0,231.0,CLE,Alex Hall,LB,23.0,2010.0,0.0,0.0,0.0,3.0,3.0,32.0,0.0,0.0,0.0,0.0,0.0,0.0,0.0,0.0,0.0,0.0,0.0,35.0,,3.0,St. Augustine's,,HallAl99,2008.0,-0.125
7.0,232.0,ATL,Keith Zinger,TE,23.0,2009.0,0.0,0.0,0.0,0.0,0.0,15.0,0.0,0.0,0.0,0.0,0.0,0.0,0.0,0.0,0.0,0.0,0.0,,,,LSU,College Stats,ZingKe20,2008.0,-6.8125
7.0,233.0,SEA,Justin Forsett,RB,22.0,2016.0,0.0,1.0,2.0,32.0,12.0,122.0,0.0,0.0,0.0,0.0,0.0,820.0,3890.0,19.0,210.0,1351.0,1.0,8.0,,,California,College Stats,ForsJu00,2008.0,15.0
7.0,234.0,SDG,Corey Clark,T,24.0,2009.0,0.0,0.0,0.0,0.0,0.0,2.0,0.0,0.0,0.0,0.0,0.0,0.0,0.0,0.0,0.0,0.0,0.0,,,,Texas A&M,,ClarCo21,2008.0,-5.777777777777778
7.0,235.0,SEA,Brandon Coutu,K,23.0,2011.0,0.0,0.0,0.0,0.0,,1.0,0.0,0.0,0.0,0.0,0.0,0.0,0.0,0.0,0.0,0.0,0.0,,,,Georgia,College Stats,CoutBr00,2008.0,-9.875
7.0,236.0,IND,Jamey Richard,T,23.0,2011.0,0.0,0.0,0.0,11.0,11.0,48.0,0.0,0.0,0.0,0.0,0.0,0.0,0.0,0.0,0.0,0.0,0.0,,,,Buffalo,College Stats,RichJa20,2008.0,8.117647058823529
7.0,237.0,NOR,Adrian Arrington,WR,22.0,2011.0,0.0,0.0,0.0,1.0,1.0,5.0,0.0,0.0,0.0,0.0,0.0,0.0,0.0,0.0,9.0,110.0,0.0,,,,Michigan,College Stats,ArriAd00,2008.0,-1.6842105263157894
7.0,238.0,TAM,Cory Boyd,RB,23.0,2008.0,0.0,0.0,0.0,0.0,,1.0,0.0,0.0,0.0,0.0,0.0,0.0,0.0,0.0,0.0,0.0,0.0,,,,South Carolina,College Stats,BoydCo01,2008.0,-8.153846153846153
7.0,239.0,KAN,Mike Merritt,TE,24.0,,0.0,0.0,0.0,,,,,,,,,,,,,,,,,,Central Florida,College Stats,MerrMi01,2008.0,
7.0,240.0,BAL,Allen Patrick,RB,24.0,,0.0,0.0,0.0,,,,,,,,,,,,,,,,,,Oklahoma,College Stats,PatrAl00,2008.0,
7.0,241.0,CAR,Geoff Schwartz,T,22.0,2015.0,0.0,0.0,2.0,18.0,6.0,74.0,0.0,0.0,0.0,0.0,0.0,0.0,0.0,0.0,0.0,0.0,0.0,,,,Oregon,College Stats,SchwGe20,2008.0,13.214285714285715
7.0,242.0,WAS,Rob Jackson,DE,22.0,2013.0,0.0,0.0,1.0,9.0,9.0,54.0,0.0,0.0,0.0,0.0,0.0,0.0,0.0,0.0,0.0,0.0,0.0,48.0,5.0,7.5,Kansas St.,College Stats,JackRo99,2008.0,-0.3888888888888893
7.0,243.0,CHI,Joey LaRocque,LB,22.0,2008.0,0.0,0.0,0.0,1.0,1.0,14.0,0.0,0.0,0.0,0.0,0.0,0.0,0.0,0.0,0.0,0.0,0.0,6.0,,,Oregon St.,College Stats,LaRoJo99,2008.0,-4.8
7.0,244.0,CIN,Angelo Craig,LB,,,0.0,0.0,0.0,,,,,,,,,,,,,,,,,,Cincinnati,College Stats,-9999,2008.0,
7.0,245.0,MIA,Lionel Dotson,DT,23.0,2011.0,0.0,0.0,0.0,0.0,0.0,12.0,0.0,0.0,0.0,0.0,0.0,0.0,0.0,0.0,0.0,0.0,0.0,4.0,,,Arizona,College Stats,DotsLi99,2008.0,-6.333333333333333
7.0,246.0,CIN,Mario Urrutia,WR,22.0,,0.0,0.0,0.0,,,,,,,,,,,,,,,,,,Louisville,College Stats,UrruMa00,2008.0,
7.0,247.0,CHI,Kirk Barton,T,23.0,2008.0,0.0,0.0,0.0,0.0,0.0,1.0,0.0,0.0,0.0,0.0,0.0,0.0,0.0,0.0,0.0,0.0,0.0,,,,Ohio St.,,BartKi20,2008.0,-3.7142857142857144
7.0,248.0,CHI,Marcus Monk,WR,22.0,,0.0,0.0,0.0,,,,,,,,,,,,,,,,,,Arkansas,College Stats,MonkMa00,2008.0,
7.0,249.0,WAS,Chris Horton,DB,23.0,2010.0,0.0,0.0,1.0,8.0,8.0,29.0,0.0,0.0,0.0,0.0,0.0,0.0,0.0,0.0,0.0,0.0,0.0,91.0,3.0,1.0,UCLA,College Stats,HortCh99,2008.0,0.2941176470588234
7.0,250.0,CAR,Mackenzy Bernadeau,G,22.0,2015.0,0.0,0.0,2.0,25.0,9.0,111.0,0.0,0.0,0.0,0.0,0.0,0.0,0.0,0.0,0.0,0.0,0.0,,,,Bentley College,,BernMa20,2008.0,9.928571428571429
7.0,251.0,BUF,Kennard Cox,DB,23.0,2011.0,0.0,0.0,0.0,2.0,,29.0,0.0,0.0,0.0,0.0,0.0,0.0,0.0,0.0,0.0,0.0,0.0,13.0,,0.5,Pittsburgh,College Stats,CoxxKe20,2008.0,-7.5
7.0,252.0,STL,David Vobora,LB,22.0,2011.0,0.0,0.0,1.0,8.0,8.0,40.0,0.0,0.0,0.0,0.0,0.0,0.0,0.0,0.0,0.0,0.0,0.0,75.0,,2.0,Idaho,College Stats,VoboDa99,2008.0,-1.666666666666666
1.0,1.0,DET,Matthew Stafford,QB,21.0,2025.0,1.0,3.0,15.0,133.0,91.0,239.0,5562.0,8763.0,64516.0,423.0,196.0,470.0,1357.0,15.0,2.0,-3.0,0.0,1.0,,,Georgia,College Stats,StafMa00,2009.0,56.57142857142857
1.0,2.0,STL,Jason Smith,T,23.0,2012.0,0.0,0.0,2.0,10.0,9.0,45.0,0.0,0.0,0.0,0.0,0.0,0.0,0.0,0.0,0.0,0.0,0.0,,,,Baylor,College Stats,SmitJa22,2009.0,-43.476190476190474
1.0,3.0,KAN,Tyson Jackson,DE,23.0,2016.0,0.0,0.0,7.0,34.0,23.0,122.0,0.0,0.0,0.0,0.0,0.0,0.0,0.0,0.0,0.0,0.0,0.0,167.0,,9.0,LSU,College Stats,JackTy98,2009.0,-18.285714285714285
1.0,4.0,SEA,Aaron Curry,LB,23.0,2012.0,0.0,0.0,3.0,16.0,12.0,48.0,0.0,0.0,0.0,0.0,0.0,0.0,0.0,0.0,0.0,0.0,0.0,163.0,,5.5,Wake Forest,College Stats,CurrAa99,2009.0,-37.904761904761905
1.0,5.0,NYJ,Mark Sanchez,QB,22.0,2018.0,0.0,0.0,4.0,32.0,26.0,79.0,1314.0,2320.0,15357.0,86.0,89.0,170.0,457.0,13.0,0.0,0.0,0.0,,,,USC,College Stats,SancMa00,2009.0,-23.476190476190474
1.0,6.0,CIN,Andre Smith,T,22.0,2021.0,0.0,0.0,8.0,41.0,37.0,121.0,0.0,0.0,0.0,0.0,0.0,0.0,0.0,0.0,0.0,0.0,0.0,,,,Alabama,College Stats,SmitAn23,2009.0,-9.80952380952381
1.0,7.0,OAK,Darrius Heyward-Bey,WR,22.0,2018.0,0.0,0.0,5.0,23.0,17.0,144.0,0.0,0.0,0.0,0.0,0.0,15.0,194.0,2.0,202.0,2897.0,16.0,17.0,,,Maryland,College Stats,HeywDa00,2009.0,-25.04761904761905
1.0,8.0,JAX,Eugene Monroe,T,22.0,2015.0,0.0,0.0,6.0,32.0,22.0,93.0,0.0,0.0,0.0,0.0,0.0,0.0,0.0,0.0,0.0,0.0,0.0,,,,Virginia,College Stats,MonrEu20,2009.0,-11.38095238095238
1.0,9.0,GNB,B.J. Raji,DT,23.0,2015.0,0.0,1.0,5.0,33.0,33.0,91.0,0.0,0.0,0.0,0.0,0.0,1.0,1.0,1.0,0.0,0.0,0.0,103.0,,11.0,Boston Col.,College Stats,RajiBJ99,2009.0,-15.23809523809524
1.0,10.0,SFO,Michael Crabtree,WR,21.0,2019.0,0.0,0.0,10.0,53.0,33.0,143.0,0.0,0.0,0.0,0.0,0.0,3.0,18.0,0.0,637.0,7499.0,54.0,,,,Texas Tech,College Stats,CrabMi00,2009.0,13.61904761904762
1.0,11.0,BUF,Aaron Maybin,DE,21.0,2012.0,0.0,0.0,0.0,5.0,2.0,48.0,0.0,0.0,0.0,0.0,0.0,0.0,0.0,0.0,0.0,0.0,0.0,27.0,,6.0,Penn St.,College Stats,MaybAa99,2009.0,-47.95238095238095
1.0,12.0,DEN,Knowshon Moreno,RB,22.0,2014.0,0.0,0.0,3.0,33.0,32.0,63.0,0.0,0.0,0.0,0.0,0.0,876.0,3616.0,27.0,158.0,1409.0,9.0,,,,Georgia,College Stats,MoreKn00,2009.0,-12.38095238095238
1.0,13.0,WAS,Brian Orakpo,LB,23.0,2018.0,0.0,4.0,8.0,58.0,33.0,132.0,0.0,0.0,0.0,0.0,0.0,0.0,0.0,0.0,0.0,0.0,0.0,294.0,1.0,66.0,Texas,College Stats,OrakBr99,2009.0,4.857142857142854
1.0,14.0,NOR,Malcolm Jenkins,DB,21.0,2021.0,0.0,3.0,12.0,68.0,32.0,199.0,0.0,0.0,0.0,0.0,0.0,0.0,0.0,0.0,0.0,0.0,0.0,804.0,21.0,13.5,Ohio St.,College Stats,JenkMa99,2009.0,22.80952380952381
1.0,15.0,HOU,Brian Cushing,LB,22.0,2017.0,0.0,1.0,7.0,52.0,52.0,104.0,0.0,0.0,0.0,0.0,0.0,0.0,0.0,0.0,0.0,0.0,0.0,424.0,8.0,13.5,USC,College Stats,CushBr99,2009.0,14.23809523809524
1.0,16.0,SDG,Larry English,LB,23.0,2014.0,0.0,0.0,1.0,7.0,7.0,64.0,0.0,0.0,0.0,0.0,0.0,0.0,0.0,0.0,0.0,0.0,0.0,70.0,,12.0,Northern Illinois,College Stats,EnglLa99,2009.0,-35.333333333333336
1.0,17.0,TAM,Josh Freeman,QB,21.0,2015.0,0.0,0.0,4.0,37.0,36.0,62.0,1179.0,2048.0,13873.0,81.0,68.0,205.0,946.0,4.0,0.0,-3.0,0.0,,,,Kansas St.,College Stats,FreeJo00,2009.0,-8.38095238095238
1.0,18.0,DEN,Robert Ayers,DE,24.0,2017.0,0.0,0.0,5.0,27.0,13.0,120.0,0.0,0.0,0.0,0.0,0.0,0.0,0.0,0.0,0.0,0.0,0.0,192.0,,34.5,Tennessee,College Stats,AyerRo99,2009.0,-16.523809523809526
1.0,19.0,PHI,Jeremy Maclin,WR,21.0,2017.0,0.0,0.0,8.0,50.0,33.0,114.0,0.0,1.0,0.0,0.0,0.0,10.0,43.0,0.0,514.0,6835.0,49.0,,,,Missouri,College Stats,MaclJe00,2009.0,13.80952380952381
1.0,20.0,DET,Brandon Pettigrew,TE,24.0,2015.0,0.0,0.0,7.0,22.0,22.0,93.0,0.0,0.0,0.0,0.0,0.0,0.0,0.0,0.0,301.0,2965.0,17.0,1.0,,,Oklahoma St.,College Stats,PettBr00,2009.0,-15.61904761904762
1.0,21.0,CLE,Alex Mack,C,23.0,2021.0,0.0,7.0,12.0,86.0,30.0,196.0,0.0,0.0,0.0,0.0,0.0,0.0,0.0,0.0,0.0,0.0,0.0,,,,California,College Stats,MackAl20,2009.0,50.666666666666664
1.0,22.0,MIN,Percy Harvin,WR,21.0,2016.0,0.0,1.0,4.0,43.0,37.0,75.0,0.0,0.0,0.0,0.0,0.0,146.0,927.0,5.0,353.0,4026.0,22.0,,,,Florida,College Stats,HarvPe00,2009.0,12.142857142857142
1.0,23.0,BAL,Michael Oher,T,23.0,2016.0,0.0,0.0,7.0,42.0,33.0,110.0,0.0,0.0,0.0,0.0,0.0,0.0,0.0,0.0,1.0,-8.0,0.0,,,,Mississippi,College Stats,OherMi20,2009.0,11.0
1.0,24.0,ATL,Peria Jerry,DT,25.0,2013.0,0.0,0.0,2.0,13.0,13.0,64.0,0.0,0.0,0.0,0.0,0.0,0.0,0.0,0.0,0.0,0.0,0.0,51.0,,5.5,Mississippi,College Stats,JerrPe99,2009.0,-38.904761904761905
1.0,25.0,MIA,Vontae Davis,DB,21.0,2018.0,0.0,2.0,8.0,45.0,12.0,121.0,0.0,0.0,0.0,0.0,0.0,0.0,0.0,0.0,0.0,0.0,0.0,344.0,22.0,2.0,Illinois,College Stats,DaviVo99,2009.0,9.714285714285715
1.0,26.0,GNB,Clay Matthews,LB,23.0,2019.0,1.0,6.0,10.0,77.0,75.0,156.0,0.0,0.0,0.0,0.0,0.0,0.0,0.0,0.0,0.0,0.0,0.0,383.0,6.0,91.5,USC,College Stats,MattCl99,2009.0,48.523809523809526
1.0,27.0,IND,Donald Brown,RB,22.0,2015.0,0.0,0.0,1.0,25.0,21.0,89.0,0.0,0.0,0.0,0.0,0.0,695.0,2829.0,18.0,120.0,1066.0,2.0,9.0,,,Connecticut,College Stats,BrowDo00,2009.0,-17.285714285714285
1.0,28.0,BUF,Eric Wood,C,23.0,2017.0,0.0,1.0,9.0,47.0,47.0,120.0,0.0,0.0,0.0,0.0,0.0,0.0,0.0,0.0,0.0,0.0,0.0,,,,Louisville,College Stats,WoodEr20,2009.0,15.571428571428573
1.0,29.0,NYG,Hakeem Nicks,WR,21.0,2015.0,0.0,0.0,4.0,40.0,37.0,92.0,0.0,0.0,0.0,0.0,0.0,2.0,8.0,0.0,356.0,5081.0,31.0,,,,North Carolina,College Stats,NickHa01,2009.0,10.142857142857142
1.0,30.0,TEN,Kenny Britt,WR,20.0,2017.0,0.0,0.0,5.0,35.0,20.0,116.0,0.0,0.0,0.0,0.0,0.0,2.0,14.0,0.0,329.0,5137.0,32.0,,,,Rutgers,College Stats,BritKe00,2009.0,-0.1904761904761898
1.0,31.0,ARI,Beanie Wells,RB,21.0,2012.0,0.0,0.0,2.0,14.0,14.0,51.0,0.0,0.0,0.0,0.0,0.0,625.0,2471.0,24.0,28.0,293.0,0.0,3.0,,,Ohio St.,College Stats,WellCh00,2009.0,-20.523809523809526
1.0,32.0,PIT,Evander Hood,DE,22.0,2018.0,0.0,0.0,5.0,38.0,27.0,142.0,0.0,0.0,0.0,0.0,0.0,0.0,0.0,0.0,0.0,0.0,0.0,141.0,,14.0,Missouri,College Stats,HoodEv99,2009.0,-3.904761904761905
2.0,33.0,DET,Louis Delmas,DB,22.0,2014.0,0.0,0.0,6.0,25.0,22.0,78.0,0.0,0.0,0.0,0.0,0.0,0.0,0.0,0.0,0.0,0.0,0.0,290.0,7.0,6.0,Western Michigan,College Stats,DelmLo99,2009.0,-9.23809523809524
2.0,34.0,NWE,Patrick Chung,DB,22.0,2019.0,0.0,0.0,10.0,38.0,35.0,153.0,0.0,0.0,0.0,0.0,0.0,0.0,0.0,0.0,0.0,0.0,0.0,521.0,11.0,4.5,Oregon,College Stats,ChunPa99,2009.0,0.4761904761904745
2.0,35.0,STL,James Laurinaitis,LB,22.0,2016.0,0.0,0.0,7.0,51.0,51.0,117.0,0.0,0.0,0.0,0.0,0.0,0.0,0.0,0.0,0.0,0.0,0.0,664.0,10.0,16.5,Ohio St.,College Stats,LaurJa99,2009.0,11.952380952380949
2.0,36.0,CLE,Brian Robiskie,WR,21.0,2013.0,0.0,0.0,1.0,3.0,3.0,38.0,0.0,0.0,0.0,0.0,0.0,0.0,0.0,0.0,43.0,485.0,4.0,3.0,,,Ohio St.,College Stats,RobiBr00,2009.0,-37.57142857142857
2.0,37.0,DEN,Alphonso Smith,DB,23.0,2012.0,0.0,0.0,1.0,8.0,1.0,42.0,0.0,0.0,0.0,0.0,0.0,0.0,0.0,0.0,0.0,0.0,0.0,70.0,8.0,,Wake Forest,College Stats,SmitAl98,2009.0,-27.42857142857143
2.0,38.0,CIN,Rey Maualuga,LB,22.0,2017.0,0.0,0.0,9.0,49.0,47.0,120.0,0.0,0.0,0.0,0.0,0.0,0.0,0.0,0.0,0.0,0.0,0.0,357.0,7.0,4.0,USC,College Stats,MauaRe99,2009.0,24.142857142857142
2.0,39.0,JAX,Eben Britton,T,21.0,2014.0,0.0,0.0,1.0,17.0,13.0,60.0,0.0,0.0,0.0,0.0,0.0,0.0,0.0,0.0,0.0,0.0,0.0,,,,Arizona,College Stats,BritEb20,2009.0,-15.714285714285715
2.0,40.0,NWE,Ron Brace,DT,22.0,2012.0,0.0,0.0,1.0,6.0,6.0,39.0,0.0,0.0,0.0,0.0,0.0,0.0,0.0,0.0,0.0,0.0,0.0,24.0,,,Boston Col.,College Stats,BracRo99,2009.0,-17.428571428571427
2.0,41.0,NWE,Darius Butler,DB,23.0,2017.0,0.0,0.0,0.0,22.0,5.0,124.0,0.0,0.0,0.0,0.0,0.0,0.0,0.0,0.0,0.0,0.0,0.0,278.0,15.0,,Connecticut,College Stats,ButlDa99,2009.0,-6.714285714285715
2.0,42.0,BUF,Jairus Byrd,DB,22.0,2017.0,0.0,3.0,7.0,38.0,31.0,118.0,0.0,0.0,0.0,0.0,0.0,0.0,0.0,0.0,0.0,0.0,0.0,379.0,25.0,4.0,Oregon,College Stats,ByrdJa99,2009.0,9.38095238095238
2.0,43.0,CAR,Everette Brown,DE,22.0,2014.0,0.0,0.0,0.0,6.0,5.0,44.0,0.0,0.0,0.0,0.0,0.0,0.0,0.0,0.0,0.0,0.0,0.0,48.0,1.0,7.0,Florida St.,College Stats,BrowEv99,2009.0,-17.095238095238095
2.0,44.0,MIA,Pat White,QB,23.0,2009.0,0.0,0.0,0.0,1.0,1.0,13.0,0.0,5.0,0.0,0.0,0.0,21.0,81.0,0.0,0.0,0.0,0.0,,,,West Virginia,College Stats,WhitPa01,2009.0,-27.0
2.0,45.0,NYG,Clint Sintim,LB,23.0,2010.0,0.0,0.0,0.0,2.0,2.0,24.0,0.0,0.0,0.0,0.0,0.0,0.0,0.0,0.0,0.0,0.0,0.0,21.0,,1.0,Virginia,College Stats,SintCl99,2009.0,-24.80952380952381
2.0,46.0,HOU,Connor Barwin,DE,22.0,2018.0,0.0,1.0,7.0,51.0,16.0,142.0,0.0,0.0,0.0,0.0,0.0,0.0,0.0,0.0,0.0,0.0,0.0,269.0,1.0,56.5,Cincinnati,College Stats,BarwCo99,2009.0,22.38095238095238
2.0,47.0,OAK,Mike Mitchell,DB,22.0,2018.0,0.0,0.0,5.0,33.0,4.0,145.0,0.0,0.0,0.0,0.0,0.0,0.0,0.0,0.0,0.0,0.0,0.0,379.0,11.0,7.5,Ohio,College Stats,MitcMi99,2009.0,-0.047619047619051
2.0,48.0,DEN,Darcel McBath,DB,23.0,2012.0,0.0,0.0,0.0,3.0,2.0,37.0,0.0,0.0,0.0,0.0,0.0,0.0,0.0,0.0,0.0,0.0,0.0,44.0,2.0,,Texas Tech,College Stats,McBaDa99,2009.0,-25.80952380952381
2.0,49.0,SEA,Max Unger,C,23.0,2018.0,1.0,3.0,9.0,69.0,34.0,130.0,0.0,0.0,0.0,0.0,0.0,0.0,0.0,0.0,0.0,0.0,0.0,,,,Oregon,College Stats,UngeMa20,2009.0,45.4
2.0,50.0,CLE,Mohamed Massaquoi,WR,22.0,2012.0,0.0,0.0,3.0,11.0,11.0,54.0,1.0,1.0,29.0,1.0,0.0,2.0,-6.0,0.0,118.0,1745.0,7.0,,,,Georgia,College Stats,MassMo00,2009.0,-17.714285714285715
2.0,51.0,BUF,Andy Levitre,G,23.0,2018.0,0.0,0.0,9.0,55.0,22.0,143.0,0.0,0.0,0.0,0.0,0.0,0.0,0.0,0.0,0.0,0.0,0.0,,,,Oregon St.,College Stats,LeviAn20,2009.0,29.157894736842106
2.0,52.0,CLE,David Veikune,LB,23.0,2010.0,0.0,0.0,0.0,1.0,1.0,14.0,0.0,0.0,0.0,0.0,0.0,0.0,0.0,0.0,0.0,0.0,0.0,3.0,,,Hawaii,College Stats,VeikDa99,2009.0,-22.666666666666668
2.0,53.0,PHI,LeSean McCoy,RB,21.0,2020.0,2.0,6.0,10.0,83.0,50.0,170.0,0.0,0.0,0.0,0.0,0.0,2457.0,11102.0,73.0,518.0,3898.0,16.0,,,,Pittsburgh,College Stats,McCoLe01,2009.0,56.85714285714286
2.0,54.0,MIN,Phil Loadholt,T,23.0,2014.0,0.0,0.0,6.0,36.0,36.0,89.0,0.0,0.0,0.0,0.0,0.0,0.0,0.0,0.0,0.0,0.0,0.0,,,,Oklahoma,College Stats,LoadPh20,2009.0,13.095238095238095
2.0,55.0,ATL,William Moore,DB,24.0,2015.0,0.0,1.0,5.0,30.0,30.0,76.0,0.0,0.0,0.0,0.0,0.0,0.0,0.0,0.0,0.0,0.0,0.0,276.0,16.0,3.5,Missouri,College Stats,MoorWi99,2009.0,-3.047619047619051
2.0,56.0,IND,Fili Moala,DT,24.0,2013.0,0.0,0.0,3.0,19.0,19.0,64.0,0.0,0.0,0.0,0.0,0.0,0.0,0.0,0.0,0.0,0.0,0.0,49.0,,3.5,USC,College Stats,MoalFi99,2009.0,-1.5789473684210513
2.0,57.0,BAL,Paul Kruger,DE,23.0,2016.0,0.0,0.0,4.0,29.0,7.0,114.0,0.0,0.0,0.0,0.0,0.0,0.0,0.0,0.0,0.0,0.0,0.0,145.0,2.0,35.0,Utah,College Stats,KrugPa99,2009.0,6.19047619047619
2.0,58.0,NWE,Sebastian Vollmer,T,25.0,2015.0,0.0,0.0,5.0,52.0,52.0,88.0,0.0,0.0,0.0,0.0,0.0,0.0,0.0,0.0,0.0,0.0,0.0,,,,Houston,College Stats,VollSe20,2009.0,27.476190476190474
2.0,59.0,CAR,Sherrod Martin,DB,24.0,2015.0,0.0,0.0,2.0,16.0,13.0,84.0,0.0,0.0,0.0,0.0,0.0,0.0,0.0,0.0,0.0,0.0,0.0,162.0,8.0,,Troy,College Stats,MartSh99,2009.0,-5.904761904761905
2.0,60.0,NYG,Will Beatty,T,24.0,2017.0,0.0,0.0,4.0,30.0,30.0,89.0,0.0,0.0,0.0,0.0,0.0,0.0,0.0,0.0,0.0,0.0,0.0,,,,Connecticut,College Stats,BeatWi20,2009.0,4.904761904761905
2.0,61.0,MIA,Sean Smith,DB,22.0,2017.0,0.0,0.0,8.0,38.0,20.0,137.0,0.0,0.0,0.0,0.0,0.0,0.0,0.0,0.0,0.0,0.0,0.0,375.0,14.0,,Utah,College Stats,SmitSe99,2009.0,9.142857142857142
2.0,62.0,TEN,Sen'Derrick Marks,DT,22.0,2016.0,0.0,0.0,4.0,27.0,11.0,103.0,0.0,0.0,0.0,0.0,0.0,0.0,0.0,0.0,0.0,0.0,0.0,150.0,1.0,19.0,Auburn,College Stats,MarkSe99,2009.0,1.25
2.0,63.0,ARI,Cody Brown,LB,22.0,,0.0,0.0,0.0,,,,,,,,,,,,,,,,,,Connecticut,College Stats,BrowCo96,2009.0,
2.0,64.0,DEN,Richard Quinn,TE,23.0,2011.0,0.0,0.0,0.0,0.0,0.0,30.0,0.0,0.0,0.0,0.0,0.0,0.0,0.0,0.0,1.0,9.0,0.0,7.0,,,North Carolina,College Stats,QuinRi00,2009.0,-29.904761904761905
3.0,65.0,NYJ,Shonn Greene,RB,24.0,2014.0,0.0,0.0,2.0,23.0,20.0,85.0,0.0,0.0,0.0,0.0,0.0,993.0,4110.0,24.0,72.0,534.0,0.0,,,,Iowa,College Stats,GreeSh00,2009.0,-2.8999999999999986
3.0,66.0,STL,Bradley Fletcher,DB,23.0,2015.0,0.0,0.0,3.0,24.0,13.0,73.0,0.0,0.0,0.0,0.0,0.0,0.0,0.0,0.0,0.0,0.0,0.0,258.0,8.0,1.0,Iowa,College Stats,FletBr99,2009.0,-1.4761904761904745
3.0,67.0,KAN,Alex Magee,DE,22.0,2010.0,0.0,0.0,0.0,2.0,1.0,25.0,0.0,0.0,0.0,0.0,0.0,0.0,0.0,0.0,0.0,0.0,0.0,14.0,,4.0,Purdue,College Stats,MageAl99,2009.0,-16.95
3.0,68.0,CHI,Jarron Gilbert,DT,22.0,2010.0,0.0,0.0,0.0,0.0,0.0,5.0,0.0,0.0,0.0,0.0,0.0,0.0,0.0,0.0,0.0,0.0,0.0,2.0,,,San Jose St.,College Stats,GilbJa99,2009.0,-16.476190476190474
3.0,69.0,DAL,Jason Williams,LB,23.0,2014.0,0.0,0.0,0.0,4.0,0.0,60.0,0.0,0.0,0.0,0.0,0.0,0.0,0.0,0.0,0.0,0.0,0.0,46.0,,,Western Illinois,,WillJa95,2009.0,-22.571428571428573
3.0,70.0,CIN,Michael Johnson,DE,22.0,2018.0,0.0,0.0,8.0,54.0,50.0,155.0,0.0,0.0,0.0,0.0,0.0,0.0,0.0,0.0,0.0,0.0,0.0,268.0,4.0,44.5,Georgia Tech,College Stats,JohnMi98,2009.0,31.095238095238095
3.0,71.0,OAK,Matt Shaughnessy,DE,22.0,2014.0,0.0,0.0,3.0,22.0,13.0,75.0,0.0,0.0,0.0,0.0,0.0,0.0,0.0,0.0,0.0,0.0,0.0,143.0,,18.5,Wisconsin,College Stats,ShauMa99,2009.0,-5.857142857142858
3.0,72.0,JAX,Terrance Knighton,DT,23.0,2015.0,0.0,0.0,6.0,37.0,18.0,108.0,0.0,0.0,0.0,0.0,0.0,0.0,0.0,0.0,0.0,0.0,0.0,148.0,2.0,14.0,Temple,College Stats,KnigTe99,2009.0,18.4
3.0,73.0,JAX,Derek Cox,DB,22.0,2013.0,0.0,0.0,4.0,20.0,17.0,63.0,0.0,0.0,0.0,0.0,0.0,0.0,0.0,0.0,0.0,0.0,0.0,204.0,13.0,,William & Mary,,CoxxDe99,2009.0,-4.5238095238095255
3.0,74.0,SFO,Glen Coffee,RB,22.0,2009.0,0.0,0.0,0.0,2.0,2.0,14.0,0.0,0.0,0.0,0.0,0.0,83.0,226.0,1.0,11.0,76.0,0.0,7.0,,,Alabama,College Stats,CoffGl00,2009.0,-16.428571428571427
3.0,75.0,DAL,Robert Brewster,T,23.0,2010.0,0.0,0.0,0.0,0.0,0.0,1.0,0.0,0.0,0.0,0.0,0.0,0.0,0.0,0.0,0.0,0.0,0.0,,,,Ball St.,,BrewRo20,2009.0,-23.45
3.0,76.0,DET,DeAndre Levy,LB,22.0,2016.0,0.0,0.0,6.0,45.0,45.0,95.0,0.0,0.0,0.0,0.0,0.0,0.0,0.0,0.0,0.0,0.0,0.0,459.0,12.0,3.5,Wisconsin,College Stats,LevyDe99,2009.0,23.65
3.0,77.0,HOU,Antoine Caldwell,G,23.0,2012.0,0.0,0.0,0.0,11.0,11.0,39.0,0.0,0.0,0.0,0.0,0.0,0.0,0.0,0.0,0.0,0.0,0.0,,,,Alabama,College Stats,CaldAn20,2009.0,-7.9523809523809526
3.0,78.0,SDG,Louis Vasquez,G,22.0,2015.0,1.0,1.0,7.0,59.0,25.0,102.0,0.0,0.0,0.0,0.0,0.0,0.0,0.0,0.0,0.0,0.0,0.0,,,,Texas Tech,College Stats,VasqLo20,2009.0,33.14285714285714
3.0,79.0,PIT,Kraig Urbik,T,23.0,2016.0,0.0,0.0,4.0,27.0,,100.0,0.0,0.0,0.0,0.0,0.0,0.0,0.0,0.0,0.0,0.0,0.0,,,,Wisconsin,College Stats,UrbiKr20,2009.0,10.3
3.0,80.0,WAS,Kevin Barnes,DB,22.0,2012.0,0.0,0.0,0.0,3.0,3.0,31.0,0.0,0.0,0.0,0.0,0.0,0.0,0.0,0.0,0.0,0.0,0.0,40.0,3.0,,Maryland,College Stats,BarnKe99,2009.0,-8.238095238095237
3.0,81.0,TAM,Roy Miller,DT,22.0,2017.0,0.0,0.0,5.0,33.0,15.0,119.0,0.0,0.0,0.0,0.0,0.0,0.0,0.0,0.0,0.0,0.0,0.0,169.0,,8.0,Texas,College Stats,MillRo99,2009.0,8.0
3.0,82.0,DET,Derrick Williams,WR,23.0,2010.0,0.0,0.0,0.0,0.0,0.0,18.0,0.0,0.0,0.0,0.0,0.0,1.0,4.0,0.0,9.0,82.0,0.0,1.0,,,Penn St.,College Stats,WillDe05,2009.0,-13.45
3.0,83.0,NWE,Brandon Tate,WR,21.0,2018.0,0.0,0.0,1.0,16.0,8.0,127.0,0.0,0.0,0.0,0.0,0.0,13.0,142.0,0.0,71.0,1099.0,7.0,3.0,,,North Carolina,College Stats,TateBr00,2009.0,-7.761904761904763
3.0,84.0,PIT,Mike Wallace,WR,23.0,2018.0,0.0,1.0,8.0,57.0,32.0,144.0,0.0,1.0,0.0,0.0,0.0,34.0,241.0,0.0,538.0,8072.0,57.0,1.0,,,Mississippi,College Stats,WallMi00,2009.0,31.571428571428573
3.0,85.0,NYG,Ramses Barden,WR,23.0,2012.0,0.0,0.0,0.0,5.0,5.0,29.0,0.0,0.0,0.0,0.0,0.0,0.0,0.0,0.0,29.0,394.0,0.0,,,,Cal Poly-San Luis Obispo,,BardRa00,2009.0,-7.0
3.0,86.0,MIN,Asher Allen,DB,21.0,2011.0,0.0,0.0,2.0,8.0,8.0,36.0,0.0,0.0,0.0,0.0,0.0,0.0,0.0,0.0,0.0,0.0,0.0,111.0,4.0,1.0,Georgia,College Stats,AlleAs99,2009.0,-12.0
3.0,87.0,MIA,Patrick Turner,WR,22.0,2012.0,0.0,0.0,0.0,1.0,0.0,24.0,0.0,0.0,0.0,0.0,0.0,0.0,0.0,0.0,10.0,122.0,1.0,4.0,,,USC,College Stats,TurnPa00,2009.0,-10.476190476190476
3.0,88.0,BAL,Lardarius Webb,DB,23.0,2017.0,0.0,0.0,5.0,36.0,36.0,127.0,0.0,0.0,0.0,0.0,0.0,0.0,0.0,0.0,0.0,0.0,0.0,400.0,15.0,5.0,Nicholls St.,,WebbLa99,2009.0,15.80952380952381
3.0,89.0,TEN,Jared Cook,TE,22.0,2021.0,0.0,2.0,5.0,48.0,10.0,194.0,0.0,0.0,0.0,0.0,0.0,1.0,0.0,0.0,553.0,7237.0,45.0,8.0,,,South Carolina,College Stats,CookJa02,2009.0,29.0
3.0,90.0,ATL,Chris Owens,DB,22.0,2015.0,0.0,0.0,1.0,11.0,7.0,87.0,0.0,0.0,0.0,0.0,0.0,0.0,0.0,0.0,0.0,0.0,0.0,173.0,3.0,4.0,San Jose St.,College Stats,OwenCh99,2009.0,-3.1428571428571423
3.0,91.0,SEA,Deon Butler,WR,23.0,2012.0,0.0,0.0,1.0,4.0,4.0,35.0,0.0,0.0,0.0,0.0,0.0,2.0,6.0,0.0,57.0,611.0,4.0,4.0,,,Penn St.,College Stats,ButlDe00,2009.0,-21.7
3.0,92.0,IND,Jerraud Powers,DB,22.0,2016.0,0.0,0.0,7.0,30.0,13.0,100.0,0.0,0.0,0.0,0.0,0.0,0.0,0.0,0.0,0.0,0.0,0.0,345.0,13.0,3.0,Auburn,College Stats,PoweJe99,2009.0,5.199999999999999
3.0,93.0,CAR,Corvey Irvin,DT,24.0,2013.0,0.0,0.0,0.0,1.0,0.0,24.0,0.0,0.0,0.0,0.0,0.0,0.0,0.0,0.0,0.0,0.0,0.0,9.0,,,Georgia,College Stats,IrviCo99,2009.0,-11.19047619047619
3.0,94.0,TEN,Ryan Mouton,DB,22.0,2012.0,0.0,0.0,0.0,4.0,4.0,36.0,0.0,0.0,0.0,0.0,0.0,0.0,0.0,0.0,0.0,0.0,0.0,60.0,,,Hawaii,College Stats,MoutRy99,2009.0,-15.850000000000001
3.0,95.0,ARI,Rashad Johnson,DB,23.0,2016.0,0.0,0.0,4.0,25.0,23.0,114.0,0.0,0.0,0.0,0.0,0.0,2.0,64.0,0.0,0.0,0.0,0.0,307.0,15.0,1.0,Alabama,College Stats,JohnRa98,2009.0,9.210526315789474
3.0,96.0,PIT,Keenan Lewis,DB,23.0,2015.0,0.0,0.0,3.0,22.0,11.0,83.0,0.0,0.0,0.0,0.0,0.0,0.0,0.0,0.0,0.0,0.0,0.0,177.0,7.0,,Oregon St.,College Stats,LewiKe96,2009.0,8.380952380952381
3.0,97.0,NWE,Tyrone McKenzie,LB,23.0,2012.0,0.0,0.0,0.0,1.0,,19.0,0.0,0.0,0.0,0.0,0.0,0.0,0.0,0.0,0.0,0.0,0.0,17.0,,,South Florida,College Stats,McKeTy99,2009.0,-11.857142857142858
3.0,98.0,CIN,Chase Coffman,TE,22.0,2016.0,0.0,0.0,0.0,0.0,0.0,39.0,0.0,0.0,0.0,0.0,0.0,0.0,0.0,0.0,18.0,177.0,2.0,,,,Missouri,College Stats,CoffCh00,2009.0,-21.047619047619047
3.0,99.0,CHI,Juaquin Iglesias,WR,22.0,2009.0,0.0,0.0,0.0,0.0,0.0,1.0,0.0,0.0,0.0,0.0,0.0,0.0,0.0,0.0,0.0,0.0,0.0,1.0,,,Oklahoma,College Stats,IgleJu00,2009.0,-17.857142857142858
3.0,100.0,NYG,Travis Beckum,TE,22.0,2012.0,0.0,0.0,0.0,2.0,2.0,48.0,0.0,0.0,0.0,0.0,0.0,0.0,0.0,0.0,26.0,264.0,3.0,5.0,,,Wisconsin,College Stats,BeckTr00,2009.0,-17.4
4.0,101.0,DAL,Stephen McGee,QB,23.0,2011.0,0.0,0.0,0.0,2.0,2.0,3.0,46.0,82.0,420.0,3.0,0.0,17.0,102.0,0.0,0.0,0.0,0.0,,,,Texas A&M,College Stats,McGeSt00,2009.0,-10.2
4.0,102.0,KAN,Donald Washington,DB,23.0,2011.0,0.0,0.0,0.0,4.0,4.0,32.0,0.0,0.0,0.0,0.0,0.0,0.0,0.0,0.0,0.0,0.0,0.0,40.0,,,Ohio St.,College Stats,WashDo98,2009.0,-16.428571428571427
4.0,103.0,STL,Darell Scott,DT,23.0,2011.0,0.0,0.0,0.0,5.0,5.0,33.0,0.0,0.0,0.0,0.0,0.0,0.0,0.0,0.0,0.0,0.0,0.0,43.0,,,Clemson,,ScotDo99,2009.0,-11.61904761904762
4.0,104.0,CLE,Kaluka Maiava,LB,22.0,2014.0,0.0,0.0,1.0,13.0,12.0,63.0,0.0,0.0,0.0,0.0,0.0,0.0,0.0,0.0,0.0,0.0,0.0,117.0,,4.5,USC,College Stats,MaiaKa99,2009.0,-1.5
4.0,105.0,CHI,Henry Melton,DE,22.0,2015.0,0.0,1.0,2.0,25.0,21.0,80.0,0.0,0.0,0.0,0.0,0.0,0.0,0.0,0.0,0.0,0.0,0.0,95.0,,22.5,Texas,College Stats,MeltHe99,2009.0,7.600000000000001
4.0,106.0,CIN,Jonathan Luigs,C,23.0,2009.0,0.0,0.0,0.0,1.0,1.0,8.0,0.0,0.0,0.0,0.0,0.0,0.0,0.0,0.0,0.0,0.0,0.0,,,,Arkansas,College Stats,LuigJo20,2009.0,-14.142857142857142
4.0,107.0,JAX,Mike Thomas,WR,22.0,2012.0,0.0,0.0,2.0,21.0,20.0,61.0,0.0,0.0,0.0,0.0,0.0,34.0,268.0,0.0,176.0,1796.0,7.0,,,,Arizona,College Stats,ThomMi01,2009.0,11.761904761904763
4.0,108.0,MIA,Brian Hartline,WR,22.0,2015.0,0.0,0.0,5.0,32.0,30.0,104.0,0.0,0.0,0.0,0.0,0.0,7.0,65.0,1.0,344.0,4766.0,14.0,8.0,,,Ohio St.,College Stats,HartBr00,2009.0,9.421052631578949
4.0,109.0,GNB,T.J. Lang,T,21.0,2018.0,0.0,2.0,7.0,61.0,53.0,138.0,0.0,0.0,0.0,0.0,0.0,0.0,0.0,0.0,0.0,0.0,0.0,,,,Eastern Michigan,College Stats,LangT.20,2009.0,37.95238095238095
4.0,110.0,DAL,Victor Butler,LB,22.0,2014.0,0.0,0.0,0.0,6.0,6.0,65.0,0.0,0.0,0.0,0.0,0.0,0.0,0.0,0.0,0.0,0.0,0.0,70.0,,11.0,Oregon St.,College Stats,ButlVi99,2009.0,-4.238095238095237
4.0,111.0,CAR,Mike Goodson,RB,22.0,2013.0,0.0,0.0,0.0,7.0,4.0,42.0,0.0,0.0,0.0,0.0,0.0,167.0,783.0,3.0,61.0,543.0,1.0,4.0,,,Texas A&M,College Stats,GoodMi00,2009.0,-3.9523809523809526
4.0,112.0,HOU,Glover Quin,DB,23.0,2018.0,0.0,1.0,10.0,51.0,17.0,159.0,0.0,0.0,0.0,0.0,0.0,0.0,0.0,0.0,0.0,0.0,0.0,580.0,24.0,4.0,New Mexico,College Stats,QuinGl99,2009.0,32.15789473684211
4.0,113.0,SDG,Vaughn Martin,DT,23.0,2013.0,0.0,0.0,2.0,12.0,12.0,51.0,0.0,0.0,0.0,0.0,0.0,0.0,0.0,0.0,0.0,0.0,0.0,47.0,,3.0,Western Ontario,,MartVa99,2009.0,-4.0
4.0,114.0,DEN,David Bruton,DB,22.0,2016.0,0.0,0.0,0.0,10.0,9.0,108.0,0.0,0.0,0.0,0.0,0.0,2.0,48.0,0.0,0.0,0.0,0.0,152.0,3.0,2.0,Notre Dame,College Stats,BrutDa99,2009.0,-1.9473684210526319
4.0,115.0,DET,Sammie Lee Hill,DT,22.0,2015.0,0.0,0.0,3.0,21.0,9.0,97.0,0.0,0.0,0.0,0.0,0.0,0.0,0.0,0.0,0.0,0.0,0.0,101.0,,7.0,Stillman,,HillSa99,2009.0,11.263157894736842
4.0,116.0,NOR,Chip Vaughn,DB,23.0,2010.0,0.0,0.0,0.0,0.0,,3.0,0.0,0.0,0.0,0.0,0.0,0.0,0.0,0.0,0.0,0.0,0.0,1.0,,,Wake Forest,College Stats,VaugCh99,2009.0,-11.952380952380953
4.0,117.0,TAM,Kyle Moore,DE,22.0,2012.0,0.0,0.0,1.0,8.0,5.0,31.0,0.0,0.0,0.0,0.0,0.0,0.0,0.0,0.0,0.0,0.0,0.0,36.0,,3.0,USC,College Stats,MoorKy99,2009.0,-7.0
4.0,118.0,NOR,Stanley Arnoux,LB,22.0,2010.0,0.0,0.0,0.0,1.0,1.0,9.0,0.0,0.0,0.0,0.0,0.0,0.0,0.0,0.0,0.0,0.0,0.0,3.0,,,Wake Forest,College Stats,ArnoSt99,2009.0,-13.75
4.0,119.0,CHI,D.J. Moore,DB,22.0,2013.0,0.0,0.0,0.0,6.0,6.0,47.0,0.0,0.0,0.0,0.0,0.0,0.0,0.0,0.0,0.0,0.0,0.0,99.0,10.0,1.0,Vanderbilt,College Stats,MoorDJ99,2009.0,-9.666666666666666
4.0,120.0,DAL,Brandon Williams,DE,21.0,2010.0,0.0,0.0,0.0,0.0,0.0,6.0,0.0,0.0,0.0,0.0,0.0,0.0,0.0,0.0,0.0,0.0,0.0,4.0,,,Texas Tech,College Stats,WillBr95,2009.0,-19.25
4.0,121.0,BUF,Shawn Nelson,TE,23.0,2010.0,0.0,0.0,1.0,1.0,1.0,17.0,0.0,0.0,0.0,0.0,0.0,0.0,0.0,0.0,20.0,181.0,1.0,1.0,,,Southern Miss,College Stats,NelsSh00,2009.0,-7.157894736842104
4.0,122.0,HOU,Anthony Hill,TE,24.0,2011.0,0.0,0.0,0.0,0.0,0.0,12.0,0.0,0.0,0.0,0.0,0.0,0.0,0.0,0.0,3.0,19.0,0.0,,,,North Carolina St.,College Stats,HillAn00,2009.0,-15.842105263157896
4.0,123.0,NWE,Rich Ohrnberger,G,23.0,2014.0,0.0,0.0,1.0,8.0,0.0,39.0,0.0,0.0,0.0,0.0,0.0,0.0,0.0,0.0,0.0,0.0,0.0,,,,Penn St.,,OhrnRi20,2009.0,-5.699999999999999
4.0,124.0,OAK,Louis Murphy,WR,22.0,2017.0,0.0,0.0,1.0,19.0,11.0,95.0,0.0,0.0,0.0,0.0,0.0,14.0,146.0,1.0,170.0,2443.0,11.0,,,,Florida,College Stats,MurpLo00,2009.0,5.571428571428571
4.0,125.0,ATL,Lawrence Sidbury,DE,23.0,2015.0,0.0,0.0,0.0,5.0,5.0,50.0,0.0,0.0,0.0,0.0,0.0,0.0,0.0,0.0,0.0,0.0,0.0,15.0,,5.0,Richmond,,SidbLa99,2009.0,-9.578947368421053
4.0,126.0,OAK,Slade Norris,DE,23.0,2010.0,0.0,0.0,0.0,0.0,0.0,9.0,0.0,0.0,0.0,0.0,0.0,0.0,0.0,0.0,0.0,0.0,0.0,2.0,,,Oregon St.,College Stats,NorrSl99,2009.0,-24.35
4.0,127.0,IND,Austin Collie,WR,23.0,2013.0,0.0,0.0,0.0,18.0,17.0,49.0,0.0,0.0,0.0,0.0,0.0,2.0,1.0,0.0,179.0,1908.0,16.0,,,,BYU,College Stats,CollAu00,2009.0,9.15
4.0,128.0,CAR,Tony Fiammetta,RB,23.0,2014.0,0.0,0.0,2.0,1.0,0.0,51.0,0.0,0.0,0.0,0.0,0.0,11.0,26.0,0.0,12.0,130.0,0.0,4.0,,,Syracuse,College Stats,FiamTo00,2009.0,-17.6
4.0,129.0,NYG,Andre Brown,RB,22.0,2013.0,0.0,0.0,1.0,7.0,7.0,22.0,0.0,0.0,0.0,0.0,0.0,214.0,876.0,11.0,32.0,189.0,0.0,1.0,,,North Carolina St.,College Stats,BrowAn03,2009.0,-2.8499999999999996
4.0,130.0,TEN,Gerald McRath,LB,23.0,2011.0,0.0,0.0,1.0,7.0,7.0,40.0,0.0,0.0,0.0,0.0,0.0,0.0,0.0,0.0,0.0,0.0,0.0,87.0,1.0,1.5,Southern Miss,College Stats,McRaGe99,2009.0,-9.722222222222221
4.0,131.0,ARI,Greg Toler,DB,24.0,2016.0,0.0,0.0,4.0,21.0,7.0,88.0,0.0,0.0,0.0,0.0,0.0,0.0,0.0,0.0,0.0,0.0,0.0,243.0,8.0,2.0,St. Paul's,,ToleGr99,2009.0,7.210526315789474
4.0,132.0,DEN,Seth Olsen,G,23.0,2012.0,0.0,0.0,0.0,3.0,0.0,14.0,0.0,0.0,0.0,0.0,0.0,0.0,0.0,0.0,0.0,0.0,0.0,,,,Iowa,College Stats,OlseSe20,2009.0,-7.705882352941176
4.0,133.0,SDG,Tyronne Green,G,23.0,2012.0,0.0,0.0,2.0,15.0,15.0,41.0,0.0,0.0,0.0,0.0,0.0,0.0,0.0,0.0,0.0,0.0,0.0,,,,Auburn,College Stats,GreeTy20,2009.0,4.142857142857142
4.0,134.0,SDG,Gartrell Johnson,RB,23.0,2010.0,0.0,0.0,0.0,0.0,,19.0,0.0,0.0,0.0,0.0,0.0,23.0,79.0,0.0,3.0,6.0,0.0,3.0,,,Colorado St.,College Stats,JohnGa01,2009.0,-15.411764705882353
4.0,135.0,TEN,Troy Kropog,T,23.0,2012.0,0.0,0.0,0.0,0.0,0.0,7.0,0.0,0.0,0.0,0.0,0.0,0.0,0.0,0.0,0.0,0.0,0.0,,,,Tulane,College Stats,KropTr20,2009.0,-24.444444444444443
4.0,136.0,IND,Terrance Taylor,DT,,,0.0,0.0,0.0,,,,,,,,,,,,,,,,,,Michigan,College Stats,-9999,2009.0,
5.0,137.0,BAL,Jason Phillips,LB,23.0,2012.0,0.0,0.0,0.0,3.0,1.0,29.0,0.0,0.0,0.0,0.0,0.0,0.0,0.0,0.0,0.0,0.0,0.0,25.0,,,TCU,College Stats,PhilJa99,2009.0,-17.94736842105263
5.0,138.0,ATL,William Middleton,DB,23.0,2012.0,0.0,0.0,1.0,8.0,,49.0,0.0,0.0,0.0,0.0,0.0,0.0,0.0,0.0,0.0,0.0,0.0,108.0,2.0,1.0,Furman,,MiddWi98,2009.0,-5.421052631578947
5.0,139.0,KAN,Colin Brown,T,24.0,2013.0,0.0,0.0,0.0,3.0,,18.0,0.0,0.0,0.0,0.0,0.0,0.0,0.0,0.0,0.0,0.0,0.0,,,,Missouri,College Stats,BrowCo23,2009.0,-4.857142857142857
5.0,140.0,CHI,Johnny Knox,WR,22.0,2011.0,0.0,1.0,2.0,20.0,20.0,45.0,0.0,0.0,0.0,0.0,0.0,1.0,2.0,0.0,133.0,2214.0,12.0,1.0,,,Abilene Christian,,KnoxJo00,2009.0,8.523809523809524
5.0,141.0,DEN,Kenny McKinley,WR,22.0,2009.0,0.0,0.0,0.0,0.0,0.0,8.0,0.0,0.0,0.0,0.0,0.0,0.0,0.0,0.0,0.0,0.0,0.0,3.0,,,South Carolina,College Stats,McKiKe00,2009.0,-8.666666666666666
5.0,142.0,CIN,Kevin Huber,P,24.0,2022.0,0.0,1.0,1.0,23.0,23.0,216.0,0.0,0.0,0.0,0.0,0.0,3.0,-1.0,0.0,0.0,0.0,0.0,4.0,,,Cincinnati,College Stats,HubeKe20,2009.0,7.315789473684211
5.0,143.0,DAL,DeAngelo Smith,DB,23.0,2009.0,0.0,0.0,0.0,1.0,,7.0,0.0,0.0,0.0,0.0,0.0,0.0,0.0,0.0,0.0,0.0,0.0,10.0,,,Cincinnati,College Stats,SmitDe98,2009.0,-15.315789473684209
5.0,144.0,JAX,Jarett Dillard,WR,23.0,2011.0,0.0,0.0,0.0,4.0,4.0,21.0,0.0,0.0,0.0,0.0,0.0,0.0,0.0,0.0,35.0,398.0,1.0,,,,Rice,College Stats,DillJa00,2009.0,-7.050000000000001
5.0,145.0,GNB,Quinn Johnson,RB,22.0,2013.0,0.0,0.0,1.0,0.0,0.0,44.0,0.0,0.0,0.0,0.0,0.0,4.0,5.0,0.0,13.0,100.0,0.0,4.0,,,LSU,College Stats,JohnQu00,2009.0,-10.5
5.0,146.0,SFO,Scott McKillop,LB,23.0,2009.0,0.0,0.0,0.0,2.0,2.0,16.0,0.0,0.0,0.0,0.0,0.0,0.0,0.0,0.0,0.0,0.0,0.0,15.0,,,Pittsburgh,College Stats,McKiSc99,2009.0,-23.45
5.0,147.0,BUF,Nic Harris,LB,22.0,2010.0,0.0,0.0,0.0,5.0,2.0,30.0,0.0,0.0,0.0,0.0,0.0,0.0,0.0,0.0,0.0,0.0,0.0,50.0,,1.5,Oklahoma,College Stats,HarrNi99,2009.0,-5.375
5.0,148.0,SDG,Brandon Hughes,DB,23.0,2013.0,0.0,0.0,0.0,2.0,,31.0,0.0,0.0,0.0,0.0,0.0,0.0,0.0,0.0,0.0,0.0,0.0,28.0,,,Oregon St.,College Stats,HughBr99,2009.0,-5.421052631578948
5.0,149.0,BAL,Davon Drew,TE,23.0,,0.0,0.0,0.0,,,,,,,,,,,,,,,,,,East Carolina,College Stats,DrewDa00,2009.0,
5.0,150.0,MIN,Jasper Brinkley,LB,24.0,2015.0,0.0,0.0,3.0,21.0,16.0,94.0,0.0,0.0,0.0,0.0,0.0,0.0,0.0,0.0,0.0,0.0,0.0,234.0,,2.0,South Carolina,College Stats,BrinJa99,2009.0,12.263157894736842
5.0,151.0,NYG,Rhett Bomar,QB,24.0,,0.0,0.0,0.0,,,,,,,,,,,,,,,,,,Sam Houston St.,,BomaRh00,2009.0,
5.0,152.0,HOU,James Casey,TE,24.0,2015.0,0.0,0.0,1.0,7.0,7.0,95.0,0.0,0.0,0.0,0.0,0.0,2.0,17.0,0.0,72.0,842.0,6.0,37.0,,,Rice,College Stats,CaseJa00,2009.0,-2.125
5.0,153.0,PHI,Cornelius Ingram,TE,24.0,,0.0,0.0,0.0,,,,,,,,,,,,,,,,,,Florida,,IngrCo00,2009.0,
5.0,154.0,CHI,Marcus Freeman,LB,,,0.0,0.0,0.0,,,,,,,,,,,,,,,,,,Ohio St.,College Stats,-9999,2009.0,
5.0,155.0,TAM,Xavier Fulton,T,23.0,,0.0,0.0,0.0,,,,,,,,,,,,,,,,,,Illinois,,FultXa20,2009.0,
5.0,156.0,ATL,Garrett Reynolds,T,22.0,2016.0,0.0,0.0,2.0,18.0,13.0,68.0,0.0,0.0,0.0,0.0,0.0,0.0,0.0,0.0,0.0,0.0,0.0,,,,North Carolina,,ReynGa20,2009.0,8.88888888888889
5.0,157.0,PHI,Victor Harris,DB,23.0,2010.0,0.0,0.0,0.0,3.0,3.0,18.0,0.0,0.0,0.0,0.0,0.0,0.0,0.0,0.0,0.0,0.0,0.0,41.0,,,Virginia Tech,College Stats,HarrVi99,2009.0,-7.25
5.0,158.0,WAS,Cody Glenn,LB,22.0,2010.0,0.0,0.0,0.0,2.0,,19.0,0.0,0.0,0.0,0.0,0.0,0.0,0.0,0.0,0.0,0.0,0.0,19.0,,,Nebraska,College Stats,GlenCo99,2009.0,-4.5
5.0,159.0,PHI,Fenuki Tupou,T,24.0,,0.0,0.0,0.0,,,,,,,,,,,,,,,,,,Oregon,,TupoFe20,2009.0,
5.0,160.0,STL,Brooks Foster,WR,23.0,,0.0,0.0,0.0,,,,,,,,,,,,,,,,,,North Carolina,,FostBr00,2009.0,
5.0,161.0,MIA,John Nalbone,TE,23.0,2010.0,0.0,0.0,0.0,0.0,0.0,2.0,0.0,0.0,0.0,0.0,0.0,0.0,0.0,0.0,0.0,0.0,0.0,,,,Monmouth,,NalbJo00,2009.0,-12.166666666666666
5.0,162.0,GNB,Jamon Meredith,T,23.0,2015.0,0.0,0.0,2.0,14.0,,67.0,0.0,0.0,0.0,0.0,0.0,0.0,0.0,0.0,0.0,0.0,0.0,,,,South Carolina,College Stats,MereJa20,2009.0,7.823529411764706
5.0,163.0,CAR,Duke Robinson,G,22.0,,0.0,0.0,0.0,,,,,,,,,,,,,,,,,,Oklahoma,College Stats,RobiDu21,2009.0,
5.0,164.0,NOR,Thomas Morstead,P,23.0,2025.0,0.0,1.0,2.0,29.0,22.0,272.0,1.0,1.0,18.0,0.0,0.0,0.0,0.0,0.0,0.0,0.0,0.0,14.0,,,SMU,College Stats,MorsTh00,2009.0,16.95
5.0,165.0,MIA,Chris Clemons,DB,23.0,2015.0,0.0,0.0,3.0,20.0,19.0,80.0,0.0,0.0,0.0,0.0,0.0,1.0,3.0,0.0,0.0,0.0,0.0,212.0,4.0,1.5,Clemson,College Stats,ClemCh97,2009.0,6.65
5.0,166.0,DAL,Michael Hamlin,DB,23.0,2010.0,0.0,0.0,0.0,0.0,0.0,12.0,0.0,0.0,0.0,0.0,0.0,0.0,0.0,0.0,0.0,0.0,0.0,13.0,,,Clemson,College Stats,HamlMi99,2009.0,-13.666666666666666
5.0,167.0,ARI,Herman Johnson,T,24.0,,0.0,0.0,0.0,,,,,,,,,,,,,,,,,,LSU,College Stats,JohnHe23,2009.0,
5.0,168.0,PIT,Joe Burnett,DB,22.0,2009.0,0.0,0.0,0.0,1.0,1.0,15.0,0.0,0.0,0.0,0.0,0.0,0.0,0.0,0.0,0.0,0.0,0.0,12.0,,,Central Florida,College Stats,BurnJo99,2009.0,-11.055555555555555
5.0,169.0,PIT,Frank Summers,RB,24.0,2014.0,0.0,0.0,1.0,1.0,0.0,27.0,0.0,0.0,0.0,0.0,0.0,18.0,63.0,2.0,12.0,88.0,1.0,,,,UNLV,College Stats,SummFr00,2009.0,-10.5
5.0,170.0,NWE,George Bussey,T,24.0,,0.0,0.0,0.0,,,,,,,,,,,,,,,,,,Louisville,,BussGe21,2009.0,
5.0,171.0,SFO,Nate Davis,QB,22.0,,0.0,0.0,0.0,,,,,,,,,,,,,,,,,,Ball St.,,DaviNa00,2009.0,
5.0,172.0,DAL,David Buehler,K,22.0,2011.0,0.0,0.0,0.0,2.0,2.0,36.0,0.0,0.0,0.0,0.0,0.0,0.0,0.0,0.0,0.0,0.0,0.0,13.0,,,USC,College Stats,BuehDa44,2009.0,-5.5625
5.0,173.0,TEN,Javon Ringer,RB,22.0,2012.0,0.0,0.0,0.0,5.0,5.0,37.0,0.0,0.0,0.0,0.0,0.0,120.0,486.0,3.0,38.0,243.0,0.0,1.0,,,Michigan St.,College Stats,RingJa00,2009.0,-6.857142857142858
6.0,174.0,DEN,Tom Brandstater,QB,24.0,2011.0,0.0,0.0,0.0,0.0,,1.0,0.0,2.0,0.0,0.0,0.0,0.0,0.0,0.0,0.0,0.0,0.0,,,,Fresno St.,College Stats,BranTo00,2009.0,-12.235294117647058
6.0,175.0,KAN,Quinten Lawrence,WR,24.0,2009.0,0.0,0.0,0.0,0.0,0.0,6.0,0.0,0.0,0.0,0.0,0.0,2.0,42.0,0.0,1.0,9.0,0.0,3.0,,,McNeese St.,,LawrQu00,2009.0,-8.842105263157896
6.0,176.0,ATL,Spencer Adkins,LB,22.0,2011.0,0.0,0.0,0.0,2.0,2.0,24.0,0.0,0.0,0.0,0.0,0.0,0.0,0.0,0.0,0.0,0.0,0.0,12.0,,,Miami (FL),College Stats,AdkiSp99,2009.0,-4.052631578947368
6.0,177.0,CLE,Don Carey,DB,22.0,2018.0,0.0,0.0,1.0,12.0,,100.0,0.0,0.0,0.0,0.0,0.0,0.0,0.0,0.0,0.0,0.0,0.0,148.0,3.0,,Norfolk St.,,CareDo00,2009.0,1.473684210526315
6.0,178.0,SEA,Mike Teel,QB,23.0,,0.0,0.0,0.0,,,,,,,,,,,,,,,,,,Rutgers,College Stats,TeelMi00,2009.0,
6.0,179.0,CIN,Morgan Trent,DB,23.0,2011.0,0.0,0.0,0.0,4.0,2.0,36.0,0.0,0.0,0.0,0.0,0.0,0.0,0.0,0.0,0.0,0.0,0.0,54.0,3.0,1.0,Michigan,College Stats,TrenMo99,2009.0,-2.526315789473684
6.0,180.0,JAX,Zach Miller,TE,24.0,2017.0,0.0,0.0,2.0,12.0,4.0,66.0,0.0,0.0,0.0,0.0,0.0,3.0,12.0,0.0,146.0,1631.0,15.0,10.0,,,Nebraska-Omaha,,MillZa02,2009.0,2.3888888888888893
6.0,181.0,MIA,Andrew Gardner,T,23.0,2016.0,0.0,0.0,0.0,7.0,0.0,28.0,0.0,0.0,0.0,0.0,0.0,0.0,0.0,0.0,0.0,0.0,0.0,,,,Georgia Tech,,GardAn20,2009.0,-2.3684210526315788
6.0,182.0,GNB,Jarius Wynn,DE,23.0,2014.0,0.0,0.0,0.0,8.0,5.0,69.0,0.0,0.0,0.0,0.0,0.0,0.0,0.0,0.0,0.0,0.0,0.0,44.0,,10.5,Georgia,College Stats,WynnJa99,2009.0,-2.2777777777777786
6.0,183.0,BUF,Cary Harris,DB,22.0,2010.0,0.0,0.0,0.0,1.0,1.0,6.0,0.0,0.0,0.0,0.0,0.0,0.0,0.0,0.0,0.0,0.0,0.0,5.0,2.0,,USC,College Stats,HarrCa99,2009.0,-4.105263157894737
6.0,184.0,SFO,Bear Pascoe,TE,23.0,2015.0,0.0,0.0,2.0,3.0,,85.0,0.0,0.0,0.0,0.0,0.0,1.0,2.0,0.0,40.0,336.0,2.0,4.0,,,Fresno St.,College Stats,PascBe00,2009.0,-2.3157894736842106
6.0,185.0,BAL,Cedric Peerman,RB,22.0,2016.0,0.0,1.0,0.0,4.0,,92.0,0.0,0.0,0.0,0.0,0.0,70.0,349.0,1.0,13.0,123.0,0.0,61.0,,,Virginia,College Stats,PeerCe00,2009.0,0.0588235294117645
6.0,186.0,WAS,Robert Henson,LB,23.0,2009.0,0.0,0.0,0.0,0.0,0.0,6.0,0.0,0.0,0.0,0.0,0.0,0.0,0.0,0.0,0.0,0.0,0.0,3.0,,,TCU,College Stats,HensRo99,2009.0,-10.38888888888889
6.0,187.0,GNB,Brandon Underwood,DB,23.0,2010.0,0.0,0.0,0.0,2.0,2.0,23.0,0.0,0.0,0.0,0.0,0.0,0.0,0.0,0.0,0.0,0.0,0.0,15.0,,,Cincinnati,College Stats,UndeBr99,2009.0,-10.15
6.0,188.0,HOU,Brice McCain,DB,22.0,2017.0,0.0,0.0,2.0,18.0,6.0,132.0,0.0,0.0,0.0,0.0,0.0,0.0,0.0,0.0,0.0,0.0,0.0,193.0,11.0,0.5,Utah,College Stats,McCaBr99,2009.0,6.235294117647058
6.0,189.0,SDG,Kevin Ellison,LB,22.0,2009.0,0.0,0.0,1.0,4.0,4.0,13.0,0.0,0.0,0.0,0.0,0.0,0.0,0.0,0.0,0.0,0.0,0.0,43.0,,1.0,USC,College Stats,ElliKe98,2009.0,-4.4
6.0,190.0,CHI,Al Afalava,DB,22.0,2012.0,0.0,0.0,1.0,5.0,4.0,29.0,0.0,0.0,0.0,0.0,0.0,0.0,0.0,0.0,0.0,0.0,0.0,54.0,1.0,2.0,Oregon St.,College Stats,AfalAl99,2009.0,-4.611111111111111
6.0,191.0,CLE,Coye Francies,DB,22.0,2012.0,0.0,0.0,0.0,1.0,0.0,23.0,0.0,0.0,0.0,0.0,0.0,0.0,0.0,0.0,0.0,0.0,0.0,8.0,,,San Jose St.,College Stats,FranCo99,2009.0,-14.421052631578947
6.0,192.0,DET,Aaron Brown,RB,23.0,2011.0,0.0,0.0,0.0,2.0,2.0,22.0,0.0,0.0,0.0,0.0,0.0,45.0,189.0,0.0,18.0,138.0,1.0,,,,TCU,College Stats,BrowAa00,2009.0,-5.2
6.0,193.0,NYJ,Matt Slauson,G,23.0,2018.0,0.0,0.0,6.0,43.0,14.0,116.0,0.0,0.0,0.0,0.0,0.0,0.0,0.0,0.0,1.0,1.0,0.0,,,,Nebraska,,SlauMa20,2009.0,31.473684210526315
6.0,194.0,PHI,Brandon Gibson,WR,22.0,2014.0,0.0,0.0,3.0,17.0,0.0,76.0,0.0,0.0,0.0,0.0,0.0,5.0,44.0,0.0,233.0,2711.0,13.0,,,,Washington St.,College Stats,GibsBr00,2009.0,10.444444444444445
6.0,195.0,CLE,James Davis,RB,23.0,2010.0,0.0,0.0,0.0,1.0,0.0,9.0,0.0,0.0,0.0,0.0,0.0,28.0,75.0,0.0,8.0,50.0,0.0,,,,Clemson,College Stats,DaviJa03,2009.0,-12.764705882352942
6.0,196.0,STL,Keith Null,QB,23.0,2009.0,0.0,0.0,0.0,1.0,1.0,4.0,73.0,119.0,566.0,3.0,9.0,5.0,6.0,0.0,0.0,0.0,0.0,,,,West Texas A&M,,NullKe00,2009.0,-3.5
6.0,197.0,DAL,Stephen Hodge,DB,22.0,,0.0,0.0,0.0,,,,,,,,,,,,,,,,,,TCU,College Stats,HodgSt99,2009.0,
6.0,198.0,NWE,Jake Ingram,C,23.0,2010.0,0.0,0.0,0.0,1.0,1.0,25.0,0.0,0.0,0.0,0.0,0.0,0.0,0.0,0.0,0.0,0.0,0.0,,,,Hawaii,College Stats,IngrJa20,2009.0,-7.777777777777779
6.0,199.0,OAK,Stryker Sulak,DE,,,0.0,0.0,0.0,,,,,,,,,,,,,,,,,,Missouri,College Stats,-9999,2009.0,
6.0,200.0,NYG,DeAndre Wright,DB,23.0,,0.0,0.0,0.0,,,,,,,,,,,,,,,,,,New Mexico,College Stats,WrigDe99,2009.0,
6.0,201.0,IND,Curtis Painter,QB,24.0,2013.0,0.0,0.0,1.0,2.0,2.0,14.0,148.0,287.0,1681.0,6.0,13.0,23.0,109.0,0.0,0.0,0.0,0.0,,,,Purdue,College Stats,PainCu00,2009.0,-2.117647058823529
6.0,202.0,OAK,Brandon Myers,TE,24.0,2016.0,0.0,0.0,5.0,12.0,8.0,115.0,0.0,0.0,0.0,0.0,0.0,0.0,0.0,0.0,199.0,1954.0,9.0,16.0,,,Iowa,College Stats,MyerBr00,2009.0,6.888888888888889
6.0,203.0,TEN,Jason McCourty,DB,22.0,2021.0,0.0,0.0,9.0,45.0,30.0,173.0,0.0,0.0,0.0,0.0,0.0,0.0,0.0,0.0,0.0,0.0,0.0,598.0,18.0,1.0,Rutgers,College Stats,McCoJa99,2009.0,33.07692307692308
6.0,204.0,ARI,Will Davis,DE,23.0,2010.0,0.0,0.0,0.0,3.0,3.0,21.0,0.0,0.0,0.0,0.0,0.0,0.0,0.0,0.0,0.0,0.0,0.0,27.0,,3.0,Illinois,College Stats,DaviWi99,2009.0,-6.647058823529411
6.0,205.0,PIT,Ra'Shon Harris,DT,23.0,2009.0,0.0,0.0,0.0,0.0,,2.0,0.0,0.0,0.0,0.0,0.0,0.0,0.0,0.0,0.0,0.0,0.0,1.0,,,Oregon,College Stats,HarrRa99,2009.0,-10.529411764705882
6.0,206.0,TEN,Dominique Edison,WR,23.0,2009.0,0.0,0.0,0.0,0.0,0.0,5.0,0.0,0.0,0.0,0.0,0.0,0.0,0.0,0.0,0.0,0.0,0.0,,,,S.F. Austin,,EdisDo00,2009.0,-6.0
6.0,207.0,NWE,Myron Pryor,DT,23.0,2011.0,0.0,0.0,0.0,3.0,3.0,24.0,0.0,0.0,0.0,0.0,0.0,0.0,0.0,0.0,0.0,0.0,0.0,19.0,,1.0,Kentucky,College Stats,PryoMy99,2009.0,-10.882352941176471
6.0,208.0,DAL,John Phillips,TE,22.0,2018.0,0.0,0.0,1.0,2.0,2.0,120.0,0.0,0.0,0.0,0.0,0.0,0.0,0.0,0.0,58.0,428.0,5.0,30.0,,,Virginia,College Stats,PhilJo00,2009.0,-3.666666666666667
6.0,209.0,CIN,Bernard Scott,RB,25.0,2013.0,0.0,0.0,0.0,9.0,9.0,49.0,0.0,1.0,0.0,0.0,0.0,259.0,1049.0,4.0,31.0,175.0,0.0,3.0,,,Abilene Christian,,ScotBe00,2009.0,1.5714285714285712
7.0,210.0,ATL,Vance Walker,DT,22.0,2015.0,0.0,0.0,1.0,21.0,9.0,104.0,0.0,0.0,0.0,0.0,0.0,0.0,0.0,0.0,0.0,0.0,0.0,119.0,,12.0,Georgia Tech,College Stats,WalkVa99,2009.0,13.058823529411764
7.0,211.0,STL,Chris Ogbonnaya,RB,23.0,2014.0,0.0,0.0,1.0,7.0,0.0,53.0,0.0,0.0,0.0,0.0,0.0,158.0,710.0,2.0,96.0,714.0,2.0,8.0,,,Texas,College Stats,OgboCh00,2009.0,1.5999999999999996
7.0,212.0,KAN,Javarris Williams,RB,23.0,2009.0,0.0,0.0,0.0,0.0,0.0,4.0,0.0,0.0,0.0,0.0,0.0,6.0,6.0,0.0,0.0,0.0,0.0,,,,Tennessee St.,,WillJa05,2009.0,-4.25
7.0,213.0,PHI,Paul Fanaika,G,23.0,2014.0,0.0,0.0,2.0,13.0,,33.0,0.0,0.0,0.0,0.0,0.0,0.0,0.0,0.0,0.0,0.0,0.0,,,,Arizona St.,,FanaPa20,2009.0,5.0
7.0,214.0,MIA,J.D. Folsom,LB,25.0,2009.0,0.0,0.0,0.0,0.0,0.0,2.0,0.0,0.0,0.0,0.0,0.0,0.0,0.0,0.0,0.0,0.0,0.0,1.0,,,Weber St.,,FolsJ.99,2009.0,-7.0
7.0,215.0,CIN,Fui Vakapuna,RB,25.0,,0.0,0.0,0.0,,,,,,,,,,,,,,,,,,BYU,College Stats,VakaFu00,2009.0,
7.0,216.0,CAR,Captain Munnerlyn,DB,21.0,2018.0,0.0,0.0,4.0,35.0,24.0,154.0,0.0,0.0,0.0,0.0,0.0,0.0,0.0,0.0,0.0,0.0,0.0,421.0,12.0,10.0,South Carolina,College Stats,MunnCa99,2009.0,21.214285714285715
7.0,217.0,TAM,E.J. Biggers,DB,22.0,2015.0,0.0,0.0,1.0,13.0,9.0,92.0,0.0,0.0,0.0,0.0,0.0,0.0,0.0,0.0,0.0,0.0,0.0,231.0,4.0,1.0,Western Michigan,College Stats,BiggE.99,2009.0,5.764705882352941
7.0,218.0,GNB,Brad Jones,LB,23.0,2015.0,0.0,0.0,2.0,18.0,18.0,83.0,0.0,0.0,0.0,0.0,0.0,0.0,0.0,0.0,0.0,0.0,0.0,186.0,,10.0,Colorado,College Stats,JoneBr99,2009.0,8.133333333333333
7.0,219.0,SFO,Curtis Taylor,DB,24.0,2013.0,0.0,0.0,0.0,0.0,0.0,13.0,0.0,0.0,0.0,0.0,0.0,0.0,0.0,0.0,0.0,0.0,0.0,6.0,,,LSU,College Stats,TaylCu99,2009.0,-7.375
7.0,220.0,BUF,Ellis Lankster,DB,22.0,2014.0,0.0,0.0,0.0,5.0,1.0,49.0,0.0,0.0,0.0,0.0,0.0,0.0,0.0,0.0,0.0,0.0,0.0,62.0,2.0,1.0,West Virginia,College Stats,LankEl99,2009.0,-2.5882352941176467
7.0,221.0,WAS,Eddie Williams,RB,22.0,2011.0,0.0,0.0,0.0,0.0,,6.0,0.0,0.0,0.0,0.0,0.0,2.0,2.0,0.0,1.0,17.0,0.0,,,,Idaho,College Stats,WillEd00,2009.0,-7.714285714285714
7.0,222.0,IND,Pat McAfee,K,22.0,2016.0,1.0,2.0,0.0,18.0,18.0,127.0,1.0,2.0,35.0,0.0,0.0,2.0,18.0,0.0,0.0,0.0,0.0,21.0,,,West Virginia,College Stats,McAfPa44,2009.0,11.5
7.0,223.0,HOU,Troy Nolan,DB,23.0,2012.0,0.0,0.0,0.0,5.0,5.0,38.0,0.0,0.0,0.0,0.0,0.0,0.0,0.0,0.0,0.0,0.0,0.0,71.0,3.0,1.5,Arizona St.,College Stats,NolaTr99,2009.0,0.2142857142857144
7.0,224.0,SDG,Demetrius Byrd,WR,,,0.0,0.0,0.0,,,,,,,,,,,,,,,,,,LSU,College Stats,-9999,2009.0,
7.0,225.0,DEN,Blake Schlueter,C,23.0,,0.0,0.0,0.0,,,,,,,,,,,,,,,,,,TCU,,SchlBl20,2009.0,
7.0,226.0,PIT,A.Q. Shipley,C,23.0,2020.0,0.0,0.0,4.0,33.0,,110.0,0.0,0.0,0.0,0.0,0.0,0.0,0.0,0.0,0.0,0.0,0.0,,,,Penn St.,College Stats,ShipA.20,2009.0,25.823529411764707
7.0,227.0,DAL,Mike Mickens,DB,22.0,,0.0,0.0,0.0,,,,,,,,,,,,,,,,,,Cincinnati,College Stats,MickMi99,2009.0,
7.0,228.0,DET,Lydon Murtha,T,23.0,2010.0,0.0,0.0,0.0,2.0,,9.0,0.0,0.0,0.0,0.0,0.0,0.0,0.0,0.0,0.0,0.0,0.0,,,,Nebraska,College Stats,MurtLy20,2009.0,-3.333333333333333
7.0,229.0,DAL,Manuel Johnson,WR,22.0,2010.0,0.0,0.0,0.0,0.0,0.0,2.0,0.0,0.0,0.0,0.0,0.0,0.0,0.0,0.0,1.0,6.0,0.0,1.0,,,Oklahoma,College Stats,JohnMa04,2009.0,-6.055555555555555
7.0,230.0,PHI,Moise Fokou,LB,24.0,2014.0,0.0,0.0,2.0,18.0,10.0,73.0,0.0,0.0,0.0,0.0,0.0,0.0,0.0,0.0,0.0,0.0,0.0,179.0,,3.0,Maryland,College Stats,FokoMo99,2009.0,8.88888888888889
7.0,231.0,MIN,Jamarca Sanford,DB,24.0,2015.0,0.0,0.0,3.0,15.0,14.0,95.0,0.0,0.0,0.0,0.0,0.0,0.0,0.0,0.0,0.0,0.0,0.0,222.0,3.0,1.0,Mississippi,College Stats,SanfJa99,2009.0,11.875
7.0,232.0,NWE,Julian Edelman,WR,23.0,2020.0,0.0,0.0,7.0,61.0,61.0,137.0,6.0,6.0,128.0,1.0,0.0,58.0,413.0,0.0,620.0,6822.0,36.0,16.0,,,Kent St.,College Stats,EdelJu00,2009.0,54.1875
7.0,233.0,TAM,Sammie Stroughter,WR,23.0,2012.0,0.0,0.0,0.0,5.0,5.0,33.0,0.0,0.0,0.0,0.0,0.0,1.0,2.0,0.0,60.0,639.0,1.0,3.0,,,Oregon St.,College Stats,StroSa00,2009.0,-12.0
7.0,234.0,NWE,Darryl Richard,DT,23.0,,0.0,0.0,0.0,,,,,,,,,,,,,,,,,,Georgia Tech,College Stats,RichDa97,2009.0,
7.0,235.0,DET,Zack Follett,LB,22.0,2010.0,0.0,0.0,0.0,2.0,2.0,17.0,0.0,0.0,0.0,0.0,0.0,0.0,0.0,0.0,0.0,0.0,0.0,18.0,,,California,College Stats,FollZa99,2009.0,-7.875
7.0,236.0,IND,Jaimie Thomas,T,23.0,2010.0,0.0,0.0,0.0,1.0,1.0,8.0,0.0,0.0,0.0,0.0,0.0,0.0,0.0,0.0,0.0,0.0,0.0,,,,Maryland,College Stats,ThomJa22,2009.0,-1.8823529411764706
7.0,237.0,KAN,Jake O'Connell,TE,23.0,2012.0,0.0,0.0,0.0,0.0,0.0,35.0,0.0,0.0,0.0,0.0,0.0,0.0,0.0,0.0,15.0,108.0,0.0,2.0,,,Miami (OH),College Stats,OConJa00,2009.0,-2.6842105263157894
7.0,238.0,NYG,Stoney Woodson,DB,,,0.0,0.0,0.0,,,,,,,,,,,,,,,,,,South Carolina,College Stats,-9999,2009.0,
7.0,239.0,TEN,Ryan Durand,G,23.0,2010.0,0.0,0.0,0.0,0.0,0.0,1.0,0.0,0.0,0.0,0.0,0.0,0.0,0.0,0.0,0.0,0.0,0.0,,,,Syracuse,College Stats,DuraRy20,2009.0,-10.588235294117647
7.0,240.0,ARI,LaRod Stephens-Howling,RB,22.0,2013.0,0.0,0.0,0.0,9.0,9.0,58.0,0.0,0.0,0.0,0.0,0.0,188.0,670.0,5.0,58.0,545.0,3.0,25.0,,,Pittsburgh,College Stats,StepLa00,2009.0,2.666666666666667
7.0,241.0,PIT,David Johnson,TE,22.0,2016.0,0.0,0.0,1.0,3.0,3.0,98.0,0.0,0.0,0.0,0.0,0.0,2.0,4.0,0.0,31.0,304.0,1.0,,,,Arkansas St.,College Stats,JohnDa05,2009.0,-1.7857142857142856
7.0,242.0,TEN,Nick Schommer,DB,23.0,2010.0,0.0,0.0,0.0,1.0,1.0,13.0,0.0,0.0,0.0,0.0,0.0,0.0,0.0,0.0,0.0,0.0,0.0,3.0,,,North Dakota St.,,SchoNi99,2009.0,-8.38888888888889
7.0,243.0,WAS,Marko Mitchell,WR,24.0,2009.0,0.0,0.0,0.0,0.0,0.0,10.0,0.0,0.0,0.0,0.0,0.0,0.0,0.0,0.0,4.0,32.0,0.0,,,,Nevada,College Stats,MitcMa00,2009.0,-5.8
7.0,244.0,SFO,Ricky Jean-Francois,DT,22.0,2018.0,0.0,0.0,4.0,23.0,5.0,137.0,0.0,0.0,0.0,0.0,0.0,0.0,0.0,0.0,0.0,0.0,0.0,116.0,,14.0,LSU,College Stats,JeanRi99,2009.0,9.6875
7.0,245.0,SEA,Courtney Greene,DB,22.0,2011.0,0.0,0.0,1.0,5.0,,30.0,0.0,0.0,0.0,0.0,0.0,0.0,0.0,0.0,0.0,0.0,0.0,70.0,1.0,,Rutgers,College Stats,GreeCo99,2009.0,-1.333333333333333
7.0,246.0,CHI,Lance Louis,G,24.0,2015.0,0.0,0.0,2.0,18.0,12.0,61.0,0.0,0.0,0.0,0.0,0.0,0.0,0.0,0.0,1.0,4.0,0.0,,,,San Diego St.,College Stats,LouiLa20,2009.0,9.846153846153847
7.0,247.0,SEA,Nick Reed,DE,22.0,2011.0,0.0,0.0,0.0,3.0,2.0,26.0,0.0,0.0,0.0,0.0,0.0,0.0,0.0,0.0,0.0,0.0,0.0,14.0,,1.0,Oregon,College Stats,ReedNi99,2009.0,-0.7142857142857144
7.0,248.0,SEA,Cameron Morrah,TE,22.0,2011.0,0.0,0.0,0.0,2.0,2.0,27.0,0.0,0.0,0.0,0.0,0.0,1.0,1.0,0.0,16.0,194.0,0.0,2.0,,,California,College Stats,MorrCa00,2009.0,-9.642857142857142
7.0,249.0,CIN,Clinton McDonald,DT,22.0,2019.0,0.0,0.0,2.0,26.0,1.0,121.0,0.0,0.0,0.0,0.0,0.0,0.0,0.0,0.0,0.0,0.0,0.0,178.0,2.0,21.0,Memphis,College Stats,McDoCl99,2009.0,18.294117647058822
7.0,250.0,JAX,Rashad Jennings,RB,24.0,2016.0,0.0,0.0,5.0,31.0,9.0,93.0,0.0,0.0,0.0,0.0,0.0,930.0,3772.0,23.0,191.0,1469.0,2.0,2.0,,,Liberty,,JennRa00,2009.0,15.928571428571429
7.0,251.0,CHI,Derek Kinder,WR,,,0.0,0.0,0.0,,,,,,,,,,,,,,,,,,Pittsburgh,College Stats,-9999,2009.0,
7.0,252.0,CIN,Freddie Brown,WR,,,0.0,0.0,0.0,,,,,,,,,,,,,,,,,,Utah,College Stats,-9999,2009.0,
7.0,253.0,JAX,Tiquan Underwood,WR,22.0,2013.0,0.0,0.0,1.0,9.0,1.0,45.0,0.0,0.0,0.0,0.0,0.0,1.0,1.0,0.0,63.0,1006.0,6.0,2.0,,,Rutgers,College Stats,UndeTi00,2009.0,2.230769230769231
7.0,254.0,ARI,Trevor Canfield,G,23.0,,0.0,0.0,0.0,,,,,,,,,,,,,,,,,,Cincinnati,,CanfTr20,2009.0,
7.0,255.0,DET,Dan Gronkowski,TE,24.0,2011.0,0.0,0.0,0.0,1.0,0.0,21.0,0.0,0.0,0.0,0.0,0.0,0.0,0.0,0.0,9.0,69.0,0.0,4.0,,,Maryland,College Stats,GronDa00,2009.0,-11.666666666666666
7.0,256.0,KAN,Ryan Succop,K,22.0,2022.0,0.0,0.0,1.0,29.0,11.0,216.0,0.0,0.0,0.0,0.0,0.0,0.0,0.0,0.0,0.0,0.0,0.0,10.0,,,South Carolina,College Stats,SuccRy44,2009.0,22.8
1.0,1.0,STL,Sam Bradford,QB,22.0,2018.0,0.0,0.0,5.0,44.0,25.0,83.0,1855.0,2967.0,19449.0,103.0,61.0,146.0,340.0,2.0,1.0,5.0,0.0,,,,Oklahoma,College Stats,BradSa00,2010.0,-32.42857142857143
1.0,2.0,DET,Ndamukong Suh,DT,23.0,2022.0,3.0,5.0,12.0,100.0,59.0,199.0,0.0,0.0,0.0,0.0,0.0,0.0,0.0,0.0,0.0,0.0,0.0,392.0,1.0,71.5,Nebraska,College Stats,SuhxNd99,2010.0,46.523809523809526
1.0,3.0,TAM,Gerald McCoy,DT,22.0,2021.0,1.0,6.0,10.0,69.0,65.0,140.0,0.0,0.0,0.0,0.0,0.0,0.0,0.0,0.0,0.0,0.0,0.0,235.0,,59.5,Oklahoma,College Stats,McCoGe99,2010.0,16.714285714285715
1.0,4.0,WAS,Trent Williams,T,22.0,2025.0,3.0,12.0,14.0,109.0,47.0,204.0,0.0,0.0,0.0,0.0,0.0,0.0,0.0,0.0,0.0,0.0,0.0,1.0,,,Oklahoma,College Stats,WillTr21,2010.0,55.095238095238095
1.0,5.0,KAN,Eric Berry,DB,21.0,2018.0,3.0,5.0,5.0,50.0,50.0,89.0,0.0,0.0,0.0,0.0,0.0,0.0,0.0,0.0,0.0,0.0,0.0,377.0,14.0,5.5,Tennessee,College Stats,BerrEr99,2010.0,-5.4761904761904745
1.0,6.0,SEA,Russell Okung,T,21.0,2020.0,0.0,2.0,9.0,56.0,31.0,131.0,0.0,0.0,0.0,0.0,0.0,0.0,0.0,0.0,0.0,0.0,0.0,1.0,,,Oklahoma St.,College Stats,OkunRu20,2010.0,5.19047619047619
1.0,7.0,CLE,Joe Haden,DB,21.0,2021.0,0.0,3.0,10.0,62.0,39.0,158.0,0.0,0.0,0.0,0.0,0.0,0.0,0.0,0.0,0.0,0.0,0.0,504.0,29.0,3.0,Florida,College Stats,HadeJo99,2010.0,13.952380952380949
1.0,8.0,OAK,Rolando McClain,LB,21.0,2015.0,0.0,0.0,5.0,25.0,15.0,65.0,0.0,0.0,0.0,0.0,0.0,0.0,0.0,0.0,0.0,0.0,0.0,288.0,4.0,9.5,Alabama,College Stats,McClRo00,2010.0,-18.38095238095238
1.0,9.0,BUF,C.J. Spiller,RB,23.0,2017.0,0.0,1.0,3.0,34.0,32.0,90.0,0.0,0.0,0.0,0.0,0.0,712.0,3451.0,12.0,198.0,1484.0,9.0,2.0,,,Clemson,College Stats,SpilC.00,2010.0,-14.23809523809524
1.0,10.0,JAX,Tyson Alualu,DT,23.0,2023.0,0.0,0.0,7.0,45.0,33.0,193.0,0.0,0.0,0.0,0.0,0.0,1.0,0.0,0.0,2.0,19.0,0.0,262.0,,25.0,California,College Stats,AluaTy99,2010.0,5.61904761904762
1.0,11.0,SFO,Anthony Davis,T,20.0,2016.0,0.0,0.0,4.0,31.0,31.0,72.0,0.0,0.0,0.0,0.0,0.0,0.0,0.0,0.0,0.0,0.0,0.0,,,,Rutgers,College Stats,DaviAn27,2010.0,-21.95238095238095
1.0,12.0,SDG,Ryan Mathews,RB,22.0,2016.0,0.0,1.0,5.0,44.0,37.0,86.0,0.0,0.0,0.0,0.0,0.0,1184.0,5261.0,37.0,179.0,1371.0,3.0,,,,Fresno St.,College Stats,MathRy00,2010.0,-1.3809523809523796
1.0,13.0,PHI,Brandon Graham,DE,22.0,2025.0,0.0,1.0,6.0,59.0,59.0,215.0,0.0,0.0,0.0,0.0,0.0,0.0,0.0,0.0,0.0,0.0,0.0,363.0,,79.5,Michigan,College Stats,GrahBr99,2010.0,5.857142857142854
1.0,14.0,SEA,Earl Thomas,DB,21.0,2019.0,3.0,7.0,9.0,82.0,76.0,140.0,0.0,0.0,0.0,0.0,0.0,0.0,0.0,0.0,0.0,0.0,0.0,497.0,30.0,2.0,Texas,College Stats,ThomEa99,2010.0,36.80952380952381
1.0,15.0,NYG,Jason Pierre-Paul,DE,21.0,2025.0,1.0,3.0,11.0,74.0,46.0,185.0,0.0,0.0,0.0,0.0,0.0,0.0,0.0,0.0,0.0,0.0,0.0,456.0,5.0,94.5,South Florida,College Stats,PierJa99,2010.0,36.23809523809524
1.0,16.0,TEN,Derrick Morgan,DE,21.0,2018.0,0.0,0.0,8.0,40.0,40.0,118.0,0.0,0.0,0.0,0.0,0.0,0.0,0.0,0.0,0.0,0.0,0.0,208.0,,44.5,Georgia Tech,College Stats,MorgDe99,2010.0,-2.3333333333333357
1.0,17.0,SFO,Mike Iupati,G,23.0,2020.0,1.0,4.0,10.0,67.0,42.0,140.0,0.0,0.0,0.0,0.0,0.0,0.0,0.0,0.0,1.0,10.0,0.0,1.0,,,Idaho,College Stats,IupaMi20,2010.0,21.61904761904762
1.0,18.0,PIT,Maurkice Pouncey,C,21.0,2020.0,2.0,9.0,9.0,78.0,78.0,134.0,0.0,0.0,0.0,0.0,0.0,0.0,0.0,0.0,1.0,0.0,0.0,,,,Florida,College Stats,PounMa20,2010.0,34.476190476190474
1.0,19.0,ATL,Sean Weatherspoon,LB,22.0,2017.0,0.0,0.0,2.0,22.0,22.0,67.0,0.0,0.0,0.0,0.0,0.0,0.0,0.0,0.0,0.0,0.0,0.0,244.0,2.0,8.0,Missouri,College Stats,WeatSe99,2010.0,-14.19047619047619
1.0,20.0,HOU,Kareem Jackson,DB,22.0,2024.0,0.0,0.0,12.0,52.0,30.0,205.0,0.0,0.0,0.0,0.0,0.0,0.0,0.0,0.0,0.0,0.0,0.0,739.0,22.0,3.0,Alabama,College Stats,JackKa99,2010.0,14.38095238095238
1.0,21.0,CIN,Jermaine Gresham,TE,22.0,2018.0,0.0,2.0,9.0,28.0,22.0,132.0,0.0,0.0,0.0,0.0,0.0,0.0,0.0,0.0,377.0,3752.0,29.0,1.0,,,Oklahoma,College Stats,GresJe00,2010.0,-7.333333333333336
1.0,22.0,DEN,Demaryius Thomas,WR,22.0,2019.0,0.0,5.0,8.0,69.0,65.0,143.0,0.0,1.0,0.0,0.0,0.0,3.0,6.0,0.0,724.0,9763.0,63.0,2.0,,,Georgia Tech,College Stats,ThomDe03,2010.0,38.14285714285714
1.0,23.0,GNB,Bryan Bulaga,T,21.0,2021.0,0.0,0.0,9.0,56.0,53.0,126.0,0.0,0.0,0.0,0.0,0.0,0.0,0.0,0.0,0.0,0.0,0.0,,,,Iowa,,BulaBr20,2010.0,25.0
1.0,24.0,DAL,Dez Bryant,WR,21.0,2020.0,1.0,3.0,7.0,61.0,61.0,119.0,1.0,1.0,10.0,1.0,0.0,6.0,-3.0,0.0,537.0,7506.0,75.0,,,,Oklahoma St.,College Stats,BryaDe01,2010.0,9.095238095238095
1.0,25.0,DEN,Tim Tebow,QB,23.0,2012.0,0.0,0.0,1.0,12.0,11.0,35.0,173.0,361.0,2422.0,17.0,9.0,197.0,989.0,12.0,0.0,0.0,0.0,1.0,,,Florida,College Stats,TeboTi00,2010.0,-23.285714285714285
1.0,26.0,ARI,Dan Williams,DT,23.0,2016.0,0.0,0.0,6.0,29.0,20.0,102.0,0.0,0.0,0.0,0.0,0.0,0.0,0.0,0.0,0.0,0.0,0.0,154.0,1.0,3.5,Tennessee,College Stats,WillDa99,2010.0,0.5238095238095255
1.0,27.0,NWE,Devin McCourty,DB,23.0,2022.0,0.0,2.0,13.0,71.0,71.0,205.0,0.0,0.0,0.0,0.0,0.0,0.0,0.0,0.0,0.0,0.0,0.0,740.0,35.0,3.0,Rutgers,College Stats,McCoDe99,2010.0,28.714285714285715
1.0,28.0,MIA,Jared Odrick,DE,22.0,2016.0,0.0,0.0,3.0,29.0,20.0,87.0,0.0,0.0,0.0,0.0,0.0,0.0,0.0,0.0,0.0,0.0,0.0,135.0,1.0,23.0,Penn St.,College Stats,OdriJa99,2010.0,-2.428571428571427
1.0,29.0,NYJ,Kyle Wilson,DB,23.0,2015.0,0.0,0.0,2.0,16.0,14.0,95.0,0.0,0.0,0.0,0.0,0.0,0.0,0.0,0.0,0.0,0.0,0.0,167.0,4.0,1.0,Boise St.,College Stats,WilsKy99,2010.0,-13.857142857142858
1.0,30.0,DET,Jahvid Best,RB,21.0,2011.0,0.0,0.0,2.0,13.0,13.0,22.0,0.0,1.0,0.0,0.0,0.0,255.0,945.0,6.0,85.0,774.0,3.0,,,,California,College Stats,BestJa00,2010.0,-22.19047619047619
1.0,31.0,IND,Jerry Hughes,DE,22.0,2024.0,0.0,0.0,9.0,68.0,3.0,225.0,0.0,0.0,0.0,0.0,0.0,0.0,0.0,0.0,0.0,0.0,0.0,323.0,2.0,70.0,TCU,College Stats,HughJe99,2010.0,33.476190476190474
1.0,32.0,NOR,Patrick Robinson,DB,23.0,2020.0,0.0,0.0,1.0,25.0,15.0,123.0,0.0,0.0,0.0,0.0,0.0,0.0,0.0,0.0,0.0,0.0,0.0,281.0,16.0,2.0,Florida St.,College Stats,RobiPa99,2010.0,-16.904761904761905
2.0,33.0,STL,Rodger Saffold,T,22.0,2022.0,0.0,2.0,11.0,71.0,41.0,176.0,0.0,0.0,0.0,0.0,0.0,0.0,0.0,0.0,0.0,0.0,0.0,,,,Indiana,College Stats,SaffRo20,2010.0,36.76190476190476
2.0,34.0,MIN,Chris Cook,DB,23.0,2014.0,0.0,0.0,2.0,10.0,10.0,40.0,0.0,0.0,0.0,0.0,0.0,0.0,0.0,0.0,0.0,0.0,0.0,107.0,,1.0,Virginia,College Stats,CookCh99,2010.0,-27.523809523809526
2.0,35.0,TAM,Brian Price,DT,21.0,2011.0,0.0,0.0,1.0,4.0,4.0,20.0,0.0,0.0,0.0,0.0,0.0,0.0,0.0,0.0,0.0,0.0,0.0,23.0,,3.0,UCLA,College Stats,PricBr99,2010.0,-35.04761904761905
2.0,36.0,KAN,Dexter McCluster,WR,21.0,2016.0,0.0,1.0,1.0,21.0,17.0,89.0,0.0,0.0,0.0,0.0,0.0,250.0,1042.0,2.0,236.0,1993.0,7.0,1.0,,,Mississippi,College Stats,McClDe00,2010.0,-19.57142857142857
2.0,37.0,PHI,Nate Allen,DB,22.0,2017.0,0.0,0.0,5.0,29.0,25.0,100.0,0.0,0.0,0.0,0.0,0.0,0.0,0.0,0.0,0.0,0.0,0.0,303.0,13.0,4.0,South Florida,College Stats,AlleNa99,2010.0,-6.428571428571431
2.0,38.0,CLE,T.J. Ward,DB,23.0,2017.0,0.0,3.0,7.0,41.0,24.0,107.0,0.0,0.0,0.0,0.0,0.0,0.0,0.0,0.0,0.0,0.0,0.0,458.0,8.0,8.5,Oregon,College Stats,WardT.99,2010.0,16.142857142857142
2.0,39.0,TAM,Arrelious Benn,WR,21.0,2017.0,0.0,0.0,2.0,8.0,7.0,61.0,0.0,0.0,0.0,0.0,0.0,15.0,44.0,0.0,65.0,990.0,6.0,24.0,,,Illinois,College Stats,BennAr00,2010.0,-24.714285714285715
2.0,40.0,MIA,Koa Misi,LB,23.0,2016.0,0.0,0.0,6.0,30.0,30.0,84.0,0.0,0.0,0.0,0.0,0.0,0.0,0.0,0.0,0.0,0.0,0.0,258.0,,12.0,Utah,College Stats,MisiKo99,2010.0,6.571428571428573
2.0,41.0,BUF,Torell Troup,DT,21.0,2011.0,0.0,0.0,0.0,2.0,2.0,21.0,0.0,0.0,0.0,0.0,0.0,0.0,0.0,0.0,0.0,0.0,0.0,17.0,,,Central Florida,,TrouTo00,2010.0,-26.714285714285715
2.0,42.0,NWE,Rob Gronkowski,TE,21.0,2021.0,4.0,5.0,11.0,78.0,70.0,143.0,0.0,0.0,0.0,0.0,0.0,1.0,2.0,1.0,621.0,9286.0,92.0,,,,Arizona,College Stats,GronRo00,2010.0,49.38095238095238
2.0,43.0,BAL,Sergio Kindle,LB,22.0,2012.0,0.0,0.0,0.0,0.0,0.0,3.0,0.0,0.0,0.0,0.0,0.0,0.0,0.0,0.0,0.0,0.0,0.0,1.0,,,Texas,College Stats,KindSe99,2010.0,-23.095238095238095
2.0,44.0,OAK,Lamarr Houston,DE,23.0,2017.0,0.0,0.0,5.0,31.0,25.0,100.0,0.0,0.0,0.0,0.0,0.0,0.0,0.0,0.0,0.0,0.0,0.0,231.0,1.0,30.5,Texas,College Stats,HousLa99,2010.0,3.0
2.0,45.0,DEN,Zane Beadles,G,23.0,2018.0,0.0,1.0,7.0,53.0,32.0,137.0,0.0,0.0,0.0,0.0,0.0,0.0,0.0,0.0,0.0,0.0,0.0,,,,Utah,College Stats,BeadZa20,2010.0,26.19047619047619
2.0,46.0,NYG,Linval Joseph,DT,21.0,2024.0,0.0,2.0,11.0,70.0,16.0,203.0,0.0,0.0,0.0,0.0,0.0,0.0,0.0,0.0,0.0,0.0,0.0,403.0,,28.5,East Carolina,College Stats,JoseLi99,2010.0,41.38095238095238
2.0,47.0,ARI,Daryl Washington,LB,23.0,2013.0,0.0,1.0,4.0,34.0,34.0,59.0,0.0,0.0,0.0,0.0,0.0,0.0,0.0,0.0,0.0,0.0,0.0,329.0,6.0,18.0,TCU,College Stats,WashDa99,2010.0,0.952380952380949
2.0,48.0,CAR,Jimmy Clausen,QB,22.0,2015.0,0.0,0.0,1.0,3.0,0.0,21.0,255.0,472.0,2520.0,7.0,14.0,37.0,102.0,0.0,0.0,0.0,0.0,,,,Notre Dame,College Stats,ClauJi00,2010.0,-25.80952380952381
2.0,49.0,SFO,Taylor Mays,DB,22.0,2015.0,0.0,0.0,0.0,9.0,3.0,80.0,0.0,0.0,0.0,0.0,0.0,0.0,0.0,0.0,0.0,0.0,0.0,89.0,,1.0,USC,College Stats,MaysTa99,2010.0,-14.600000000000001
2.0,50.0,KAN,Javier Arenas,DB,22.0,2014.0,0.0,0.0,1.0,9.0,8.0,69.0,0.0,0.0,0.0,0.0,0.0,4.0,17.0,1.0,0.0,0.0,0.0,137.0,2.0,5.0,Alabama,College Stats,ArenJa99,2010.0,-19.714285714285715
2.0,51.0,MIN,Toby Gerhart,RB,23.0,2015.0,0.0,0.0,0.0,16.0,13.0,82.0,0.0,0.0,0.0,0.0,0.0,397.0,1675.0,7.0,100.0,809.0,3.0,7.0,,,Stanford,College Stats,GerhTo00,2010.0,-9.842105263157894
2.0,52.0,PIT,Jason Worilds,DE,22.0,2014.0,0.0,0.0,2.0,22.0,22.0,73.0,0.0,0.0,0.0,0.0,0.0,0.0,0.0,0.0,0.0,0.0,0.0,144.0,1.0,25.5,Virginia Tech,College Stats,WoriJa99,2010.0,-1.6666666666666679
2.0,53.0,NWE,Jermaine Cunningham,LB,22.0,2013.0,0.0,0.0,1.0,8.0,8.0,38.0,0.0,0.0,0.0,0.0,0.0,0.0,0.0,0.0,0.0,0.0,0.0,44.0,,3.5,Florida,College Stats,CunnJe99,2010.0,-18.142857142857142
2.0,54.0,CIN,Carlos Dunlap,DE,21.0,2022.0,0.0,2.0,7.0,67.0,62.0,197.0,0.0,0.0,0.0,0.0,0.0,0.0,0.0,0.0,0.0,0.0,0.0,384.0,2.0,100.0,Florida,College Stats,DunlCa99,2010.0,44.095238095238095
2.0,55.0,DAL,Sean Lee,LB,24.0,2020.0,1.0,2.0,7.0,53.0,53.0,118.0,0.0,0.0,0.0,0.0,0.0,0.0,0.0,0.0,0.0,0.0,0.0,521.0,14.0,4.0,Penn St.,College Stats,LeexSe99,2010.0,19.95238095238095
2.0,56.0,GNB,Mike Neal,DE,23.0,2015.0,0.0,0.0,2.0,17.0,17.0,68.0,0.0,0.0,0.0,0.0,0.0,0.0,0.0,0.0,0.0,0.0,0.0,92.0,1.0,19.0,Purdue,College Stats,NealMi99,2010.0,-3.5789473684210513
2.0,57.0,BAL,Terrence Cody,DT,22.0,2014.0,0.0,0.0,1.0,14.0,14.0,57.0,0.0,0.0,0.0,0.0,0.0,0.0,0.0,0.0,0.0,0.0,0.0,45.0,,,Alabama,College Stats,CodyTe99,2010.0,-8.80952380952381
2.0,58.0,HOU,Ben Tate,RB,22.0,2014.0,0.0,0.0,0.0,14.0,13.0,51.0,0.0,0.0,0.0,0.0,0.0,540.0,2363.0,14.0,67.0,347.0,0.0,,,,Auburn,College Stats,TateBe00,2010.0,-10.523809523809526
2.0,59.0,CLE,Montario Hardesty,RB,23.0,2012.0,0.0,0.0,0.0,4.0,4.0,23.0,0.0,0.0,0.0,0.0,0.0,153.0,537.0,1.0,16.0,138.0,0.0,,,,Tennessee,College Stats,HardMo00,2010.0,-17.904761904761905
2.0,60.0,SEA,Golden Tate,WR,22.0,2020.0,0.0,1.0,7.0,58.0,17.0,160.0,2.0,3.0,41.0,1.0,0.0,44.0,216.0,0.0,695.0,8278.0,46.0,,,,Notre Dame,College Stats,TateGo00,2010.0,32.904761904761905
2.0,61.0,NYJ,Vlad Ducasse,T,22.0,2018.0,0.0,0.0,4.0,21.0,3.0,111.0,0.0,0.0,0.0,0.0,0.0,0.0,0.0,0.0,0.0,0.0,0.0,,,,Massachusetts,,DucaVl20,2010.0,-7.857142857142858
2.0,62.0,NWE,Brandon Spikes,LB,23.0,2016.0,0.0,0.0,5.0,25.0,19.0,78.0,0.0,0.0,0.0,0.0,0.0,0.0,0.0,0.0,0.0,0.0,0.0,212.0,2.0,2.0,Florida,College Stats,SpikBr99,2010.0,-0.75
2.0,63.0,IND,Pat Angerer,LB,23.0,2013.0,0.0,0.0,3.0,18.0,18.0,54.0,0.0,0.0,0.0,0.0,0.0,0.0,0.0,0.0,0.0,0.0,0.0,195.0,2.0,2.5,Iowa,College Stats,AngePa99,2010.0,-12.899999999999999
2.0,64.0,NOR,Charles Brown,T,23.0,2015.0,0.0,0.0,1.0,15.0,15.0,54.0,0.0,0.0,0.0,0.0,0.0,0.0,0.0,0.0,0.0,0.0,0.0,,,,USC,College Stats,BrowCh28,2010.0,-14.904761904761905
3.0,65.0,STL,Jerome Murphy,DB,23.0,2013.0,0.0,0.0,0.0,3.0,2.0,33.0,0.0,0.0,0.0,0.0,0.0,0.0,0.0,0.0,0.0,0.0,0.0,33.0,1.0,,South Florida,College Stats,MurpJe99,2010.0,-22.9
3.0,66.0,DET,Amari Spievey,DB,22.0,2012.0,0.0,0.0,2.0,11.0,11.0,35.0,0.0,0.0,0.0,0.0,0.0,0.0,0.0,0.0,0.0,0.0,0.0,117.0,5.0,1.0,Iowa,College Stats,SpieAm99,2010.0,-14.476190476190474
3.0,67.0,TAM,Myron Lewis,DB,22.0,2012.0,0.0,0.0,0.0,1.0,1.0,28.0,0.0,0.0,0.0,0.0,0.0,0.0,0.0,0.0,0.0,0.0,0.0,20.0,,,Vanderbilt,College Stats,LewiMy99,2010.0,-17.95
3.0,68.0,KAN,Jon Asamoah,G,22.0,2014.0,0.0,0.0,4.0,21.0,13.0,75.0,0.0,0.0,0.0,0.0,0.0,0.0,0.0,0.0,0.0,0.0,0.0,,,,Illinois,,AsamJo20,2010.0,4.5238095238095255
3.0,69.0,OAK,Jared Veldheer,T,23.0,2020.0,0.0,0.0,8.0,45.0,20.0,121.0,0.0,0.0,0.0,0.0,0.0,0.0,0.0,0.0,0.0,0.0,0.0,,,,Hillsdale,,VeldJa20,2010.0,18.428571428571427
3.0,70.0,BAL,Ed Dickson,TE,23.0,2018.0,0.0,0.0,7.0,16.0,9.0,134.0,0.0,0.0,0.0,0.0,0.0,1.0,9.0,0.0,190.0,2128.0,15.0,14.0,,,Oregon,College Stats,DickEd00,2010.0,-6.904761904761905
3.0,71.0,GNB,Morgan Burnett,DB,21.0,2019.0,0.0,0.0,8.0,32.0,30.0,121.0,0.0,0.0,0.0,0.0,0.0,0.0,0.0,0.0,0.0,0.0,0.0,540.0,10.0,9.5,Georgia Tech,College Stats,BurnMo99,2010.0,4.142857142857142
3.0,72.0,BUF,Alex Carrington,DE,23.0,2015.0,0.0,0.0,1.0,7.0,6.0,59.0,0.0,0.0,0.0,0.0,0.0,0.0,0.0,0.0,0.0,0.0,0.0,39.0,,4.0,Arkansas St.,College Stats,CarrAl99,2010.0,-11.600000000000001
3.0,73.0,MIA,John Jerry,T,24.0,2019.0,0.0,0.0,6.0,40.0,17.0,132.0,0.0,0.0,0.0,0.0,0.0,0.0,0.0,0.0,0.0,0.0,0.0,,,,Mississippi,,JerrJo20,2010.0,15.476190476190474
3.0,74.0,JAX,D'Anthony Smith,DT,22.0,2015.0,0.0,0.0,0.0,1.0,1.0,12.0,0.0,0.0,0.0,0.0,0.0,0.0,0.0,0.0,0.0,0.0,0.0,8.0,,,Louisiana Tech,College Stats,SmitDA99,2010.0,-17.428571428571427
3.0,75.0,CHI,Major Wright,DB,22.0,2016.0,0.0,0.0,3.0,20.0,17.0,77.0,0.0,0.0,0.0,0.0,0.0,0.0,0.0,0.0,0.0,0.0,0.0,244.0,9.0,,Florida,College Stats,WrigMa99,2010.0,-3.4499999999999993
3.0,76.0,NYG,Chad Jones,DB,,,0.0,0.0,0.0,,,,,,,,,,,,,,,,,,LSU,College Stats,-9999,2010.0,
3.0,77.0,TEN,Damian Williams,WR,22.0,2014.0,0.0,0.0,1.0,10.0,10.0,57.0,0.0,0.0,0.0,0.0,0.0,1.0,5.0,0.0,107.0,1327.0,5.0,4.0,,,USC,College Stats,WillDa04,2010.0,-8.952380952380953
3.0,78.0,CAR,Brandon LaFell,WR,23.0,2018.0,0.0,0.0,5.0,43.0,19.0,125.0,0.0,1.0,0.0,0.0,0.0,11.0,130.0,0.0,406.0,5398.0,31.0,2.0,,,LSU,College Stats,LaFeBr00,2010.0,17.142857142857142
3.0,79.0,SDG,Donald Butler,LB,21.0,2016.0,0.0,0.0,5.0,29.0,26.0,85.0,0.0,0.0,0.0,0.0,0.0,0.0,0.0,0.0,0.0,0.0,0.0,285.0,3.0,7.0,Washington,College Stats,ButlDo99,2010.0,12.3
3.0,80.0,DEN,J.D. Walton,C,23.0,2015.0,0.0,0.0,3.0,22.0,14.0,56.0,0.0,0.0,0.0,0.0,0.0,0.0,0.0,0.0,0.0,0.0,0.0,,,,Baylor,College Stats,WaltJ.20,2010.0,10.761904761904763
3.0,81.0,HOU,Earl Mitchell,DT,22.0,2019.0,0.0,0.0,4.0,29.0,10.0,130.0,0.0,0.0,0.0,0.0,0.0,0.0,0.0,0.0,0.0,0.0,0.0,163.0,,6.5,Arizona,College Stats,MitcEa99,2010.0,4.0
3.0,82.0,PIT,Emmanuel Sanders,WR,23.0,2021.0,0.0,2.0,9.0,63.0,11.0,172.0,3.0,3.0,78.0,2.0,0.0,21.0,202.0,1.0,704.0,9245.0,51.0,8.0,,,SMU,College Stats,SandEm00,2010.0,49.55
3.0,83.0,ATL,Corey Peters,DT,22.0,2022.0,0.0,0.0,9.0,49.0,23.0,164.0,0.0,0.0,0.0,0.0,0.0,0.0,0.0,0.0,0.0,0.0,0.0,214.0,1.0,19.0,Kentucky,College Stats,PeteCo00,2010.0,25.238095238095237
3.0,84.0,CIN,Jordan Shipley,WR,24.0,2012.0,0.0,0.0,0.0,7.0,5.0,24.0,0.0,0.0,0.0,0.0,0.0,0.0,0.0,0.0,79.0,858.0,4.0,,,,Texas,College Stats,ShipJo00,2010.0,-18.428571428571427
3.0,85.0,CLE,Colt McCoy,QB,24.0,2022.0,0.0,0.0,2.0,17.0,9.0,56.0,764.0,1220.0,7975.0,34.0,32.0,175.0,582.0,2.0,2.0,8.0,0.0,1.0,,,Texas,College Stats,McCoCo00,2010.0,5.0
3.0,86.0,PHI,Daniel Te'o-Nesheim,DE,23.0,2013.0,0.0,0.0,2.0,12.0,1.0,39.0,0.0,0.0,0.0,0.0,0.0,0.0,0.0,0.0,0.0,0.0,0.0,36.0,,5.0,Washington,College Stats,Teo-Da99,2010.0,-8.0
3.0,87.0,DEN,Eric Decker,WR,23.0,2017.0,0.0,0.0,5.0,45.0,26.0,111.0,0.0,2.0,0.0,0.0,0.0,1.0,1.0,0.0,439.0,5816.0,53.0,8.0,,,Minnesota,College Stats,DeckEr00,2010.0,33.523809523809526
3.0,88.0,ARI,Andre Roberts,WR,22.0,2022.0,1.0,3.0,2.0,24.0,14.0,182.0,0.0,0.0,0.0,0.0,0.0,16.0,120.0,0.0,262.0,3079.0,15.0,,,,The Citadel,,RobeAn00,2010.0,3.80952380952381
3.0,89.0,CAR,Armanti Edwards,WR,22.0,2013.0,0.0,0.0,0.0,1.0,1.0,41.0,2.0,3.0,11.0,0.0,0.0,3.0,12.0,0.0,6.0,131.0,0.0,,,,Appalachian St.,,EdwaAr00,2010.0,-18.0
3.0,90.0,NWE,Taylor Price,WR,22.0,2011.0,0.0,0.0,0.0,1.0,1.0,6.0,0.0,0.0,0.0,0.0,0.0,0.0,0.0,0.0,5.0,80.0,0.0,,,,Ohio,College Stats,PricTa00,2010.0,-13.142857142857142
3.0,91.0,SFO,NaVorro Bowman,LB,22.0,2017.0,4.0,3.0,5.0,71.0,67.0,99.0,0.0,0.0,0.0,0.0,0.0,0.0,0.0,0.0,0.0,0.0,0.0,585.0,5.0,14.0,Penn St.,College Stats,BowmNa99,2010.0,45.3
3.0,92.0,CLE,Shawn Lauvao,G,22.0,2018.0,0.0,0.0,7.0,36.0,16.0,99.0,0.0,0.0,0.0,0.0,0.0,0.0,0.0,0.0,0.0,0.0,0.0,,,,Arizona St.,College Stats,LauvSh20,2010.0,11.2
3.0,93.0,KAN,Tony Moeaki,TE,23.0,2015.0,0.0,0.0,2.0,10.0,9.0,49.0,0.0,0.0,0.0,0.0,0.0,0.0,0.0,0.0,91.0,1201.0,6.0,,,,Iowa,College Stats,MoeaTo00,2010.0,-2.19047619047619
3.0,94.0,IND,Kevin Thomas,DB,23.0,2011.0,0.0,0.0,0.0,2.0,2.0,9.0,0.0,0.0,0.0,0.0,0.0,0.0,0.0,0.0,0.0,0.0,0.0,20.0,,,USC,College Stats,ThomKe99,2010.0,-17.85
3.0,95.0,NOR,Jimmy Graham,TE,23.0,2023.0,1.0,5.0,10.0,61.0,39.0,197.0,0.0,0.0,0.0,0.0,0.0,2.0,3.0,0.0,719.0,8545.0,89.0,2.0,,,Miami (FL),College Stats,GrahJi00,2010.0,45.21052631578947
3.0,96.0,CIN,Brandon Ghee,DB,23.0,2014.0,0.0,0.0,0.0,2.0,1.0,29.0,0.0,0.0,0.0,0.0,0.0,0.0,0.0,0.0,0.0,0.0,0.0,17.0,1.0,,Wake Forest,College Stats,GheeBr99,2010.0,-11.619047619047619
3.0,97.0,TEN,Rennie Curran,LB,21.0,2010.0,0.0,0.0,0.0,1.0,1.0,9.0,0.0,0.0,0.0,0.0,0.0,0.0,0.0,0.0,0.0,0.0,0.0,4.0,,,Georgia,College Stats,CurrRe99,2010.0,-11.857142857142858
3.0,98.0,ATL,Mike Johnson,G,23.0,2012.0,0.0,0.0,0.0,2.0,2.0,18.0,0.0,0.0,0.0,0.0,0.0,0.0,0.0,0.0,1.0,1.0,1.0,,,,Alabama,College Stats,JohnMi23,2010.0,-19.047619047619047
4.0,99.0,STL,Mardy Gilyard,WR,23.0,2012.0,0.0,0.0,0.0,1.0,1.0,19.0,0.0,0.0,0.0,0.0,0.0,0.0,0.0,0.0,8.0,78.0,0.0,5.0,,,Cincinnati,College Stats,GilyMa00,2010.0,-16.857142857142858
4.0,100.0,MIN,Everson Griffen,DE,22.0,2021.0,0.0,4.0,6.0,67.0,66.0,170.0,0.0,0.0,0.0,0.0,0.0,0.0,0.0,0.0,0.0,0.0,0.0,286.0,2.0,85.5,USC,College Stats,GrifEv99,2010.0,47.6
4.0,101.0,TAM,Mike Williams,WR,23.0,2014.0,0.0,0.0,3.0,25.0,25.0,63.0,1.0,1.0,28.0,0.0,0.0,1.0,3.0,0.0,223.0,3089.0,26.0,,,,Syracuse,College Stats,WillMi04,2010.0,12.8
4.0,102.0,HOU,Darryl Sharpton,LB,22.0,2014.0,0.0,0.0,1.0,10.0,10.0,47.0,0.0,0.0,0.0,0.0,0.0,0.0,0.0,0.0,0.0,0.0,0.0,117.0,1.0,1.0,Miami (FL),College Stats,SharDa01,2010.0,-10.428571428571427
4.0,103.0,WAS,Perry Riley,LB,22.0,2016.0,0.0,0.0,6.0,30.0,27.0,90.0,0.0,0.0,0.0,0.0,0.0,0.0,0.0,0.0,0.0,0.0,0.0,308.0,3.0,9.5,LSU,College Stats,RilePe00,2010.0,13.38095238095238
4.0,104.0,TEN,Alterraun Verner,DB,21.0,2017.0,0.0,1.0,4.0,33.0,26.0,125.0,0.0,0.0,0.0,0.0,0.0,0.0,0.0,0.0,0.0,0.0,0.0,371.0,15.0,0.5,UCLA,College Stats,VernAl99,2010.0,18.5
4.0,105.0,PHI,Trevard Lindley,DB,24.0,2010.0,0.0,0.0,0.0,1.0,1.0,11.0,0.0,0.0,0.0,0.0,0.0,0.0,0.0,0.0,0.0,0.0,0.0,22.0,1.0,,Kentucky,College Stats,LindTr99,2010.0,-16.4
4.0,106.0,OAK,Bruce Campbell,T,22.0,2012.0,0.0,0.0,0.0,1.0,1.0,19.0,0.0,0.0,0.0,0.0,0.0,0.0,0.0,0.0,0.0,0.0,0.0,,,,Maryland,College Stats,CampBr20,2010.0,-14.142857142857142
4.0,107.0,BUF,Marcus Easley,WR,22.0,2015.0,0.0,0.0,0.0,1.0,1.0,42.0,0.0,0.0,0.0,0.0,0.0,0.0,0.0,0.0,3.0,71.0,1.0,41.0,1.0,,Connecticut,College Stats,EaslMa00,2010.0,-8.238095238095237
4.0,108.0,OAK,Jacoby Ford,WR,23.0,2013.0,0.0,0.0,1.0,12.0,12.0,38.0,0.0,0.0,0.0,0.0,0.0,19.0,201.0,2.0,57.0,848.0,3.0,1.0,,,Clemson,College Stats,FordJa01,2010.0,-10.578947368421051
4.0,109.0,CHI,Corey Wootton,DE,23.0,2014.0,0.0,0.0,1.0,14.0,12.0,60.0,0.0,0.0,0.0,0.0,0.0,0.0,0.0,0.0,0.0,0.0,0.0,65.0,,12.0,Northwestern,College Stats,WootCo99,2010.0,-9.047619047619047
4.0,110.0,SDG,Darrell Stuckey,DB,23.0,2016.0,0.0,1.0,0.0,8.0,8.0,89.0,0.0,0.0,0.0,0.0,0.0,0.0,0.0,0.0,0.0,0.0,0.0,73.0,,1.0,Kansas,College Stats,StucDa20,2010.0,-2.2380952380952372
4.0,111.0,SEA,Walter Thurmond,DB,23.0,2015.0,0.0,0.0,1.0,12.0,5.0,52.0,0.0,0.0,0.0,0.0,0.0,0.0,0.0,0.0,0.0,0.0,0.0,121.0,4.0,3.0,Oregon,College Stats,ThurWa99,2010.0,1.0476190476190474
4.0,112.0,NYJ,Joe McKnight,RB,22.0,2014.0,0.0,0.0,0.0,7.0,6.0,41.0,0.0,0.0,0.0,0.0,0.0,113.0,505.0,0.0,23.0,241.0,2.0,8.0,,,USC,College Stats,McKnJo00,2010.0,-11.842105263157894
4.0,113.0,NWE,Aaron Hernandez,TE,20.0,2012.0,0.0,0.0,2.0,21.0,21.0,38.0,0.0,0.0,0.0,0.0,0.0,9.0,97.0,0.0,175.0,1956.0,18.0,,,,Florida,College Stats,HernAa00,2010.0,5.0
4.0,114.0,BAL,Dennis Pitta,TE,25.0,2016.0,0.0,0.0,1.0,16.0,16.0,66.0,0.0,0.0,0.0,0.0,0.0,0.0,0.0,0.0,224.0,2098.0,13.0,2.0,,,BYU,College Stats,PittDe00,2010.0,4.052631578947368
4.0,115.0,NYG,Phillip Dillard,LB,23.0,2010.0,0.0,0.0,0.0,0.0,0.0,7.0,0.0,0.0,0.0,0.0,0.0,0.0,0.0,0.0,0.0,0.0,0.0,3.0,,,Nebraska,College Stats,DillPh99,2010.0,-9.736842105263158
4.0,116.0,PIT,Thaddeus Gibson,DE,22.0,2011.0,0.0,0.0,0.0,0.0,,4.0,0.0,0.0,0.0,0.0,0.0,0.0,0.0,0.0,0.0,0.0,0.0,3.0,,,Ohio St.,College Stats,GibsTh99,2010.0,-11.952380952380953
4.0,117.0,ATL,Joe Hawley,C,21.0,2017.0,0.0,0.0,3.0,27.0,13.0,91.0,0.0,0.0,0.0,0.0,0.0,0.0,0.0,0.0,0.0,0.0,0.0,,,,UNLV,College Stats,HawlJo20,2010.0,12.0
4.0,118.0,HOU,Garrett Graham,TE,24.0,2015.0,0.0,0.0,2.0,7.0,7.0,60.0,0.0,0.0,0.0,0.0,0.0,0.0,0.0,0.0,100.0,1059.0,10.0,5.0,,,Wisconsin,College Stats,GrahGa00,2010.0,-7.75
4.0,119.0,MIA,A.J. Edds,LB,22.0,2014.0,0.0,0.0,0.0,1.0,,17.0,0.0,0.0,0.0,0.0,0.0,0.0,0.0,0.0,0.0,0.0,0.0,4.0,,,Iowa,College Stats,EddsA.99,2010.0,-14.666666666666666
4.0,120.0,CIN,Geno Atkins,DT,22.0,2020.0,2.0,8.0,9.0,89.0,89.0,161.0,0.0,0.0,0.0,0.0,0.0,0.0,0.0,0.0,0.0,0.0,0.0,228.0,,75.5,Georgia,College Stats,AtkiGe99,2010.0,69.75
4.0,121.0,PHI,Keenan Clayton,LB,23.0,2012.0,0.0,0.0,0.0,3.0,2.0,36.0,0.0,0.0,0.0,0.0,0.0,0.0,0.0,0.0,0.0,0.0,0.0,38.0,,,Oklahoma,College Stats,ClayKe99,2010.0,-5.157894736842104
4.0,122.0,PHI,Mike Kafka,QB,23.0,2011.0,0.0,0.0,0.0,0.0,0.0,4.0,11.0,16.0,107.0,0.0,2.0,3.0,0.0,0.0,0.0,0.0,0.0,,,,Northwestern,College Stats,KafkMi00,2010.0,-15.842105263157896
4.0,123.0,NOR,Al Woods,DT,23.0,2023.0,0.0,0.0,6.0,34.0,,161.0,0.0,0.0,0.0,0.0,0.0,0.0,0.0,0.0,0.0,0.0,0.0,166.0,,10.0,LSU,College Stats,WoodAl99,2010.0,20.3
4.0,124.0,CAR,Eric Norwood,LB,22.0,2011.0,0.0,0.0,0.0,2.0,2.0,28.0,0.0,0.0,0.0,0.0,0.0,0.0,0.0,0.0,0.0,0.0,0.0,19.0,,1.0,South Carolina,College Stats,NorwEr99,2010.0,-11.428571428571429
4.0,125.0,PHI,Clay Harbor,TE,23.0,2016.0,0.0,0.0,2.0,7.0,3.0,98.0,0.0,0.0,0.0,0.0,0.0,0.0,0.0,0.0,114.0,1170.0,8.0,7.0,,,Missouri State,,HarbCl00,2010.0,-7.578947368421053
4.0,126.0,DAL,Akwasi Owusu-Ansah,DB,22.0,2013.0,0.0,0.0,0.0,1.0,0.0,15.0,0.0,0.0,0.0,0.0,0.0,0.0,0.0,0.0,0.0,0.0,0.0,15.0,,,Indiana (PA),,OwusAk99,2010.0,-23.35
4.0,127.0,SEA,E.J. Wilson,DE,22.0,2010.0,0.0,0.0,0.0,0.0,0.0,2.0,0.0,0.0,0.0,0.0,0.0,0.0,0.0,0.0,0.0,0.0,0.0,1.0,,,North Carolina,College Stats,WilsE.99,2010.0,-8.85
4.0,128.0,DET,Jason Fox,T,22.0,2015.0,0.0,0.0,1.0,9.0,2.0,37.0,0.0,0.0,0.0,0.0,0.0,0.0,0.0,0.0,0.0,0.0,0.0,,,,Miami (FL),College Stats,FoxxJa20,2010.0,-9.600000000000001
4.0,129.0,IND,Jacques McClendon,G,22.0,2015.0,0.0,0.0,0.0,3.0,0.0,25.0,0.0,0.0,0.0,0.0,0.0,0.0,0.0,0.0,0.0,0.0,0.0,,,,Tennessee,College Stats,McClJa20,2010.0,-6.85
4.0,130.0,ARI,O'Brien Schofield,DE,23.0,2016.0,0.0,0.0,2.0,15.0,8.0,84.0,0.0,0.0,0.0,0.0,0.0,0.0,0.0,0.0,0.0,0.0,0.0,117.0,,15.5,Wisconsin,College Stats,SchoOB99,2010.0,-1.7222222222222214
4.0,131.0,CIN,Roddrick Muckelroy,LB,23.0,2012.0,0.0,0.0,0.0,1.0,1.0,19.0,0.0,0.0,0.0,0.0,0.0,0.0,0.0,0.0,0.0,0.0,0.0,4.0,,,Texas,College Stats,MuckRo99,2010.0,-12.789473684210526
5.0,132.0,STL,Michael Hoomanawanui,TE,22.0,2017.0,0.0,0.0,3.0,5.0,1.0,87.0,0.0,0.0,0.0,0.0,0.0,1.0,0.0,0.0,57.0,646.0,8.0,2.0,,,Illinois,College Stats,HoomMi00,2010.0,-5.705882352941176
5.0,133.0,SEA,Kam Chancellor,DB,22.0,2017.0,0.0,4.0,7.0,49.0,49.0,109.0,0.0,0.0,0.0,0.0,0.0,0.0,0.0,0.0,0.0,0.0,0.0,421.0,12.0,2.0,Virginia Tech,College Stats,ChanKa99,2010.0,38.14285714285714
5.0,134.0,PHI,Ricky Sapp,DE,23.0,2014.0,0.0,0.0,0.0,1.0,,17.0,0.0,0.0,0.0,0.0,0.0,0.0,0.0,0.0,0.0,0.0,0.0,3.0,,,Clemson,College Stats,SappRi99,2010.0,-14.411764705882353
5.0,135.0,ATL,Dominique Franks,DB,22.0,2014.0,0.0,0.0,0.0,6.0,5.0,52.0,0.0,0.0,0.0,0.0,0.0,0.0,0.0,0.0,0.0,0.0,0.0,34.0,3.0,,Oklahoma,College Stats,FranDo99,2010.0,-18.444444444444443
5.0,136.0,KAN,Kendrick Lewis,DB,22.0,2018.0,0.0,0.0,6.0,30.0,18.0,103.0,0.0,0.0,0.0,0.0,0.0,0.0,0.0,0.0,0.0,0.0,0.0,255.0,9.0,,Mississippi,College Stats,LewiKe00,2010.0,21.2
5.0,137.0,DEN,Perrish Cox,DB,23.0,2016.0,0.0,0.0,4.0,19.0,3.0,81.0,0.0,0.0,0.0,0.0,0.0,0.0,0.0,0.0,0.0,0.0,0.0,191.0,10.0,,Oklahoma St.,College Stats,CoxxPe99,2010.0,-1.94736842105263
5.0,138.0,OAK,Walter McFadden,DB,23.0,2010.0,0.0,0.0,0.0,0.0,0.0,4.0,0.0,0.0,0.0,0.0,0.0,0.0,0.0,0.0,0.0,0.0,0.0,5.0,,,Auburn,College Stats,McFaWa99,2010.0,-13.421052631578947
5.0,139.0,NYJ,John Conner,RB,23.0,2014.0,0.0,0.0,1.0,0.0,0.0,62.0,0.0,0.0,0.0,0.0,0.0,27.0,108.0,2.0,12.0,84.0,1.0,2.0,,,Kentucky,College Stats,ConnJo00,2010.0,-7.857142857142857
5.0,140.0,BUF,Ed Wang,T,23.0,2010.0,0.0,0.0,0.0,0.0,0.0,6.0,0.0,0.0,0.0,0.0,0.0,0.0,0.0,0.0,0.0,0.0,0.0,,,,Virginia Tech,College Stats,WangEd20,2010.0,-11.476190476190476
5.0,141.0,CHI,Joshua Moore,DB,22.0,2010.0,0.0,0.0,0.0,0.0,0.0,3.0,0.0,0.0,0.0,0.0,0.0,0.0,0.0,0.0,0.0,0.0,0.0,1.0,,,Kansas St.,College Stats,MoorJo99,2010.0,-8.666666666666666
5.0,142.0,KAN,Cameron Sheffield,DE,22.0,2012.0,0.0,0.0,0.0,1.0,1.0,17.0,0.0,0.0,0.0,0.0,0.0,0.0,0.0,0.0,0.0,0.0,0.0,7.0,,,Troy,College Stats,ShefCa99,2010.0,-14.68421052631579
5.0,143.0,JAX,Larry Hart,DE,23.0,2010.0,0.0,0.0,0.0,1.0,1.0,14.0,0.0,0.0,0.0,0.0,0.0,0.0,0.0,0.0,0.0,0.0,0.0,5.0,,1.5,Central Arkansas,,HartLa99,2010.0,-15.315789473684209
5.0,144.0,HOU,Sherrick McManis,DB,22.0,2020.0,0.0,0.0,0.0,9.0,2.0,142.0,0.0,0.0,0.0,0.0,0.0,0.0,0.0,0.0,0.0,0.0,0.0,125.0,3.0,1.0,Northwestern,College Stats,McMaSh99,2010.0,-2.0500000000000007
5.0,145.0,MIA,Nolan Carroll,DB,23.0,2017.0,0.0,0.0,4.0,20.0,11.0,103.0,0.0,0.0,0.0,0.0,0.0,0.0,0.0,0.0,0.0,0.0,0.0,239.0,8.0,3.0,Maryland,College Stats,CarrNo00,2010.0,9.5
5.0,146.0,SDG,Cam Thomas,DT,23.0,2017.0,0.0,0.0,2.0,16.0,9.0,103.0,0.0,0.0,0.0,0.0,0.0,0.0,0.0,0.0,0.0,0.0,0.0,83.0,1.0,7.5,North Carolina,College Stats,ThomCa99,2010.0,-9.45
5.0,147.0,NYG,Mitch Petrus,G,23.0,2012.0,0.0,0.0,0.0,4.0,4.0,27.0,0.0,0.0,0.0,0.0,0.0,0.0,0.0,0.0,0.0,0.0,0.0,,,,Arkansas,College Stats,PetrMi20,2010.0,-6.375
5.0,148.0,TEN,Robert Johnson,DB,23.0,2012.0,0.0,0.0,0.0,2.0,2.0,15.0,0.0,0.0,0.0,0.0,0.0,0.0,0.0,0.0,0.0,0.0,0.0,14.0,1.0,,Utah,College Stats,JohnRo99,2010.0,-5.421052631578948
5.0,149.0,STL,Hall Davis,DE,23.0,2012.0,0.0,0.0,0.0,0.0,,3.0,0.0,0.0,0.0,0.0,0.0,0.0,0.0,0.0,0.0,0.0,0.0,,,,Louisiana,,DaviHa21,2010.0,-15.1
5.0,150.0,NWE,Zoltan Mesko,P,24.0,2013.0,0.0,0.0,0.0,6.0,6.0,55.0,0.0,0.0,0.0,0.0,0.0,0.0,0.0,0.0,0.0,0.0,0.0,2.0,,,Michigan,College Stats,MeskZo99,2010.0,-2.7368421052631575
5.0,151.0,PIT,Chris Scott,G,23.0,2016.0,0.0,0.0,0.0,9.0,0.0,45.0,0.0,0.0,0.0,0.0,0.0,0.0,0.0,0.0,0.0,0.0,0.0,,,,Tennessee,,ScotCh23,2010.0,-4.055555555555555
5.0,152.0,CIN,Otis Hudson,T,24.0,,0.0,0.0,0.0,,,,,,,,,,,,,,,,,,Eastern Illinois,,HudsOt20,2010.0,
5.0,153.0,JAX,Austen Lane,DE,22.0,2013.0,0.0,0.0,2.0,7.0,7.0,30.0,0.0,0.0,0.0,0.0,0.0,0.0,0.0,0.0,0.0,0.0,0.0,47.0,,3.0,Murray St.,,LaneAu99,2010.0,-6.388888888888889
5.0,154.0,GNB,Andrew Quarless,TE,21.0,2015.0,0.0,0.0,2.0,9.0,9.0,60.0,0.0,0.0,0.0,0.0,0.0,0.0,0.0,0.0,89.0,940.0,6.0,3.0,,,Penn St.,College Stats,QuarAn00,2010.0,-9.263157894736842
5.0,155.0,ARI,John Skelton,QB,22.0,2012.0,0.0,0.0,1.0,4.0,4.0,20.0,320.0,602.0,3707.0,15.0,25.0,42.0,182.0,0.0,0.0,0.0,0.0,,,,Fordham,,SkelJo00,2010.0,-5.117647058823529
5.0,156.0,BAL,David Reed,WR,23.0,2013.0,0.0,0.0,0.0,2.0,2.0,36.0,0.0,0.0,0.0,0.0,0.0,2.0,31.0,0.0,6.0,68.0,0.0,18.0,,,Utah,College Stats,ReedDa00,2010.0,-7.111111111111111
5.0,157.0,BAL,Arthur Jones,DE,24.0,2017.0,0.0,0.0,2.0,18.0,14.0,64.0,0.0,0.0,0.0,0.0,0.0,0.0,0.0,0.0,0.0,0.0,0.0,99.0,,10.0,Syracuse,College Stats,JoneAr22,2010.0,7.75
5.0,158.0,NOR,Matt Tennant,C,23.0,2012.0,0.0,0.0,0.0,3.0,2.0,36.0,0.0,0.0,0.0,0.0,0.0,0.0,0.0,0.0,0.0,0.0,0.0,,,,Boston Col.,,TennMa20,2010.0,-3.5
5.0,159.0,PHI,Riley Cooper,WR,22.0,2015.0,0.0,0.0,3.0,17.0,17.0,88.0,0.0,0.0,0.0,0.0,0.0,0.0,18.0,0.0,169.0,2418.0,18.0,14.0,,,Florida,College Stats,CoopRi00,2010.0,4.0
5.0,160.0,CLE,Larry Asante,DB,22.0,2015.0,0.0,0.0,0.0,2.0,,39.0,0.0,0.0,0.0,0.0,0.0,0.0,0.0,0.0,0.0,0.0,0.0,58.0,1.0,,Nebraska,College Stats,AsanLa99,2010.0,-8.722222222222221
5.0,161.0,MIN,Chris DeGeare,G,23.0,2010.0,0.0,0.0,0.0,2.0,2.0,8.0,0.0,0.0,0.0,0.0,0.0,0.0,0.0,0.0,0.0,0.0,0.0,,,,Wake Forest,,DeGeCh20,2010.0,-10.166666666666666
5.0,162.0,IND,Brody Eldridge,TE,23.0,2011.0,0.0,0.0,2.0,0.0,0.0,27.0,0.0,0.0,0.0,0.0,0.0,0.0,0.0,0.0,14.0,84.0,0.0,1.0,,,Oklahoma,College Stats,EldrBr00,2010.0,-6.176470588235294
5.0,163.0,MIA,Reshad Jones,DB,22.0,2019.0,0.0,2.0,8.0,44.0,44.0,128.0,0.0,0.0,0.0,0.0,0.0,0.0,0.0,0.0,0.0,0.0,0.0,599.0,21.0,10.5,Georgia,College Stats,JoneRe99,2010.0,30.666666666666664
5.0,164.0,PIT,Crezdon Butler,DB,23.0,2016.0,0.0,0.0,0.0,2.0,0.0,46.0,0.0,0.0,0.0,0.0,0.0,0.0,0.0,0.0,0.0,0.0,0.0,26.0,,,Clemson,College Stats,ButlCr99,2010.0,-10.05
5.0,165.0,ATL,Kerry Meier,WR,23.0,2011.0,0.0,0.0,0.0,0.0,0.0,12.0,0.0,0.0,0.0,0.0,0.0,0.0,0.0,0.0,0.0,0.0,0.0,,,,Kansas,College Stats,MeieKe00,2010.0,-13.35
5.0,166.0,PIT,Stevenson Sylvester,LB,22.0,2013.0,0.0,0.0,0.0,6.0,6.0,50.0,0.0,0.0,0.0,0.0,0.0,0.0,0.0,0.0,0.0,0.0,0.0,25.0,,,Utah,College Stats,SylvSt99,2010.0,-7.666666666666666
5.0,167.0,MIN,Nate Triplett,LB,23.0,2011.0,0.0,0.0,0.0,0.0,,8.0,0.0,0.0,0.0,0.0,0.0,0.0,0.0,0.0,0.0,0.0,0.0,4.0,,,Minnesota,College Stats,TripNa99,2010.0,-8.764705882352942
5.0,168.0,SDG,Jonathan Crompton,QB,23.0,,0.0,0.0,0.0,,,,,,,,,,,,,,,,,,Tennessee,College Stats,CromJo00,2010.0,
5.0,169.0,GNB,Marshall Newhouse,G,21.0,2020.0,0.0,0.0,4.0,40.0,20.0,133.0,0.0,0.0,0.0,0.0,0.0,0.0,0.0,0.0,0.0,0.0,0.0,,,,TCU,College Stats,NewhMa20,2010.0,28.5
6.0,170.0,STL,Fendi Onobun,TE,23.0,2011.0,0.0,0.0,0.0,0.0,0.0,4.0,0.0,0.0,0.0,0.0,0.0,0.0,0.0,0.0,2.0,15.0,0.0,1.0,,,Arizona,College Stats,OnobFe00,2010.0,-7.0588235294117645
6.0,171.0,ATL,Shann Schillinger,DB,24.0,2013.0,0.0,0.0,0.0,2.0,2.0,37.0,1.0,1.0,-8.0,0.0,0.0,0.0,0.0,0.0,0.0,0.0,0.0,13.0,,,Montana,,SchiSh99,2010.0,-4.588235294117647
6.0,172.0,TAM,Brent Bowden,P,,,0.0,0.0,0.0,,,,,,,,,,,,,,,,,,Virginia Tech,College Stats,-9999,2010.0,
6.0,173.0,SFO,Anthony Dixon,RB,22.0,2015.0,0.0,0.0,0.0,7.0,3.0,96.0,0.0,0.0,0.0,0.0,0.0,274.0,934.0,11.0,23.0,140.0,0.0,31.0,,,Mississippi St.,College Stats,DixoAn00,2010.0,-4.857142857142858
6.0,174.0,WAS,Dennis Morris,RB,,,0.0,0.0,0.0,,,,,,,,,,,,,,,,,,Louisiana Tech,College Stats,-9999,2010.0,
6.0,175.0,CAR,Greg Hardy,DE,22.0,2015.0,0.0,1.0,4.0,33.0,27.0,75.0,0.0,0.0,0.0,0.0,0.0,0.0,0.0,0.0,0.0,0.0,0.0,167.0,1.0,40.0,Mississippi,College Stats,HardGr99,2010.0,24.157894736842103
6.0,176.0,TEN,Rusty Smith,QB,23.0,2012.0,0.0,0.0,0.0,1.0,1.0,3.0,23.0,45.0,234.0,0.0,4.0,0.0,0.0,0.0,0.0,0.0,0.0,,,,Florida Atlantic,College Stats,SmitRu01,2010.0,-5.052631578947368
6.0,177.0,CLE,Carlton Mitchell,WR,22.0,2011.0,0.0,0.0,0.0,0.0,0.0,16.0,0.0,0.0,0.0,0.0,0.0,1.0,9.0,0.0,3.0,31.0,0.0,3.0,,,South Florida,College Stats,MitcCa00,2010.0,-10.526315789473685
6.0,178.0,BUF,Arthur Moats,LB,22.0,2017.0,0.0,0.0,3.0,22.0,10.0,121.0,0.0,0.0,0.0,0.0,0.0,0.0,0.0,0.0,0.0,0.0,0.0,136.0,,16.5,James Madison,,MoatAr00,2010.0,8.428571428571429
6.0,179.0,DAL,Sam Young,T,23.0,2020.0,0.0,0.0,1.0,16.0,0.0,103.0,0.0,0.0,0.0,0.0,0.0,0.0,0.0,0.0,0.0,0.0,0.0,,,,Notre Dame,,YounSa21,2010.0,9.473684210526315
6.0,180.0,JAX,Deji Karim,RB,23.0,2013.0,0.0,0.0,0.0,4.0,3.0,33.0,0.0,0.0,0.0,0.0,0.0,110.0,341.0,0.0,18.0,129.0,0.0,2.0,,,Southern Illinois,,KariDe00,2010.0,-5.611111111111111
6.0,181.0,CHI,Dan LeFevour,QB,23.0,,0.0,0.0,0.0,,,,,,,,,,,,,,,,,,Central Michigan,College Stats,LeFeDa00,2010.0,
6.0,182.0,SFO,Nate Byham,TE,22.0,2013.0,0.0,0.0,0.0,0.0,0.0,29.0,0.0,0.0,0.0,0.0,0.0,0.0,0.0,0.0,11.0,83.0,1.0,1.0,,,Pittsburgh,College Stats,ByhaNa00,2010.0,-10.277777777777779
6.0,183.0,DEN,Eric Olsen,C,22.0,2014.0,0.0,0.0,0.0,3.0,0.0,23.0,0.0,0.0,0.0,0.0,0.0,0.0,0.0,0.0,0.0,0.0,0.0,,,,Notre Dame,College Stats,OlseEr20,2010.0,-2.105263157894737
6.0,184.0,NYG,Adrian Tracy,DE,23.0,2012.0,0.0,0.0,0.0,1.0,1.0,16.0,0.0,0.0,0.0,0.0,0.0,0.0,0.0,0.0,0.0,0.0,0.0,9.0,,1.0,William & Mary,,TracAd99,2010.0,-4.315789473684211
6.0,185.0,SEA,Anthony McCoy,TE,22.0,2015.0,0.0,0.0,1.0,4.0,4.0,41.0,0.0,0.0,0.0,0.0,0.0,0.0,0.0,0.0,31.0,437.0,3.0,,,,USC,College Stats,McCoAn00,2010.0,0.0588235294117645
6.0,186.0,CLE,Clifton Geathers,DE,22.0,2014.0,0.0,0.0,0.0,3.0,,37.0,0.0,0.0,0.0,0.0,0.0,0.0,0.0,0.0,0.0,0.0,0.0,17.0,,1.0,South Carolina,College Stats,GeatCl99,2010.0,-7.388888888888889
6.0,187.0,HOU,Shelley Smith,G,23.0,2014.0,0.0,0.0,0.0,7.0,,36.0,0.0,0.0,0.0,0.0,0.0,0.0,0.0,0.0,0.0,0.0,0.0,,,,Colorado St.,,SmitSh22,2010.0,-5.15
6.0,188.0,PIT,Jonathan Dwyer,RB,21.0,2014.0,0.0,0.0,1.0,8.0,8.0,38.0,0.0,0.0,0.0,0.0,0.0,246.0,1022.0,3.0,29.0,184.0,0.0,1.0,,,Georgia Tech,College Stats,DwyeJo00,2010.0,-3.764705882352942
6.0,189.0,STL,Eugene Sims,DE,24.0,2016.0,0.0,0.0,1.0,17.0,17.0,99.0,0.0,0.0,0.0,0.0,0.0,0.0,0.0,0.0,0.0,0.0,0.0,110.0,2.0,12.0,West Texas A&M,,SimsEu99,2010.0,8.6
6.0,190.0,OAK,Travis Goethel,LB,23.0,2012.0,0.0,0.0,0.0,1.0,1.0,16.0,0.0,0.0,0.0,0.0,0.0,0.0,0.0,0.0,0.0,0.0,0.0,7.0,,,Arizona St.,College Stats,GoetTr99,2010.0,-8.61111111111111
6.0,191.0,CIN,Dezmon Briscoe,WR,21.0,2012.0,0.0,0.0,0.0,4.0,,25.0,0.0,0.0,0.0,0.0,0.0,1.0,1.0,0.0,43.0,502.0,7.0,,,,Kansas,College Stats,BrisDe00,2010.0,-11.421052631578947
6.0,192.0,BUF,Danny Batten,DE,22.0,2011.0,0.0,0.0,0.0,2.0,2.0,16.0,0.0,0.0,0.0,0.0,0.0,0.0,0.0,0.0,0.0,0.0,0.0,17.0,,0.5,South Dakota St.,,BattDa99,2010.0,-5.2
6.0,193.0,GNB,James Starks,RB,24.0,2016.0,0.0,0.0,0.0,26.0,26.0,76.0,0.0,0.0,0.0,0.0,0.0,618.0,2506.0,9.0,125.0,1017.0,6.0,,,,Buffalo,College Stats,StarJa00,2010.0,14.473684210526315
6.0,194.0,BAL,Ramon Harewood,T,23.0,2012.0,0.0,0.0,0.0,2.0,2.0,6.0,0.0,0.0,0.0,0.0,0.0,0.0,0.0,0.0,0.0,0.0,0.0,,,,Morehouse,,HareRa00,2010.0,-4.555555555555555
6.0,195.0,PIT,Antonio Brown,WR,22.0,2021.0,4.0,7.0,7.0,92.0,86.0,146.0,3.0,6.0,35.0,1.0,1.0,35.0,128.0,0.0,928.0,12291.0,83.0,6.0,,,Central Michigan,College Stats,BrowAn04,2010.0,78.23529411764706
6.0,196.0,DAL,Jamar Wall,DB,22.0,2010.0,0.0,0.0,0.0,0.0,,2.0,0.0,0.0,0.0,0.0,0.0,0.0,0.0,0.0,0.0,0.0,0.0,1.0,,,Texas Tech,College Stats,WallJa99,2010.0,-4.5
6.0,197.0,HOU,Trindon Holliday,WR,24.0,2014.0,0.0,0.0,0.0,4.0,0.0,33.0,0.0,0.0,0.0,0.0,0.0,1.0,7.0,0.0,2.0,17.0,0.0,,,,LSU,College Stats,HollTr00,2010.0,-2.3125
6.0,198.0,CAR,David Gettis,WR,23.0,2012.0,0.0,0.0,1.0,3.0,3.0,17.0,0.0,0.0,0.0,0.0,0.0,3.0,2.0,0.0,37.0,508.0,3.0,1.0,,,Baylor,College Stats,GettDa00,2010.0,-5.777777777777779
6.0,199.0,MIN,Joe Webb,WR,23.0,2020.0,0.0,0.0,0.0,4.0,4.0,104.0,90.0,159.0,888.0,3.0,6.0,50.0,326.0,4.0,10.0,74.0,0.0,24.0,,,Ala-Birmingham,College Stats,WebbJo00,2010.0,-17.125
6.0,200.0,PHI,Charles Scott,RB,,,0.0,0.0,0.0,,,,,,,,,,,,,,,,,,LSU,College Stats,-9999,2010.0,
6.0,201.0,ARI,Jorrick Calvin,DB,23.0,2010.0,0.0,0.0,0.0,1.0,,12.0,0.0,0.0,0.0,0.0,0.0,0.0,0.0,0.0,0.0,0.0,0.0,1.0,,,Troy,College Stats,CalvJo99,2010.0,-3.117647058823529
6.0,202.0,CAR,Jordan Pugh,DB,22.0,2013.0,0.0,0.0,0.0,4.0,3.0,44.0,0.0,0.0,0.0,0.0,0.0,0.0,0.0,0.0,0.0,0.0,0.0,44.0,2.0,1.0,Texas A&M,College Stats,PughJo99,2010.0,-1.1111111111111107
6.0,203.0,JAX,Scotty McGee,DB,,,0.0,0.0,0.0,,,,,,,,,,,,,,,,,,James Madison,,-9999,2010.0,
6.0,204.0,CAR,Tony Pike,QB,24.0,2010.0,0.0,0.0,0.0,0.0,0.0,1.0,6.0,12.0,47.0,0.0,0.0,0.0,0.0,0.0,0.0,0.0,0.0,,,,Cincinnati,College Stats,PikeTo00,2010.0,-9.647058823529411
6.0,205.0,NWE,Ted Larsen,C,23.0,2020.0,0.0,0.0,5.0,36.0,,137.0,0.0,0.0,0.0,0.0,0.0,0.0,0.0,0.0,0.0,0.0,0.0,,,,North Carolina St.,College Stats,LarsTe20,2010.0,25.470588235294116
6.0,206.0,SFO,Kyle Williams,WR,22.0,2013.0,0.0,0.0,0.0,6.0,6.0,39.0,0.0,0.0,0.0,0.0,0.0,8.0,76.0,0.0,47.0,574.0,4.0,,,,Arizona St.,College Stats,WillKy01,2010.0,0.0
6.0,207.0,TEN,Myron Rolle,DB,,,0.0,0.0,0.0,,,,,,,,,,,,,,,,,,Florida St.,,-9999,2010.0,
7.0,208.0,NWE,Thomas Welch,T,23.0,2013.0,0.0,0.0,0.0,2.0,1.0,27.0,0.0,0.0,0.0,0.0,0.0,0.0,0.0,0.0,0.0,0.0,0.0,,,,Vanderbilt,College Stats,WelcTh20,2010.0,-3.666666666666667
7.0,209.0,BUF,Levi Brown,QB,23.0,2010.0,0.0,0.0,0.0,0.0,0.0,1.0,2.0,3.0,24.0,0.0,1.0,0.0,0.0,0.0,0.0,0.0,0.0,,,,Troy,College Stats,BrowLe00,2010.0,-7.428571428571429
7.0,210.0,TAM,Cody Grimm,DB,23.0,2012.0,0.0,0.0,1.0,5.0,5.0,23.0,0.0,0.0,0.0,0.0,0.0,0.0,0.0,0.0,0.0,0.0,0.0,56.0,2.0,,Virginia Tech,College Stats,GrimCo99,2010.0,-2.9411764705882355
7.0,211.0,STL,Marquis Johnson,DB,22.0,2011.0,0.0,0.0,0.0,0.0,0.0,5.0,0.0,0.0,0.0,0.0,0.0,0.0,0.0,0.0,0.0,0.0,0.0,5.0,,,Alabama,College Stats,JohnMa99,2010.0,-5.4
7.0,212.0,MIA,Chris McCoy,DE,,,0.0,0.0,0.0,,,,,,,,,,,,,,,,,,Middle Tenn. St.,,-9999,2010.0,
7.0,213.0,DET,Willie Young,DE,24.0,2017.0,0.0,0.0,2.0,22.0,10.0,98.0,0.0,0.0,0.0,0.0,0.0,0.0,0.0,0.0,0.0,0.0,0.0,122.0,1.0,32.0,North Carolina St.,College Stats,YounWi99,2010.0,14.0
7.0,214.0,MIN,Mickey Shuler,TE,23.0,2015.0,0.0,0.0,0.0,0.0,,10.0,0.0,0.0,0.0,0.0,0.0,0.0,0.0,0.0,2.0,44.0,0.0,,,,Penn St.,College Stats,ShulMi01,2010.0,-7.0
7.0,215.0,OAK,Jeremy Ware,DB,23.0,2010.0,0.0,0.0,0.0,1.0,1.0,8.0,0.0,0.0,0.0,0.0,0.0,0.0,0.0,0.0,0.0,0.0,0.0,1.0,1.0,,Michigan St.,College Stats,WareJe99,2010.0,-7.611111111111111
7.0,216.0,BUF,Kyle Calloway,T,,,0.0,0.0,0.0,,,,,,,,,,,,,,,,,,Iowa,College Stats,-9999,2010.0,
7.0,217.0,TAM,Dekoda Watson,LB,22.0,2019.0,0.0,0.0,0.0,11.0,8.0,108.0,0.0,0.0,0.0,0.0,0.0,0.0,0.0,0.0,0.0,0.0,0.0,122.0,1.0,6.0,Florida St.,College Stats,WatsDe99,2010.0,3.764705882352941
7.0,218.0,CHI,J'Marcus Webb,T,22.0,2020.0,0.0,0.0,4.0,29.0,17.0,96.0,0.0,0.0,0.0,0.0,0.0,0.0,0.0,0.0,0.0,0.0,0.0,,,,West Texas A&M,,WebbJM20,2010.0,19.133333333333333
7.0,219.0,WAS,Terrence Austin,WR,22.0,2011.0,0.0,0.0,0.0,1.0,1.0,18.0,0.0,0.0,0.0,0.0,0.0,0.0,0.0,0.0,15.0,184.0,0.0,2.0,,,UCLA,College Stats,AustTe00,2010.0,-6.375
7.0,220.0,PHI,Jamar Chaney,LB,23.0,2014.0,0.0,0.0,1.0,13.0,12.0,54.0,0.0,0.0,0.0,0.0,0.0,0.0,0.0,0.0,0.0,0.0,0.0,122.0,3.0,1.0,Mississippi St.,College Stats,ChanJa98,2010.0,5.411764705882353
7.0,221.0,NYG,Matt Dodge,P,23.0,2010.0,0.0,0.0,0.0,2.0,2.0,16.0,0.0,0.0,0.0,0.0,0.0,1.0,0.0,0.0,0.0,0.0,0.0,3.0,,,East Carolina,College Stats,DodgMa99,2010.0,-5.714285714285714
7.0,222.0,TEN,Marc Mariani,WR,23.0,2016.0,0.0,1.0,0.0,5.0,3.0,70.0,0.0,0.0,0.0,0.0,0.0,2.0,19.0,0.0,27.0,324.0,0.0,7.0,,,Montana,,MariMa00,2010.0,-1.5
7.0,223.0,CAR,R.J. Stanford,DB,22.0,2014.0,0.0,0.0,0.0,4.0,1.0,46.0,0.0,0.0,0.0,0.0,0.0,0.0,0.0,0.0,0.0,0.0,0.0,39.0,2.0,,Utah,College Stats,StanR.00,2010.0,-0.7857142857142856
7.0,224.0,SFO,Phillip Adams,DB,22.0,2015.0,0.0,0.0,0.0,9.0,1.0,78.0,0.0,0.0,0.0,0.0,0.0,0.0,0.0,0.0,0.0,0.0,0.0,108.0,5.0,,South Carolina St.,,AdamPh00,2010.0,-7.0
7.0,225.0,DEN,Syd'Quan Thompson,DB,23.0,2010.0,0.0,0.0,0.0,1.0,1.0,13.0,0.0,0.0,0.0,0.0,0.0,0.0,0.0,0.0,0.0,0.0,0.0,12.0,2.0,,California,College Stats,ThomSy99,2010.0,-5.0588235294117645
7.0,226.0,STL,George Selvie,DE,23.0,2015.0,0.0,0.0,2.0,17.0,2.0,80.0,0.0,0.0,0.0,0.0,0.0,0.0,0.0,0.0,0.0,0.0,0.0,101.0,,14.0,South Florida,College Stats,SelvGe99,2010.0,9.823529411764707
7.0,227.0,HOU,Dorin Dickerson,WR,22.0,2013.0,0.0,0.0,0.0,1.0,0.0,23.0,0.0,0.0,0.0,0.0,0.0,1.0,-8.0,0.0,11.0,151.0,0.0,,,,Pittsburgh,College Stats,DickDo00,2010.0,-4.1875
7.0,228.0,CIN,Reggie Stephens,C,23.0,,0.0,0.0,0.0,,,,,,,,,,,,,,,,,,Iowa St.,College Stats,StepRe22,2010.0,
7.0,229.0,WAS,Erik Cook,C,23.0,2011.0,0.0,0.0,0.0,1.0,1.0,6.0,0.0,0.0,0.0,0.0,0.0,0.0,0.0,0.0,0.0,0.0,0.0,,,,New Mexico,,CookEr00,2010.0,-5.055555555555555
7.0,230.0,GNB,C.J. Wilson,DE,23.0,2016.0,0.0,0.0,2.0,13.0,7.0,84.0,0.0,0.0,0.0,0.0,0.0,0.0,0.0,0.0,0.0,0.0,0.0,87.0,,7.5,East Carolina,College Stats,WilsC.98,2010.0,3.8888888888888893
7.0,231.0,WAS,Selvish Capers,T,24.0,2012.0,0.0,0.0,0.0,0.0,,3.0,0.0,0.0,0.0,0.0,0.0,0.0,0.0,0.0,0.0,0.0,0.0,,,,West Virginia,College Stats,CapeSe20,2010.0,-3.125
7.0,232.0,DEN,Jammie Kirlew,DE,23.0,2011.0,0.0,0.0,0.0,0.0,,1.0,0.0,0.0,0.0,0.0,0.0,0.0,0.0,0.0,0.0,0.0,0.0,,,,Indiana,College Stats,KirlJa99,2010.0,-6.8125
7.0,233.0,ARI,Jim Dray,TE,23.0,2017.0,0.0,0.0,2.0,3.0,2.0,94.0,0.0,0.0,0.0,0.0,0.0,0.0,0.0,0.0,56.0,605.0,3.0,10.0,,,Stanford,College Stats,DrayJi00,2010.0,-14.0
7.0,234.0,DAL,Sean Lissemore,DT,22.0,2015.0,0.0,0.0,2.0,13.0,5.0,69.0,0.0,0.0,0.0,0.0,0.0,0.0,0.0,0.0,0.0,0.0,0.0,78.0,1.0,6.5,William & Mary,,LissSe99,2010.0,7.222222222222222
7.0,235.0,SDG,Dedrick Epps,TE,22.0,2012.0,0.0,0.0,0.0,0.0,,6.0,0.0,0.0,0.0,0.0,0.0,0.0,0.0,0.0,1.0,9.0,0.0,,,,Miami (FL),College Stats,EppsDe00,2010.0,-9.875
7.0,236.0,SEA,Dexter Davis,LB,23.0,2011.0,0.0,0.0,0.0,1.0,1.0,16.0,0.0,0.0,0.0,0.0,0.0,0.0,0.0,0.0,0.0,0.0,0.0,10.0,,1.0,Arizona St.,College Stats,DaviDe99,2010.0,-1.8823529411764706
7.0,237.0,MIN,Ryan D'Imperio,RB,23.0,2011.0,0.0,0.0,0.0,0.0,0.0,12.0,0.0,0.0,0.0,0.0,0.0,0.0,0.0,0.0,2.0,7.0,0.0,7.0,,,Rutgers,College Stats,DImpRy00,2010.0,-2.6842105263157894
7.0,238.0,IND,Ricardo Mathews,DT,23.0,2016.0,0.0,0.0,0.0,14.0,5.0,96.0,0.0,0.0,0.0,0.0,0.0,0.0,0.0,0.0,0.0,0.0,0.0,66.0,,5.0,Cincinnati,College Stats,MathRi99,2010.0,5.846153846153847
7.0,239.0,NOR,Sean Canfield,QB,24.0,,0.0,0.0,0.0,,,,,,,,,,,,,,,,,,Oregon St.,College Stats,CanfSe00,2010.0,
7.0,240.0,IND,Kavell Conner,LB,23.0,2015.0,0.0,0.0,3.0,20.0,15.0,78.0,0.0,0.0,0.0,0.0,0.0,0.0,0.0,0.0,0.0,0.0,0.0,208.0,,2.0,Clemson,College Stats,ConnKa99,2010.0,13.666666666666668
7.0,241.0,TEN,David Howard,DT,,,0.0,0.0,0.0,,,,,,,,,,,,,,,,,,Brown,,-9999,2010.0,
7.0,242.0,PIT,Doug Worthington,DT,23.0,2015.0,0.0,0.0,0.0,0.0,,8.0,0.0,0.0,0.0,0.0,0.0,0.0,0.0,0.0,0.0,0.0,0.0,2.0,,,Ohio St.,College Stats,WortDo99,2010.0,-9.38888888888889
7.0,243.0,PHI,Jeff Owens,DT,23.0,2010.0,0.0,0.0,0.0,0.0,0.0,1.0,0.0,0.0,0.0,0.0,0.0,0.0,0.0,0.0,0.0,0.0,0.0,,,,Georgia,College Stats,OwenJe20,2010.0,-5.8
7.0,244.0,PHI,Kurt Coleman,DB,22.0,2019.0,0.0,1.0,6.0,33.0,12.0,146.0,0.0,0.0,0.0,0.0,0.0,0.0,0.0,0.0,0.0,0.0,0.0,401.0,21.0,2.0,Ohio St.,College Stats,ColeKu99,2010.0,19.6875
7.0,245.0,SEA,Jameson Konz,TE,24.0,2011.0,0.0,0.0,0.0,0.0,0.0,1.0,0.0,0.0,0.0,0.0,0.0,0.0,0.0,0.0,0.0,0.0,0.0,1.0,,,Kent St.,College Stats,KonzJa00,2010.0,-6.333333333333333
7.0,246.0,IND,Ray Fisher,DB,,,0.0,0.0,0.0,,,,,,,,,,,,,,,,,,Indiana,College Stats,-9999,2010.0,
7.0,247.0,NWE,Brandon Deaderick,DE,23.0,2014.0,0.0,0.0,0.0,9.0,8.0,60.0,0.0,0.0,0.0,0.0,0.0,0.0,0.0,0.0,0.0,0.0,0.0,41.0,,5.5,Alabama,College Stats,DeadBr99,2010.0,5.285714285714286
7.0,248.0,NWE,Kade Weston,DT,,,0.0,0.0,0.0,,,,,,,,,,,,,,,,,,Georgia,College Stats,-9999,2010.0,
7.0,249.0,CAR,Robert McClain,DB,22.0,2017.0,0.0,0.0,1.0,14.0,4.0,94.0,0.0,0.0,0.0,0.0,0.0,0.0,0.0,0.0,0.0,0.0,0.0,239.0,7.0,2.5,Connecticut,College Stats,McClRo98,2010.0,6.294117647058823
7.0,250.0,NWE,Zac Robinson,QB,23.0,,0.0,0.0,0.0,,,,,,,,,,,,,,,,,,Oklahoma St.,College Stats,RobiZa00,2010.0,
7.0,251.0,OAK,Stevie Brown,DB,23.0,2014.0,0.0,0.0,1.0,10.0,1.0,55.0,0.0,0.0,0.0,0.0,0.0,0.0,0.0,0.0,0.0,0.0,0.0,123.0,8.0,1.0,Michigan,College Stats,BrowSt99,2010.0,0.5
7.0,252.0,MIA,Austin Spitler,LB,23.0,2013.0,0.0,0.0,0.0,5.0,5.0,55.0,0.0,0.0,0.0,0.0,0.0,0.0,0.0,0.0,0.0,0.0,0.0,27.0,,,Ohio St.,College Stats,SpitAu99,2010.0,-4.666666666666666
7.0,253.0,TAM,Erik Lorig,DE,23.0,2014.0,0.0,0.0,1.0,2.0,2.0,66.0,0.0,0.0,0.0,0.0,0.0,3.0,4.0,0.0,39.0,220.0,2.0,19.0,,,Stanford,College Stats,LoriEr99,2010.0,-4.769230769230769
7.0,254.0,STL,Josh Hull,LB,23.0,2013.0,0.0,0.0,0.0,3.0,2.0,39.0,0.0,0.0,0.0,0.0,0.0,0.0,0.0,0.0,0.0,0.0,0.0,18.0,,,Penn St.,College Stats,HullJo99,2010.0,-2.0
7.0,255.0,DET,Tim Toone,WR,25.0,,0.0,0.0,0.0,,,,,,,,,,,,,,,,,,Weber St.,,ToonTi00,2010.0,
1.0,1.0,CAR,Cam Newton,QB,22.0,2021.0,1.0,3.0,9.0,115.0,107.0,148.0,2682.0,4474.0,32382.0,194.0,123.0,1118.0,5628.0,75.0,3.0,68.0,1.0,,,,Auburn,College Stats,NewtCa00,2011.0,38.57142857142857
1.0,2.0,DEN,Von Miller,LB,22.0,2025.0,3.0,8.0,10.0,105.0,97.0,203.0,0.0,0.0,0.0,0.0,0.0,0.0,0.0,0.0,0.0,0.0,0.0,462.0,2.0,138.5,Texas A&M,College Stats,MillVo00,2011.0,51.523809523809526
1.0,3.0,BUF,Marcell Dareus,DT,21.0,2019.0,1.0,2.0,7.0,56.0,47.0,121.0,0.0,0.0,0.0,0.0,0.0,0.0,0.0,0.0,0.0,0.0,0.0,255.0,,37.5,Alabama,College Stats,DareMa00,2011.0,3.7142857142857153
1.0,4.0,CIN,A.J. Green,WR,23.0,2022.0,0.0,7.0,10.0,77.0,71.0,158.0,0.0,0.0,0.0,0.0,0.0,11.0,93.0,0.0,727.0,10514.0,70.0,,,,Georgia,College Stats,GreeA.00,2011.0,23.095238095238095
1.0,5.0,ARI,Patrick Peterson,DB,21.0,2023.0,3.0,8.0,13.0,103.0,95.0,201.0,1.0,1.0,17.0,0.0,0.0,7.0,34.0,0.0,10.0,64.0,0.0,571.0,36.0,4.0,LSU,College Stats,PetePa00,2011.0,47.523809523809526
1.0,6.0,ATL,Julio Jones,WR,22.0,2023.0,2.0,7.0,9.0,101.0,97.0,166.0,0.0,0.0,0.0,0.0,0.0,24.0,163.0,0.0,914.0,13703.0,66.0,2.0,,,Alabama,College Stats,JoneJu02,2011.0,50.19047619047619
1.0,7.0,SFO,Aldon Smith,DE,21.0,2020.0,1.0,1.0,4.0,34.0,24.0,75.0,0.0,0.0,0.0,0.0,0.0,0.0,0.0,0.0,0.0,0.0,0.0,172.0,1.0,52.5,Missouri,College Stats,SmitAl04,2011.0,-14.047619047619051
1.0,8.0,TEN,Jake Locker,QB,23.0,2014.0,0.0,0.0,1.0,15.0,15.0,30.0,408.0,709.0,4967.0,27.0,22.0,95.0,644.0,5.0,0.0,0.0,0.0,,,,Washington,College Stats,LockJa00,2011.0,-28.38095238095238
1.0,9.0,DAL,Tyron Smith,T,20.0,2024.0,2.0,8.0,12.0,91.0,89.0,171.0,0.0,0.0,0.0,0.0,0.0,0.0,0.0,0.0,0.0,0.0,0.0,1.0,,,USC,College Stats,SmitTy00,2011.0,42.76190476190476
1.0,10.0,JAX,Blaine Gabbert,QB,21.0,2023.0,0.0,0.0,2.0,17.0,7.0,69.0,882.0,1568.0,9487.0,51.0,50.0,201.0,685.0,3.0,1.0,-16.0,0.0,,,,Missouri,College Stats,GabbBl00,2011.0,-22.38095238095238
1.0,11.0,HOU,J.J. Watt,DE,22.0,2022.0,5.0,5.0,10.0,110.0,105.0,151.0,0.0,0.0,0.0,0.0,0.0,0.0,0.0,0.0,3.0,4.0,3.0,449.0,2.0,114.5,Wisconsin,College Stats,WattJ.00,2011.0,57.04761904761905
1.0,12.0,MIN,Christian Ponder,QB,23.0,2014.0,0.0,0.0,3.0,22.0,22.0,38.0,632.0,1057.0,6658.0,38.0,36.0,126.0,639.0,7.0,1.0,-15.0,0.0,1.0,,,Florida St.,College Stats,PondCh00,2011.0,-23.38095238095238
1.0,13.0,DET,Nick Fairley,DT,23.0,2016.0,0.0,0.0,4.0,23.0,16.0,77.0,0.0,0.0,0.0,0.0,0.0,0.0,0.0,0.0,0.0,0.0,0.0,114.0,,20.5,Auburn,College Stats,FairNi00,2011.0,-30.142857142857146
1.0,14.0,STL,Robert Quinn,DE,21.0,2022.0,1.0,3.0,9.0,69.0,43.0,169.0,0.0,0.0,0.0,0.0,0.0,0.0,0.0,0.0,0.0,0.0,0.0,286.0,,102.0,North Carolina,College Stats,QuinRo00,2011.0,23.80952380952381
1.0,15.0,MIA,Mike Pouncey,G,22.0,2019.0,0.0,4.0,7.0,52.0,40.0,114.0,0.0,0.0,0.0,0.0,0.0,0.0,0.0,0.0,0.0,0.0,0.0,,,,Florida,College Stats,PounMi00,2011.0,14.23809523809524
1.0,16.0,WAS,Ryan Kerrigan,DE,23.0,2021.0,0.0,4.0,9.0,63.0,62.0,172.0,0.0,0.0,0.0,0.0,0.0,0.0,0.0,0.0,0.0,0.0,0.0,333.0,3.0,95.5,Purdue,College Stats,KerrRy00,2011.0,20.666666666666664
1.0,17.0,NWE,Nate Solder,T,23.0,2021.0,0.0,0.0,9.0,64.0,49.0,146.0,0.0,0.0,0.0,0.0,0.0,0.0,0.0,0.0,0.0,0.0,0.0,3.0,,,Colorado,College Stats,SoldNa00,2011.0,18.61904761904762
1.0,18.0,SDG,Corey Liuget,DT,21.0,2020.0,0.0,0.0,7.0,42.0,41.0,124.0,0.0,0.0,0.0,0.0,0.0,0.0,0.0,0.0,0.0,0.0,0.0,219.0,,26.0,Illinois,College Stats,LiugCo00,2011.0,-1.5238095238095255
1.0,19.0,NYG,Prince Amukamara,DB,22.0,2019.0,0.0,0.0,8.0,36.0,15.0,113.0,0.0,0.0,0.0,0.0,0.0,0.0,0.0,0.0,0.0,0.0,0.0,417.0,10.0,,Nebraska,College Stats,AmukPr00,2011.0,-0.1904761904761898
1.0,20.0,TAM,Adrian Clayborn,DE,23.0,2020.0,0.0,0.0,2.0,26.0,12.0,125.0,0.0,0.0,0.0,0.0,0.0,0.0,0.0,0.0,0.0,0.0,0.0,151.0,,40.0,Iowa,College Stats,ClayAd00,2011.0,-11.61904761904762
1.0,21.0,CLE,Phil Taylor,DT,23.0,2014.0,0.0,0.0,2.0,19.0,19.0,44.0,0.0,0.0,0.0,0.0,0.0,0.0,0.0,0.0,0.0,0.0,0.0,69.0,,7.0,Baylor,College Stats,TaylPh00,2011.0,-16.333333333333336
1.0,22.0,IND,Anthony Castonzo,T,23.0,2020.0,0.0,0.0,10.0,58.0,58.0,144.0,0.0,0.0,0.0,0.0,0.0,0.0,0.0,0.0,1.0,1.0,1.0,,,,Boston Col.,College Stats,CastAn00,2011.0,27.142857142857142
1.0,23.0,PHI,Danny Watkins,G,26.0,2013.0,0.0,0.0,1.0,9.0,9.0,24.0,0.0,0.0,0.0,0.0,0.0,0.0,0.0,0.0,0.0,0.0,0.0,,,,Baylor,College Stats,WatkDa00,2011.0,-22.0
1.0,24.0,NOR,Cameron Jordan,DE,22.0,2025.0,1.0,8.0,14.0,109.0,109.0,243.0,0.0,0.0,0.0,0.0,0.0,0.0,0.0,0.0,0.0,0.0,0.0,494.0,3.0,132.0,California,College Stats,JordCa00,2011.0,57.095238095238095
1.0,25.0,SEA,James Carpenter,T,22.0,2021.0,0.0,0.0,10.0,49.0,17.0,132.0,0.0,0.0,0.0,0.0,0.0,0.0,0.0,0.0,0.0,0.0,0.0,1.0,,,Alabama,College Stats,CarpJa00,2011.0,13.714285714285715
1.0,26.0,KAN,Jonathan Baldwin,WR,22.0,2013.0,0.0,0.0,1.0,4.0,4.0,33.0,0.0,0.0,0.0,0.0,0.0,0.0,0.0,0.0,44.0,607.0,2.0,,,,Pittsburgh,College Stats,BaldJo00,2011.0,-24.476190476190474
1.0,27.0,BAL,Jimmy Smith,DB,23.0,2021.0,0.0,0.0,5.0,33.0,33.0,128.0,0.0,0.0,0.0,0.0,0.0,0.0,0.0,0.0,0.0,0.0,0.0,324.0,14.0,3.0,Colorado,College Stats,SmitJi03,2011.0,-9.285714285714285
1.0,28.0,NOR,Mark Ingram,RB,21.0,2022.0,0.0,3.0,5.0,66.0,51.0,156.0,0.0,0.0,0.0,0.0,0.0,1817.0,8111.0,65.0,303.0,2125.0,10.0,2.0,,,Alabama,College Stats,IngrMa01,2011.0,34.57142857142857
1.0,29.0,CHI,Gabe Carimi,T,23.0,2014.0,0.0,0.0,1.0,12.0,7.0,48.0,0.0,0.0,0.0,0.0,0.0,0.0,0.0,0.0,0.0,0.0,0.0,,,,Wisconsin,College Stats,CariGa00,2011.0,-17.857142857142858
1.0,30.0,NYJ,Muhammad Wilkerson,DT,21.0,2018.0,0.0,1.0,7.0,58.0,58.0,108.0,0.0,0.0,0.0,0.0,0.0,0.0,0.0,0.0,0.0,0.0,0.0,245.0,2.0,44.5,Temple,College Stats,WilkMu00,2011.0,22.80952380952381
1.0,31.0,PIT,Cameron Heyward,DE,22.0,2025.0,4.0,7.0,12.0,115.0,115.0,228.0,0.0,0.0,0.0,0.0,0.0,0.0,0.0,0.0,0.0,0.0,0.0,477.0,2.0,92.0,Ohio St.,College Stats,HeywCa01,2011.0,80.47619047619048
1.0,32.0,GNB,Derek Sherrod,T,22.0,2014.0,0.0,0.0,0.0,3.0,3.0,20.0,0.0,0.0,0.0,0.0,0.0,0.0,0.0,0.0,0.0,0.0,0.0,,,,Mississippi St.,College Stats,SherDe00,2011.0,-38.904761904761905
2.0,33.0,NWE,Ras-I Dowling,DB,23.0,2014.0,0.0,0.0,0.0,1.0,1.0,12.0,0.0,0.0,0.0,0.0,0.0,0.0,0.0,0.0,0.0,0.0,0.0,8.0,,,Virginia,College Stats,DowlRa00,2011.0,-33.23809523809524
2.0,34.0,BUF,Aaron Williams,DB,21.0,2016.0,0.0,0.0,4.0,17.0,17.0,59.0,0.0,0.0,0.0,0.0,0.0,0.0,0.0,0.0,0.0,0.0,0.0,184.0,7.0,,Texas,College Stats,WillAa00,2011.0,-20.523809523809526
2.0,35.0,CIN,Andy Dalton,QB,23.0,2025.0,0.0,3.0,11.0,92.0,82.0,179.0,3539.0,5651.0,39793.0,254.0,151.0,487.0,1509.0,22.0,3.0,11.0,1.0,1.0,,,TCU,College Stats,DaltAn00,2011.0,52.95238095238095
2.0,36.0,SFO,Colin Kaepernick,QB,23.0,2016.0,0.0,0.0,4.0,45.0,45.0,69.0,1011.0,1692.0,12271.0,72.0,30.0,375.0,2300.0,13.0,0.0,0.0,0.0,,,,Nevada,College Stats,KaepCo00,2011.0,4.428571428571431
2.0,37.0,CLE,Jabaal Sheard,DE,22.0,2021.0,0.0,0.0,7.0,47.0,22.0,145.0,0.0,0.0,0.0,0.0,0.0,0.0,0.0,0.0,0.0,0.0,0.0,274.0,,53.0,Pittsburgh,College Stats,SheaJa00,2011.0,11.57142857142857
2.0,38.0,ARI,Ryan Williams,RB,21.0,2012.0,0.0,0.0,0.0,1.0,1.0,5.0,0.0,0.0,0.0,0.0,0.0,58.0,164.0,0.0,7.0,44.0,0.0,,,,Virginia Tech,College Stats,WillRy00,2011.0,-23.857142857142858
2.0,39.0,TEN,Akeem Ayers,LB,22.0,2017.0,0.0,0.0,4.0,28.0,17.0,97.0,0.0,0.0,0.0,0.0,0.0,0.0,0.0,0.0,0.0,0.0,0.0,221.0,4.0,15.5,UCLA,College Stats,AyerAk00,2011.0,-4.714285714285715
2.0,40.0,DAL,Bruce Carter,LB,23.0,2018.0,0.0,0.0,3.0,20.0,16.0,101.0,0.0,0.0,0.0,0.0,0.0,0.0,0.0,0.0,0.0,0.0,0.0,234.0,5.0,5.0,North Carolina,College Stats,CartBr00,2011.0,-3.428571428571427
2.0,41.0,WAS,Jarvis Jenkins,DT,23.0,2018.0,0.0,0.0,3.0,23.0,13.0,98.0,0.0,0.0,0.0,0.0,0.0,0.0,0.0,0.0,0.0,0.0,0.0,87.0,,7.0,Clemson,College Stats,JenkJa01,2011.0,-5.714285714285715
2.0,42.0,HOU,Brooks Reed,LB,24.0,2020.0,0.0,0.0,6.0,37.0,24.0,131.0,0.0,0.0,0.0,0.0,0.0,0.0,0.0,0.0,0.0,0.0,0.0,191.0,1.0,23.5,Arizona,College Stats,ReedBr00,2011.0,8.38095238095238
2.0,43.0,MIN,Kyle Rudolph,TE,21.0,2022.0,0.0,2.0,10.0,36.0,35.0,165.0,0.0,0.0,0.0,0.0,0.0,0.0,0.0,0.0,482.0,4773.0,50.0,,,,Notre Dame,College Stats,RudoKy00,2011.0,12.904761904761905
2.0,44.0,DET,Titus Young,WR,22.0,2012.0,0.0,0.0,2.0,8.0,8.0,26.0,0.0,0.0,0.0,0.0,0.0,4.0,31.0,0.0,81.0,990.0,10.0,,,,Boise St.,College Stats,YounTi00,2011.0,-20.0
2.0,45.0,DEN,Rahim Moore,DB,21.0,2015.0,0.0,0.0,3.0,20.0,18.0,64.0,0.0,0.0,0.0,0.0,0.0,0.0,0.0,0.0,0.0,0.0,0.0,180.0,9.0,1.0,UCLA,College Stats,MoorRa00,2011.0,-6.80952380952381
2.0,46.0,DEN,Orlando Franklin,T,23.0,2017.0,0.0,0.0,6.0,42.0,31.0,90.0,0.0,0.0,0.0,0.0,0.0,0.0,0.0,0.0,0.0,0.0,0.0,,,,Miami (FL),College Stats,FranOr00,2011.0,13.38095238095238
2.0,47.0,STL,Lance Kendricks,TE,23.0,2019.0,0.0,0.0,6.0,16.0,13.0,137.0,0.0,0.0,0.0,0.0,0.0,1.0,-8.0,0.0,244.0,2555.0,19.0,6.0,,,Wisconsin,College Stats,KendLa00,2011.0,-17.04761904761905
2.0,48.0,OAK,Stefen Wisniewski,C,22.0,2020.0,0.0,0.0,6.0,41.0,21.0,139.0,0.0,0.0,0.0,0.0,0.0,0.0,0.0,0.0,0.0,0.0,0.0,,,,Penn St.,,WisnSt01,2011.0,12.19047619047619
2.0,49.0,IND,Ben Ijalana,T,22.0,2017.0,0.0,0.0,1.0,6.0,0.0,34.0,0.0,0.0,0.0,0.0,0.0,0.0,0.0,0.0,0.0,0.0,0.0,,,,Villanova,,IjalBe00,2011.0,-17.6
2.0,50.0,SDG,Marcus Gilchrist,DB,22.0,2020.0,0.0,0.0,6.0,33.0,15.0,128.0,0.0,0.0,0.0,0.0,0.0,0.0,0.0,0.0,0.0,0.0,0.0,382.0,14.0,4.0,Clemson,College Stats,GilcMa00,2011.0,4.285714285714285
2.0,51.0,TAM,Da'Quan Bowers,DE,21.0,2015.0,0.0,0.0,0.0,7.0,7.0,53.0,0.0,0.0,0.0,0.0,0.0,0.0,0.0,0.0,0.0,0.0,0.0,46.0,,7.0,Clemson,College Stats,BoweDa00,2011.0,-18.842105263157894
2.0,52.0,NYG,Marvin Austin,DT,22.0,2014.0,0.0,0.0,0.0,2.0,1.0,26.0,0.0,0.0,0.0,0.0,0.0,0.0,0.0,0.0,0.0,0.0,0.0,15.0,,,North Carolina,College Stats,AustMa00,2011.0,-21.666666666666668
2.0,53.0,CHI,Stephen Paea,DT,23.0,2017.0,0.0,0.0,3.0,19.0,15.0,83.0,0.0,0.0,0.0,0.0,0.0,0.0,0.0,0.0,0.0,0.0,0.0,76.0,,14.0,Oregon St.,College Stats,PaeaSt00,2011.0,-7.142857142857142
2.0,54.0,PHI,Jaiquawn Jarrett,DB,21.0,2015.0,0.0,0.0,0.0,5.0,1.0,47.0,0.0,0.0,0.0,0.0,0.0,0.0,0.0,0.0,0.0,0.0,0.0,62.0,2.0,1.5,Temple,College Stats,JarrJa00,2011.0,-17.904761904761905
2.0,55.0,KAN,Rodney Hudson,C,22.0,2022.0,0.0,3.0,9.0,61.0,13.0,159.0,0.0,0.0,0.0,0.0,0.0,0.0,0.0,0.0,0.0,0.0,0.0,1.0,,,Florida St.,College Stats,HudsRo00,2011.0,27.95238095238095
2.0,56.0,NWE,Shane Vereen,RB,22.0,2017.0,0.0,0.0,1.0,25.0,16.0,79.0,0.0,1.0,0.0,0.0,1.0,356.0,1489.0,8.0,221.0,1864.0,11.0,1.0,,,California,College Stats,VereSh00,2011.0,4.421052631578949
2.0,57.0,DET,Mikel Leshoure,RB,21.0,2013.0,0.0,0.0,1.0,5.0,5.0,17.0,0.0,0.0,0.0,0.0,0.0,217.0,807.0,9.0,34.0,214.0,0.0,,,,Illinois,College Stats,LeshMi00,2011.0,-17.80952380952381
2.0,58.0,BAL,Torrey Smith,WR,22.0,2018.0,0.0,0.0,7.0,37.0,28.0,119.0,0.0,0.0,0.0,0.0,0.0,8.0,45.0,0.0,319.0,5141.0,41.0,,,,Maryland,College Stats,SmitTo02,2011.0,12.476190476190474
2.0,59.0,CLE,Greg Little,WR,22.0,2014.0,0.0,0.0,3.0,12.0,12.0,54.0,0.0,0.0,0.0,0.0,0.0,5.0,30.0,0.0,161.0,1890.0,8.0,1.0,,,North Carolina,College Stats,LittGr00,2011.0,-9.904761904761905
2.0,60.0,HOU,Brandon Harris,DB,21.0,2014.0,0.0,0.0,0.0,3.0,2.0,42.0,0.0,0.0,0.0,0.0,0.0,0.0,0.0,0.0,0.0,0.0,0.0,38.0,,,Miami (FL),College Stats,HarrBr00,2011.0,-22.095238095238095
2.0,61.0,SDG,Jonas Mouton,LB,23.0,2012.0,0.0,0.0,0.0,0.0,0.0,3.0,0.0,0.0,0.0,0.0,0.0,0.0,0.0,0.0,0.0,0.0,0.0,1.0,,,Michigan,College Stats,MoutJo00,2011.0,-28.857142857142858
2.0,62.0,MIA,Daniel Thomas,RB,23.0,2014.0,0.0,0.0,0.0,11.0,11.0,52.0,0.0,0.0,0.0,0.0,0.0,409.0,1480.0,10.0,55.0,412.0,3.0,3.0,,,Kansas St.,College Stats,ThomDa03,2011.0,-14.75
2.0,63.0,PIT,Marcus Gilbert,T,23.0,2018.0,0.0,0.0,5.0,36.0,36.0,88.0,0.0,0.0,0.0,0.0,0.0,0.0,0.0,0.0,0.0,0.0,0.0,,,,Florida,College Stats,GilbMa00,2011.0,5.100000000000001
2.0,64.0,GNB,Randall Cobb,WR,21.0,2023.0,0.0,1.0,5.0,64.0,56.0,166.0,1.0,4.0,10.0,0.0,0.0,63.0,364.0,0.0,630.0,7624.0,54.0,3.0,,,Kentucky,College Stats,CobbRa00,2011.0,34.095238095238095
3.0,65.0,CAR,Terrell McClain,DT,23.0,2019.0,0.0,0.0,2.0,17.0,4.0,92.0,0.0,0.0,0.0,0.0,0.0,0.0,0.0,0.0,0.0,0.0,0.0,86.0,,7.5,South Florida,College Stats,McClTe00,2011.0,-8.899999999999999
3.0,66.0,CIN,Dontay Moch,LB,23.0,2014.0,0.0,0.0,0.0,0.0,0.0,8.0,0.0,0.0,0.0,0.0,0.0,0.0,0.0,0.0,0.0,0.0,0.0,7.0,,1.0,Nevada,College Stats,MochDo00,2011.0,-25.476190476190474
3.0,67.0,DEN,Nate Irving,LB,23.0,2015.0,0.0,0.0,1.0,9.0,9.0,62.0,0.0,0.0,0.0,0.0,0.0,0.0,0.0,0.0,0.0,0.0,0.0,79.0,,3.0,North Carolina St.,College Stats,IrviNa00,2011.0,-9.95
3.0,68.0,BUF,Kelvin Sheppard,LB,23.0,2018.0,0.0,0.0,4.0,25.0,8.0,107.0,0.0,0.0,0.0,0.0,0.0,0.0,0.0,0.0,0.0,0.0,0.0,281.0,2.0,3.0,LSU,College Stats,ShepKe00,2011.0,8.523809523809526
3.0,69.0,ARI,Rob Housler,TE,23.0,2015.0,0.0,0.0,3.0,9.0,9.0,65.0,0.0,0.0,0.0,0.0,0.0,1.0,1.0,0.0,109.0,1166.0,1.0,4.0,,,Florida Atlantic,College Stats,HousRo01,2011.0,-17.571428571428573
3.0,70.0,KAN,Justin Houston,LB,22.0,2023.0,1.0,4.0,10.0,74.0,54.0,170.0,0.0,0.0,0.0,0.0,0.0,0.0,0.0,0.0,0.0,0.0,0.0,409.0,5.0,112.0,Georgia,College Stats,HousJu00,2011.0,51.095238095238095
3.0,71.0,DAL,DeMarco Murray,RB,23.0,2017.0,1.0,3.0,7.0,60.0,40.0,99.0,1.0,2.0,10.0,1.0,0.0,1604.0,7174.0,49.0,307.0,2165.0,6.0,,,,Oklahoma,College Stats,MurrDe00,2011.0,32.14285714285714
3.0,72.0,NOR,Martez Wilson,LB,22.0,2013.0,0.0,0.0,0.0,2.0,2.0,38.0,0.0,0.0,0.0,0.0,0.0,0.0,0.0,0.0,0.0,0.0,0.0,25.0,,5.0,Illinois,College Stats,WilsMa01,2011.0,-16.6
3.0,73.0,NWE,Stevan Ridley,RB,22.0,2018.0,0.0,0.0,1.0,25.0,23.0,73.0,0.0,0.0,0.0,0.0,0.0,743.0,3102.0,24.0,30.0,162.0,0.0,1.0,,,LSU,College Stats,RidlSt00,2011.0,0.4761904761904745
3.0,74.0,NWE,Ryan Mallett,QB,23.0,2017.0,0.0,0.0,0.0,4.0,0.0,21.0,190.0,345.0,1835.0,9.0,10.0,28.0,-5.0,1.0,0.0,0.0,0.0,,,,Arkansas,College Stats,MallRy00,2011.0,-14.428571428571427
3.0,75.0,SEA,John Moffitt,G,24.0,2013.0,0.0,0.0,1.0,6.0,6.0,19.0,0.0,0.0,0.0,0.0,0.0,0.0,0.0,0.0,0.0,0.0,0.0,,,,Wisconsin,,MoffJo00,2011.0,-17.45
3.0,76.0,JAX,Will Rackley,G,21.0,2013.0,0.0,0.0,2.0,8.0,8.0,26.0,0.0,0.0,0.0,0.0,0.0,0.0,0.0,0.0,0.0,0.0,0.0,,,,Lehigh,,RackWi01,2011.0,-13.350000000000001
3.0,77.0,TEN,Jurrell Casey,DT,21.0,2020.0,0.0,5.0,9.0,72.0,71.0,142.0,0.0,0.0,0.0,0.0,0.0,0.0,0.0,0.0,0.0,0.0,0.0,332.0,,51.0,USC,College Stats,CaseJu00,2011.0,53.04761904761905
3.0,78.0,STL,Austin Pettis,WR,23.0,2014.0,0.0,0.0,0.0,8.0,8.0,47.0,0.0,0.0,0.0,0.0,0.0,1.0,-6.0,0.0,107.0,1034.0,9.0,1.0,,,Boise St.,College Stats,PettAu00,2011.0,-17.857142857142858
3.0,79.0,WAS,Leonard Hankerson,WR,22.0,2015.0,0.0,0.0,1.0,12.0,9.0,41.0,0.0,0.0,0.0,0.0,0.0,2.0,5.0,0.0,107.0,1408.0,9.0,,,,Miami (FL),College Stats,HankLe00,2011.0,-4.699999999999999
3.0,80.0,SFO,Chris Culliver,DB,23.0,2015.0,0.0,0.0,1.0,12.0,10.0,52.0,0.0,0.0,0.0,0.0,0.0,0.0,0.0,0.0,0.0,0.0,0.0,126.0,7.0,,South Carolina,College Stats,CullCh00,2011.0,0.7619047619047628
3.0,81.0,OAK,DeMarcus Van Dyke,DB,22.0,2013.0,0.0,0.0,0.0,3.0,2.0,25.0,0.0,0.0,0.0,0.0,0.0,0.0,0.0,0.0,0.0,0.0,0.0,14.0,1.0,,Miami (FL),College Stats,VanDDe00,2011.0,-22.0
3.0,82.0,SDG,Vincent Brown,WR,22.0,2015.0,0.0,0.0,1.0,9.0,8.0,38.0,0.0,0.0,0.0,0.0,0.0,0.0,0.0,0.0,73.0,941.0,3.0,,,,San Diego St.,College Stats,BrowVi00,2011.0,-4.449999999999999
3.0,83.0,NYG,Jerrel Jernigan,WR,22.0,2014.0,0.0,0.0,0.0,2.0,2.0,34.0,0.0,0.0,0.0,0.0,0.0,4.0,61.0,1.0,38.0,391.0,2.0,1.0,,,Troy,College Stats,JernJe00,2011.0,-21.761904761904763
3.0,84.0,TAM,Mason Foster,LB,22.0,2018.0,0.0,0.0,6.0,40.0,21.0,107.0,0.0,0.0,0.0,0.0,0.0,0.0,0.0,0.0,0.0,0.0,0.0,460.0,8.0,8.5,Washington,College Stats,FostMa00,2011.0,14.571428571428573
3.0,85.0,BAL,Jah Reid,T,23.0,2016.0,0.0,0.0,2.0,10.0,5.0,61.0,0.0,0.0,0.0,0.0,0.0,0.0,0.0,0.0,0.0,0.0,0.0,,,,Central Florida,,ReidJa00,2011.0,-2.0
3.0,86.0,KAN,Allen Bailey,DE,22.0,2020.0,0.0,0.0,3.0,34.0,30.0,133.0,0.0,0.0,0.0,0.0,0.0,0.0,0.0,0.0,0.0,0.0,0.0,164.0,,22.0,Miami (FL),College Stats,BailAl00,2011.0,14.0
3.0,87.0,IND,Drake Nevis,DT,22.0,2013.0,0.0,0.0,0.0,4.0,3.0,26.0,0.0,0.0,0.0,0.0,0.0,0.0,0.0,0.0,0.0,0.0,0.0,27.0,,1.0,LSU,College Stats,NeviDr00,2011.0,-7.476190476190476
3.0,88.0,NOR,Johnny Patrick,DB,23.0,2013.0,0.0,0.0,0.0,4.0,2.0,37.0,0.0,0.0,0.0,0.0,0.0,0.0,0.0,0.0,0.0,0.0,0.0,62.0,1.0,1.5,Louisville,College Stats,PatrJo00,2011.0,-16.19047619047619
3.0,89.0,SDG,Shareece Wright,DB,24.0,2018.0,0.0,0.0,2.0,21.0,10.0,91.0,0.0,0.0,0.0,0.0,0.0,0.0,0.0,0.0,0.0,0.0,0.0,269.0,2.0,,USC,College Stats,WrigSh00,2011.0,2.0
3.0,90.0,PHI,Curtis Marsh,DB,23.0,2013.0,0.0,0.0,0.0,1.0,1.0,26.0,0.0,0.0,0.0,0.0,0.0,0.0,0.0,0.0,0.0,0.0,0.0,13.0,,,Utah St.,College Stats,MarsCu01,2011.0,-13.142857142857142
3.0,91.0,ATL,Akeem Dent,LB,23.0,2016.0,0.0,0.0,2.0,17.0,9.0,90.0,0.0,0.0,0.0,0.0,0.0,0.0,0.0,0.0,0.0,0.0,0.0,130.0,,2.5,Georgia,College Stats,DentAk00,2011.0,-8.7
3.0,92.0,OAK,Joe Barksdale,T,23.0,2018.0,0.0,0.0,5.0,35.0,1.0,106.0,0.0,0.0,0.0,0.0,0.0,0.0,0.0,0.0,0.0,0.0,0.0,,,,LSU,College Stats,BarkJo00,2011.0,10.2
3.0,93.0,CHI,Chris Conte,DB,22.0,2018.0,0.0,0.0,7.0,28.0,17.0,104.0,0.0,0.0,0.0,0.0,0.0,0.0,0.0,0.0,0.0,0.0,0.0,369.0,14.0,,California,College Stats,ContCh00,2011.0,15.80952380952381
3.0,94.0,NYJ,Kenrick Ellis,DT,23.0,2015.0,0.0,0.0,0.0,10.0,9.0,56.0,0.0,0.0,0.0,0.0,0.0,0.0,0.0,0.0,0.0,0.0,0.0,34.0,,1.0,Hampton,,ElliKe01,2011.0,-9.850000000000001
3.0,95.0,PIT,Curtis Brown,DB,22.0,2013.0,0.0,0.0,0.0,2.0,2.0,34.0,0.0,0.0,0.0,0.0,0.0,0.0,0.0,0.0,0.0,0.0,0.0,41.0,,,Texas,College Stats,BrowCu01,2011.0,-13.789473684210526
3.0,96.0,GNB,Alex Green,RB,23.0,2013.0,0.0,0.0,0.0,5.0,5.0,29.0,0.0,0.0,0.0,0.0,0.0,149.0,510.0,0.0,21.0,139.0,0.0,3.0,,,Hawaii,College Stats,GreeAl00,2011.0,-8.619047619047619
3.0,97.0,CAR,Sione Fua,DT,23.0,2014.0,0.0,0.0,1.0,5.0,4.0,40.0,0.0,0.0,0.0,0.0,0.0,0.0,0.0,0.0,0.0,0.0,0.0,15.0,,,Stanford,College Stats,FuaxSi00,2011.0,-7.857142857142858
4.0,98.0,CAR,Brandon Hogan,DB,23.0,2011.0,0.0,0.0,0.0,0.0,0.0,3.0,0.0,0.0,0.0,0.0,0.0,0.0,0.0,0.0,0.0,0.0,0.0,2.0,,,West Virginia,College Stats,HogaBr00,2011.0,-21.047619047619047
4.0,99.0,SEA,K.J. Wright,LB,22.0,2021.0,0.0,1.0,10.0,64.0,62.0,161.0,0.0,0.0,0.0,0.0,0.0,0.0,0.0,0.0,0.0,0.0,0.0,618.0,6.0,13.5,Mississippi St.,College Stats,WrigK.00,2011.0,46.14285714285714
4.0,100.0,BUF,Da'Norris Searcy,DB,22.0,2018.0,0.0,0.0,3.0,24.0,12.0,109.0,0.0,0.0,0.0,0.0,0.0,0.0,0.0,0.0,0.0,0.0,0.0,240.0,8.0,4.5,North Carolina,College Stats,SearDa00,2011.0,4.600000000000001
4.0,101.0,CIN,Clint Boling,G,22.0,2018.0,0.0,0.0,7.0,46.0,46.0,111.0,0.0,0.0,0.0,0.0,0.0,0.0,0.0,0.0,0.0,0.0,0.0,,,,Georgia,College Stats,BoliCl00,2011.0,33.8
4.0,102.0,CLE,Jordan Cameron,TE,23.0,2016.0,0.0,1.0,4.0,13.0,10.0,66.0,0.0,0.0,0.0,0.0,0.0,0.0,0.0,0.0,173.0,2046.0,14.0,1.0,,,USC,College Stats,CameJo00,2011.0,-7.428571428571427
4.0,103.0,ARI,Sam Acho,DE,23.0,2019.0,0.0,0.0,4.0,30.0,19.0,110.0,0.0,0.0,0.0,0.0,0.0,0.0,0.0,0.0,0.0,0.0,0.0,178.0,3.0,18.0,Texas,College Stats,AchoSa00,2011.0,13.38095238095238
4.0,104.0,TAM,Luke Stocker,TE,23.0,2021.0,0.0,0.0,7.0,5.0,3.0,142.0,0.0,0.0,0.0,0.0,0.0,1.0,0.0,0.0,85.0,705.0,5.0,8.0,,,Tennessee,College Stats,StocLu00,2011.0,-9.5
4.0,105.0,WAS,Roy Helu,RB,22.0,2015.0,0.0,0.0,1.0,13.0,13.0,57.0,0.0,0.0,0.0,0.0,0.0,272.0,1171.0,7.0,138.0,1227.0,4.0,3.0,,,Nebraska,College Stats,HeluRo00,2011.0,-4.399999999999999
4.0,106.0,MIN,Christian Ballard,DT,22.0,2012.0,0.0,0.0,0.0,3.0,3.0,32.0,0.0,0.0,0.0,0.0,0.0,0.0,0.0,0.0,0.0,0.0,0.0,16.0,,1.0,Iowa,College Stats,BallCh00,2011.0,-12.142857142857142
4.0,107.0,SEA,Kris Durham,WR,23.0,2014.0,0.0,0.0,1.0,5.0,0.0,27.0,0.0,0.0,0.0,0.0,0.0,0.0,0.0,0.0,55.0,699.0,3.0,,,,Georgia,College Stats,DurhKr00,2011.0,-4.238095238095237
4.0,108.0,DEN,Quinton Carter,DB,23.0,2014.0,0.0,0.0,1.0,5.0,5.0,30.0,0.0,0.0,0.0,0.0,0.0,0.0,0.0,0.0,0.0,0.0,0.0,63.0,,2.0,Oklahoma,College Stats,CartQu01,2011.0,-17.57894736842105
4.0,109.0,TEN,Colin McCarthy,LB,22.0,2013.0,0.0,0.0,1.0,11.0,11.0,36.0,0.0,0.0,0.0,0.0,0.0,0.0,0.0,0.0,0.0,0.0,0.0,117.0,3.0,,Miami (FL),College Stats,McCaCo00,2011.0,-12.047619047619047
4.0,110.0,DAL,David Arkin,G,23.0,2016.0,0.0,0.0,0.0,0.0,,3.0,0.0,0.0,0.0,0.0,0.0,0.0,0.0,0.0,0.0,0.0,0.0,,,,Missouri State,,ArkiDa00,2011.0,-10.238095238095237
4.0,111.0,MIA,Clyde Gates,WR,25.0,2013.0,0.0,0.0,0.0,3.0,0.0,32.0,0.0,0.0,0.0,0.0,0.0,2.0,16.0,0.0,30.0,365.0,0.0,,,,Abilene Christian,,GateCl00,2011.0,-7.9523809523809526
4.0,112.0,STL,Greg Salas,WR,23.0,2016.0,0.0,0.0,0.0,4.0,1.0,29.0,0.0,0.0,0.0,0.0,0.0,2.0,28.0,1.0,50.0,704.0,1.0,2.0,,,Hawaii,College Stats,SalaGr00,2011.0,-14.842105263157894
4.0,113.0,OAK,Chimdi Chekwa,DB,22.0,2016.0,0.0,0.0,0.0,2.0,2.0,35.0,0.0,0.0,0.0,0.0,0.0,0.0,0.0,0.0,1.0,22.0,0.0,46.0,,,Ohio St.,College Stats,ChekCh00,2011.0,-14.0
4.0,114.0,JAX,Cecil Shorts,WR,23.0,2016.0,0.0,0.0,4.0,19.0,14.0,70.0,3.0,3.0,53.0,2.0,0.0,11.0,43.0,0.0,229.0,2979.0,14.0,,,,Mount Union,,ShorCe00,2011.0,7.052631578947368
4.0,115.0,SFO,Kendall Hunter,RB,22.0,2015.0,0.0,0.0,0.0,12.0,12.0,45.0,0.0,0.0,0.0,0.0,0.0,263.0,1204.0,7.0,27.0,268.0,0.0,6.0,,,Oklahoma St.,College Stats,HuntKe00,2011.0,2.2631578947368425
4.0,116.0,PHI,Casey Matthews,LB,22.0,2014.0,0.0,0.0,1.0,10.0,10.0,64.0,0.0,0.0,0.0,0.0,0.0,0.0,0.0,0.0,0.0,0.0,0.0,81.0,,2.5,Oregon,College Stats,MattCa00,2011.0,-1.9523809523809526
4.0,117.0,NYG,James Brewer,T,23.0,2014.0,0.0,0.0,0.0,4.0,4.0,26.0,0.0,0.0,0.0,0.0,0.0,0.0,0.0,0.0,0.0,0.0,0.0,,,,Indiana,,BrewJa00,2011.0,-11.0
4.0,118.0,KAN,Jalil Brown,DB,23.0,2015.0,0.0,0.0,0.0,4.0,2.0,47.0,0.0,0.0,0.0,0.0,0.0,0.0,0.0,0.0,0.0,0.0,0.0,55.0,,,Colorado,College Stats,BrowJa00,2011.0,-10.75
4.0,119.0,IND,Delone Carter,RB,24.0,2013.0,0.0,0.0,0.0,3.0,3.0,27.0,0.0,0.0,0.0,0.0,0.0,133.0,499.0,5.0,6.0,31.0,0.0,,,,Syracuse,College Stats,CartDe01,2011.0,-12.666666666666666
4.0,120.0,PHI,Alex Henery,K,24.0,2014.0,0.0,0.0,0.0,8.0,9.0,50.0,0.0,0.0,0.0,0.0,0.0,0.0,0.0,0.0,0.0,0.0,0.0,4.0,,,Nebraska,College Stats,HeneAl00,2011.0,-11.25
4.0,121.0,JAX,Chris Prosinski,DB,24.0,2017.0,0.0,0.0,0.0,10.0,6.0,88.0,0.0,0.0,0.0,0.0,0.0,1.0,2.0,0.0,0.0,0.0,0.0,127.0,1.0,1.0,Wyoming,College Stats,ProsCh00,2011.0,1.8421052631578956
4.0,122.0,BUF,Chris Hairston,T,22.0,2017.0,0.0,0.0,2.0,17.0,8.0,74.0,0.0,0.0,0.0,0.0,0.0,0.0,0.0,0.0,0.0,0.0,0.0,,,,Clemson,College Stats,HairCh00,2011.0,1.1578947368421044
4.0,123.0,BAL,Tandon Doss,WR,21.0,2013.0,0.0,0.0,0.0,4.0,4.0,35.0,0.0,0.0,0.0,0.0,0.0,0.0,0.0,0.0,26.0,428.0,1.0,1.0,,,Indiana,College Stats,DossTa00,2011.0,-9.7
4.0,124.0,CLE,Owen Marecic,RB,22.0,2012.0,0.0,0.0,0.0,0.0,0.0,24.0,0.0,0.0,0.0,0.0,0.0,4.0,8.0,0.0,5.0,31.0,0.0,3.0,,,Stanford,College Stats,MareOw00,2011.0,-13.428571428571429
4.0,125.0,OAK,Taiwan Jones,RB,23.0,2023.0,0.0,0.0,0.0,3.0,3.0,139.0,0.0,0.0,0.0,0.0,0.0,53.0,223.0,0.0,19.0,260.0,1.0,61.0,,,Eastern Washington,,JoneTa00,2011.0,-11.578947368421053
4.0,126.0,NYJ,Bilal Powell,RB,22.0,2019.0,0.0,0.0,3.0,26.0,26.0,109.0,1.0,2.0,30.0,0.0,0.0,850.0,3675.0,15.0,211.0,1600.0,5.0,5.0,,,Louisville,College Stats,PoweBi00,2011.0,1.6499999999999986
4.0,127.0,HOU,Roc Carmichael,DB,22.0,2013.0,0.0,0.0,0.0,2.0,0.0,19.0,0.0,0.0,0.0,0.0,0.0,0.0,0.0,0.0,0.0,0.0,0.0,22.0,,,Virginia Tech,College Stats,CarmRo00,2011.0,-6.85
4.0,128.0,PIT,Cortez Allen,DB,22.0,2015.0,0.0,0.0,0.0,10.0,10.0,56.0,0.0,0.0,0.0,0.0,0.0,0.0,0.0,0.0,0.0,0.0,0.0,138.0,6.0,,The Citadel,,AlleCo00,2011.0,-8.600000000000001
4.0,129.0,DEN,Julius Thomas,TE,23.0,2017.0,0.0,2.0,5.0,21.0,13.0,71.0,0.0,0.0,0.0,0.0,0.0,0.0,0.0,0.0,226.0,2406.0,36.0,,,,Portland St.,,ThomJu00,2011.0,11.15
4.0,130.0,TEN,Jamie Harper,RB,21.0,2012.0,0.0,0.0,0.0,1.0,1.0,23.0,0.0,0.0,0.0,0.0,0.0,36.0,74.0,4.0,5.0,40.0,0.0,2.0,,,Clemson,College Stats,HarpJa01,2011.0,-15.722222222222221
4.0,131.0,GNB,Davon House,DB,22.0,2018.0,0.0,0.0,2.0,17.0,9.0,87.0,0.0,0.0,0.0,0.0,0.0,0.0,0.0,0.0,0.0,0.0,0.0,185.0,7.0,3.0,New Mexico St.,College Stats,HousDa00,2011.0,3.2105263157894743
5.0,132.0,CAR,Kealoha Pilares,WR,23.0,2012.0,0.0,0.0,0.0,1.0,1.0,20.0,0.0,0.0,0.0,0.0,0.0,1.0,17.0,0.0,2.0,42.0,1.0,6.0,,,Hawaii,College Stats,PilaKe00,2011.0,-9.705882352941176
5.0,133.0,BUF,Johnny White,RB,23.0,2012.0,0.0,0.0,0.0,0.0,0.0,19.0,0.0,0.0,0.0,0.0,0.0,20.0,72.0,0.0,1.0,-3.0,0.0,6.0,,,North Carolina,College Stats,WhitJo01,2011.0,-10.857142857142858
5.0,134.0,CIN,Robert Sands,DB,21.0,2011.0,0.0,0.0,0.0,0.0,0.0,1.0,0.0,0.0,0.0,0.0,0.0,0.0,0.0,0.0,0.0,0.0,0.0,,,,West Virginia,College Stats,SandRo00,2011.0,-15.411764705882353
5.0,135.0,KAN,Ricky Stanzi,QB,24.0,,0.0,0.0,0.0,,,,,,,,,,,,,,,,,,Iowa,College Stats,StanRi00,2011.0,
5.0,136.0,ARI,Anthony Sherman,RB,22.0,2020.0,0.0,1.0,3.0,5.0,1.0,153.0,0.0,0.0,0.0,0.0,0.0,28.0,73.0,1.0,66.0,552.0,4.0,58.0,,,Connecticut,College Stats,SherAn00,2011.0,-3.8000000000000007
5.0,137.0,CLE,Buster Skrine,DB,22.0,2021.0,0.0,0.0,4.0,35.0,15.0,158.0,0.0,0.0,0.0,0.0,0.0,0.0,0.0,0.0,0.0,0.0,0.0,491.0,10.0,3.5,Chattanooga,,SkriBu00,2011.0,14.05263157894737
5.0,138.0,NWE,Marcus Cannon,T,23.0,2022.0,0.0,0.0,5.0,43.0,42.0,124.0,0.0,0.0,0.0,0.0,0.0,0.0,0.0,0.0,0.0,0.0,0.0,,,,TCU,College Stats,CannMa00,2011.0,29.578947368421055
5.0,139.0,MIN,Brandon Burton,DB,22.0,2013.0,0.0,0.0,0.0,1.0,1.0,19.0,0.0,0.0,0.0,0.0,0.0,0.0,0.0,0.0,0.0,0.0,0.0,11.0,,,Southern Utah,College Stats,BurtBr00,2011.0,-6.857142857142857
5.0,140.0,KAN,Gabe Miller,LB,23.0,2014.0,0.0,0.0,0.0,0.0,,7.0,0.0,0.0,0.0,0.0,0.0,0.0,0.0,0.0,0.0,0.0,0.0,2.0,,,Oregon St.,College Stats,MillGa00,2011.0,-11.476190476190476
5.0,141.0,GNB,D.J. Williams,TE,22.0,2013.0,0.0,0.0,0.0,4.0,3.0,35.0,0.0,0.0,0.0,0.0,0.0,0.0,0.0,0.0,9.0,70.0,0.0,3.0,,,Arkansas,College Stats,WillD.00,2011.0,-4.666666666666666
5.0,142.0,TEN,Karl Klug,DT,23.0,2017.0,0.0,0.0,0.0,13.0,13.0,109.0,0.0,0.0,0.0,0.0,0.0,0.0,0.0,0.0,1.0,9.0,0.0,87.0,,21.5,Iowa,College Stats,KlugKa00,2011.0,-2.6842105263157894
5.0,143.0,DAL,Josh Thomas,DB,22.0,2015.0,0.0,0.0,0.0,7.0,,51.0,0.0,0.0,0.0,0.0,0.0,0.0,0.0,0.0,0.0,0.0,0.0,55.0,1.0,,Buffalo,College Stats,ThomJo01,2011.0,-9.315789473684209
5.0,144.0,HOU,Shiloh Keo,DB,23.0,2016.0,0.0,0.0,1.0,8.0,6.0,56.0,0.0,0.0,0.0,0.0,0.0,1.0,8.0,0.0,0.0,0.0,0.0,78.0,3.0,,Idaho,College Stats,KeoxSh00,2011.0,-3.0500000000000007
5.0,145.0,ATL,Jacquizz Rodgers,RB,21.0,2018.0,0.0,0.0,0.0,24.0,17.0,110.0,0.0,0.0,0.0,0.0,0.0,545.0,2067.0,9.0,216.0,1590.0,5.0,11.0,,,Oregon St.,College Stats,RodgJa00,2011.0,13.5
5.0,146.0,WAS,DeJon Gomes,DB,21.0,2013.0,0.0,0.0,0.0,5.0,4.0,46.0,0.0,0.0,0.0,0.0,0.0,0.0,0.0,0.0,0.0,0.0,0.0,55.0,1.0,,Nebraska,College Stats,GomeDe00,2011.0,-20.45
5.0,147.0,JAX,Rod Issac,DB,22.0,2011.0,0.0,0.0,0.0,0.0,0.0,3.0,0.0,0.0,0.0,0.0,0.0,0.0,0.0,0.0,0.0,0.0,0.0,,,,Middle Tenn. St.,College Stats,IssaRo00,2011.0,-10.375
5.0,148.0,OAK,Denarius Moore,WR,22.0,2015.0,0.0,0.0,3.0,15.0,15.0,57.0,0.0,0.0,0.0,0.0,0.0,7.0,57.0,1.0,142.0,2169.0,17.0,,,,Tennessee,College Stats,MoorDe02,2011.0,7.578947368421052
5.0,149.0,PHI,Dion Lewis,RB,20.0,2020.0,0.0,0.0,2.0,31.0,1.0,102.0,0.0,0.0,0.0,0.0,0.0,567.0,2425.0,13.0,191.0,1408.0,8.0,1.0,,,Pittsburgh,College Stats,LewiDi00,2011.0,15.9
5.0,150.0,CLE,Jason Pinkston,T,24.0,2013.0,0.0,0.0,1.0,10.0,10.0,25.0,0.0,0.0,0.0,0.0,0.0,0.0,0.0,0.0,0.0,0.0,0.0,,,,Pittsburgh,College Stats,PinkJa00,2011.0,1.2631578947368425
5.0,151.0,TAM,Ahmad Black,DB,21.0,2013.0,0.0,0.0,0.0,3.0,3.0,24.0,0.0,0.0,0.0,0.0,0.0,0.0,0.0,0.0,0.0,0.0,0.0,41.0,2.0,,Florida,College Stats,BlacAh00,2011.0,-10.055555555555555
5.0,152.0,HOU,T.J. Yates,QB,24.0,2017.0,0.0,0.0,0.0,6.0,6.0,22.0,179.0,324.0,2057.0,10.0,11.0,28.0,107.0,1.0,0.0,0.0,0.0,,,,North Carolina,College Stats,YateT.00,2011.0,-3.125
5.0,153.0,NYJ,Jeremy Kerley,WR,22.0,2018.0,0.0,0.0,4.0,23.0,19.0,99.0,2.0,4.0,83.0,0.0,0.0,18.0,133.0,0.0,270.0,3116.0,13.0,1.0,,,TCU,College Stats,KerlJe00,2011.0,9.61111111111111
5.0,154.0,SEA,Richard Sherman,DB,23.0,2021.0,3.0,5.0,9.0,97.0,82.0,144.0,0.0,0.0,0.0,0.0,0.0,0.0,0.0,0.0,0.0,0.0,0.0,385.0,37.0,2.0,Stanford,College Stats,SherRi00,2011.0,78.73684210526315
5.0,155.0,WAS,Niles Paul,WR,22.0,2018.0,0.0,0.0,1.0,7.0,6.0,88.0,0.0,0.0,0.0,0.0,0.0,5.0,7.0,0.0,78.0,954.0,2.0,26.0,,,Nebraska,College Stats,PaulNi00,2011.0,-2.117647058823529
5.0,156.0,SEA,Mark LeGree,DB,22.0,,0.0,0.0,0.0,,,,,,,,,,,,,,,,,,Appalachian St.,,LegrMa00,2011.0,
5.0,157.0,DET,Doug Hogue,LB,22.0,2012.0,0.0,0.0,0.0,2.0,1.0,27.0,0.0,0.0,0.0,0.0,0.0,0.0,0.0,0.0,0.0,0.0,0.0,11.0,,,Syracuse,College Stats,HoguDo01,2011.0,-8.25
5.0,158.0,STL,Jermale Hines,DB,23.0,2011.0,0.0,0.0,0.0,0.0,,10.0,0.0,0.0,0.0,0.0,0.0,0.0,0.0,0.0,0.0,0.0,0.0,3.0,,,Ohio St.,College Stats,HineJe00,2011.0,-6.5
5.0,159.0,NWE,Lee Smith,TE,23.0,2021.0,0.0,0.0,4.0,5.0,,149.0,0.0,0.0,0.0,0.0,0.0,0.0,0.0,0.0,73.0,523.0,11.0,4.0,,,Marshall,College Stats,SmitLe00,2011.0,-8.0
5.0,160.0,CHI,Nathan Enderle,QB,23.0,,0.0,0.0,0.0,,,,,,,,,,,,,,,,,,Idaho,College Stats,EndeNa00,2011.0,
5.0,161.0,PHI,Julian Vandervelde,G,23.0,2015.0,0.0,0.0,0.0,1.0,1.0,18.0,0.0,0.0,0.0,0.0,0.0,0.0,0.0,0.0,0.0,0.0,0.0,,,,Iowa,College Stats,VandJu00,2011.0,-11.166666666666666
5.0,162.0,PIT,Chris Carter,LB,22.0,2017.0,0.0,0.0,0.0,6.0,4.0,75.0,0.0,0.0,0.0,0.0,0.0,0.0,0.0,0.0,0.0,0.0,0.0,27.0,,,Fresno St.,College Stats,CartCh00,2011.0,-0.17647058823529438
5.0,163.0,SFO,Daniel Kilgore,G,23.0,2020.0,0.0,0.0,3.0,26.0,17.0,98.0,0.0,0.0,0.0,0.0,0.0,0.0,0.0,0.0,0.0,0.0,0.0,,,,Appalachian St.,,KilgDa00,2011.0,12.666666666666666
5.0,164.0,BAL,Chykie Brown,DB,24.0,2016.0,0.0,0.0,0.0,5.0,3.0,59.0,0.0,0.0,0.0,0.0,0.0,0.0,0.0,0.0,0.0,0.0,0.0,68.0,,,Texas,College Stats,BrowCh05,2011.0,-7.050000000000001
5.0,165.0,BAL,Pernell McPhee,DE,22.0,2021.0,0.0,0.0,3.0,29.0,20.0,141.0,0.0,0.0,0.0,0.0,0.0,0.0,0.0,0.0,0.0,0.0,0.0,201.0,1.0,38.0,Mississippi St.,College Stats,McPhPe00,2011.0,15.65
6.0,166.0,CAR,Lawrence Wilson,LB,23.0,,0.0,0.0,0.0,,,,,,,,,,,,,,,,,,Central Connecticut St.,College Stats,WilsLa01,2011.0,
6.0,167.0,CIN,Ryan Whalen,WR,22.0,2013.0,0.0,0.0,0.0,0.0,0.0,17.0,0.0,0.0,0.0,0.0,0.0,0.0,0.0,0.0,11.0,80.0,0.0,2.0,,,Stanford,College Stats,WhalRy00,2011.0,-8.764705882352942
6.0,168.0,MIN,Demarcus Love,OL,23.0,,0.0,0.0,0.0,,,,,,,,,,,,,,,,,,Arkansas,College Stats,LoveDe00,2011.0,
6.0,169.0,BUF,Chris White,LB,22.0,2014.0,0.0,0.0,0.0,3.0,1.0,51.0,0.0,0.0,0.0,0.0,0.0,0.0,0.0,0.0,0.0,0.0,0.0,26.0,,,Mississippi St.,College Stats,WhitCh03,2011.0,-8.5
6.0,170.0,MIN,Mistral Raymond,DB,24.0,2013.0,0.0,0.0,0.0,4.0,4.0,32.0,0.0,0.0,0.0,0.0,0.0,0.0,0.0,0.0,0.0,0.0,0.0,34.0,1.0,,South Florida,College Stats,RaymMi00,2011.0,-3.0588235294117645
6.0,171.0,ARI,Quan Sturdivant,LB,22.0,,0.0,0.0,0.0,,,,,,,,,,,,,,,,,,North Carolina,College Stats,SturQu00,2011.0,
6.0,172.0,MIN,Brandon Fusco,C,23.0,2018.0,0.0,0.0,6.0,35.0,24.0,90.0,0.0,0.0,0.0,0.0,0.0,0.0,0.0,0.0,0.0,0.0,0.0,,,,Slippery Rock,,FuscBr00,2011.0,27.4375
6.0,173.0,SEA,Byron Maxwell,DB,23.0,2017.0,0.0,0.0,3.0,22.0,13.0,83.0,0.0,0.0,0.0,0.0,0.0,0.0,0.0,0.0,0.0,0.0,0.0,203.0,11.0,,Clemson,College Stats,MaxwBy00,2011.0,10.142857142857142
6.0,174.0,MIA,Charles Clay,TE,22.0,2019.0,0.0,0.0,9.0,29.0,13.0,127.0,0.0,0.0,0.0,0.0,0.0,7.0,15.0,1.0,357.0,3868.0,24.0,,,,Tulsa,College Stats,ClayCh00,2011.0,16.764705882352942
6.0,175.0,TEN,Byron Stingily,T,22.0,2014.0,0.0,0.0,0.0,4.0,4.0,20.0,0.0,0.0,0.0,0.0,0.0,0.0,0.0,0.0,0.0,0.0,0.0,,,,Louisville,,StinBy00,2011.0,-4.842105263157896
6.0,176.0,DAL,Dwayne Harris,WR,23.0,2020.0,0.0,1.0,0.0,12.0,6.0,109.0,0.0,0.0,0.0,0.0,0.0,9.0,37.0,0.0,77.0,874.0,8.0,41.0,,,East Carolina,College Stats,HarrDw00,2011.0,5.947368421052632
6.0,177.0,WAS,Evan Royster,RB,23.0,2013.0,0.0,0.0,0.0,4.0,4.0,32.0,0.0,0.0,0.0,0.0,0.0,81.0,416.0,2.0,25.0,180.0,0.0,3.0,,,Penn St.,College Stats,RoysEv00,2011.0,-6.526315789473685
6.0,178.0,WAS,Aldrick Robinson,WR,22.0,2018.0,0.0,0.0,0.0,12.0,5.0,82.0,0.0,0.0,0.0,0.0,0.0,4.0,10.0,0.0,86.0,1422.0,14.0,6.0,,,SMU,College Stats,RobiAl00,2011.0,-1.5714285714285712
6.0,179.0,GNB,Caleb Schlauderaff,G,23.0,2013.0,0.0,0.0,0.0,1.0,,12.0,0.0,0.0,0.0,0.0,0.0,0.0,0.0,0.0,0.0,0.0,0.0,,,,Southern Utah,,SchlCa00,2011.0,-5.526315789473684
6.0,180.0,BAL,Tyrod Taylor,QB,22.0,2025.0,0.0,1.0,3.0,50.0,1.0,100.0,1165.0,1886.0,13033.0,73.0,34.0,434.0,2424.0,20.0,2.0,10.0,0.0,,,,Virginia Tech,College Stats,TaylTy00,2011.0,40.388888888888886
6.0,181.0,OAK,Richard Gordon,TE,24.0,2015.0,0.0,0.0,0.0,0.0,0.0,35.0,0.0,0.0,0.0,0.0,0.0,0.0,0.0,0.0,4.0,14.0,1.0,18.0,,,Miami (FL),College Stats,GordRi00,2011.0,-9.368421052631579
6.0,182.0,SFO,Ronald Johnson,WR,23.0,,0.0,0.0,0.0,,,,,,,,,,,,,,,,,,USC,College Stats,JohnRo05,2011.0,
6.0,183.0,SDG,Jordan Todman,RB,21.0,2017.0,0.0,0.0,0.0,5.0,,74.0,0.0,0.0,0.0,0.0,0.0,124.0,531.0,3.0,40.0,314.0,2.0,20.0,,,Connecticut,College Stats,TodmJo00,2011.0,-0.10526315789473717
6.0,184.0,ARI,David Carter,DT,23.0,2013.0,0.0,0.0,0.0,4.0,4.0,35.0,0.0,0.0,0.0,0.0,0.0,0.0,0.0,0.0,0.0,0.0,0.0,18.0,,1.0,UCLA,College Stats,CartDa01,2011.0,-1.3157894736842106
6.0,185.0,NYG,Greg Jones,LB,22.0,2012.0,0.0,0.0,0.0,3.0,3.0,22.0,0.0,0.0,0.0,0.0,0.0,0.0,0.0,0.0,0.0,0.0,0.0,26.0,,,Michigan St.,College Stats,JoneGr02,2011.0,-0.9411764705882355
6.0,186.0,GNB,D.J. Smith,LB,22.0,2014.0,0.0,0.0,0.0,5.0,5.0,24.0,0.0,0.0,0.0,0.0,0.0,0.0,0.0,0.0,0.0,0.0,0.0,62.0,1.0,2.0,Appalachian St.,,SmitD.00,2011.0,-5.388888888888889
6.0,187.0,TAM,Allen Bradford,RB,23.0,2015.0,0.0,0.0,0.0,1.0,0.0,19.0,0.0,0.0,0.0,0.0,0.0,5.0,13.0,0.0,0.0,0.0,0.0,9.0,,,USC,College Stats,BradAl00,2011.0,-11.15
6.0,188.0,IND,Chris Rucker,DB,22.0,2011.0,0.0,0.0,0.0,2.0,2.0,15.0,0.0,0.0,0.0,0.0,0.0,0.0,0.0,0.0,0.0,0.0,0.0,26.0,,,Michigan St.,,RuckCh00,2011.0,-9.764705882352942
6.0,189.0,DEN,Mike Mohamed,LB,23.0,2015.0,0.0,0.0,0.0,4.0,0.0,26.0,0.0,0.0,0.0,0.0,0.0,0.0,0.0,0.0,0.0,0.0,0.0,44.0,1.0,,California,College Stats,MohaMi00,2011.0,-4.4
6.0,190.0,SFO,Colin Jones,DB,23.0,2019.0,0.0,0.0,0.0,12.0,1.0,137.0,0.0,0.0,0.0,0.0,0.0,1.0,5.0,0.0,0.0,0.0,0.0,93.0,3.0,1.0,TCU,College Stats,JoneCo01,2011.0,2.3888888888888893
6.0,191.0,PHI,Jason Kelce,C,23.0,2023.0,6.0,7.0,12.0,102.0,102.0,193.0,0.0,0.0,0.0,0.0,0.0,0.0,0.0,0.0,0.0,0.0,0.0,,,,Cincinnati,College Stats,KelcJa00,2011.0,86.57894736842105
6.0,192.0,ATL,Matthew Bosher,K,23.0,2019.0,0.0,0.0,0.0,14.0,14.0,130.0,0.0,0.0,0.0,0.0,0.0,1.0,0.0,0.0,0.0,0.0,0.0,21.0,,,Miami (FL),College Stats,BoshMa00,2011.0,6.8
6.0,193.0,PHI,Brian Rolle,LB,22.0,2012.0,0.0,0.0,1.0,6.0,6.0,20.0,0.0,0.0,0.0,0.0,0.0,0.0,0.0,0.0,0.0,0.0,0.0,45.0,,1.0,Ohio St.,College Stats,RollBr00,2011.0,-5.526315789473685
6.0,194.0,NWE,Markell Carter,LB,21.0,,0.0,0.0,0.0,,,,,,,,,,,,,,,,,,Central Arkansas,,CartMa01,2011.0,
6.0,195.0,CHI,J.T. Thomas,LB,23.0,2017.0,0.0,0.0,2.0,12.0,1.0,62.0,0.0,0.0,0.0,0.0,0.0,0.0,0.0,0.0,0.0,0.0,0.0,102.0,2.0,0.5,West Virginia,College Stats,ThomJ.02,2011.0,-1.764705882352942
6.0,196.0,PIT,Keith Williams,G,23.0,2012.0,0.0,0.0,0.0,0.0,,2.0,0.0,0.0,0.0,0.0,0.0,0.0,0.0,0.0,0.0,0.0,0.0,,,,Nebraska,College Stats,WillKe04,2011.0,-4.5
6.0,197.0,GNB,Ricky Elmore,DL,23.0,,0.0,0.0,0.0,,,,,,,,,,,,,,,,,,Arizona,College Stats,ElmoRi00,2011.0,
6.0,198.0,NYG,Tyler Sash,DB,23.0,2012.0,0.0,0.0,0.0,1.0,1.0,23.0,0.0,0.0,0.0,0.0,0.0,0.0,0.0,0.0,0.0,0.0,0.0,17.0,,,Iowa,College Stats,SashTy00,2011.0,-7.777777777777779
6.0,199.0,KAN,Jerrell Powe,DT,24.0,2014.0,0.0,0.0,0.0,5.0,2.0,28.0,0.0,0.0,0.0,0.0,0.0,0.0,0.0,0.0,0.0,0.0,0.0,12.0,,1.0,Mississippi,College Stats,PoweJe00,2011.0,-16.125
6.0,200.0,MIN,Ross Homan,LB,24.0,,0.0,0.0,0.0,,,,,,,,,,,,,,,,,,Ohio St.,College Stats,HomaRo00,2011.0,
6.0,201.0,SDG,Stephen Schilling,G,23.0,2014.0,0.0,0.0,0.0,5.0,3.0,26.0,0.0,0.0,0.0,0.0,0.0,0.0,0.0,0.0,0.0,0.0,0.0,,,,Michigan,College Stats,SchiSt00,2011.0,0.882352941176471
6.0,202.0,NYG,Jacquian Williams,LB,23.0,2014.0,0.0,0.0,1.0,13.0,13.0,51.0,0.0,0.0,0.0,0.0,0.0,0.0,0.0,0.0,0.0,0.0,0.0,173.0,,2.0,South Florida,College Stats,WillJa02,2011.0,7.888888888888889
6.0,203.0,CAR,Zachary Williams,OL,22.0,,0.0,0.0,0.0,,,,,,,,,,,,,,,,,,Washington St.,,WillZa00,2011.0,
7.0,204.0,DEN,Virgil Green,TE,23.0,2020.0,0.0,0.0,5.0,8.0,5.0,137.0,0.0,0.0,0.0,0.0,0.0,2.0,3.0,0.0,102.0,1145.0,7.0,15.0,,,Nevada,College Stats,GreeVi00,2011.0,-1.6470588235294112
7.0,205.0,SEA,Pep Levingston,DL,23.0,2012.0,0.0,0.0,0.0,0.0,0.0,7.0,0.0,0.0,0.0,0.0,0.0,0.0,0.0,0.0,0.0,0.0,0.0,3.0,,,LSU,College Stats,LeviPe00,2011.0,-10.529411764705882
7.0,206.0,BUF,Justin Rogers,DB,23.0,2015.0,0.0,0.0,0.0,4.0,4.0,39.0,0.0,0.0,0.0,0.0,0.0,0.0,0.0,0.0,0.0,0.0,0.0,66.0,3.0,,Richmond,,RogeJu00,2011.0,-2.0
7.0,207.0,CIN,Korey Lindsey,DB,22.0,,0.0,0.0,0.0,,,,,,,,,,,,,,,,,,Southern Illinois,,LindKo00,2011.0,
7.0,208.0,NYJ,Greg McElroy,QB,23.0,2012.0,0.0,0.0,0.0,1.0,1.0,2.0,19.0,31.0,214.0,1.0,1.0,8.0,30.0,0.0,0.0,0.0,0.0,,,,Alabama,College Stats,McElGr00,2011.0,-4.666666666666667
7.0,209.0,DET,Johnny Culbreath,OL,23.0,,0.0,0.0,0.0,,,,,,,,,,,,,,,,,,South Carolina St.,,CulbJo00,2011.0,
7.0,210.0,ATL,Andrew Jackson,OL,22.0,,0.0,0.0,0.0,,,,,,,,,,,,,,,,,,Fresno St.,College Stats,JackAn00,2011.0,
7.0,211.0,SFO,Bruce Miller,DE,24.0,2020.0,0.0,0.0,5.0,7.0,7.0,85.0,0.0,0.0,0.0,0.0,0.0,28.0,62.0,1.0,77.0,736.0,3.0,27.0,,,Central Florida,College Stats,MillBr02,2011.0,1.5999999999999996
7.0,212.0,TEN,Zach Clayton,DT,23.0,2011.0,0.0,0.0,0.0,0.0,0.0,3.0,0.0,0.0,0.0,0.0,0.0,0.0,0.0,0.0,0.0,0.0,0.0,2.0,,,Auburn,College Stats,ClayZa00,2011.0,-4.25
7.0,213.0,WAS,Brandyn Thompson,DB,21.0,2011.0,0.0,0.0,0.0,1.0,1.0,6.0,0.0,0.0,0.0,0.0,0.0,0.0,0.0,0.0,0.0,0.0,0.0,2.0,,,Boise St.,College Stats,ThomBr00,2011.0,-7.0
7.0,214.0,HOU,Derek Newton,T,23.0,2018.0,0.0,0.0,4.0,28.0,28.0,83.0,0.0,0.0,0.0,0.0,0.0,0.0,0.0,0.0,0.0,0.0,0.0,,,,Arkansas St.,College Stats,NewtDe00,2011.0,21.0
7.0,215.0,MIN,D'Aundre Reed,DE,23.0,2012.0,0.0,0.0,0.0,0.0,0.0,6.0,0.0,0.0,0.0,0.0,0.0,0.0,0.0,0.0,0.0,0.0,0.0,,,,Arizona,College Stats,ReedD'00,2011.0,-8.61111111111111
7.0,216.0,STL,Mikail Baker,DB,24.0,,0.0,0.0,0.0,,,,,,,,,,,,,,,,,,Baylor,College Stats,BakeMi00,2011.0,
7.0,217.0,WAS,Maurice Hurt,G,23.0,2012.0,0.0,0.0,1.0,6.0,6.0,21.0,0.0,0.0,0.0,0.0,0.0,0.0,0.0,0.0,0.0,0.0,0.0,,,,Florida,,HurtMa00,2011.0,-1.2352941176470589
7.0,218.0,GNB,Ryan Taylor,TE,23.0,2014.0,0.0,0.0,0.0,0.0,0.0,58.0,0.0,0.0,0.0,0.0,0.0,0.0,0.0,0.0,8.0,45.0,1.0,15.0,,,North Carolina,College Stats,TaylRy00,2011.0,-9.866666666666667
7.0,219.0,NWE,Malcolm Williams,DB,23.0,2012.0,0.0,0.0,0.0,0.0,0.0,4.0,0.0,0.0,0.0,0.0,0.0,0.0,0.0,0.0,0.0,0.0,0.0,1.0,,,TCU,College Stats,WillMa01,2011.0,-7.375
7.0,220.0,DAL,Shaun Chapas,RB,23.0,2012.0,0.0,0.0,0.0,0.0,0.0,6.0,0.0,0.0,0.0,0.0,0.0,0.0,0.0,0.0,2.0,15.0,0.0,,,,Georgia,College Stats,ChapSh00,2011.0,-7.588235294117647
7.0,221.0,NYG,Da'Rel Scott,RB,23.0,2013.0,0.0,0.0,0.0,1.0,1.0,20.0,0.0,0.0,0.0,0.0,0.0,31.0,98.0,0.0,13.0,115.0,1.0,2.0,,,Maryland,College Stats,ScotDa01,2011.0,-6.714285714285714
7.0,222.0,TAM,Anthony Gaitor,DB,22.0,2012.0,0.0,0.0,0.0,1.0,1.0,12.0,0.0,0.0,0.0,0.0,0.0,0.0,0.0,0.0,0.0,0.0,0.0,11.0,,,Florida International,College Stats,GaitAn00,2011.0,-5.5
7.0,223.0,KAN,Shane Bannon,RB,22.0,,0.0,0.0,0.0,,,,,,,,,,,,,,,,,,Yale,,BannSh00,2011.0,
7.0,224.0,WAS,Markus White,DE,23.0,2012.0,0.0,0.0,0.0,0.0,0.0,5.0,0.0,0.0,0.0,0.0,0.0,0.0,0.0,0.0,0.0,0.0,0.0,,,,Florida St.,College Stats,WhitMa01,2011.0,-16.0
7.0,225.0,BAL,Anthony Allen,RB,23.0,2012.0,0.0,0.0,0.0,1.0,1.0,21.0,0.0,0.0,0.0,0.0,0.0,19.0,69.0,1.0,2.0,12.0,0.0,11.0,,,Georgia Tech,College Stats,AlleAn01,2011.0,-5.0588235294117645
7.0,226.0,NOR,Greg Romeus,DL,23.0,,0.0,0.0,0.0,,,,,,,,,,,,,,,,,,Pittsburgh,College Stats,RomeGr00,2011.0,
7.0,227.0,NYJ,Scotty McKnight,WR,23.0,,0.0,0.0,0.0,,,,,,,,,,,,,,,,,,Colorado,College Stats,McKnSc00,2011.0,
7.0,228.0,STL,Jabara Williams,LB,22.0,2011.0,0.0,0.0,0.0,0.0,0.0,7.0,0.0,0.0,0.0,0.0,0.0,0.0,0.0,0.0,0.0,0.0,0.0,1.0,,,S.F. Austin,,WillJa12,2011.0,-5.333333333333333
7.0,229.0,STL,Jonathan Nelson,DB,23.0,2011.0,0.0,0.0,0.0,1.0,,2.0,0.0,0.0,0.0,0.0,0.0,0.0,0.0,0.0,0.0,0.0,0.0,6.0,1.0,,Oklahoma,College Stats,NelsJo01,2011.0,-5.055555555555555
7.0,230.0,ATL,Cliff Matthews,DE,22.0,2016.0,0.0,0.0,0.0,3.0,3.0,35.0,0.0,0.0,0.0,0.0,0.0,0.0,0.0,0.0,0.0,0.0,0.0,20.0,,,South Carolina,College Stats,MattCl01,2011.0,-6.111111111111111
7.0,231.0,MIA,Frank Kearse,DT,22.0,2015.0,0.0,0.0,0.0,5.0,,35.0,0.0,0.0,0.0,0.0,0.0,0.0,0.0,0.0,0.0,0.0,0.0,29.0,,5.5,Alabama A&M,,KearFr00,2011.0,1.875
7.0,232.0,PIT,Baron Batch,RB,23.0,2012.0,0.0,0.0,0.0,1.0,1.0,12.0,0.0,0.0,0.0,0.0,0.0,25.0,49.0,1.0,4.0,31.0,0.0,4.0,,,Texas Tech,College Stats,BatcBa00,2011.0,-5.8125
7.0,233.0,GNB,Lawrence Guy,DT,21.0,2024.0,0.0,0.0,7.0,63.0,,181.0,0.0,0.0,0.0,0.0,0.0,0.0,0.0,0.0,0.0,0.0,0.0,271.0,1.0,17.0,Arizona St.,College Stats,GuyxLa00,2011.0,46.0
7.0,234.0,SDG,Andrew Gachkar,LB,22.0,2017.0,0.0,0.0,0.0,9.0,7.0,101.0,0.0,0.0,0.0,0.0,0.0,0.0,0.0,0.0,0.0,0.0,0.0,112.0,,2.0,Missouri,College Stats,GachAn00,2011.0,3.2222222222222223
7.0,235.0,MIA,Jimmy Wilson,DB,25.0,2015.0,0.0,0.0,1.0,12.0,9.0,73.0,0.0,0.0,0.0,0.0,0.0,0.0,0.0,0.0,0.0,0.0,0.0,166.0,5.0,3.0,Montana,,WilsJi00,2011.0,2.125
7.0,236.0,MIN,Stephen Burton,WR,21.0,2013.0,0.0,0.0,0.0,0.0,0.0,19.0,0.0,0.0,0.0,0.0,0.0,1.0,-9.0,0.0,15.0,149.0,1.0,,,,Long Beach CC,,BurtSt00,2011.0,-2.8823529411764706
7.0,237.0,PHI,Greg Lloyd,LB,22.0,2012.0,0.0,0.0,0.0,0.0,,2.0,0.0,0.0,0.0,0.0,0.0,0.0,0.0,0.0,0.0,0.0,0.0,,,,Connecticut,College Stats,LloyGr01,2011.0,-2.6842105263157894
7.0,238.0,TAM,Daniel Hardy,TE,24.0,,0.0,0.0,0.0,,,,,,,,,,,,,,,,,,Idaho,College Stats,HardDa00,2011.0,
7.0,239.0,SFO,Michael Person,G,23.0,2019.0,0.0,0.0,3.0,23.0,15.0,73.0,0.0,0.0,0.0,0.0,0.0,0.0,0.0,0.0,0.0,0.0,0.0,,,,Montana St.,,PersMi00,2011.0,12.411764705882353
7.0,240.0,PHI,Stanley Havili,RB,23.0,2013.0,0.0,0.0,1.0,1.0,0.0,28.0,0.0,0.0,0.0,0.0,0.0,13.0,29.0,1.0,25.0,171.0,1.0,11.0,,,USC,College Stats,HaviSt00,2011.0,-5.333333333333333
7.0,241.0,OAK,David Ausberry,WR,23.0,2014.0,0.0,0.0,0.0,1.0,1.0,34.0,0.0,0.0,0.0,0.0,0.0,1.0,-2.0,0.0,11.0,120.0,0.0,12.0,,,USC,College Stats,AusbDa00,2011.0,-3.7857142857142856
7.0,242.0,SEA,Malcolm Smith,LB,22.0,2021.0,0.0,0.0,2.0,32.0,11.0,134.0,0.0,0.0,0.0,0.0,0.0,0.0,0.0,0.0,0.0,0.0,0.0,376.0,7.0,7.0,USC,College Stats,SmitMa02,2011.0,22.61111111111111
7.0,243.0,NOR,Nate Bussey,LB,22.0,2011.0,0.0,0.0,0.0,0.0,0.0,0.0,0.0,0.0,0.0,0.0,0.0,0.0,0.0,0.0,0.0,0.0,0.0,,,,Illinois,College Stats,BussNa00,2011.0,-5.8
7.0,244.0,CAR,Lee Ziemba,T,22.0,2011.0,0.0,0.0,0.0,1.0,1.0,6.0,0.0,0.0,0.0,0.0,0.0,0.0,0.0,0.0,0.0,0.0,0.0,,,,Auburn,College Stats,ZiemLe00,2011.0,-12.3125
7.0,245.0,BUF,Michael Jasper,DT,24.0,,0.0,0.0,0.0,,,,,,,,,,,,,,,,,,Bethel (TN),,JaspMi00,2011.0,
7.0,246.0,CIN,Jay Finley,RB,23.0,,0.0,0.0,0.0,,,,,,,,,,,,,,,,,,Baylor,College Stats,FinlJa00,2011.0,
7.0,247.0,DEN,Jeremy Beal,DL,23.0,,0.0,0.0,0.0,,,,,,,,,,,,,,,,,,Oklahoma,College Stats,BealJe00,2011.0,
7.0,248.0,CLE,Eric Hagg,DB,21.0,2012.0,0.0,0.0,0.0,3.0,3.0,22.0,0.0,0.0,0.0,0.0,0.0,0.0,0.0,0.0,0.0,0.0,0.0,30.0,,,Nebraska,College Stats,HaggEr00,2011.0,-8.642857142857142
7.0,249.0,ARI,DeMarco Sampson,WR,25.0,2011.0,0.0,0.0,0.0,0.0,0.0,12.0,0.0,0.0,0.0,0.0,0.0,0.0,0.0,0.0,3.0,36.0,0.0,1.0,,,San Diego St.,College Stats,SampDe00,2011.0,-7.705882352941177
7.0,250.0,SFO,Curtis Holcomb,DB,23.0,,0.0,0.0,0.0,,,,,,,,,,,,,,,,,,Florida A&M,,HolcCu00,2011.0,
7.0,251.0,TEN,Tommie Campbell,DB,23.0,2014.0,0.0,0.0,0.0,4.0,4.0,44.0,0.0,0.0,0.0,0.0,0.0,0.0,0.0,0.0,0.0,0.0,0.0,27.0,,,Pittsburgh,College Stats,CampTo00,2011.0,-5.5
7.0,252.0,DAL,Bill Nagy,G,23.0,2011.0,0.0,0.0,0.0,2.0,2.0,4.0,0.0,0.0,0.0,0.0,0.0,0.0,0.0,0.0,0.0,0.0,0.0,,,,Wisconsin,,NagyBi00,2011.0,-7.666666666666666
7.0,253.0,WAS,Chris Neild,DT,23.0,2013.0,0.0,0.0,0.0,2.0,2.0,24.0,0.0,0.0,0.0,0.0,0.0,0.0,0.0,0.0,0.0,0.0,0.0,8.0,,2.0,West Virginia,College Stats,NeilCh00,2011.0,-4.769230769230769
7.0,254.0,HOU,Cheta Ozougwu,DE,22.0,2013.0,0.0,0.0,0.0,0.0,,9.0,0.0,0.0,0.0,0.0,0.0,0.0,0.0,0.0,0.0,0.0,0.0,7.0,,1.0,Rice,College Stats,OzouCh00,2011.0,-5.0
1.0,1.0,IND,Andrew Luck,QB,22.0,2018.0,0.0,4.0,5.0,72.0,72.0,86.0,2000.0,3290.0,23671.0,171.0,83.0,332.0,1590.0,14.0,1.0,4.0,0.0,,,,Stanford,College Stats,LuckAn00,2012.0,-4.428571428571431
1.0,2.0,WAS,Robert Griffin III,QB,22.0,2020.0,0.0,1.0,3.0,36.0,31.0,56.0,799.0,1268.0,9271.0,43.0,30.0,307.0,1809.0,10.0,0.0,0.0,0.0,,,,Baylor,College Stats,GrifRo01,2012.0,-17.476190476190474
1.0,3.0,CLE,Trent Richardson,RB,22.0,2014.0,0.0,0.0,3.0,17.0,7.0,46.0,0.0,0.0,0.0,0.0,0.0,614.0,2032.0,17.0,113.0,912.0,2.0,,,,Alabama,College Stats,RichTr00,2012.0,-35.285714285714285
1.0,4.0,MIN,Matt Kalil,T,23.0,2017.0,0.0,1.0,5.0,34.0,29.0,82.0,0.0,0.0,0.0,0.0,0.0,0.0,0.0,0.0,0.0,0.0,0.0,,,,USC,College Stats,KaliMa00,2012.0,-19.904761904761905
1.0,5.0,JAX,Justin Blackmon,WR,22.0,2013.0,0.0,0.0,1.0,9.0,9.0,20.0,0.0,0.0,0.0,0.0,0.0,3.0,22.0,0.0,93.0,1280.0,6.0,,,,Oklahoma St.,College Stats,BlacJu00,2012.0,-46.476190476190474
1.0,6.0,DAL,Morris Claiborne,DB,22.0,2019.0,0.0,0.0,5.0,25.0,13.0,85.0,0.0,0.0,0.0,0.0,0.0,0.0,0.0,0.0,0.0,0.0,0.0,213.0,7.0,,LSU,College Stats,ClaiMo00,2012.0,-25.80952380952381
1.0,7.0,TAM,Mark Barron,DB,22.0,2019.0,0.0,0.0,7.0,58.0,11.0,119.0,0.0,0.0,0.0,0.0,0.0,0.0,0.0,0.0,0.0,0.0,0.0,541.0,9.0,12.0,Alabama,College Stats,BarrMa00,2012.0,9.952380952380949
1.0,8.0,MIA,Ryan Tannehill,QB,24.0,2023.0,0.0,1.0,10.0,91.0,47.0,155.0,3063.0,4764.0,34881.0,216.0,115.0,440.0,2103.0,27.0,4.0,8.0,1.0,3.0,,,Texas A&M,College Stats,TannRy00,2012.0,47.61904761904762
1.0,9.0,CAR,Luke Kuechly HOF,LB,21.0,2019.0,5.0,7.0,8.0,91.0,91.0,118.0,0.0,0.0,0.0,0.0,0.0,0.0,0.0,0.0,0.0,0.0,0.0,690.0,18.0,12.5,Boston Col.,College Stats,KuecLu00,2012.0,42.76190476190476
1.0,10.0,BUF,Stephon Gilmore,DB,21.0,2024.0,2.0,5.0,12.0,75.0,18.0,180.0,0.0,0.0,0.0,0.0,0.0,0.0,0.0,0.0,0.0,0.0,0.0,521.0,32.0,1.0,South Carolina,College Stats,GilmSt00,2012.0,35.61904761904762
1.0,11.0,KAN,Dontari Poe,DT,22.0,2020.0,0.0,2.0,8.0,55.0,41.0,128.0,1.0,1.0,2.0,1.0,0.0,2.0,2.0,2.0,0.0,0.0,0.0,205.0,,20.5,Memphis,College Stats,PoexDo00,2012.0,2.047619047619051
1.0,12.0,PHI,Fletcher Cox,DT,21.0,2023.0,1.0,6.0,12.0,95.0,95.0,188.0,0.0,0.0,0.0,0.0,0.0,0.0,0.0,0.0,0.0,0.0,0.0,351.0,,70.0,Mississippi St.,College Stats,CoxxFl00,2012.0,49.61904761904762
1.0,13.0,ARI,Michael Floyd,WR,22.0,2018.0,0.0,0.0,3.0,28.0,27.0,102.0,0.0,0.0,0.0,0.0,0.0,1.0,2.0,0.0,266.0,3959.0,25.0,,,,Notre Dame,College Stats,FloyMi00,2012.0,-25.142857142857146
1.0,14.0,STL,Michael Brockers,DT,21.0,2022.0,0.0,0.0,10.0,58.0,53.0,160.0,0.0,0.0,0.0,0.0,0.0,0.0,0.0,0.0,0.0,0.0,0.0,274.0,,29.0,LSU,College Stats,BrocMi00,2012.0,12.80952380952381
1.0,15.0,SEA,Bruce Irvin,DE,24.0,2023.0,0.0,0.0,6.0,42.0,22.0,140.0,0.0,0.0,0.0,0.0,0.0,0.0,0.0,0.0,0.0,0.0,0.0,235.0,3.0,56.5,West Virginia,College Stats,IrviBr00,2012.0,4.238095238095241
1.0,16.0,NYJ,Quinton Coples,DE,22.0,2015.0,0.0,0.0,2.0,17.0,17.0,62.0,0.0,0.0,0.0,0.0,0.0,0.0,0.0,0.0,0.0,0.0,0.0,77.0,,16.5,North Carolina,College Stats,CoplQu00,2012.0,-25.333333333333336
1.0,17.0,CIN,Dre Kirkpatrick,DB,22.0,2021.0,0.0,0.0,5.0,31.0,25.0,119.0,0.0,0.0,0.0,0.0,0.0,0.0,0.0,0.0,0.0,0.0,0.0,313.0,13.0,3.0,Alabama,College Stats,KirkDr00,2012.0,-14.38095238095238
1.0,18.0,SDG,Melvin Ingram,DE,23.0,2023.0,0.0,3.0,6.0,57.0,52.0,148.0,0.0,0.0,0.0,0.0,0.0,1.0,0.0,0.0,0.0,0.0,0.0,298.0,3.0,58.5,South Carolina,College Stats,IngrMe00,2012.0,13.476190476190474
1.0,19.0,CHI,Shea McClellin,DE,23.0,2016.0,0.0,0.0,3.0,17.0,13.0,66.0,0.0,0.0,0.0,0.0,0.0,0.0,0.0,0.0,0.0,0.0,0.0,114.0,,8.5,Boise St.,College Stats,McClSh00,2012.0,-19.19047619047619
1.0,20.0,TEN,Kendall Wright,WR,22.0,2017.0,0.0,0.0,3.0,28.0,24.0,82.0,0.0,0.0,0.0,0.0,0.0,11.0,90.0,0.0,339.0,3858.0,19.0,,,,Baylor,College Stats,WrigKe01,2012.0,-9.61904761904762
1.0,21.0,NWE,Chandler Jones,DE,22.0,2022.0,2.0,4.0,10.0,77.0,25.0,154.0,0.0,0.0,0.0,0.0,0.0,0.0,0.0,0.0,0.0,0.0,0.0,352.0,1.0,112.0,Syracuse,College Stats,JoneCh03,2012.0,41.666666666666664
1.0,22.0,CLE,Brandon Weeden,QB,28.0,2018.0,0.0,0.0,1.0,13.0,10.0,35.0,559.0,965.0,6462.0,31.0,30.0,62.0,200.0,1.0,0.0,-9.0,0.0,,,,Oklahoma St.,College Stats,WeedBr00,2012.0,-17.857142857142858
1.0,23.0,DET,Riley Reiff,T,23.0,2023.0,0.0,0.0,10.0,60.0,27.0,164.0,0.0,0.0,0.0,0.0,0.0,0.0,0.0,0.0,0.0,0.0,0.0,2.0,,,Iowa,College Stats,ReifRi00,2012.0,29.0
1.0,24.0,PIT,David DeCastro,G,22.0,2020.0,2.0,6.0,8.0,69.0,69.0,125.0,0.0,0.0,0.0,0.0,0.0,0.0,0.0,0.0,0.0,0.0,0.0,,,,Stanford,College Stats,DeCaDa00,2012.0,17.095238095238095
1.0,25.0,NWE,Dont'a Hightower,LB,22.0,2021.0,0.0,2.0,8.0,65.0,65.0,117.0,0.0,0.0,0.0,0.0,0.0,0.0,0.0,0.0,0.0,0.0,0.0,353.0,1.0,27.0,Alabama,College Stats,HighDo01,2012.0,29.714285714285715
1.0,26.0,HOU,Whitney Mercilus,DE,22.0,2021.0,0.0,0.0,8.0,49.0,49.0,138.0,0.0,0.0,0.0,0.0,0.0,0.0,0.0,0.0,0.0,0.0,0.0,237.0,2.0,58.0,Illinois,College Stats,MercWh00,2012.0,20.523809523809526
1.0,27.0,CIN,Kevin Zeitler,G,22.0,2025.0,0.0,1.0,13.0,67.0,29.0,214.0,0.0,0.0,0.0,0.0,0.0,0.0,0.0,0.0,1.0,-4.0,0.0,1.0,,,Wisconsin,College Stats,ZeitKe00,2012.0,24.714285714285715
1.0,28.0,GNB,Nick Perry,DE,22.0,2018.0,0.0,0.0,3.0,22.0,22.0,81.0,0.0,0.0,0.0,0.0,0.0,0.0,0.0,0.0,0.0,0.0,0.0,139.0,1.0,32.0,USC,College Stats,PerrNi00,2012.0,-9.428571428571427
1.0,29.0,MIN,Harrison Smith,DB,23.0,2025.0,1.0,6.0,12.0,72.0,72.0,207.0,0.0,0.0,0.0,0.0,0.0,0.0,0.0,0.0,0.0,0.0,0.0,859.0,39.0,21.5,Notre Dame,College Stats,SmitHa00,2012.0,42.14285714285714
1.0,30.0,SFO,A.J. Jenkins,WR,22.0,2014.0,0.0,0.0,0.0,2.0,0.0,28.0,0.0,0.0,0.0,0.0,0.0,4.0,4.0,0.0,17.0,223.0,0.0,,,,Illinois,College Stats,JenkA.00,2012.0,-33.19047619047619
1.0,31.0,TAM,Doug Martin,RB,23.0,2018.0,1.0,2.0,7.0,39.0,35.0,84.0,0.0,0.0,0.0,0.0,0.0,1322.0,5356.0,30.0,148.0,1207.0,2.0,,,,Boise St.,College Stats,MartDo00,2012.0,4.4761904761904745
1.0,32.0,NYG,David Wilson,RB,21.0,2013.0,0.0,0.0,0.0,5.0,5.0,21.0,0.0,0.0,0.0,0.0,0.0,115.0,504.0,5.0,6.0,42.0,1.0,,,,Virginia Tech,College Stats,WilsDa01,2012.0,-36.904761904761905
2.0,33.0,STL,Brian Quick,WR,23.0,2018.0,0.0,0.0,0.0,11.0,10.0,84.0,0.0,0.0,0.0,0.0,0.0,0.0,0.0,0.0,114.0,1593.0,10.0,1.0,,,Appalachian St.,,QuicBr00,2012.0,-23.23809523809524
2.0,34.0,IND,Coby Fleener,TE,23.0,2017.0,0.0,0.0,4.0,25.0,18.0,87.0,0.0,0.0,0.0,0.0,0.0,1.0,2.0,1.0,255.0,3080.0,22.0,,1.0,,Stanford,College Stats,FleeCo00,2012.0,-12.523809523809526
2.0,35.0,BAL,Courtney Upshaw,LB,22.0,2017.0,0.0,0.0,3.0,27.0,24.0,90.0,0.0,0.0,0.0,0.0,0.0,0.0,0.0,0.0,0.0,0.0,0.0,131.0,,7.0,Alabama,College Stats,UpshCo00,2012.0,-12.047619047619051
2.0,36.0,DEN,Derek Wolfe,DT,22.0,2020.0,0.0,0.0,9.0,48.0,45.0,122.0,0.0,0.0,0.0,0.0,0.0,0.0,0.0,0.0,0.0,0.0,0.0,225.0,1.0,34.0,Cincinnati,College Stats,WolfDe00,2012.0,7.428571428571431
2.0,37.0,CLE,Mitchell Schwartz,T,23.0,2020.0,1.0,0.0,8.0,75.0,18.0,134.0,0.0,0.0,0.0,0.0,0.0,0.0,0.0,0.0,0.0,0.0,0.0,,,,California,,SchwMi00,2012.0,39.57142857142857
2.0,38.0,JAX,Andre Branch,LB,23.0,2018.0,0.0,0.0,3.0,22.0,9.0,95.0,0.0,0.0,0.0,0.0,0.0,0.0,0.0,0.0,0.0,0.0,0.0,125.0,,25.5,Clemson,College Stats,BranAn00,2012.0,-2.8571428571428577
2.0,39.0,STL,Jackrabbit Jenkins,DB,23.0,2022.0,0.0,1.0,10.0,52.0,22.0,144.0,0.0,0.0,0.0,0.0,0.0,0.0,0.0,0.0,0.0,0.0,0.0,493.0,27.0,2.0,North Alabama,College Stats,JenkJa03,2012.0,19.285714285714285
2.0,40.0,CAR,Amini Silatolu,G,23.0,2018.0,0.0,0.0,1.0,18.0,18.0,54.0,0.0,0.0,0.0,0.0,0.0,0.0,0.0,0.0,0.0,0.0,0.0,,,,Midwestern St.,,SilaAm00,2012.0,-5.428571428571427
2.0,41.0,BUF,Cordy Glenn,G,22.0,2019.0,0.0,0.0,6.0,38.0,31.0,97.0,0.0,0.0,0.0,0.0,0.0,0.0,0.0,0.0,0.0,0.0,0.0,,,,Georgia,College Stats,GlenCo00,2012.0,9.285714285714285
2.0,42.0,MIA,Jonathan Martin,T,22.0,2014.0,0.0,0.0,2.0,14.0,10.0,38.0,0.0,0.0,0.0,0.0,0.0,0.0,0.0,0.0,0.0,0.0,0.0,,,,Stanford,,MartJo01,2012.0,-14.61904761904762
2.0,43.0,NYJ,Stephen Hill,WR,21.0,2013.0,0.0,0.0,2.0,4.0,4.0,23.0,0.0,0.0,0.0,0.0,0.0,0.0,0.0,0.0,45.0,594.0,4.0,,,,Georgia Tech,College Stats,HillSt00,2012.0,-19.095238095238095
2.0,44.0,KAN,Jeff Allen,T,22.0,2019.0,0.0,0.0,4.0,27.0,19.0,84.0,0.0,0.0,0.0,0.0,0.0,0.0,0.0,0.0,0.0,0.0,0.0,1.0,,,Illinois,College Stats,AlleJe01,2012.0,-1.0
2.0,45.0,CHI,Alshon Jeffery,WR,22.0,2020.0,0.0,1.0,8.0,48.0,33.0,109.0,0.0,0.0,0.0,0.0,0.0,23.0,140.0,1.0,475.0,6786.0,46.0,,,,South Carolina,College Stats,JeffAl00,2012.0,21.19047619047619
2.0,46.0,PHI,Mychal Kendricks,LB,21.0,2020.0,0.0,0.0,7.0,38.0,32.0,104.0,0.0,0.0,0.0,0.0,0.0,0.0,0.0,0.0,0.0,0.0,0.0,404.0,4.0,19.0,California,College Stats,KendMy00,2012.0,9.38095238095238
2.0,47.0,SEA,Bobby Wagner,LB,22.0,2025.0,6.0,10.0,13.0,129.0,112.0,219.0,0.0,0.0,0.0,0.0,0.0,0.0,0.0,0.0,0.0,0.0,0.0,1150.0,15.0,39.5,Utah St.,College Stats,WagnBo00,2012.0,95.95238095238095
2.0,48.0,NWE,Tavon Wilson,DB,22.0,2021.0,0.0,0.0,2.0,19.0,5.0,133.0,0.0,0.0,0.0,0.0,0.0,1.0,7.0,0.0,0.0,0.0,0.0,304.0,8.0,5.0,Illinois,College Stats,WilsTa00,2012.0,-9.80952380952381
2.0,49.0,SDG,Kendall Reyes,DT,22.0,2016.0,0.0,0.0,3.0,22.0,22.0,76.0,0.0,0.0,0.0,0.0,0.0,0.0,0.0,0.0,0.0,0.0,0.0,96.0,1.0,14.5,Connecticut,College Stats,ReyeKe00,2012.0,-1.6000000000000014
2.0,50.0,STL,Isaiah Pead,RB,22.0,2016.0,0.0,0.0,0.0,1.0,1.0,30.0,0.0,0.0,0.0,0.0,0.0,27.0,100.0,0.0,15.0,100.0,0.0,3.0,,,Cincinnati,College Stats,PeadIs00,2012.0,-27.714285714285715
2.0,51.0,GNB,Jerel Worthy,DT,22.0,2018.0,0.0,0.0,0.0,4.0,3.0,40.0,0.0,0.0,0.0,0.0,0.0,0.0,0.0,0.0,0.0,0.0,0.0,19.0,,2.5,Michigan St.,College Stats,WortJe00,2012.0,-21.842105263157894
2.0,52.0,TEN,Zach Brown,LB,22.0,2019.0,0.0,1.0,5.0,41.0,16.0,100.0,0.0,0.0,0.0,0.0,0.0,0.0,0.0,0.0,0.0,0.0,0.0,462.0,7.0,17.5,North Carolina,College Stats,BrowZa00,2012.0,17.333333333333332
2.0,53.0,CIN,Devon Still,DT,23.0,2016.0,0.0,0.0,0.0,3.0,3.0,33.0,0.0,0.0,0.0,0.0,0.0,0.0,0.0,0.0,0.0,0.0,0.0,21.0,,0.5,Penn St.,College Stats,StilDe00,2012.0,-23.142857142857142
2.0,54.0,DET,Ryan Broyles,WR,24.0,2014.0,0.0,0.0,0.0,3.0,3.0,21.0,0.0,0.0,0.0,0.0,0.0,0.0,0.0,0.0,32.0,420.0,2.0,,,,Oklahoma,College Stats,BroyRy00,2012.0,-19.904761904761905
2.0,55.0,ATL,Peter Konz,C,23.0,2014.0,0.0,0.0,2.0,16.0,16.0,39.0,0.0,0.0,0.0,0.0,0.0,0.0,0.0,0.0,0.0,0.0,0.0,,,,Wisconsin,,KonzPe00,2012.0,-17.04761904761905
2.0,56.0,PIT,Mike Adams,T,22.0,2016.0,0.0,0.0,1.0,11.0,11.0,53.0,0.0,0.0,0.0,0.0,0.0,0.0,0.0,0.0,0.0,0.0,0.0,,,,Ohio St.,,AdamMi02,2012.0,-9.578947368421051
2.0,57.0,DEN,Brock Osweiler,QB,21.0,2018.0,0.0,0.0,1.0,14.0,7.0,49.0,697.0,1165.0,7418.0,37.0,31.0,92.0,266.0,4.0,1.0,-14.0,0.0,,,,Arizona St.,College Stats,OsweBr00,2012.0,-8.80952380952381
2.0,58.0,TAM,Lavonte David,LB,22.0,2025.0,1.0,1.0,13.0,93.0,93.0,215.0,0.0,0.0,0.0,0.0,0.0,0.0,0.0,0.0,0.0,0.0,0.0,1172.0,14.0,42.5,Nebraska,College Stats,DaviLa00,2012.0,68.47619047619048
2.0,59.0,PHI,Vinny Curry,DE,24.0,2022.0,0.0,0.0,1.0,22.0,19.0,134.0,0.0,0.0,0.0,0.0,0.0,0.0,0.0,0.0,0.0,0.0,0.0,150.0,,32.5,Marshall,College Stats,CurrVi00,2012.0,0.0952380952380949
2.0,60.0,BAL,Kelechi Osemele,T,23.0,2020.0,1.0,2.0,6.0,47.0,20.0,101.0,0.0,0.0,0.0,0.0,0.0,0.0,0.0,0.0,0.0,0.0,0.0,,,,Iowa St.,,OsemKe00,2012.0,21.904761904761905
2.0,61.0,SFO,LaMichael James,RB,22.0,2015.0,0.0,0.0,0.0,2.0,2.0,18.0,0.0,0.0,0.0,0.0,0.0,44.0,193.0,0.0,5.0,45.0,0.0,,,,Oregon,College Stats,JameLa00,2012.0,-26.857142857142858
2.0,62.0,GNB,Casey Hayward,DB,22.0,2022.0,0.0,2.0,7.0,50.0,7.0,152.0,0.0,0.0,0.0,0.0,0.0,0.0,0.0,0.0,0.0,0.0,0.0,376.0,25.0,,Vanderbilt,College Stats,HaywCa00,2012.0,24.25
2.0,63.0,NYG,Rueben Randle,WR,21.0,2015.0,0.0,0.0,2.0,21.0,21.0,64.0,0.0,0.0,0.0,0.0,0.0,0.0,0.0,0.0,188.0,2644.0,20.0,,,,LSU,College Stats,RandRu00,2012.0,-9.899999999999999
3.0,64.0,IND,Dwayne Allen,TE,22.0,2018.0,0.0,0.0,4.0,12.0,11.0,86.0,0.0,0.0,0.0,0.0,0.0,4.0,6.0,0.0,139.0,1564.0,20.0,3.0,,,Clemson,College Stats,AlleDw00,2012.0,-17.904761904761905
3.0,65.0,STL,Trumaine Johnson,DB,22.0,2019.0,0.0,0.0,5.0,30.0,24.0,102.0,0.0,0.0,0.0,0.0,0.0,0.0,0.0,0.0,0.0,0.0,0.0,339.0,23.0,,Montana,,JohnTr05,2012.0,4.100000000000001
3.0,66.0,MIN,Josh Robinson,DB,21.0,2019.0,0.0,0.0,1.0,10.0,9.0,93.0,0.0,0.0,0.0,0.0,0.0,0.0,0.0,0.0,0.0,0.0,0.0,162.0,5.0,,Central Florida,College Stats,RobiJo01,2012.0,-15.476190476190474
3.0,67.0,DEN,Ronnie Hillman,RB,20.0,2016.0,0.0,0.0,1.0,17.0,15.0,56.0,0.0,0.0,0.0,0.0,0.0,494.0,1976.0,12.0,74.0,524.0,1.0,,,,San Diego St.,College Stats,HillRo00,2012.0,-1.9499999999999993
3.0,68.0,HOU,DeVier Posey,WR,22.0,2014.0,0.0,0.0,0.0,2.0,2.0,26.0,0.0,0.0,0.0,0.0,0.0,1.0,-3.0,0.0,22.0,272.0,0.0,2.0,,,Ohio St.,College Stats,PoseDe00,2012.0,-14.476190476190474
3.0,69.0,BUF,T.J. Graham,WR,23.0,2015.0,0.0,0.0,1.0,7.0,6.0,47.0,0.0,0.0,0.0,0.0,0.0,5.0,19.0,0.0,61.0,794.0,4.0,9.0,,,North Carolina St.,College Stats,GrahT.00,2012.0,-19.571428571428573
3.0,70.0,JAX,Bryan Anger,P,23.0,2025.0,0.0,2.0,2.0,25.0,11.0,227.0,2.0,4.0,23.0,0.0,0.0,3.0,-5.0,0.0,0.0,0.0,0.0,15.0,,,California,College Stats,AngeBr00,2012.0,2.095238095238095
3.0,71.0,WAS,Josh LeRibeus,G,23.0,2018.0,0.0,0.0,1.0,11.0,8.0,50.0,0.0,0.0,0.0,0.0,0.0,0.0,0.0,0.0,0.0,0.0,0.0,,,,SMU,,LeRiJo00,2012.0,-16.857142857142858
3.0,72.0,MIA,Olivier Vernon,LB,21.0,2020.0,0.0,1.0,8.0,50.0,20.0,127.0,0.0,0.0,0.0,0.0,0.0,0.0,0.0,0.0,0.0,0.0,0.0,279.0,1.0,63.5,Miami (FL),College Stats,VernOl00,2012.0,31.4
3.0,73.0,SDG,Brandon Taylor,DB,22.0,2012.0,0.0,0.0,0.0,1.0,1.0,4.0,0.0,0.0,0.0,0.0,0.0,0.0,0.0,0.0,0.0,0.0,0.0,4.0,,0.5,LSU,College Stats,TaylBr02,2012.0,-23.523809523809526
3.0,74.0,KAN,Donald Stephenson,T,23.0,2017.0,0.0,0.0,1.0,18.0,12.0,80.0,0.0,0.0,0.0,0.0,0.0,0.0,0.0,0.0,0.0,0.0,0.0,,,,Oklahoma,College Stats,StepDo00,2012.0,-0.42857142857142705
3.0,75.0,SEA,Russell Wilson,QB,23.0,2025.0,0.0,10.0,12.0,140.0,125.0,205.0,3951.0,6120.0,46966.0,353.0,114.0,1042.0,5568.0,31.0,5.0,21.0,1.0,,,,Wisconsin,College Stats,WilsRu00,2012.0,116.55
3.0,76.0,HOU,Brandon Brooks,G,23.0,2021.0,0.0,3.0,7.0,50.0,15.0,114.0,0.0,0.0,0.0,0.0,0.0,0.0,0.0,0.0,0.0,0.0,0.0,1.0,,,Miami (OH),College Stats,BrooBr00,2012.0,28.65
3.0,77.0,NYJ,Demario Davis,LB,23.0,2025.0,1.0,2.0,12.0,104.0,23.0,227.0,0.0,0.0,0.0,0.0,0.0,0.0,0.0,0.0,0.0,0.0,0.0,951.0,4.0,45.0,Arkansas St.,College Stats,DaviDe00,2012.0,85.04761904761905
3.0,78.0,MIA,Michael Egnew,TE,22.0,2013.0,0.0,0.0,0.0,0.0,0.0,18.0,0.0,0.0,0.0,0.0,0.0,0.0,0.0,0.0,7.0,69.0,0.0,,,,Missouri,College Stats,EgneMi00,2012.0,-25.857142857142858
3.0,79.0,CHI,Brandon Hardin,DB,22.0,,0.0,0.0,0.0,,,,,,,,,,,,,,,,,,Oregon St.,College Stats,HardBr01,2012.0,
3.0,80.0,ARI,Jamell Fleming,DB,23.0,2015.0,0.0,0.0,0.0,5.0,2.0,46.0,0.0,0.0,0.0,0.0,0.0,0.0,0.0,0.0,0.0,0.0,0.0,63.0,,,Oklahoma,College Stats,FlemJa00,2012.0,-6.238095238095237
3.0,81.0,DAL,Tyrone Crawford,DE,22.0,2020.0,0.0,0.0,5.0,34.0,34.0,112.0,0.0,0.0,0.0,0.0,0.0,0.0,0.0,0.0,0.0,0.0,0.0,120.0,,25.0,Boise St.,College Stats,CrawTy00,2012.0,9.0
3.0,82.0,TEN,Mike Martin,DT,22.0,2015.0,0.0,0.0,0.0,6.0,6.0,46.0,0.0,0.0,0.0,0.0,0.0,0.0,0.0,0.0,0.0,0.0,0.0,42.0,,4.0,Michigan,College Stats,MartMi01,2012.0,-7.449999999999999
3.0,83.0,CIN,Mohamed Sanu,WR,23.0,2021.0,0.0,0.0,5.0,41.0,15.0,136.0,7.0,8.0,233.0,4.0,0.0,42.0,226.0,2.0,435.0,4871.0,27.0,2.0,,,Rutgers,College Stats,SanuMo00,2012.0,17.238095238095237
3.0,84.0,BAL,Bernard Pierce,RB,21.0,2015.0,0.0,0.0,0.0,10.0,10.0,52.0,0.0,0.0,0.0,0.0,0.0,359.0,1345.0,5.0,32.0,171.0,0.0,,,,Temple,College Stats,PierBe00,2012.0,-15.428571428571427
3.0,85.0,DET,Bill Bentley,DB,23.0,2015.0,0.0,0.0,0.0,3.0,3.0,20.0,0.0,0.0,0.0,0.0,0.0,0.0,0.0,0.0,0.0,0.0,0.0,34.0,,,Louisiana,,BentBi00,2012.0,-9.0
3.0,86.0,PIT,Sean Spence,LB,22.0,2017.0,0.0,0.0,1.0,13.0,9.0,53.0,0.0,0.0,0.0,0.0,0.0,0.0,0.0,0.0,0.0,0.0,0.0,111.0,,6.0,Miami (FL),College Stats,SpenSe00,2012.0,-7.0
3.0,87.0,CLE,John Hughes,DT,24.0,2017.0,0.0,0.0,0.0,10.0,8.0,66.0,0.0,0.0,0.0,0.0,0.0,0.0,0.0,0.0,0.0,0.0,0.0,61.0,,5.5,Cincinnati,College Stats,HughJo00,2012.0,-1.4761904761904763
3.0,88.0,PHI,Nick Foles,QB,23.0,2022.0,0.0,1.0,3.0,32.0,24.0,71.0,1302.0,2087.0,14227.0,82.0,47.0,151.0,407.0,6.0,1.0,10.0,0.0,,,,Arizona,College Stats,FoleNi00,2012.0,11.80952380952381
3.0,89.0,NOR,Akiem Hicks,DE,22.0,2022.0,0.0,1.0,7.0,54.0,13.0,149.0,0.0,0.0,0.0,0.0,0.0,1.0,1.0,1.0,0.0,0.0,0.0,263.0,,41.5,Regina,,HickAk00,2012.0,35.0
3.0,90.0,NWE,Jake Bequette,DE,23.0,2013.0,0.0,0.0,0.0,0.0,0.0,8.0,0.0,0.0,0.0,0.0,0.0,0.0,0.0,0.0,0.0,0.0,0.0,,,,Arkansas,College Stats,BequJa00,2012.0,-14.142857142857142
3.0,91.0,ATL,Lamar Holmes,T,23.0,2014.0,0.0,0.0,1.0,10.0,10.0,21.0,0.0,0.0,0.0,0.0,0.0,0.0,0.0,0.0,0.0,0.0,0.0,,,,Southern Miss,College Stats,HolmLa00,2012.0,-15.7
3.0,92.0,IND,T.Y. Hilton,WR,22.0,2022.0,0.0,4.0,8.0,72.0,71.0,146.0,0.0,1.0,0.0,0.0,0.0,9.0,55.0,0.0,638.0,9812.0,53.0,1.0,,,Florida International,College Stats,HiltT.00,2012.0,47.2
3.0,93.0,CIN,Brandon Thompson,DT,22.0,2015.0,0.0,0.0,0.0,7.0,7.0,39.0,0.0,0.0,0.0,0.0,0.0,0.0,0.0,0.0,0.0,0.0,0.0,29.0,,3.0,Clemson,College Stats,ThomBr01,2012.0,-5.19047619047619
3.0,94.0,NYG,Jayron Hosley,DB,21.0,2015.0,0.0,0.0,0.0,8.0,8.0,43.0,0.0,0.0,0.0,0.0,0.0,0.0,0.0,0.0,0.0,0.0,0.0,69.0,2.0,,Virginia Tech,College Stats,HoslJa00,2012.0,-11.850000000000001
3.0,95.0,OAK,Tony Bergstrom,T,26.0,2020.0,0.0,0.0,0.0,12.0,3.0,86.0,0.0,0.0,0.0,0.0,0.0,0.0,0.0,0.0,0.0,0.0,0.0,,,,Utah,College Stats,BergTo00,2012.0,-3.7894736842105257
4.0,96.0,STL,Chris Givens,WR,22.0,2015.0,0.0,0.0,2.0,12.0,11.0,60.0,0.0,0.0,0.0,0.0,0.0,11.0,42.0,0.0,107.0,1779.0,5.0,1.0,,,Wake Forest,College Stats,GiveCh00,2012.0,-1.6190476190476186
4.0,97.0,MIA,Lamar Miller,RB,21.0,2020.0,0.0,1.0,6.0,42.0,22.0,106.0,0.0,0.0,0.0,0.0,0.0,1354.0,5864.0,32.0,211.0,1571.0,8.0,,,,Miami (FL),College Stats,MillLa01,2012.0,29.142857142857142
4.0,98.0,BAL,Gino Gradkowski,G,23.0,2018.0,0.0,0.0,1.0,11.0,9.0,60.0,0.0,0.0,0.0,0.0,0.0,0.0,0.0,0.0,0.0,0.0,0.0,,,,Delaware,,GradGi00,2012.0,-10.047619047619047
4.0,99.0,HOU,Ben Jones,C,23.0,2022.0,0.0,1.0,10.0,58.0,16.0,172.0,0.0,0.0,0.0,0.0,0.0,0.0,0.0,0.0,0.0,0.0,0.0,,,,Georgia,College Stats,JoneBe01,2012.0,40.14285714285714
4.0,100.0,CLE,Travis Benjamin,WR,22.0,2021.0,0.0,0.0,2.0,25.0,13.0,111.0,0.0,1.0,0.0,0.0,0.0,36.0,268.0,0.0,208.0,3143.0,19.0,2.0,,,Miami (FL),College Stats,BenjTr00,2012.0,5.600000000000001
4.0,101.0,DEN,Omar Bolden,DB,23.0,2015.0,0.0,0.0,0.0,5.0,5.0,56.0,0.0,0.0,0.0,0.0,0.0,0.0,0.0,0.0,0.0,0.0,0.0,42.0,,,Arizona St.,College Stats,BoldOm00,2012.0,-7.199999999999999
4.0,102.0,WAS,Kirk Cousins,QB,24.0,2025.0,0.0,4.0,9.0,102.0,34.0,174.0,3934.0,5899.0,44700.0,298.0,131.0,341.0,965.0,20.0,1.0,-1.0,0.0,1.0,,,Michigan St.,College Stats,CousKi00,2012.0,81.57142857142857
4.0,103.0,CAR,Frank Alexander,DE,22.0,2014.0,0.0,0.0,0.0,6.0,6.0,29.0,0.0,0.0,0.0,0.0,0.0,0.0,0.0,0.0,0.0,0.0,0.0,20.0,,3.5,Oklahoma,College Stats,AlexFr00,2012.0,-10.61904761904762
4.0,104.0,CAR,Joe Adams,WR,22.0,2012.0,0.0,0.0,0.0,0.0,0.0,9.0,0.0,0.0,0.0,0.0,0.0,3.0,13.0,0.0,1.0,7.0,0.0,,,,Arkansas,College Stats,AdamJo01,2012.0,-14.5
4.0,105.0,BUF,Nigel Bradham,LB,23.0,2020.0,0.0,0.0,7.0,44.0,16.0,116.0,0.0,0.0,0.0,0.0,0.0,0.0,0.0,0.0,0.0,0.0,0.0,403.0,3.0,8.5,Florida St.,College Stats,BradNi00,2012.0,26.6
4.0,106.0,SEA,Robert Turbin,RB,22.0,2019.0,0.0,0.0,0.0,16.0,12.0,82.0,0.0,0.0,0.0,0.0,0.0,355.0,1354.0,9.0,86.0,688.0,3.0,5.0,,,Utah St.,College Stats,TurbRo00,2012.0,0.8571428571428577
4.0,107.0,KAN,Devon Wylie,WR,24.0,2013.0,0.0,0.0,0.0,0.0,0.0,8.0,0.0,0.0,0.0,0.0,0.0,0.0,0.0,0.0,6.0,53.0,0.0,,,,Fresno St.,College Stats,WyliDe00,2012.0,-9.238095238095237
4.0,108.0,DEN,Philip Blake,OL,26.0,,0.0,0.0,0.0,,,,,,,,,,,,,,,,,,Baylor,College Stats,BlakPh00,2012.0,
4.0,109.0,PIT,Alameda Ta'amu,DT,22.0,2014.0,0.0,0.0,0.0,3.0,,21.0,0.0,0.0,0.0,0.0,0.0,0.0,0.0,0.0,0.0,0.0,0.0,5.0,,,Washington,College Stats,Ta'aAl00,2012.0,-20.047619047619047
4.0,110.0,SDG,Ladarius Green,TE,22.0,2016.0,0.0,0.0,2.0,11.0,9.0,53.0,0.0,0.0,0.0,0.0,0.0,0.0,0.0,0.0,95.0,1391.0,8.0,16.0,,,Louisiana,,GreeLa00,2012.0,0.7619047619047628
4.0,111.0,CHI,Evan Rodriguez,TE,23.0,2014.0,0.0,0.0,0.0,0.0,0.0,20.0,0.0,0.0,0.0,0.0,0.0,0.0,0.0,0.0,4.0,21.0,0.0,3.0,,,Temple,College Stats,RodrEv00,2012.0,-10.952380952380953
4.0,112.0,ARI,Bobby Massie,T,23.0,2021.0,0.0,0.0,9.0,45.0,19.0,131.0,0.0,0.0,0.0,0.0,0.0,0.0,0.0,0.0,1.0,4.0,0.0,,,,Mississippi,College Stats,MassBo00,2012.0,26.157894736842106
4.0,113.0,DAL,Kyle Wilber,LB,23.0,2021.0,0.0,0.0,1.0,13.0,11.0,135.0,0.0,0.0,0.0,0.0,0.0,0.0,0.0,0.0,0.0,0.0,0.0,104.0,,3.5,Wake Forest,College Stats,WilbKy00,2012.0,-3.0
4.0,114.0,SEA,Jaye Howard,DT,23.0,2016.0,0.0,0.0,2.0,17.0,0.0,45.0,0.0,0.0,0.0,0.0,0.0,0.0,0.0,0.0,0.0,0.0,0.0,83.0,,7.5,Florida,College Stats,HowaJa00,2012.0,5.052631578947368
4.0,115.0,TEN,Coty Sensabaugh,DB,23.0,2019.0,0.0,0.0,2.0,19.0,12.0,107.0,0.0,0.0,0.0,0.0,0.0,0.0,0.0,0.0,0.0,0.0,0.0,220.0,3.0,1.0,Clemson,College Stats,SensCo00,2012.0,9.263157894736842
4.0,116.0,CIN,Orson Charles,TE,21.0,2018.0,0.0,0.0,0.0,2.0,1.0,49.0,0.0,0.0,0.0,0.0,0.0,0.0,0.0,0.0,14.0,185.0,0.0,8.0,,,Georgia,College Stats,CharOr00,2012.0,-9.952380952380953
4.0,117.0,SFO,Joe Looney,G,22.0,2020.0,0.0,0.0,2.0,21.0,3.0,104.0,0.0,0.0,0.0,0.0,0.0,0.0,0.0,0.0,0.0,0.0,0.0,,,,Wake Forest,College Stats,LoonJo01,2012.0,6.0
4.0,118.0,MIN,Jarius Wright,WR,22.0,2019.0,0.0,0.0,1.0,24.0,19.0,111.0,0.0,0.0,0.0,0.0,0.0,11.0,143.0,0.0,224.0,2782.0,11.0,,,,Arkansas,College Stats,WrigJa02,2012.0,9.25
4.0,119.0,WAS,Keenan Robinson,LB,23.0,2017.0,0.0,0.0,2.0,17.0,13.0,58.0,0.0,0.0,0.0,0.0,0.0,0.0,0.0,0.0,0.0,0.0,0.0,190.0,2.0,1.5,Texas,College Stats,RobiKe01,2012.0,1.333333333333334
4.0,120.0,CLE,James-Michael Johnson,LB,23.0,2015.0,0.0,0.0,2.0,11.0,4.0,48.0,0.0,0.0,0.0,0.0,0.0,0.0,0.0,0.0,0.0,0.0,0.0,80.0,,1.0,Nevada,College Stats,JohnJa04,2012.0,-8.25
4.0,121.0,HOU,Keshawn Martin,WR,22.0,2016.0,0.0,0.0,1.0,7.0,4.0,58.0,0.0,0.0,0.0,0.0,0.0,5.0,59.0,0.0,62.0,685.0,5.0,,,,Michigan St.,College Stats,MartKe01,2012.0,-1.1578947368421044
4.0,122.0,NOR,Nick Toon,WR,23.0,2015.0,0.0,0.0,0.0,3.0,3.0,17.0,0.0,0.0,0.0,0.0,0.0,1.0,4.0,0.0,21.0,283.0,1.0,,,,Wisconsin,College Stats,ToonNi00,2012.0,-12.842105263157896
4.0,123.0,PHI,Brandon Boykin,DB,22.0,2015.0,0.0,0.0,0.0,9.0,7.0,64.0,0.0,0.0,0.0,0.0,0.0,0.0,0.0,0.0,0.0,0.0,0.0,128.0,8.0,2.0,Georgia,College Stats,BoykBr00,2012.0,-4.699999999999999
4.0,124.0,BUF,Ron Brooks,DB,23.0,2016.0,0.0,0.0,0.0,6.0,4.0,53.0,0.0,0.0,0.0,0.0,0.0,0.0,0.0,0.0,0.0,0.0,0.0,79.0,,,LSU,College Stats,BrooRo01,2012.0,-7.428571428571429
4.0,125.0,DET,Ronnell Lewis,LB,21.0,2012.0,0.0,0.0,0.0,1.0,1.0,8.0,0.0,0.0,0.0,0.0,0.0,0.0,0.0,0.0,0.0,0.0,0.0,2.0,,,Oklahoma,College Stats,LewiRo02,2012.0,-13.578947368421053
4.0,126.0,HOU,Jared Crick,DE,23.0,2016.0,0.0,0.0,3.0,28.0,21.0,79.0,0.0,0.0,0.0,0.0,0.0,0.0,0.0,0.0,0.0,0.0,0.0,113.0,,8.5,Nebraska,College Stats,CricJa00,2012.0,3.6499999999999986
4.0,127.0,NYG,Adrien Robinson,TE,23.0,2014.0,0.0,0.0,0.0,0.0,0.0,19.0,0.0,0.0,0.0,0.0,0.0,0.0,0.0,0.0,5.0,50.0,1.0,2.0,,,Cincinnati,College Stats,RobiAd00,2012.0,-8.85
4.0,128.0,MIN,Rhett Ellison,RB,23.0,2019.0,0.0,0.0,4.0,9.0,4.0,113.0,0.0,0.0,0.0,0.0,0.0,1.0,1.0,1.0,118.0,1189.0,7.0,17.0,,,USC,College Stats,ElliRh00,2012.0,-9.600000000000001
4.0,129.0,OAK,Miles Burris,LB,24.0,2014.0,0.0,0.0,2.0,14.0,14.0,38.0,0.0,0.0,0.0,0.0,0.0,0.0,0.0,0.0,0.0,0.0,0.0,141.0,1.0,1.5,San Diego St.,College Stats,BurrMi00,2012.0,4.15
4.0,130.0,BAL,Christian Thompson,DB,22.0,2012.0,0.0,0.0,0.0,0.0,0.0,7.0,0.0,0.0,0.0,0.0,0.0,0.0,0.0,0.0,0.0,0.0,0.0,,,,South Carolina St.,,ThomCh01,2012.0,-16.72222222222222
4.0,131.0,NYG,Brandon Mosley,T,23.0,2014.0,0.0,0.0,0.0,2.0,2.0,22.0,0.0,0.0,0.0,0.0,0.0,0.0,0.0,0.0,0.0,0.0,0.0,1.0,,,Auburn,College Stats,MoslBr00,2012.0,-11.789473684210526
4.0,132.0,GNB,Mike Daniels,DT,23.0,2021.0,0.0,1.0,6.0,41.0,36.0,124.0,0.0,0.0,0.0,0.0,0.0,0.0,0.0,0.0,0.0,0.0,0.0,172.0,1.0,30.0,Iowa,College Stats,DaniMi00,2012.0,30.294117647058826
4.0,133.0,GNB,Jerron McMillian,DB,23.0,2013.0,0.0,0.0,0.0,2.0,2.0,28.0,0.0,0.0,0.0,0.0,0.0,0.0,0.0,0.0,0.0,0.0,0.0,30.0,1.0,,Maine,,McMiJe00,2012.0,-8.857142857142858
4.0,134.0,MIN,Greg Childs,WR,22.0,,0.0,0.0,0.0,,,,,,,,,,,,,,,,,,Arkansas,College Stats,ChilGr00,2012.0,
4.0,135.0,DAL,Matt Johnson,DB,23.0,,0.0,0.0,0.0,,,,,,,,,,,,,,,,,,Eastern Washington,,JohnMa05,2012.0,
5.0,136.0,IND,Josh Chapman,NT,23.0,2014.0,0.0,0.0,1.0,7.0,7.0,29.0,0.0,0.0,0.0,0.0,0.0,0.0,0.0,0.0,0.0,0.0,0.0,25.0,,,Alabama,College Stats,ChapJo00,2012.0,-1.8000000000000007
5.0,137.0,DEN,Malik Jackson,DT,22.0,2021.0,0.0,1.0,5.0,45.0,14.0,142.0,0.0,0.0,0.0,0.0,0.0,0.0,0.0,0.0,0.0,0.0,0.0,206.0,,35.5,Tennessee,College Stats,JackMa02,2012.0,24.05263157894737
5.0,138.0,DET,Tahir Whitehead,LB,22.0,2021.0,0.0,0.0,7.0,41.0,26.0,142.0,0.0,0.0,0.0,0.0,0.0,0.0,0.0,0.0,0.0,0.0,0.0,490.0,6.0,3.0,Temple,College Stats,WhitTa00,2012.0,27.578947368421055
5.0,139.0,MIN,Robert Blanton,DB,23.0,2017.0,0.0,0.0,1.0,9.0,9.0,72.0,0.0,0.0,0.0,0.0,0.0,0.0,0.0,0.0,0.0,0.0,0.0,177.0,1.0,,Notre Dame,College Stats,BlanRo00,2012.0,1.1428571428571432
5.0,140.0,TAM,Najee Goode,LB,23.0,2019.0,0.0,0.0,0.0,10.0,0.0,90.0,0.0,0.0,0.0,0.0,0.0,0.0,0.0,0.0,0.0,0.0,0.0,79.0,1.0,2.0,West Virginia,College Stats,GoodNa00,2012.0,-1.4761904761904763
5.0,141.0,WAS,Adam Gettis,G,23.0,2016.0,0.0,0.0,0.0,1.0,1.0,17.0,0.0,0.0,0.0,0.0,0.0,0.0,0.0,0.0,0.0,0.0,0.0,,,,Iowa,,GettAd00,2012.0,-7.666666666666666
5.0,142.0,JAX,Brandon Marshall,LB,22.0,2018.0,0.0,0.0,4.0,30.0,0.0,74.0,0.0,0.0,0.0,0.0,0.0,0.0,0.0,0.0,0.0,0.0,0.0,306.0,2.0,6.5,Nevada,College Stats,MarsBr01,2012.0,14.31578947368421
5.0,143.0,CAR,Josh Norman,DB,24.0,2023.0,1.0,1.0,8.0,43.0,22.0,141.0,0.0,0.0,0.0,0.0,0.0,0.0,0.0,0.0,0.0,0.0,0.0,377.0,16.0,1.0,Coastal Carolina,,NormJo01,2012.0,26.68421052631579
5.0,144.0,BUF,Zebrie Sanders,OL,22.0,,0.0,0.0,0.0,,,,,,,,,,,,,,,,,,Florida St.,College Stats,SandZe00,2012.0,
5.0,145.0,TEN,Taylor Thompson,TE,22.0,2014.0,0.0,0.0,0.0,0.0,0.0,35.0,0.0,0.0,0.0,0.0,0.0,0.0,0.0,0.0,11.0,83.0,1.0,14.0,,,SMU,College Stats,ThomTa00,2012.0,-10.5
5.0,146.0,KAN,DeQuan Menzie,DB,22.0,,0.0,0.0,0.0,,,,,,,,,,,,,,,,,,Alabama,College Stats,MenzDe00,2012.0,
5.0,147.0,BUF,Tank Carder,LB,23.0,2016.0,0.0,0.0,0.0,5.0,,78.0,0.0,0.0,0.0,0.0,0.0,0.0,0.0,0.0,0.0,0.0,0.0,38.0,,,TCU,College Stats,CardTa00,2012.0,-5.375
5.0,148.0,DET,Chris Greenwood,DB,23.0,2013.0,0.0,0.0,0.0,0.0,0.0,3.0,0.0,0.0,0.0,0.0,0.0,0.0,0.0,0.0,0.0,0.0,0.0,6.0,,,Albion,,GreeCh01,2012.0,-7.421052631578948
5.0,149.0,SDG,Johnnie Troutman,G,24.0,2014.0,0.0,0.0,2.0,14.0,14.0,29.0,0.0,0.0,0.0,0.0,0.0,0.0,0.0,0.0,0.0,0.0,0.0,,,,Penn St.,College Stats,TrouJo00,2012.0,-1.0999999999999996
5.0,150.0,STL,Rokevious Watkins,G,23.0,2013.0,0.0,0.0,0.0,1.0,0.0,4.0,0.0,0.0,0.0,0.0,0.0,0.0,0.0,0.0,0.0,0.0,0.0,,,,South Carolina,,WatkRo00,2012.0,-7.7368421052631575
5.0,151.0,ARI,Senio Kelemete,G,22.0,2021.0,0.0,0.0,1.0,25.0,0.0,97.0,0.0,0.0,0.0,0.0,0.0,0.0,0.0,0.0,1.0,10.0,0.0,,,,Washington,College Stats,KeleSe00,2012.0,11.944444444444445
5.0,152.0,DAL,Danny Coale,WR,24.0,,0.0,0.0,0.0,,,,,,,,,,,,,,,,,,Virginia Tech,College Stats,CoalDa00,2012.0,
5.0,153.0,PHI,Dennis Kelly,T,22.0,2023.0,0.0,0.0,1.0,29.0,6.0,131.0,0.0,0.0,0.0,0.0,0.0,0.0,0.0,0.0,1.0,1.0,1.0,,,,Purdue,College Stats,KellDe00,2012.0,15.61111111111111
5.0,154.0,SEA,Korey Toomer,LB,23.0,2018.0,0.0,0.0,0.0,11.0,,53.0,0.0,0.0,0.0,0.0,0.0,0.0,0.0,0.0,0.0,0.0,0.0,91.0,1.0,2.0,Idaho,College Stats,ToomKo00,2012.0,-7.2631578947368425
5.0,155.0,MIA,Josh Kaddu,LB,22.0,2014.0,0.0,0.0,0.0,0.0,0.0,6.0,0.0,0.0,0.0,0.0,0.0,0.0,0.0,0.0,0.0,0.0,0.0,,,,Oregon,College Stats,KaddJo00,2012.0,-9.117647058823529
5.0,156.0,CIN,Shaun Prater,DB,22.0,2015.0,0.0,0.0,0.0,2.0,,21.0,0.0,0.0,0.0,0.0,0.0,0.0,0.0,0.0,0.0,0.0,0.0,7.0,1.0,,Iowa,College Stats,PratSh00,2012.0,-7.111111111111111
5.0,157.0,ATL,Bradie Ewing,RB,22.0,2013.0,0.0,0.0,0.0,0.0,0.0,2.0,0.0,0.0,0.0,0.0,0.0,0.0,0.0,0.0,2.0,29.0,0.0,,,,Wisconsin,College Stats,EwinBr00,2012.0,-10.25
5.0,158.0,OAK,Jack Crawford,DE,24.0,2020.0,0.0,0.0,3.0,18.0,1.0,109.0,0.0,0.0,0.0,0.0,0.0,0.0,0.0,0.0,0.0,0.0,0.0,91.0,1.0,18.0,Penn St.,College Stats,CrawJa00,2012.0,11.5
5.0,159.0,PIT,Chris Rainey,RB,24.0,2013.0,0.0,0.0,0.0,1.0,1.0,18.0,0.0,0.0,0.0,0.0,0.0,26.0,102.0,2.0,14.0,60.0,0.0,1.0,,,Florida,College Stats,RainCh00,2012.0,-12.0
5.0,160.0,CLE,Ryan Miller,G,23.0,2012.0,0.0,0.0,0.0,1.0,1.0,8.0,0.0,0.0,0.0,0.0,0.0,0.0,0.0,0.0,0.0,0.0,0.0,,,,Colorado,College Stats,MillRy00,2012.0,-9.722222222222221
5.0,161.0,HOU,Randy Bullock,K,22.0,2023.0,0.0,0.0,1.0,20.0,3.0,144.0,0.0,0.0,0.0,0.0,0.0,0.0,0.0,0.0,0.0,0.0,0.0,3.0,,,Texas A&M,College Stats,BullRa00,2012.0,7.833333333333334
5.0,162.0,NOR,Corey White,DB,22.0,2016.0,0.0,0.0,1.0,12.0,10.0,66.0,0.0,0.0,0.0,0.0,0.0,0.0,0.0,0.0,0.0,0.0,0.0,132.0,6.0,1.0,Samford,,WhitCo01,2012.0,5.823529411764706
5.0,163.0,GNB,Terrell Manning,LB,22.0,2014.0,0.0,0.0,0.0,0.0,0.0,10.0,0.0,0.0,0.0,0.0,0.0,0.0,0.0,0.0,0.0,0.0,0.0,1.0,,,North Carolina St.,College Stats,MannTe00,2012.0,-13.333333333333334
5.0,164.0,ATL,Jonathan Massaquoi,DE,24.0,2014.0,0.0,0.0,0.0,6.0,6.0,39.0,0.0,0.0,0.0,0.0,0.0,0.0,0.0,0.0,0.0,0.0,0.0,47.0,,6.0,Troy,College Stats,MassJo00,2012.0,-6.050000000000001
5.0,165.0,SFO,Darius Fleming,LB,23.0,2015.0,0.0,0.0,0.0,1.0,,11.0,0.0,0.0,0.0,0.0,0.0,0.0,0.0,0.0,0.0,0.0,0.0,3.0,,,Notre Dame,College Stats,FlemDa00,2012.0,-12.35
5.0,166.0,CIN,Marvin Jones,WR,22.0,2023.0,0.0,0.0,8.0,53.0,15.0,151.0,0.0,0.0,0.0,0.0,0.0,19.0,148.0,0.0,547.0,7421.0,58.0,5.0,,,California,College Stats,JoneMa02,2012.0,39.333333333333336
5.0,167.0,CIN,George Iloka,DB,22.0,2020.0,0.0,0.0,4.0,29.0,27.0,103.0,0.0,0.0,0.0,0.0,0.0,0.0,0.0,0.0,0.0,0.0,0.0,246.0,9.0,,Boise St.,College Stats,IlokGe00,2012.0,20.235294117647058
5.0,168.0,OAK,Juron Criner,WR,22.0,2013.0,0.0,0.0,0.0,1.0,1.0,13.0,0.0,0.0,0.0,0.0,0.0,0.0,0.0,0.0,19.0,183.0,1.0,,,,Arizona,College Stats,CrinJu00,2012.0,-11.055555555555555
5.0,169.0,BAL,Asa Jackson,DB,22.0,2017.0,0.0,0.0,0.0,3.0,2.0,26.0,0.0,0.0,0.0,0.0,0.0,0.0,0.0,0.0,0.0,0.0,0.0,30.0,,,Cal Poly-San Luis Obispo,,JackAs00,2012.0,-8.5
5.0,170.0,IND,Vick Ballard,RB,22.0,2013.0,0.0,0.0,1.0,5.0,5.0,17.0,0.0,0.0,0.0,0.0,0.0,224.0,877.0,2.0,18.0,147.0,1.0,,,,Mississippi St.,College Stats,BallVi00,2012.0,-2.0588235294117645
6.0,171.0,STL,Greg Zuerlein,K,24.0,2024.0,1.0,1.0,2.0,29.0,20.0,192.0,0.0,0.0,0.0,0.0,0.0,0.0,0.0,0.0,0.0,0.0,0.0,8.0,,,Missouri Western St.,,ZuerGr00,2012.0,22.411764705882355
6.0,172.0,SEA,Jeremy Lane,DB,22.0,2017.0,0.0,0.0,1.0,10.0,10.0,70.0,0.0,0.0,0.0,0.0,0.0,0.0,0.0,0.0,0.0,0.0,0.0,103.0,2.0,,Northwestern St. (LA),,LaneJe00,2012.0,2.4375
6.0,173.0,WAS,Alfred Morris,RB,23.0,2020.0,0.0,2.0,4.0,36.0,28.0,114.0,0.0,0.0,0.0,0.0,0.0,1429.0,6173.0,35.0,68.0,513.0,1.0,,,,Florida Atlantic,College Stats,MorrAl00,2012.0,24.142857142857142
6.0,174.0,TAM,Keith Tandy,DB,23.0,2018.0,0.0,0.0,0.0,8.0,8.0,90.0,0.0,0.0,0.0,0.0,0.0,1.0,18.0,0.0,0.0,0.0,0.0,136.0,8.0,1.0,West Virginia,College Stats,TandKe00,2012.0,-4.235294117647058
6.0,175.0,MIN,Blair Walsh,K,22.0,2017.0,1.0,1.0,0.0,14.0,13.0,89.0,0.0,0.0,0.0,0.0,0.0,0.0,0.0,0.0,0.0,0.0,0.0,1.0,,,Georgia,College Stats,WalsBl00,2012.0,5.157894736842104
6.0,176.0,JAX,Mike Harris,DB,23.0,2014.0,0.0,0.0,0.0,6.0,5.0,36.0,0.0,0.0,0.0,0.0,0.0,0.0,0.0,0.0,0.0,0.0,0.0,102.0,2.0,2.0,Florida St.,College Stats,HarrMi00,2012.0,-0.05263157894736814
6.0,177.0,ARI,Justin Bethel,DB,22.0,2023.0,0.0,3.0,0.0,20.0,16.0,193.0,0.0,0.0,0.0,0.0,0.0,0.0,0.0,0.0,0.0,0.0,0.0,235.0,5.0,0.5,Presbyterian,,BethJu00,2012.0,9.473684210526315
6.0,178.0,BUF,Mark Asper,G,26.0,2013.0,0.0,0.0,0.0,0.0,0.0,7.0,0.0,0.0,0.0,0.0,0.0,0.0,0.0,0.0,0.0,0.0,0.0,,,,Oregon,College Stats,AspeMa00,2012.0,-13.571428571428571
6.0,179.0,NOR,Andrew Tiller,G,23.0,2016.0,0.0,0.0,0.0,6.0,,28.0,0.0,0.0,0.0,0.0,0.0,0.0,0.0,0.0,0.0,0.0,0.0,,,,Syracuse,College Stats,TillAn01,2012.0,-0.5263157894736841
6.0,180.0,SFO,Trent Robinson,DB,22.0,2015.0,0.0,0.0,1.0,6.0,0.0,38.0,0.0,0.0,0.0,0.0,0.0,0.0,0.0,0.0,0.0,0.0,0.0,59.0,2.0,,Michigan St.,,RobiTr02,2012.0,-3.6111111111111107
6.0,181.0,SEA,Winston Guy,DB,22.0,2016.0,0.0,0.0,0.0,3.0,0.0,34.0,0.0,0.0,0.0,0.0,0.0,0.0,0.0,0.0,0.0,0.0,0.0,39.0,,2.0,Kentucky,College Stats,GuyxWi00,2012.0,-6.368421052631579
6.0,182.0,KAN,Cyrus Gray,RB,22.0,2014.0,0.0,0.0,0.0,1.0,1.0,35.0,0.0,0.0,0.0,0.0,0.0,24.0,99.0,1.0,9.0,64.0,0.0,10.0,,,Texas A&M,College Stats,GrayCy00,2012.0,-9.277777777777779
6.0,183.0,MIA,B.J. Cunningham,WR,23.0,2013.0,0.0,0.0,0.0,0.0,,2.0,0.0,0.0,0.0,0.0,0.0,0.0,0.0,0.0,0.0,0.0,0.0,,,,Michigan St.,College Stats,CunnB.00,2012.0,-5.105263157894737
6.0,184.0,CHI,Isaiah Frey,DB,22.0,2014.0,0.0,0.0,0.0,3.0,3.0,27.0,0.0,0.0,0.0,0.0,0.0,0.0,0.0,0.0,0.0,0.0,0.0,51.0,,,Nevada,College Stats,FreyIs00,2012.0,-2.3157894736842106
6.0,185.0,ARI,Ryan Lindley,QB,23.0,2015.0,0.0,0.0,0.0,-4.0,-4.0,10.0,140.0,274.0,1372.0,3.0,11.0,4.0,7.0,0.0,0.0,0.0,0.0,,,,San Diego St.,College Stats,LindRy00,2012.0,-7.9411764705882355
6.0,186.0,DAL,James Hanna,TE,23.0,2017.0,0.0,0.0,4.0,3.0,3.0,78.0,0.0,0.0,0.0,0.0,0.0,0.0,0.0,0.0,37.0,374.0,1.0,20.0,,,Oklahoma,College Stats,HannJa00,2012.0,-7.388888888888889
6.0,187.0,NYJ,Josh Bush,DB,23.0,2015.0,0.0,0.0,0.0,3.0,2.0,45.0,0.0,1.0,0.0,0.0,0.0,0.0,0.0,0.0,0.0,0.0,0.0,38.0,2.0,,Wake Forest,College Stats,BushJo00,2012.0,-9.15
6.0,188.0,DEN,Danny Trevathan,LB,22.0,2021.0,0.0,0.0,7.0,47.0,19.0,117.0,0.0,0.0,0.0,0.0,0.0,0.0,0.0,0.0,0.0,0.0,0.0,502.0,8.0,10.0,Kentucky,College Stats,TrevDa00,2012.0,35.23529411764706
6.0,189.0,OAK,Christo Bilukidi,DE,22.0,2014.0,0.0,0.0,0.0,1.0,1.0,24.0,0.0,0.0,0.0,0.0,0.0,0.0,0.0,0.0,0.0,0.0,0.0,10.0,,1.0,Georgia St.,,BiluCh00,2012.0,-7.4
6.0,190.0,TEN,Markelle Martin,DB,22.0,,0.0,0.0,0.0,,,,,,,,,,,,,,,,,,Oklahoma St.,College Stats,MartMa00,2012.0,
6.0,191.0,CIN,Dan Herron,RB,23.0,2015.0,0.0,0.0,0.0,5.0,0.0,35.0,0.0,0.0,0.0,0.0,0.0,112.0,468.0,1.0,31.0,277.0,0.0,9.0,,,Ohio St.,College Stats,HerrDa00,2012.0,-10.421052631578947
6.0,192.0,ATL,Charles Mitchell,DB,22.0,2012.0,0.0,0.0,0.0,1.0,1.0,10.0,0.0,0.0,0.0,0.0,0.0,0.0,0.0,0.0,0.0,0.0,0.0,1.0,,,Mississippi St.,College Stats,MitcCh01,2012.0,-6.2
6.0,193.0,WAS,Tom Compton,T,23.0,2022.0,0.0,0.0,2.0,22.0,7.0,124.0,0.0,0.0,0.0,0.0,0.0,0.0,0.0,0.0,0.0,0.0,0.0,3.0,,,South Dakota,,CompTo00,2012.0,10.473684210526315
6.0,194.0,PHI,Marvin McNutt,WR,23.0,2013.0,0.0,0.0,0.0,0.0,0.0,5.0,0.0,0.0,0.0,0.0,0.0,0.0,0.0,0.0,0.0,0.0,0.0,2.0,,,Iowa,College Stats,McNuMa00,2012.0,-6.555555555555555
6.0,195.0,HOU,Nick Mondek,OL,23.0,,0.0,0.0,0.0,,,,,,,,,,,,,,,,,,Purdue,College Stats,MondNi00,2012.0,
6.0,196.0,DET,Jonte Green,DB,23.0,2013.0,0.0,0.0,0.0,4.0,4.0,24.0,0.0,0.0,0.0,0.0,0.0,0.0,0.0,0.0,0.0,0.0,0.0,29.0,1.0,1.0,New Mexico St.,College Stats,GreeJo03,2012.0,-0.5
6.0,197.0,NWE,Nate Ebner,DB,23.0,2021.0,0.0,0.0,0.0,11.0,11.0,133.0,0.0,0.0,0.0,0.0,0.0,1.0,14.0,0.0,0.0,0.0,0.0,69.0,,,Ohio St.,College Stats,EbneNa00,2012.0,4.6875
6.0,198.0,BAL,Tommy Streeter,WR,22.0,2014.0,0.0,0.0,0.0,0.0,,2.0,0.0,0.0,0.0,0.0,0.0,0.0,0.0,0.0,0.0,0.0,0.0,,,,Miami (FL),College Stats,StreTo00,2012.0,-8.777777777777779
6.0,199.0,SFO,Jason Slowey,OL,23.0,,0.0,0.0,0.0,,,,,,,,,,,,,,,,,,Western Oregon,,SlowJa00,2012.0,
6.0,200.0,PHI,Brandon Washington,G,24.0,2013.0,0.0,0.0,0.0,0.0,,1.0,0.0,0.0,0.0,0.0,0.0,0.0,0.0,0.0,0.0,0.0,0.0,,,,Miami (FL),College Stats,WashBr00,2012.0,-15.066666666666666
6.0,201.0,NYG,Matt McCants,T,23.0,2016.0,0.0,0.0,0.0,3.0,,30.0,0.0,0.0,0.0,0.0,0.0,0.0,0.0,0.0,0.0,0.0,0.0,,,,Ala-Birmingham,,McCaMa00,2012.0,-1.117647058823529
6.0,202.0,NYJ,Terrance Ganaway,RB,23.0,2012.0,0.0,0.0,0.0,0.0,,3.0,0.0,0.0,0.0,0.0,0.0,0.0,0.0,0.0,0.0,0.0,0.0,,,,Baylor,College Stats,GanaTe00,2012.0,-5.111111111111111
6.0,203.0,NYJ,Robert Griffin,OL,22.0,,0.0,0.0,0.0,,,,,,,,,,,,,,,,,,Baylor,,GrifRo03,2012.0,
6.0,204.0,CLE,Emmanuel Acho,LB,21.0,2014.0,0.0,0.0,0.0,2.0,,20.0,0.0,0.0,0.0,0.0,0.0,0.0,0.0,0.0,0.0,0.0,0.0,22.0,,,Texas,College Stats,AchoEm00,2012.0,-7.647058823529411
6.0,205.0,CLE,Billy Winn,DT,23.0,2020.0,0.0,0.0,2.0,15.0,12.0,74.0,0.0,0.0,0.0,0.0,0.0,0.0,0.0,0.0,0.0,0.0,0.0,70.0,2.0,3.0,Boise St.,College Stats,WinnBi00,2012.0,4.470588235294118
6.0,206.0,IND,LaVon Brazill,WR,23.0,2013.0,0.0,0.0,0.0,3.0,3.0,25.0,0.0,0.0,0.0,0.0,0.0,0.0,0.0,0.0,23.0,347.0,3.0,8.0,,,Ohio,College Stats,BrazLa00,2012.0,-3.0
6.0,207.0,CAR,Brad Nortman,P,22.0,2017.0,0.0,0.0,0.0,11.0,7.0,96.0,1.0,1.0,29.0,0.0,0.0,1.0,-1.0,0.0,0.0,0.0,0.0,2.0,,,Wisconsin,College Stats,NortBr00,2012.0,-2.882352941176471
7.0,208.0,IND,Justin Anderson,OL,24.0,,0.0,0.0,0.0,,,,,,,,,,,,,,,,,,Georgia,,AndeJu00,2012.0,
7.0,209.0,STL,Aaron Brown,LB,,,0.0,0.0,0.0,,,,,,,,,,,,,,,,,,Hawaii,College Stats,BrowAa01,2012.0,
7.0,210.0,MIN,Audie Cole,LB,23.0,2016.0,0.0,0.0,0.0,7.0,7.0,57.0,0.0,0.0,0.0,0.0,0.0,0.0,0.0,0.0,0.0,0.0,0.0,59.0,,1.0,North Carolina St.,College Stats,ColeAu00,2012.0,-0.9411764705882355
7.0,211.0,TEN,Scott Solomon,DE,23.0,2015.0,0.0,0.0,0.0,2.0,1.0,24.0,0.0,0.0,0.0,0.0,0.0,0.0,0.0,0.0,0.0,0.0,0.0,12.0,,2.0,Rice,College Stats,SoloSc00,2012.0,-3.4000000000000004
7.0,212.0,TAM,Michael Smith,RB,24.0,2012.0,0.0,0.0,0.0,0.0,0.0,1.0,0.0,0.0,0.0,0.0,0.0,0.0,0.0,0.0,0.0,0.0,0.0,,,,Utah St.,College Stats,SmitMi01,2012.0,-4.25
7.0,213.0,WAS,Richard Crawford,DB,22.0,2012.0,0.0,0.0,0.0,1.0,1.0,10.0,0.0,0.0,0.0,0.0,0.0,0.0,0.0,0.0,0.0,0.0,0.0,13.0,1.0,,SMU,College Stats,CrawRi00,2012.0,-7.0
7.0,214.0,IND,Tim Fugger,DE,23.0,,0.0,0.0,0.0,,,,,,,,,,,,,,,,,,Vanderbilt,College Stats,FuggTi00,2012.0,
7.0,215.0,MIA,Kheeston Randall,DT,23.0,2012.0,0.0,0.0,0.0,1.0,1.0,12.0,0.0,0.0,0.0,0.0,0.0,0.0,0.0,0.0,0.0,0.0,0.0,6.0,,,Texas,College Stats,RandKh00,2012.0,-7.611111111111111
7.0,216.0,CAR,D.J. Campbell,DB,23.0,2013.0,0.0,0.0,0.0,2.0,2.0,9.0,0.0,0.0,0.0,0.0,0.0,0.0,0.0,0.0,0.0,0.0,0.0,13.0,,,California,College Stats,CampD.00,2012.0,-11.785714285714286
7.0,217.0,WAS,Jordan Bernstine,DB,23.0,2012.0,0.0,0.0,0.0,0.0,0.0,1.0,0.0,0.0,0.0,0.0,0.0,0.0,0.0,0.0,0.0,0.0,0.0,,,,Iowa,College Stats,BernJo00,2012.0,-7.235294117647059
7.0,218.0,KAN,Jerome Long,DT,22.0,2013.0,0.0,0.0,0.0,0.0,,3.0,0.0,0.0,0.0,0.0,0.0,0.0,0.0,0.0,0.0,0.0,0.0,,,,San Diego St.,College Stats,LongJe00,2012.0,-9.866666666666667
7.0,219.0,MIN,Trevor Guyton,DE,,,0.0,0.0,0.0,,,,,,,,,,,,,,,,,,California,College Stats,GuytTr00,2012.0,
7.0,220.0,CHI,Greg McCoy,DB,23.0,,0.0,0.0,0.0,,,,,,,,,,,,,,,,,,TCU,College Stats,McCoGr00,2012.0,
7.0,221.0,ARI,Nate Potter,T,24.0,2013.0,0.0,0.0,0.0,3.0,3.0,21.0,0.0,0.0,0.0,0.0,0.0,0.0,0.0,0.0,0.0,0.0,0.0,,,,Boise St.,College Stats,PottNa00,2012.0,-4.714285714285714
7.0,222.0,DAL,Caleb McSurdy,LB,22.0,,0.0,0.0,0.0,,,,,,,,,,,,,,,,,,Montana,,McSuCa00,2012.0,
7.0,223.0,DET,Travis Lewis,LB,24.0,2015.0,0.0,0.0,0.0,4.0,4.0,42.0,0.0,0.0,0.0,0.0,0.0,0.0,0.0,0.0,0.0,0.0,0.0,26.0,,1.0,Oklahoma,College Stats,LewiTr00,2012.0,-0.7857142857142856
7.0,224.0,NWE,Alfonzo Dennard,DB,22.0,2014.0,0.0,0.0,1.0,9.0,9.0,29.0,0.0,0.0,0.0,0.0,0.0,0.0,0.0,0.0,0.0,0.0,0.0,81.0,5.0,,Nebraska,College Stats,DennAl00,2012.0,-7.0
7.0,225.0,SEA,J.R. Sweezy,DT,23.0,2020.0,0.0,0.0,7.0,47.0,32.0,117.0,0.0,0.0,0.0,0.0,0.0,0.0,0.0,0.0,0.0,0.0,0.0,,,,North Carolina St.,College Stats,SweeJ.00,2012.0,40.94117647058823
7.0,226.0,SDG,David Molk,C,23.0,2015.0,0.0,0.0,0.0,3.0,1.0,20.0,0.0,0.0,0.0,0.0,0.0,0.0,0.0,0.0,0.0,0.0,0.0,,,,Michigan,College Stats,MolkDa00,2012.0,-4.176470588235294
7.0,227.0,MIA,Rishard Matthews,WR,22.0,2018.0,0.0,0.0,4.0,22.0,8.0,87.0,0.0,0.0,0.0,0.0,0.0,3.0,4.0,0.0,230.0,3160.0,21.0,4.0,,,Nevada,College Stats,MattRi00,2012.0,16.8125
7.0,228.0,JAX,Jeris Pendleton,DT,28.0,2013.0,0.0,0.0,0.0,0.0,0.0,5.0,0.0,0.0,0.0,0.0,0.0,0.0,0.0,0.0,0.0,0.0,0.0,2.0,,,Ashland,,PendJe00,2012.0,-5.333333333333333
7.0,229.0,PHI,Bryce Brown,RB,21.0,2015.0,0.0,0.0,0.0,9.0,6.0,42.0,0.0,0.0,0.0,0.0,0.0,251.0,1076.0,7.0,37.0,316.0,0.0,1.0,,,Kansas St.,College Stats,BrowBr02,2012.0,2.9444444444444446
7.0,230.0,OAK,Nathan Stupar,LB,24.0,2019.0,0.0,0.0,1.0,9.0,,82.0,0.0,0.0,0.0,0.0,0.0,0.0,0.0,0.0,0.0,0.0,0.0,110.0,1.0,2.0,Penn St.,College Stats,StupNa01,2012.0,-0.11111111111111072
7.0,231.0,PIT,Toney Clemons,WR,23.0,2012.0,0.0,0.0,0.0,0.0,,4.0,0.0,0.0,0.0,0.0,0.0,0.0,0.0,0.0,3.0,41.0,0.0,,,,Colorado,College Stats,ClemTo00,2012.0,-3.125
7.0,232.0,SEA,Greg Scruggs,DE,22.0,2016.0,0.0,0.0,0.0,1.0,1.0,18.0,0.0,0.0,0.0,0.0,0.0,0.0,0.0,0.0,0.0,0.0,0.0,9.0,,3.0,Louisville,College Stats,ScruGr00,2012.0,-5.8125
7.0,233.0,TAM,Drake Dunsmore,TE,23.0,,0.0,0.0,0.0,,,,,,,,,,,,,,,,,,Northwestern,College Stats,DunsDr00,2012.0,
7.0,234.0,NOR,Marcel Jones,OL,24.0,,0.0,0.0,0.0,,,,,,,,,,,,,,,,,,Nebraska,,JoneMa03,2012.0,
7.0,235.0,NWE,Jeremy Ebert,WR,23.0,2013.0,0.0,0.0,0.0,0.0,,5.0,0.0,0.0,0.0,0.0,0.0,0.0,0.0,0.0,3.0,18.0,0.0,,,,Northwestern,College Stats,EberJe00,2012.0,-9.875
7.0,236.0,BAL,DeAngelo Tyson,DT,23.0,2014.0,0.0,0.0,0.0,6.0,6.0,34.0,0.0,0.0,0.0,0.0,0.0,0.0,0.0,0.0,0.0,0.0,0.0,19.0,1.0,3.0,Georgia,College Stats,TysoDe00,2012.0,3.1176470588235294
7.0,237.0,SFO,Cam Johnson,DE,22.0,2016.0,0.0,0.0,1.0,5.0,0.0,28.0,0.0,0.0,0.0,0.0,0.0,0.0,0.0,0.0,0.0,0.0,0.0,26.0,,3.0,Virginia,College Stats,JohnCa01,2012.0,2.3157894736842106
7.0,238.0,KAN,Junior Hemingway,WR,23.0,2014.0,0.0,0.0,0.0,2.0,2.0,31.0,0.0,0.0,0.0,0.0,0.0,0.0,0.0,0.0,25.0,233.0,2.0,12.0,,,Michigan,College Stats,HemiJu00,2012.0,-6.153846153846153
7.0,239.0,NYG,Markus Kuhn,DT,26.0,2015.0,0.0,0.0,0.0,6.0,6.0,39.0,0.0,0.0,0.0,0.0,0.0,0.0,0.0,0.0,0.0,0.0,0.0,24.0,,1.5,North Carolina St.,College Stats,KuhnMa00,2012.0,-4.588235294117647
7.0,240.0,PIT,David Paulson,TE,23.0,2013.0,0.0,0.0,0.0,1.0,1.0,32.0,0.0,0.0,0.0,0.0,0.0,0.0,0.0,0.0,13.0,153.0,0.0,3.0,,,Oregon,College Stats,PaulDa01,2012.0,-5.333333333333333
7.0,241.0,GNB,Andrew Datko,OL,22.0,,0.0,0.0,0.0,,,,,,,,,,,,,,,,,,Florida St.,College Stats,DatkAn00,2012.0,
7.0,242.0,NYJ,Antonio Allen,DB,23.0,2016.0,0.0,0.0,2.0,9.0,9.0,50.0,0.0,0.0,0.0,0.0,0.0,0.0,0.0,0.0,0.0,0.0,0.0,85.0,1.0,2.5,South Carolina,College Stats,AlleAn02,2012.0,-0.3888888888888893
7.0,243.0,GNB,B.J. Coleman,QB,23.0,,0.0,0.0,0.0,,,,,,,,,,,,,,,,,,Chattanooga,,ColeB.00,2012.0,
7.0,244.0,NYJ,Jordan White,WR,24.0,2012.0,0.0,0.0,0.0,0.0,0.0,3.0,0.0,0.0,0.0,0.0,0.0,0.0,0.0,0.0,1.0,13.0,0.0,,,,Western Michigan,College Stats,WhitJo02,2012.0,-13.3125
7.0,245.0,CLE,Trevin Wade,DB,23.0,2016.0,0.0,0.0,0.0,5.0,1.0,47.0,0.0,0.0,0.0,0.0,0.0,0.0,0.0,0.0,0.0,0.0,0.0,79.0,,,Arizona,College Stats,WadeTr00,2012.0,-1.333333333333333
7.0,246.0,PIT,Terrence Frederick,DB,22.0,2014.0,0.0,0.0,0.0,1.0,,5.0,0.0,0.0,0.0,0.0,0.0,0.0,0.0,0.0,0.0,0.0,0.0,17.0,,,Texas A&M,College Stats,FredTe00,2012.0,-7.153846153846153
7.0,247.0,CLE,Brad Smelley,TE,23.0,2013.0,0.0,0.0,0.0,0.0,0.0,4.0,0.0,0.0,0.0,0.0,0.0,0.0,0.0,0.0,1.0,3.0,0.0,,,,Alabama,College Stats,SmelBr00,2012.0,-3.7142857142857144
7.0,248.0,PIT,Kelvin Beachum,T,23.0,2025.0,0.0,0.0,10.0,59.0,14.0,196.0,0.0,0.0,0.0,0.0,0.0,0.0,0.0,0.0,0.0,0.0,0.0,,,,SMU,,BeacKe00,2012.0,47.35714285714286
7.0,249.0,ATL,Travian Robertson,DT,23.0,2014.0,0.0,0.0,0.0,1.0,1.0,13.0,0.0,0.0,0.0,0.0,0.0,0.0,0.0,0.0,0.0,0.0,0.0,4.0,,,South Carolina,College Stats,RobeTr00,2012.0,-6.705882352941177
7.0,250.0,SDG,Edwin Baker,RB,21.0,2014.0,0.0,0.0,0.0,1.0,,6.0,0.0,0.0,0.0,0.0,0.0,44.0,173.0,2.0,8.0,57.0,0.0,,,,Michigan St.,College Stats,BakeEd01,2012.0,-14.071428571428571
7.0,251.0,BUF,John Potter,K,22.0,2013.0,0.0,0.0,0.0,0.0,0.0,9.0,0.0,0.0,0.0,0.0,0.0,0.0,0.0,0.0,0.0,0.0,0.0,,,,Western Michigan,College Stats,PottJo00,2012.0,-9.5
7.0,252.0,STL,Daryl Richardson,RB,22.0,2016.0,0.0,0.0,0.0,7.0,7.0,27.0,0.0,0.0,0.0,0.0,0.0,169.0,697.0,0.0,38.0,284.0,0.0,,,,Abilene Christian,,RichDa00,2012.0,-2.666666666666666
7.0,253.0,IND,Chandler Harnish,QB,24.0,,0.0,0.0,0.0,,,,,,,,,,,,,,,,,,Northern Illinois,College Stats,HarnCh00,2012.0,
1.0,1.0,KAN,Eric Fisher,T,22.0,2021.0,0.0,2.0,8.0,62.0,56.0,132.0,0.0,0.0,0.0,0.0,0.0,0.0,0.0,0.0,1.0,-3.0,1.0,,,,Central Michigan,,FishEr00,2013.0,-14.42857142857143
1.0,2.0,JAX,Luke Joeckel,T,21.0,2017.0,0.0,0.0,3.0,21.0,16.0,50.0,0.0,0.0,0.0,0.0,0.0,0.0,0.0,0.0,0.0,0.0,0.0,1.0,,,Texas A&M,College Stats,JoecLu00,2013.0,-32.476190476190474
1.0,3.0,MIA,Dion Jordan,DE,23.0,2020.0,0.0,0.0,0.0,9.0,3.0,63.0,0.0,0.0,0.0,0.0,0.0,0.0,0.0,0.0,0.0,0.0,0.0,82.0,,13.5,Oregon,College Stats,JordDi00,2013.0,-43.285714285714285
1.0,4.0,PHI,Lane Johnson,T,23.0,2025.0,2.0,6.0,11.0,89.0,89.0,168.0,0.0,0.0,0.0,0.0,0.0,0.0,0.0,0.0,1.0,5.0,1.0,,,,Oklahoma,College Stats,JohnLa01,2013.0,35.095238095238095
1.0,5.0,DET,Ezekiel Ansah,DE,24.0,2020.0,0.0,1.0,5.0,39.0,37.0,93.0,0.0,0.0,0.0,0.0,0.0,0.0,0.0,0.0,0.0,0.0,0.0,174.0,,50.5,BYU,College Stats,AnsaEz00,2013.0,-16.476190476190474
1.0,6.0,CLE,Barkevious Mingo,LB,22.0,2020.0,0.0,0.0,2.0,24.0,10.0,126.0,0.0,0.0,0.0,0.0,0.0,1.0,11.0,0.0,0.0,0.0,0.0,179.0,1.0,12.5,LSU,College Stats,MingBa00,2013.0,-26.80952380952381
1.0,7.0,ARI,Jonathan Cooper,G,23.0,2018.0,0.0,0.0,2.0,16.0,7.0,46.0,0.0,0.0,0.0,0.0,0.0,0.0,0.0,0.0,0.0,0.0,0.0,,,,North Carolina,College Stats,CoopJo01,2013.0,-32.04761904761905
1.0,8.0,STL,Tavon Austin,WR,23.0,2021.0,0.0,0.0,4.0,26.0,22.0,113.0,0.0,1.0,0.0,0.0,0.0,199.0,1361.0,10.0,244.0,2239.0,16.0,3.0,,,West Virginia,College Stats,AustTa00,2013.0,-17.38095238095238
1.0,9.0,NYJ,Dee Milliner,DB,21.0,2015.0,0.0,0.0,1.0,6.0,6.0,21.0,0.0,0.0,0.0,0.0,0.0,0.0,0.0,0.0,0.0,0.0,0.0,50.0,3.0,,Alabama,College Stats,MillDe00,2013.0,-42.23809523809524
1.0,10.0,TEN,Chance Warmack,G,21.0,2018.0,0.0,0.0,3.0,22.0,20.0,68.0,0.0,0.0,0.0,0.0,0.0,0.0,0.0,0.0,0.0,0.0,0.0,,,,Alabama,College Stats,WarmCh00,2013.0,-17.38095238095238
1.0,11.0,SDG,D.J. Fluker,T,22.0,2020.0,0.0,0.0,7.0,43.0,29.0,108.0,0.0,0.0,0.0,0.0,0.0,0.0,0.0,0.0,0.0,0.0,0.0,,,,Alabama,College Stats,FlukDJ00,2013.0,-9.952380952380949
1.0,12.0,OAK,D.J. Hayden,DB,23.0,2021.0,0.0,0.0,2.0,16.0,8.0,92.0,0.0,0.0,0.0,0.0,0.0,0.0,0.0,0.0,0.0,0.0,0.0,282.0,4.0,4.5,Houston,College Stats,HaydDJ00,2013.0,-29.38095238095238
1.0,13.0,NYJ,Sheldon Richardson,DT,22.0,2021.0,0.0,1.0,8.0,61.0,32.0,138.0,0.0,0.0,0.0,0.0,0.0,4.0,4.0,2.0,0.0,0.0,0.0,297.0,1.0,33.5,Missouri,College Stats,RichSh00,2013.0,7.857142857142854
1.0,14.0,CAR,Star Lotulelei,DT,23.0,2021.0,0.0,0.0,7.0,48.0,28.0,119.0,0.0,0.0,0.0,0.0,0.0,0.0,0.0,0.0,0.0,0.0,0.0,116.0,1.0,16.5,Utah,College Stats,LotuSt00,2013.0,2.80952380952381
1.0,15.0,NOR,Kenny Vaccaro,DB,22.0,2020.0,0.0,0.0,7.0,34.0,20.0,110.0,0.0,0.0,0.0,0.0,0.0,0.0,0.0,0.0,0.0,0.0,0.0,437.0,10.0,11.5,Texas,College Stats,VaccKe00,2013.0,-3.761904761904759
1.0,16.0,BUF,EJ Manuel,QB,23.0,2017.0,0.0,0.0,1.0,10.0,10.0,30.0,343.0,590.0,3767.0,20.0,16.0,96.0,339.0,4.0,0.0,0.0,0.0,,,,Florida St.,College Stats,ManuEJ00,2013.0,-32.333333333333336
1.0,17.0,PIT,Jarvis Jones,LB,23.0,2016.0,0.0,0.0,1.0,17.0,17.0,50.0,0.0,0.0,0.0,0.0,0.0,0.0,0.0,0.0,0.0,0.0,0.0,84.0,2.0,6.0,Georgia,College Stats,JoneJa05,2013.0,-28.38095238095238
1.0,18.0,SFO,Eric Reid,DB,21.0,2019.0,0.0,1.0,7.0,33.0,26.0,99.0,0.0,0.0,0.0,0.0,0.0,0.0,0.0,0.0,0.0,0.0,0.0,404.0,11.0,6.0,LSU,College Stats,ReidEr00,2013.0,-10.523809523809526
1.0,19.0,NYG,Justin Pugh,T,23.0,2023.0,0.0,0.0,10.0,46.0,25.0,132.0,0.0,0.0,0.0,0.0,0.0,0.0,0.0,0.0,0.0,0.0,0.0,2.0,,,Syracuse,College Stats,PughJu00,2013.0,9.80952380952381
1.0,20.0,CHI,Kyle Long,G,24.0,2019.0,0.0,3.0,6.0,40.0,40.0,77.0,0.0,0.0,0.0,0.0,0.0,0.0,0.0,0.0,1.0,-1.0,0.0,,,,Oregon,,LongKy00,2013.0,2.3809523809523796
1.0,21.0,CIN,Tyler Eifert,TE,22.0,2020.0,0.0,1.0,2.0,19.0,17.0,74.0,0.0,0.0,0.0,0.0,0.0,0.0,0.0,0.0,221.0,2501.0,26.0,,,,Notre Dame,College Stats,EifeTy00,2013.0,-16.333333333333336
1.0,22.0,ATL,Desmond Trufant,DB,22.0,2021.0,0.0,1.0,8.0,37.0,35.0,113.0,0.0,0.0,0.0,0.0,0.0,0.0,0.0,0.0,0.0,0.0,0.0,302.0,14.0,6.0,Washington,College Stats,TrufDe00,2013.0,6.142857142857142
1.0,23.0,MIN,Sharrif Floyd,DT,21.0,2016.0,0.0,0.0,2.0,13.0,13.0,44.0,0.0,0.0,0.0,0.0,0.0,0.0,0.0,0.0,0.0,0.0,0.0,57.0,,9.5,Florida,College Stats,FloySh00,2013.0,-18.0
1.0,24.0,IND,Bjoern Werner,DE,23.0,2015.0,0.0,0.0,1.0,10.0,10.0,38.0,0.0,0.0,0.0,0.0,0.0,0.0,0.0,0.0,0.0,0.0,0.0,58.0,,6.5,Florida St.,College Stats,WernBj00,2013.0,-41.904761904761905
1.0,25.0,MIN,Xavier Rhodes,DB,23.0,2022.0,1.0,3.0,8.0,49.0,43.0,135.0,0.0,0.0,0.0,0.0,0.0,0.0,0.0,0.0,0.0,0.0,0.0,388.0,13.0,,Florida St.,College Stats,RhodXa00,2013.0,13.714285714285715
1.0,26.0,GNB,Datone Jones,DE,23.0,2020.0,0.0,0.0,0.0,10.0,9.0,68.0,0.0,0.0,0.0,0.0,0.0,0.0,0.0,0.0,0.0,0.0,0.0,64.0,1.0,10.0,UCLA,College Stats,JoneDa03,2013.0,-18.476190476190474
1.0,27.0,HOU,DeAndre Hopkins,WR,21.0,2025.0,3.0,5.0,10.0,84.0,54.0,195.0,1.0,4.0,6.0,1.0,1.0,6.0,21.0,0.0,1006.0,13295.0,85.0,2.0,,,Clemson,College Stats,HopkDe00,2013.0,41.714285714285715
1.0,28.0,DEN,Sylvester Williams,DT,24.0,2020.0,0.0,0.0,4.0,29.0,22.0,102.0,0.0,0.0,0.0,0.0,0.0,0.0,0.0,0.0,0.0,0.0,0.0,93.0,,5.5,North Carolina,College Stats,WillSy00,2013.0,-2.428571428571427
1.0,29.0,MIN,Cordarrelle Patterson,WR,22.0,2024.0,4.0,4.0,4.0,42.0,16.0,183.0,0.0,1.0,0.0,0.0,0.0,546.0,2646.0,22.0,310.0,2875.0,17.0,17.0,,,Tennessee,College Stats,PattCo00,2013.0,12.142857142857142
1.0,30.0,STL,Alec Ogletree,LB,21.0,2021.0,0.0,0.0,7.0,52.0,37.0,111.0,0.0,0.0,0.0,0.0,0.0,0.0,0.0,0.0,0.0,0.0,0.0,531.0,12.0,7.5,Georgia,College Stats,OgleAl00,2013.0,16.80952380952381
1.0,31.0,DAL,Travis Frederick,C,22.0,2019.0,1.0,5.0,6.0,60.0,60.0,96.0,0.0,0.0,0.0,0.0,0.0,0.0,0.0,0.0,0.0,0.0,0.0,,,,Wisconsin,College Stats,FredTr00,2013.0,25.476190476190474
1.0,32.0,BAL,Matt Elam,DB,22.0,2016.0,0.0,0.0,2.0,12.0,12.0,41.0,0.0,0.0,0.0,0.0,0.0,0.0,0.0,0.0,0.0,0.0,0.0,89.0,1.0,0.5,Florida,College Stats,ElamMa00,2013.0,-29.904761904761905
2.0,33.0,JAX,Johnathan Cyprien,DB,23.0,2020.0,0.0,0.0,5.0,25.0,21.0,79.0,0.0,0.0,0.0,0.0,0.0,0.0,0.0,0.0,0.0,0.0,0.0,381.0,2.0,3.0,Florida International,College Stats,CyprJo00,2013.0,-9.23809523809524
2.0,34.0,TEN,Justin Hunter,WR,22.0,2018.0,0.0,0.0,1.0,9.0,7.0,60.0,0.0,0.0,0.0,0.0,0.0,0.0,0.0,0.0,85.0,1349.0,13.0,,,,Tennessee,College Stats,HuntJu00,2013.0,-28.523809523809526
2.0,35.0,PHI,Zach Ertz,TE,22.0,2025.0,0.0,3.0,8.0,57.0,40.0,181.0,0.0,0.0,0.0,0.0,0.0,1.0,4.0,0.0,825.0,8592.0,57.0,,,,Stanford,College Stats,ErtzZa00,2013.0,17.95238095238095
2.0,36.0,DET,Darius Slay,DB,22.0,2025.0,1.0,6.0,11.0,66.0,39.0,187.0,0.0,0.0,0.0,0.0,0.0,0.0,0.0,0.0,0.0,0.0,0.0,544.0,28.0,1.0,Mississippi St.,College Stats,SlayDa00,2013.0,25.42857142857143
2.0,37.0,CIN,Giovani Bernard,RB,21.0,2022.0,0.0,0.0,2.0,42.0,41.0,135.0,0.0,0.0,0.0,0.0,0.0,937.0,3783.0,22.0,367.0,2989.0,14.0,3.0,,,North Carolina,College Stats,BernGi00,2013.0,6.571428571428569
2.0,38.0,SDG,Manti Te'o,LB,22.0,2020.0,0.0,0.0,4.0,20.0,14.0,62.0,0.0,0.0,0.0,0.0,0.0,0.0,0.0,0.0,0.0,0.0,0.0,212.0,2.0,1.5,Notre Dame,College Stats,TeoxMa00,2013.0,-4.857142857142858
2.0,39.0,NYJ,Geno Smith,QB,22.0,2025.0,0.0,2.0,5.0,57.0,12.0,109.0,2023.0,3103.0,22168.0,124.0,89.0,357.0,1603.0,12.0,2.0,11.0,0.0,1.0,,,West Virginia,College Stats,SmitGe00,2013.0,24.285714285714285
2.0,40.0,SFO,Tank Carradine,DE,23.0,2019.0,0.0,0.0,0.0,7.0,7.0,46.0,0.0,0.0,0.0,0.0,0.0,0.0,0.0,0.0,0.0,0.0,0.0,56.0,,5.5,Florida St.,College Stats,CarrCo00,2013.0,-16.428571428571427
2.0,41.0,BUF,Robert Woods,WR,21.0,2024.0,0.0,0.0,10.0,59.0,15.0,171.0,0.0,0.0,0.0,0.0,0.0,75.0,514.0,5.0,683.0,8233.0,38.0,7.0,,,USC,College Stats,WoodRo02,2013.0,30.285714285714285
2.0,42.0,OAK,Menelik Watson,T,24.0,2017.0,0.0,0.0,2.0,9.0,7.0,34.0,0.0,0.0,0.0,0.0,0.0,0.0,0.0,0.0,0.0,0.0,0.0,,,,Florida St.,,WatsMe00,2013.0,-19.61904761904762
2.0,43.0,TAM,Johnthan Banks,DB,23.0,2017.0,0.0,0.0,2.0,11.0,11.0,57.0,0.0,0.0,0.0,0.0,0.0,0.0,0.0,0.0,0.0,0.0,0.0,121.0,7.0,,Mississippi St.,College Stats,BankJo00,2013.0,-12.095238095238095
2.0,44.0,CAR,Kawann Short,DT,24.0,2020.0,0.0,2.0,5.0,41.0,41.0,99.0,0.0,0.0,0.0,0.0,0.0,0.0,0.0,0.0,0.0,0.0,0.0,167.0,,32.5,Purdue,College Stats,ShorKa00,2013.0,13.0
2.0,45.0,ARI,Kevin Minter,LB,22.0,2021.0,0.0,0.0,3.0,27.0,19.0,123.0,0.0,0.0,0.0,0.0,0.0,0.0,0.0,0.0,0.0,0.0,0.0,255.0,,7.0,LSU,College Stats,MintKe00,2013.0,0.1904761904761898
2.0,46.0,BUF,Kiko Alonso,LB,23.0,2019.0,0.0,0.0,4.0,33.0,10.0,86.0,0.0,0.0,0.0,0.0,0.0,0.0,0.0,0.0,0.0,0.0,0.0,369.0,10.0,3.0,Oregon,College Stats,AlonKi00,2013.0,4.38095238095238
2.0,47.0,DAL,Gavin Escobar,TE,22.0,2017.0,0.0,0.0,0.0,2.0,2.0,64.0,0.0,0.0,0.0,0.0,0.0,0.0,0.0,0.0,30.0,333.0,8.0,5.0,,,San Diego St.,College Stats,EscoGa00,2013.0,-31.04761904761905
2.0,48.0,PIT,Le'Veon Bell,RB,21.0,2021.0,2.0,3.0,5.0,61.0,55.0,96.0,0.0,1.0,0.0,0.0,0.0,1595.0,6554.0,42.0,399.0,3289.0,9.0,,,,Michigan St.,College Stats,BellLe00,2013.0,32.19047619047619
2.0,49.0,NYG,Johnathan Hankins,DT,21.0,2024.0,0.0,0.0,10.0,50.0,17.0,169.0,0.0,0.0,0.0,0.0,0.0,0.0,0.0,0.0,0.0,0.0,0.0,239.0,1.0,18.5,Ohio St.,College Stats,HankJo00,2013.0,26.4
2.0,50.0,CHI,Jonathan Bostic,LB,22.0,2022.0,0.0,0.0,5.0,36.0,5.0,121.0,0.0,0.0,0.0,0.0,0.0,0.0,0.0,0.0,0.0,0.0,0.0,348.0,3.0,9.5,Florida,College Stats,BostJo00,2013.0,7.285714285714285
2.0,51.0,WAS,David Amerson,DB,21.0,2018.0,0.0,0.0,4.0,20.0,7.0,74.0,0.0,0.0,0.0,0.0,0.0,0.0,0.0,0.0,0.0,0.0,0.0,234.0,9.0,,North Carolina St.,College Stats,AmerDa00,2013.0,-5.842105263157894
2.0,52.0,NWE,Jamie Collins,LB,23.0,2022.0,0.0,1.0,7.0,58.0,42.0,125.0,0.0,0.0,0.0,0.0,0.0,0.0,0.0,0.0,0.0,0.0,0.0,455.0,12.0,26.5,Southern Miss,College Stats,CollJa00,2013.0,34.33333333333333
2.0,53.0,CIN,Margus Hunt,DE,26.0,2021.0,0.0,0.0,1.0,18.0,4.0,114.0,0.0,0.0,0.0,0.0,0.0,0.0,0.0,0.0,0.0,0.0,0.0,84.0,,8.5,SMU,College Stats,HuntMa00,2013.0,-8.142857142857142
2.0,54.0,MIA,Jamar Taylor,DB,22.0,2020.0,0.0,0.0,2.0,18.0,4.0,98.0,0.0,0.0,0.0,0.0,0.0,0.0,0.0,0.0,0.0,0.0,0.0,216.0,5.0,1.5,Boise St.,College Stats,TaylJa01,2013.0,-4.904761904761905
2.0,55.0,SFO,Vance McDonald,TE,23.0,2020.0,0.0,0.0,6.0,14.0,5.0,101.0,0.0,0.0,0.0,0.0,0.0,1.0,2.0,0.0,181.0,2036.0,15.0,6.0,,,Rice,College Stats,McDoVa00,2013.0,-19.04761904761905
2.0,56.0,BAL,Arthur Brown,LB,20.0,2016.0,0.0,0.0,0.0,3.0,2.0,48.0,0.0,0.0,0.0,0.0,0.0,0.0,0.0,0.0,0.0,0.0,0.0,16.0,,0.5,Kansas St.,College Stats,BrowAr00,2013.0,-17.57894736842105
2.0,57.0,HOU,D.J. Swearinger,DB,22.0,2020.0,0.0,0.0,5.0,28.0,8.0,110.0,0.0,0.0,0.0,0.0,0.0,0.0,0.0,0.0,0.0,0.0,0.0,327.0,14.0,4.5,South Carolina,College Stats,SweaDJ00,2013.0,5.19047619047619
2.0,58.0,DEN,Montee Ball,RB,22.0,2014.0,0.0,0.0,0.0,7.0,7.0,21.0,0.0,0.0,0.0,0.0,0.0,175.0,731.0,5.0,29.0,207.0,0.0,6.0,,,Wisconsin,College Stats,BallMo00,2013.0,-17.523809523809526
2.0,59.0,NWE,Aaron Dobson,WR,22.0,2015.0,0.0,0.0,1.0,6.0,6.0,24.0,0.0,0.0,0.0,0.0,0.0,0.0,0.0,0.0,53.0,698.0,4.0,,,,Marshall,College Stats,DobsAa00,2013.0,-15.904761904761905
2.0,60.0,ATL,Robert Alford,DB,24.0,2021.0,0.0,0.0,5.0,26.0,24.0,101.0,0.0,0.0,0.0,0.0,0.0,0.0,0.0,0.0,0.0,0.0,0.0,280.0,11.0,,Southeastern Louisiana,,AlfoRo00,2013.0,0.9047619047619051
2.0,61.0,GNB,Eddie Lacy,RB,23.0,2017.0,0.0,1.0,3.0,36.0,34.0,60.0,0.0,0.0,0.0,0.0,0.0,857.0,3614.0,23.0,107.0,947.0,6.0,,,,Alabama,College Stats,LacyEd00,2013.0,7.142857142857142
2.0,62.0,SEA,Christine Michael,RB,22.0,2018.0,0.0,0.0,1.0,9.0,8.0,38.0,0.0,0.0,0.0,0.0,0.0,256.0,1089.0,7.0,26.0,135.0,1.0,,,,Texas A&M,College Stats,MichCh00,2013.0,-16.75
3.0,63.0,KAN,Travis Kelce,TE,23.0,2025.0,4.0,11.0,11.0,94.0,94.0,192.0,1.0,3.0,4.0,0.0,1.0,10.0,16.0,2.0,1080.0,13002.0,82.0,2.0,,,Cincinnati,College Stats,KelcTr00,2013.0,63.1
3.0,64.0,JAX,Dwayne Gratz,DB,23.0,2016.0,0.0,0.0,1.0,10.0,10.0,43.0,0.0,0.0,0.0,0.0,0.0,0.0,0.0,0.0,0.0,0.0,0.0,91.0,3.0,,Connecticut,College Stats,GratDw00,2013.0,-19.904761904761905
3.0,65.0,DET,Larry Warford,G,22.0,2019.0,0.0,3.0,7.0,52.0,22.0,101.0,0.0,0.0,0.0,0.0,0.0,0.0,0.0,0.0,0.0,0.0,0.0,,,,Kentucky,College Stats,WarfLa00,2013.0,26.1
3.0,66.0,OAK,Sio Moore,LB,23.0,2016.0,0.0,0.0,2.0,14.0,9.0,46.0,0.0,0.0,0.0,0.0,0.0,0.0,0.0,0.0,0.0,0.0,0.0,164.0,,7.5,Connecticut,College Stats,MoorSi00,2013.0,-11.476190476190474
3.0,67.0,PHI,Bennie Logan,DT,23.0,2018.0,0.0,0.0,5.0,28.0,22.0,89.0,0.0,0.0,0.0,0.0,0.0,0.0,0.0,0.0,0.0,0.0,0.0,161.0,,7.0,LSU,College Stats,LogaBe00,2013.0,9.05
3.0,68.0,CLE,Leon McFadden,DB,22.0,2016.0,0.0,0.0,0.0,2.0,1.0,34.0,0.0,0.0,0.0,0.0,0.0,0.0,0.0,0.0,0.0,0.0,0.0,25.0,,,San Diego St.,College Stats,McFaLe00,2013.0,-14.476190476190474
3.0,69.0,ARI,Tyrann Mathieu,DB,21.0,2024.0,3.0,3.0,11.0,67.0,21.0,180.0,0.0,0.0,0.0,0.0,0.0,0.0,0.0,0.0,0.0,0.0,0.0,685.0,36.0,11.0,LSU,College Stats,MathTy00,2013.0,40.42857142857143
3.0,70.0,TEN,Blidi Wreh-Wilson,DB,23.0,2021.0,0.0,0.0,1.0,9.0,6.0,76.0,0.0,0.0,0.0,0.0,0.0,0.0,0.0,0.0,0.0,0.0,0.0,109.0,4.0,,Connecticut,College Stats,WrehBl00,2013.0,-13.904761904761905
3.0,71.0,STL,T.J. McDonald,DB,22.0,2018.0,0.0,0.0,6.0,24.0,17.0,75.0,0.0,0.0,0.0,0.0,0.0,0.0,0.0,0.0,0.0,0.0,0.0,312.0,8.0,5.0,USC,College Stats,McDoTJ00,2013.0,-3.8571428571428577
3.0,72.0,NYJ,Brian Winters,G,22.0,2021.0,0.0,0.0,7.0,31.0,27.0,107.0,0.0,0.0,0.0,0.0,0.0,0.0,0.0,0.0,0.0,0.0,0.0,,,,Kent St.,,WintBr00,2013.0,12.399999999999999
3.0,73.0,TAM,Mike Glennon,QB,23.0,2021.0,0.0,0.0,1.0,9.0,11.0,40.0,689.0,1147.0,7025.0,47.0,35.0,56.0,140.0,1.0,0.0,0.0,0.0,1.0,,,North Carolina St.,College Stats,GlenMi00,2013.0,-15.523809523809526
3.0,74.0,DAL,Terrance Williams,WR,23.0,2018.0,0.0,0.0,4.0,27.0,27.0,83.0,0.0,0.0,0.0,0.0,0.0,5.0,19.0,0.0,232.0,3377.0,20.0,,,,Baylor,College Stats,WillTe01,2013.0,8.571428571428573
3.0,75.0,NOR,Terron Armstead,T,22.0,2024.0,0.0,5.0,10.0,67.0,49.0,135.0,0.0,0.0,0.0,0.0,0.0,0.0,0.0,0.0,0.0,0.0,0.0,,,,Ark-Pine Bluff,,ArmsTe00,2013.0,43.55
3.0,76.0,SDG,Keenan Allen,WR,21.0,2025.0,0.0,6.0,11.0,80.0,77.0,171.0,1.0,5.0,49.0,1.0,1.0,18.0,113.0,0.0,1055.0,12051.0,70.0,4.0,1.0,,California,College Stats,AlleKe00,2013.0,58.65
3.0,77.0,MIA,Dallas Thomas,T,23.0,2016.0,0.0,0.0,1.0,13.0,13.0,37.0,0.0,0.0,0.0,0.0,0.0,0.0,0.0,0.0,0.0,0.0,0.0,,,,Tennessee,,ThomDa04,2013.0,-5.9523809523809526
3.0,78.0,BUF,Marquise Goodwin,WR,22.0,2023.0,0.0,0.0,3.0,24.0,5.0,114.0,0.0,0.0,0.0,0.0,0.0,23.0,126.0,0.0,191.0,3090.0,18.0,,,,Texas,College Stats,GoodMa00,2013.0,-1.8571428571428577
3.0,79.0,PIT,Markus Wheaton,WR,22.0,2018.0,0.0,0.0,2.0,13.0,13.0,59.0,0.0,0.0,0.0,0.0,0.0,4.0,19.0,0.0,110.0,1559.0,8.0,6.0,,,Oregon St.,College Stats,WheaMa00,2013.0,-3.6999999999999993
3.0,80.0,DAL,J.J. Wilcox,DB,22.0,2018.0,0.0,0.0,2.0,16.0,15.0,77.0,0.0,0.0,0.0,0.0,0.0,0.0,0.0,0.0,0.0,0.0,0.0,173.0,6.0,,Georgia Southern,,WilcJ.00,2013.0,4.761904761904763
3.0,81.0,NYG,Damontre Moore,DE,20.0,2020.0,0.0,0.0,0.0,5.0,4.0,66.0,0.0,0.0,0.0,0.0,0.0,0.0,0.0,0.0,0.0,0.0,0.0,69.0,,11.0,Texas A&M,College Stats,MoorDa01,2013.0,-20.0
3.0,82.0,NOR,John Jenkins,DT,24.0,2025.0,0.0,0.0,3.0,32.0,9.0,167.0,0.0,0.0,0.0,0.0,0.0,0.0,0.0,0.0,0.0,0.0,0.0,165.0,,5.5,Georgia,College Stats,JenkJo00,2013.0,18.55
3.0,83.0,NWE,Logan Ryan,DB,22.0,2023.0,0.0,0.0,7.0,41.0,14.0,154.0,0.0,0.0,0.0,0.0,0.0,0.0,0.0,0.0,0.0,0.0,0.0,545.0,19.0,13.0,Rutgers,College Stats,RyanLo00,2013.0,17.238095238095237
3.0,84.0,CIN,Shawn Williams,DB,22.0,2021.0,0.0,0.0,4.0,25.0,24.0,125.0,0.0,0.0,0.0,0.0,0.0,2.0,46.0,0.0,0.0,0.0,0.0,318.0,12.0,3.0,Georgia,College Stats,WillSh02,2013.0,-0.42857142857142705
3.0,85.0,WAS,Jordan Reed,TE,23.0,2020.0,0.0,1.0,3.0,25.0,24.0,75.0,0.0,0.0,0.0,0.0,0.0,1.0,18.0,0.0,355.0,3602.0,28.0,,,,Florida,College Stats,ReedJo02,2013.0,13.0
3.0,86.0,IND,Hugh Thornton,G,22.0,2015.0,0.0,0.0,3.0,16.0,16.0,37.0,0.0,0.0,0.0,0.0,0.0,0.0,0.0,0.0,0.0,0.0,0.0,,,,Illinois,College Stats,ThorHu00,2013.0,-4.0
3.0,87.0,SEA,Jordan Hill,DT,22.0,2016.0,0.0,0.0,0.0,6.0,6.0,31.0,0.0,0.0,0.0,0.0,0.0,0.0,0.0,0.0,0.0,0.0,0.0,31.0,1.0,7.0,Penn St.,College Stats,HillJo01,2013.0,-5.476190476190476
3.0,88.0,SFO,Corey Lemonier,DE,21.0,2016.0,0.0,0.0,0.0,4.0,3.0,51.0,0.0,0.0,0.0,0.0,0.0,0.0,0.0,0.0,0.0,0.0,0.0,35.0,,3.0,Auburn,College Stats,LemoCo00,2013.0,-16.19047619047619
3.0,89.0,HOU,Brennan Williams,OL,22.0,,0.0,0.0,0.0,,,,,,,,,,,,,,,,,,North Carolina,College Stats,WillBr03,2013.0,
3.0,90.0,DEN,Kayvon Webster,DB,22.0,2019.0,0.0,0.0,1.0,9.0,4.0,69.0,0.0,0.0,0.0,0.0,0.0,0.0,0.0,0.0,0.0,0.0,0.0,118.0,2.0,,South Florida,College Stats,WebsKa00,2013.0,-5.142857142857142
3.0,91.0,NWE,Duron Harmon,DB,22.0,2023.0,0.0,0.0,3.0,30.0,16.0,168.0,0.0,0.0,0.0,0.0,0.0,0.0,0.0,0.0,0.0,0.0,0.0,316.0,24.0,1.0,Rutgers,College Stats,HarmDu00,2013.0,4.300000000000001
3.0,92.0,STL,Stedman Bailey,WR,22.0,2015.0,0.0,0.0,0.0,7.0,7.0,38.0,0.0,0.0,0.0,0.0,0.0,3.0,46.0,1.0,59.0,843.0,2.0,9.0,,,West Virginia,College Stats,BailSt01,2013.0,-17.8
3.0,93.0,MIA,Will Davis,DB,23.0,2016.0,0.0,0.0,0.0,0.0,0.0,20.0,0.0,0.0,0.0,0.0,0.0,0.0,0.0,0.0,0.0,0.0,0.0,26.0,1.0,,Utah St.,College Stats,DaviWi02,2013.0,-12.19047619047619
3.0,94.0,BAL,Brandon Williams,DT,24.0,2022.0,0.0,1.0,8.0,52.0,52.0,128.0,0.0,0.0,0.0,0.0,0.0,0.0,0.0,0.0,0.0,0.0,0.0,184.0,,7.0,Missouri Southern,,WillBr02,2013.0,32.15
3.0,95.0,HOU,Sam Montgomery,DE,23.0,,0.0,0.0,0.0,,,,,,,,,,,,,,,,,,LSU,College Stats,MontSa00,2013.0,
3.0,96.0,KAN,Knile Davis,RB,21.0,2016.0,0.0,0.0,0.0,10.0,10.0,57.0,0.0,0.0,0.0,0.0,0.0,250.0,805.0,11.0,34.0,271.0,1.0,1.0,,,Arkansas,College Stats,DaviKn00,2013.0,-3.6190476190476186
3.0,97.0,TEN,Zaviar Gooden,LB,23.0,2016.0,0.0,0.0,0.0,4.0,3.0,32.0,0.0,0.0,0.0,0.0,0.0,0.0,0.0,0.0,0.0,0.0,0.0,30.0,,,Missouri,College Stats,GoodZa00,2013.0,-8.857142857142858
4.0,98.0,PHI,Matt Barkley,QB,22.0,2023.0,0.0,0.0,1.0,5.0,1.0,20.0,212.0,363.0,2699.0,11.0,22.0,26.0,-15.0,0.0,1.0,2.0,1.0,,,,USC,College Stats,BarkMa00,2013.0,-16.047619047619047
4.0,99.0,KAN,Nico Johnson,LB,23.0,2015.0,0.0,0.0,0.0,3.0,1.0,18.0,0.0,0.0,0.0,0.0,0.0,0.0,0.0,0.0,0.0,0.0,0.0,13.0,,,Alabama,College Stats,JohnNi00,2013.0,-14.857142857142858
4.0,100.0,TAM,Akeem Spence,DT,21.0,2022.0,0.0,0.0,4.0,27.0,14.0,117.0,0.0,0.0,0.0,0.0,0.0,0.0,0.0,0.0,0.0,0.0,0.0,127.0,,10.5,Illinois,College Stats,SpenAk00,2013.0,7.600000000000001
4.0,101.0,JAX,Ace Sanders,WR,21.0,2014.0,0.0,0.0,0.0,3.0,3.0,27.0,1.0,1.0,21.0,1.0,0.0,2.0,4.0,0.0,57.0,539.0,1.0,1.0,,,South Carolina,College Stats,SandAc00,2013.0,-9.2
4.0,102.0,NWE,Josh Boyce,WR,22.0,2014.0,0.0,0.0,0.0,1.0,1.0,10.0,0.0,0.0,0.0,0.0,0.0,0.0,0.0,0.0,9.0,121.0,0.0,,,,TCU,College Stats,BoycJo00,2013.0,-19.428571428571427
4.0,103.0,ARI,Alex Okafor,DE,22.0,2021.0,0.0,0.0,5.0,29.0,14.0,106.0,0.0,0.0,0.0,0.0,0.0,0.0,0.0,0.0,0.0,0.0,0.0,147.0,1.0,31.5,Texas,College Stats,OkafAl00,2013.0,12.38095238095238
4.0,104.0,MIA,Jelani Jenkins,LB,21.0,2017.0,0.0,0.0,3.0,15.0,14.0,60.0,0.0,0.0,0.0,0.0,0.0,0.0,0.0,0.0,0.0,0.0,0.0,172.0,,3.5,Florida,College Stats,JenkJe00,2013.0,0.5
4.0,105.0,BUF,Duke Williams,DB,22.0,2016.0,0.0,0.0,0.0,8.0,8.0,58.0,0.0,0.0,0.0,0.0,0.0,0.0,0.0,0.0,0.0,0.0,0.0,73.0,1.0,1.0,Nevada,College Stats,WillDu00,2013.0,-9.399999999999999
4.0,106.0,MIA,Dion Sims,TE,22.0,2018.0,0.0,0.0,2.0,8.0,6.0,78.0,0.0,0.0,0.0,0.0,0.0,0.0,0.0,0.0,91.0,888.0,9.0,,,,Michigan St.,College Stats,SimsDi00,2013.0,-7.142857142857142
4.0,107.0,TEN,Brian Schwenke,C,22.0,2018.0,0.0,0.0,2.0,14.0,14.0,60.0,0.0,0.0,0.0,0.0,0.0,0.0,0.0,0.0,1.0,6.0,0.0,,,,California,College Stats,SchwBr00,2013.0,4.761904761904763
4.0,108.0,CAR,Edmund Kugbila,OL,22.0,,0.0,0.0,0.0,,,,,,,,,,,,,,,,,,Valdosta St.,,KugbEd00,2013.0,
4.0,109.0,GNB,David Bakhtiari,T,21.0,2023.0,2.0,3.0,9.0,84.0,84.0,131.0,0.0,0.0,0.0,0.0,0.0,0.0,0.0,0.0,0.0,0.0,0.0,1.0,,,Colorado,College Stats,BakhDa00,2013.0,60.95238095238095
4.0,110.0,NYG,Ryan Nassib,QB,23.0,2015.0,0.0,0.0,0.0,0.0,0.0,5.0,9.0,10.0,128.0,1.0,0.0,2.0,-3.0,0.0,0.0,0.0,0.0,,,,Syracuse,College Stats,NassRy00,2013.0,-10.238095238095237
4.0,111.0,PIT,Shamarko Thomas,DB,22.0,2018.0,0.0,0.0,0.0,5.0,4.0,66.0,0.0,0.0,0.0,0.0,0.0,0.0,0.0,0.0,0.0,0.0,0.0,57.0,,,Syracuse,College Stats,ThomSh00,2013.0,-5.9523809523809526
4.0,112.0,OAK,Tyler Wilson,QB,24.0,,0.0,0.0,0.0,,,,,,,,,,,,,,,,,,Arkansas,College Stats,WilsTy00,2013.0,
4.0,113.0,STL,Barrett Jones,G,23.0,2014.0,0.0,0.0,0.0,0.0,0.0,10.0,0.0,0.0,0.0,0.0,0.0,0.0,0.0,0.0,0.0,0.0,0.0,,,,Alabama,College Stats,JoneBa00,2013.0,-16.0
4.0,114.0,DAL,B.W. Webb,DB,23.0,2019.0,0.0,0.0,2.0,14.0,1.0,80.0,0.0,0.0,0.0,0.0,0.0,0.0,0.0,0.0,0.0,0.0,0.0,142.0,4.0,1.0,William & Mary,,WebbBW00,2013.0,2.052631578947368
4.0,115.0,PIT,Landry Jones,QB,24.0,2017.0,0.0,0.0,0.0,4.0,4.0,18.0,108.0,169.0,1310.0,8.0,7.0,19.0,-19.0,0.0,0.0,0.0,0.0,,,,Oklahoma,College Stats,JoneLa02,2013.0,-5.7368421052631575
4.0,116.0,ARI,Earl Watford,G,23.0,2019.0,0.0,0.0,1.0,15.0,11.0,71.0,0.0,0.0,0.0,0.0,0.0,0.0,0.0,0.0,0.0,0.0,0.0,1.0,,,James Madison,,WatfEa00,2013.0,3.0476190476190474
4.0,117.0,CHI,Khaseem Greene,LB,24.0,2014.0,0.0,0.0,0.0,3.0,3.0,25.0,0.0,0.0,0.0,0.0,0.0,0.0,0.0,0.0,0.0,0.0,0.0,33.0,1.0,,Rutgers,College Stats,GreeKh00,2013.0,-12.0
4.0,118.0,CIN,Sean Porter,LB,22.0,2016.0,0.0,0.0,0.0,0.0,0.0,3.0,0.0,0.0,0.0,0.0,0.0,0.0,0.0,0.0,0.0,0.0,0.0,,,,Texas A&M,College Stats,PortSe00,2013.0,-14.75
4.0,119.0,WAS,Phillip Thomas,DB,24.0,2014.0,0.0,0.0,0.0,2.0,2.0,8.0,0.0,0.0,0.0,0.0,0.0,0.0,0.0,0.0,0.0,0.0,0.0,19.0,,,Fresno St.,College Stats,ThomPh00,2013.0,-13.666666666666666
4.0,120.0,MIN,Gerald Hodges,LB,22.0,2018.0,0.0,0.0,1.0,18.0,8.0,81.0,0.0,0.0,0.0,0.0,0.0,0.0,0.0,0.0,0.0,0.0,0.0,210.0,3.0,3.5,Penn St.,College Stats,HodgGe00,2013.0,-1.25
4.0,121.0,IND,Khaled Holmes,C,23.0,2015.0,0.0,0.0,0.0,4.0,4.0,17.0,0.0,0.0,0.0,0.0,0.0,0.0,0.0,0.0,0.0,0.0,0.0,,,,USC,,HolmKh00,2013.0,-4.157894736842104
4.0,122.0,GNB,J.C. Tretter,T,22.0,2021.0,0.0,0.0,5.0,37.0,5.0,111.0,0.0,0.0,0.0,0.0,0.0,0.0,0.0,0.0,0.0,0.0,0.0,,,,Cornell,,TretJC00,2013.0,21.157894736842103
4.0,123.0,SEA,Chris Harper,WR,23.0,2013.0,0.0,0.0,0.0,0.0,,4.0,0.0,0.0,0.0,0.0,0.0,0.0,0.0,0.0,0.0,0.0,0.0,1.0,,,Kansas St.,College Stats,HarpCh00,2013.0,-13.7
4.0,124.0,HOU,Trevardo Williams,DE,22.0,2014.0,0.0,0.0,0.0,0.0,,3.0,0.0,0.0,0.0,0.0,0.0,0.0,0.0,0.0,0.0,0.0,0.0,5.0,,1.0,Connecticut,College Stats,WillTr02,2013.0,-13.428571428571429
4.0,125.0,GNB,Johnathan Franklin,RB,23.0,2013.0,0.0,0.0,0.0,1.0,1.0,11.0,0.0,0.0,0.0,0.0,0.0,19.0,107.0,1.0,4.0,30.0,0.0,3.0,,,UCLA,College Stats,FranJo01,2013.0,-13.578947368421053
4.0,126.0,TAM,William Gholston,DE,22.0,2024.0,0.0,0.0,7.0,39.0,39.0,186.0,0.0,0.0,0.0,0.0,0.0,0.0,0.0,0.0,0.0,0.0,0.0,265.0,1.0,20.5,Michigan St.,College Stats,GholWi00,2013.0,14.649999999999999
4.0,127.0,ATL,Malliciah Goodman,DE,23.0,2016.0,0.0,0.0,1.0,5.0,5.0,37.0,0.0,0.0,0.0,0.0,0.0,0.0,0.0,0.0,0.0,0.0,0.0,12.0,,,Clemson,College Stats,GoodMa01,2013.0,-3.8499999999999996
4.0,128.0,SFO,Quinton Patton,WR,23.0,2016.0,0.0,0.0,1.0,6.0,6.0,40.0,0.0,0.0,0.0,0.0,0.0,3.0,51.0,0.0,73.0,880.0,1.0,2.0,,,Louisiana Tech,College Stats,PattQu00,2013.0,-12.600000000000001
4.0,129.0,BAL,John Simon,DE,22.0,2021.0,0.0,0.0,4.0,34.0,1.0,100.0,0.0,0.0,0.0,0.0,0.0,0.0,0.0,0.0,0.0,0.0,0.0,184.0,2.0,21.0,Ohio St.,College Stats,SimoJo01,2013.0,24.15
4.0,130.0,BAL,Kyle Juszczyk,RB,22.0,2025.0,2.0,10.0,11.0,21.0,5.0,206.0,0.0,0.0,0.0,0.0,0.0,69.0,234.0,6.0,305.0,2877.0,20.0,14.0,,,Harvard,,JuszKy00,2013.0,4.277777777777779
4.0,131.0,SFO,Marcus Lattimore,RB,21.0,,0.0,0.0,0.0,,,,,,,,,,,,,,,,,,South Carolina,College Stats,LattMa00,2013.0,
4.0,132.0,DET,Devin Taylor,DE,23.0,2017.0,0.0,0.0,1.0,12.0,12.0,63.0,0.0,0.0,0.0,0.0,0.0,0.0,0.0,0.0,0.0,0.0,0.0,69.0,,15.0,South Carolina,College Stats,TaylDe00,2013.0,1.2941176470588243
4.0,133.0,ATL,Levine Toilolo,TE,22.0,2020.0,0.0,0.0,5.0,8.0,6.0,124.0,0.0,0.0,0.0,0.0,0.0,0.0,0.0,0.0,102.0,1042.0,8.0,10.0,,,Stanford,College Stats,ToilLe00,2013.0,-2.8571428571428577
5.0,134.0,KAN,Sanders Commings,DB,23.0,2013.0,0.0,0.0,0.0,0.0,0.0,2.0,0.0,0.0,0.0,0.0,0.0,0.0,0.0,0.0,0.0,0.0,0.0,1.0,,,Georgia,College Stats,CommSa00,2013.0,-15.411764705882353
5.0,135.0,JAX,Denard Robinson,WR,22.0,2016.0,0.0,0.0,1.0,8.0,8.0,55.0,0.0,2.0,0.0,0.0,0.0,263.0,1058.0,5.0,47.0,310.0,0.0,8.0,,,Michigan,College Stats,RobiDe00,2013.0,-16.444444444444443
5.0,136.0,PHI,Earl Wolff,DB,23.0,2014.0,0.0,0.0,0.0,4.0,4.0,18.0,0.0,0.0,0.0,0.0,0.0,0.0,0.0,0.0,0.0,0.0,0.0,43.0,1.0,,North Carolina St.,College Stats,WolfEa00,2013.0,-4.800000000000001
5.0,137.0,SEA,Jesse Williams,DT,22.0,,0.0,0.0,0.0,,,,,,,,,,,,,,,,,,Alabama,College Stats,WillJe02,2013.0,
5.0,138.0,SEA,Tharold Simon,DB,22.0,2016.0,0.0,0.0,0.0,4.0,3.0,20.0,0.0,0.0,0.0,0.0,0.0,0.0,0.0,0.0,0.0,0.0,0.0,15.0,1.0,,LSU,College Stats,SimoTh00,2013.0,-9.421052631578947
5.0,139.0,IND,Montori Hughes,DT,23.0,2016.0,0.0,0.0,0.0,2.0,2.0,25.0,0.0,0.0,0.0,0.0,0.0,0.0,0.0,0.0,0.0,0.0,0.0,15.0,,,UT Martin,,HughMo00,2013.0,-5.857142857142857
5.0,140.0,ARI,Stepfan Taylor,RB,22.0,2016.0,0.0,0.0,0.0,3.0,3.0,61.0,0.0,0.0,0.0,0.0,0.0,120.0,393.0,1.0,20.0,154.0,3.0,12.0,,,Stanford,College Stats,TaylSt00,2013.0,-8.476190476190476
5.0,141.0,NYJ,Oday Aboushi,T,22.0,2022.0,0.0,0.0,3.0,21.0,5.0,85.0,0.0,0.0,0.0,0.0,0.0,0.0,0.0,0.0,0.0,0.0,0.0,,,,Virginia,College Stats,AbouOd00,2013.0,12.333333333333334
5.0,142.0,TEN,Lavar Edwards,DE,23.0,2017.0,0.0,0.0,0.0,1.0,1.0,25.0,0.0,0.0,0.0,0.0,0.0,0.0,0.0,0.0,0.0,0.0,0.0,14.0,,2.0,LSU,College Stats,EdwaLa00,2013.0,-14.68421052631579
5.0,143.0,BUF,Jonathan Meeks,DB,23.0,2016.0,0.0,0.0,0.0,2.0,2.0,38.0,0.0,0.0,0.0,0.0,0.0,0.0,0.0,0.0,0.0,0.0,0.0,22.0,,,Clemson,College Stats,MeekJo01,2013.0,-14.315789473684209
5.0,144.0,NOR,Kenny Stills,WR,21.0,2021.0,0.0,0.0,5.0,35.0,14.0,130.0,1.0,1.0,3.0,1.0,0.0,5.0,9.0,0.0,316.0,4911.0,38.0,,,,Oklahoma,College Stats,StilKe00,2013.0,23.95
5.0,145.0,SDG,Steve Williams,DB,22.0,2016.0,0.0,0.0,0.0,4.0,4.0,32.0,0.0,0.0,0.0,0.0,0.0,0.0,0.0,0.0,0.0,0.0,0.0,45.0,2.0,1.0,California,College Stats,WillSt02,2013.0,-6.5
5.0,146.0,DEN,Quanterus Smith,DE,23.0,2014.0,0.0,0.0,0.0,1.0,1.0,15.0,0.0,0.0,0.0,0.0,0.0,0.0,0.0,0.0,0.0,0.0,0.0,7.0,,,Western Kentucky,College Stats,SmitQu00,2013.0,-24.45
5.0,147.0,TAM,Steven Means,DE,22.0,2022.0,0.0,0.0,2.0,14.0,1.0,65.0,0.0,0.0,0.0,0.0,0.0,0.0,0.0,0.0,0.0,0.0,0.0,61.0,,6.0,Buffalo,College Stats,MeanSt00,2013.0,3.625
5.0,148.0,CAR,A.J. Klein,LB,22.0,2023.0,0.0,0.0,5.0,37.0,9.0,146.0,0.0,0.0,0.0,0.0,0.0,0.0,0.0,0.0,0.0,0.0,0.0,318.0,4.0,15.5,Iowa St.,College Stats,KleiAJ00,2013.0,29.57894736842105
5.0,149.0,STL,Brandon McGee,DB,22.0,2015.0,0.0,0.0,0.0,1.0,1.0,18.0,0.0,0.0,0.0,0.0,0.0,0.0,0.0,0.0,0.0,0.0,0.0,14.0,,,Miami (FL),College Stats,McGeBr00,2013.0,-14.1
5.0,150.0,PIT,Terry Hawthorne,DB,23.0,,0.0,0.0,0.0,,,,,,,,,,,,,,,,,,Illinois,College Stats,HawtTe00,2013.0,
5.0,151.0,DAL,Joseph Randle,RB,21.0,2015.0,0.0,0.0,0.0,7.0,7.0,35.0,0.0,0.0,0.0,0.0,0.0,181.0,822.0,9.0,22.0,170.0,0.0,9.0,,,Oklahoma St.,College Stats,RandJo01,2013.0,-6.055555555555555
5.0,152.0,NYG,Cooper Taylor,DB,23.0,2015.0,0.0,0.0,0.0,1.0,1.0,16.0,0.0,0.0,0.0,0.0,0.0,0.0,0.0,0.0,0.0,0.0,0.0,9.0,,,Richmond,,TaylCo01,2013.0,-8.125
5.0,153.0,ATL,Stansly Maponga,DE,22.0,2015.0,0.0,0.0,0.0,2.0,2.0,26.0,0.0,0.0,0.0,0.0,0.0,0.0,0.0,0.0,0.0,0.0,0.0,4.0,,1.0,TCU,College Stats,MapoSt00,2013.0,-11.38888888888889
5.0,154.0,WAS,Chris Thompson,RB,22.0,2020.0,0.0,0.0,0.0,20.0,19.0,74.0,0.0,0.0,0.0,0.0,0.0,257.0,1214.0,5.0,232.0,1918.0,11.0,,,,Florida St.,College Stats,ThomCh03,2013.0,1.7368421052631575
5.0,155.0,MIN,Jeff Locke,P,23.0,2017.0,0.0,0.0,0.0,6.0,6.0,69.0,0.0,0.0,0.0,0.0,0.0,1.0,-6.0,0.0,0.0,0.0,0.0,2.0,,,UCLA,College Stats,LockJe00,2013.0,-3.117647058823529
5.0,156.0,CIN,Tanner Hawkinson,T,23.0,2014.0,0.0,0.0,0.0,0.0,0.0,4.0,0.0,0.0,0.0,0.0,0.0,0.0,0.0,0.0,0.0,0.0,0.0,,,,Kansas,,HawkTa00,2013.0,-9.11111111111111
5.0,157.0,SFO,Quinton Dial,DE,23.0,2017.0,0.0,0.0,2.0,15.0,13.0,59.0,0.0,0.0,0.0,0.0,0.0,0.0,0.0,0.0,0.0,0.0,0.0,90.0,,4.5,Alabama,College Stats,DialQu00,2013.0,4.75
5.0,158.0,SEA,Luke Willson,TE,23.0,2020.0,0.0,0.0,2.0,12.0,11.0,102.0,0.0,0.0,0.0,0.0,0.0,0.0,0.0,0.0,111.0,1307.0,11.0,6.0,,,Rice,College Stats,WillLu00,2013.0,5.5
5.0,159.0,GNB,Micah Hyde,DB,22.0,2023.0,0.0,1.0,8.0,55.0,13.0,158.0,0.0,0.0,0.0,0.0,0.0,0.0,0.0,0.0,0.0,0.0,0.0,482.0,24.0,5.0,Iowa,College Stats,HydeMi00,2013.0,42.0
5.0,160.0,STL,Zac Stacy,RB,22.0,2015.0,0.0,0.0,1.0,11.0,10.0,35.0,0.0,0.0,0.0,0.0,0.0,357.0,1355.0,9.0,53.0,358.0,1.0,2.0,,,Vanderbilt,College Stats,StacZa00,2013.0,0.27777777777777857
5.0,161.0,DEN,Tavarres King,WR,23.0,2017.0,0.0,0.0,0.0,2.0,,17.0,0.0,0.0,0.0,0.0,0.0,2.0,3.0,0.0,22.0,303.0,3.0,,,,Georgia,College Stats,KingTa00,2013.0,-10.166666666666666
5.0,162.0,WAS,Brandon Jenkins,DE,23.0,2013.0,0.0,0.0,0.0,0.0,0.0,5.0,0.0,0.0,0.0,0.0,0.0,0.0,0.0,0.0,0.0,0.0,0.0,1.0,,,Florida St.,College Stats,JenkBr00,2013.0,-6.176470588235294
5.0,163.0,CHI,Jordan Mills,T,22.0,2021.0,0.0,0.0,5.0,37.0,14.0,100.0,0.0,0.0,0.0,0.0,0.0,0.0,0.0,0.0,0.0,0.0,0.0,,,,Louisiana Tech,College Stats,MillJo02,2013.0,23.666666666666664
5.0,164.0,MIA,Mike Gillislee,RB,22.0,2018.0,0.0,0.0,0.0,11.0,0.0,36.0,0.0,0.0,0.0,0.0,0.0,274.0,1291.0,16.0,17.0,103.0,1.0,9.0,,,Florida,College Stats,GillMi00,2013.0,-1.0500000000000007
5.0,165.0,DET,Sam Martin,P,23.0,2025.0,0.0,0.0,2.0,22.0,14.0,206.0,2.0,2.0,27.0,0.0,0.0,3.0,3.0,0.0,0.0,0.0,0.0,5.0,,,Appalachian St.,,MartSa01,2013.0,8.65
5.0,166.0,MIA,Caleb Sturgis,K,24.0,2018.0,0.0,0.0,0.0,8.0,4.0,68.0,0.0,0.0,0.0,0.0,0.0,0.0,0.0,0.0,0.0,0.0,0.0,6.0,,,Florida,College Stats,SturCa00,2013.0,-5.666666666666666
5.0,167.0,GNB,Josh Boyd,DE,24.0,2015.0,0.0,0.0,0.0,4.0,4.0,26.0,0.0,0.0,0.0,0.0,0.0,0.0,0.0,0.0,0.0,0.0,0.0,17.0,,,Mississippi St.,College Stats,BoydJo00,2013.0,-4.764705882352942
5.0,168.0,BAL,Ricky Wagner,T,23.0,2020.0,0.0,0.0,6.0,41.0,22.0,118.0,0.0,0.0,0.0,0.0,0.0,0.0,0.0,0.0,0.0,0.0,0.0,,,,Wisconsin,,WagnRi00,2013.0,28.944444444444443
6.0,169.0,JAX,Josh Evans,DB,22.0,2016.0,0.0,0.0,3.0,13.0,13.0,49.0,0.0,0.0,0.0,0.0,0.0,0.0,0.0,0.0,0.0,0.0,0.0,146.0,,,Florida,College Stats,EvanJo00,2013.0,1.5
6.0,170.0,KAN,Eric Kush,C,23.0,2020.0,0.0,0.0,0.0,10.0,1.0,50.0,0.0,0.0,0.0,0.0,0.0,0.0,0.0,0.0,0.0,0.0,0.0,,,,California (PA),,KushEr00,2013.0,2.9411764705882355
6.0,171.0,DET,Corey Fuller,WR,23.0,2015.0,0.0,0.0,0.0,3.0,3.0,28.0,0.0,0.0,0.0,0.0,0.0,0.0,0.0,0.0,18.0,288.0,1.0,5.0,,,Virginia Tech,College Stats,FullCo00,2013.0,-3.5882352941176467
6.0,172.0,OAK,Nick Kasa,TE,22.0,2013.0,0.0,0.0,0.0,0.0,0.0,16.0,0.0,0.0,0.0,0.0,0.0,0.0,0.0,0.0,1.0,9.0,1.0,,,,Colorado,College Stats,KasaNi00,2013.0,-7.5625
6.0,173.0,DEN,Vinston Painter,G,23.0,2017.0,0.0,0.0,0.0,0.0,,14.0,0.0,0.0,0.0,0.0,0.0,0.0,0.0,0.0,0.0,0.0,0.0,,,,Virginia Tech,,PainVi00,2013.0,-11.857142857142858
6.0,174.0,ARI,Ryan Swope,WR,22.0,,0.0,0.0,0.0,,,,,,,,,,,,,,,,,,Texas A&M,College Stats,SwopRy00,2013.0,
6.0,175.0,CLE,Jamoris Slaughter,DB,23.0,,0.0,0.0,0.0,,,,,,,,,,,,,,,,,,Notre Dame,College Stats,SlauJa00,2013.0,
6.0,176.0,HOU,David Quessenberry,OL,23.0,2025.0,0.0,0.0,2.0,20.0,0.0,97.0,0.0,0.0,0.0,0.0,0.0,0.0,0.0,0.0,1.0,1.0,1.0,1.0,,,San Jose St.,,QuesDa00,2013.0,13.947368421052632
6.0,177.0,BUF,Dustin Hopkins,K,22.0,2024.0,0.0,0.0,1.0,22.0,,140.0,0.0,0.0,0.0,0.0,0.0,0.0,0.0,0.0,0.0,0.0,0.0,8.0,,,Florida St.,College Stats,HopkDu00,2013.0,11.473684210526315
6.0,178.0,NYJ,William Campbell,OL,22.0,,0.0,0.0,0.0,,,,,,,,,,,,,,,,,,Michigan,College Stats,CampWi00,2013.0,
6.0,179.0,SDG,Tourek Williams,DE,22.0,2016.0,0.0,0.0,0.0,5.0,5.0,44.0,0.0,0.0,0.0,0.0,0.0,0.0,0.0,0.0,0.0,0.0,0.0,40.0,,2.0,Florida International,College Stats,WillTo00,2013.0,-1.526315789473684
6.0,180.0,SFO,Nick Moody,LB,23.0,2016.0,0.0,0.0,0.0,2.0,2.0,24.0,0.0,0.0,0.0,0.0,0.0,0.0,0.0,0.0,0.0,0.0,0.0,20.0,,,Florida St.,College Stats,MoodNi00,2013.0,-7.611111111111111
6.0,181.0,OAK,Latavius Murray,RB,23.0,2023.0,0.0,1.0,3.0,44.0,17.0,151.0,0.0,0.0,0.0,0.0,0.0,1560.0,6552.0,59.0,239.0,1620.0,2.0,3.0,,,Central Florida,College Stats,MurrLa00,2013.0,34.631578947368425
6.0,182.0,CAR,Kenjon Barner,RB,24.0,2021.0,0.0,0.0,0.0,4.0,0.0,76.0,1.0,1.0,3.0,0.0,0.0,104.0,416.0,3.0,28.0,152.0,0.0,2.0,,,Oregon,College Stats,BarnKe00,2013.0,-6.277777777777779
6.0,183.0,NOR,Rufus Johnson,DE,23.0,2015.0,0.0,0.0,0.0,0.0,,1.0,0.0,0.0,0.0,0.0,0.0,0.0,0.0,0.0,0.0,0.0,0.0,1.0,,,Tarleton St.,,JohnRu02,2013.0,-5.105263157894737
6.0,184.0,OAK,Mychal Rivera,TE,22.0,2016.0,0.0,0.0,1.0,10.0,10.0,61.0,0.0,0.0,0.0,0.0,0.0,0.0,0.0,0.0,146.0,1413.0,10.0,2.0,,,Tennessee,College Stats,RiveMy00,2013.0,4.684210526315789
6.0,185.0,DAL,DeVonte Holloman,LB,22.0,2013.0,0.0,0.0,0.0,1.0,1.0,9.0,0.0,0.0,0.0,0.0,0.0,0.0,0.0,0.0,0.0,0.0,0.0,14.0,,2.0,South Carolina,College Stats,HollDe01,2013.0,-2.9411764705882355
6.0,186.0,PIT,Justin Brown,WR,22.0,2014.0,0.0,0.0,0.0,1.0,1.0,8.0,0.0,0.0,0.0,0.0,0.0,0.0,0.0,0.0,12.0,94.0,0.0,,,,Oklahoma,College Stats,BrowJu00,2013.0,-9.38888888888889
6.0,187.0,ARI,Andre Ellington,RB,24.0,2017.0,0.0,0.0,1.0,18.0,17.0,65.0,0.0,0.0,0.0,0.0,0.0,418.0,1752.0,10.0,151.0,1368.0,3.0,1.0,,,Clemson,College Stats,ElliAn00,2013.0,5.85
6.0,188.0,CHI,Cornelius Washington,LB,23.0,2017.0,0.0,0.0,0.0,5.0,3.0,46.0,0.0,0.0,0.0,0.0,0.0,0.0,0.0,0.0,0.0,0.0,0.0,36.0,,5.5,Georgia,College Stats,WashCo00,2013.0,-6.764705882352942
6.0,189.0,TAM,Mike James,RB,22.0,2016.0,0.0,0.0,0.0,2.0,2.0,23.0,1.0,1.0,2.0,1.0,0.0,83.0,351.0,0.0,15.0,60.0,0.0,,,,Miami (FL),College Stats,JameMi00,2013.0,-6.4
6.0,190.0,CIN,Rex Burkhead,RB,23.0,2022.0,0.0,0.0,0.0,21.0,4.0,115.0,0.0,2.0,0.0,0.0,0.0,488.0,1908.0,17.0,192.0,1534.0,9.0,27.0,,,Nebraska,College Stats,BurkRe00,2013.0,11.38888888888889
6.0,191.0,WAS,Bacarri Rambo,DB,23.0,2016.0,0.0,0.0,1.0,8.0,1.0,41.0,0.0,0.0,0.0,0.0,0.0,0.0,0.0,0.0,0.0,0.0,0.0,105.0,4.0,2.0,Georgia,College Stats,RambBa00,2013.0,-7.421052631578947
6.0,192.0,IND,John Boyett,DB,23.0,,0.0,0.0,0.0,,,,,,,,,,,,,,,,,,Oregon,College Stats,BoyeJo00,2013.0,
6.0,193.0,GNB,Nate Palmer,LB,23.0,2017.0,0.0,0.0,1.0,9.0,7.0,48.0,0.0,0.0,0.0,0.0,0.0,0.0,0.0,0.0,0.0,0.0,0.0,68.0,,1.0,Illinois St.,,PalmNa01,2013.0,-2.526315789473685
6.0,194.0,SEA,Spencer Ware,RB,21.0,2019.0,0.0,0.0,1.0,17.0,0.0,43.0,0.0,0.0,0.0,0.0,0.0,357.0,1631.0,11.0,64.0,698.0,2.0,2.0,,,LSU,College Stats,WareSp00,2013.0,10.444444444444445
6.0,195.0,HOU,Alan Bonner,WR,22.0,,0.0,0.0,0.0,,,,,,,,,,,,,,,,,,Jacksonville St.,,BonnAl00,2013.0,
6.0,196.0,MIN,Jeff Baca,G,23.0,2013.0,0.0,0.0,0.0,0.0,0.0,4.0,0.0,0.0,0.0,0.0,0.0,0.0,0.0,0.0,0.0,0.0,0.0,,,,UCLA,,BacaJe00,2013.0,-4.5
6.0,197.0,CIN,Cobi Hamilton,WR,22.0,2017.0,0.0,0.0,1.0,2.0,0.0,14.0,0.0,0.0,0.0,0.0,0.0,0.0,0.0,0.0,18.0,242.0,2.0,1.0,,,Arkansas,College Stats,HamiCo00,2013.0,-4.3125
6.0,198.0,HOU,Chris Jones,DT,23.0,2016.0,0.0,0.0,0.0,14.0,,41.0,0.0,0.0,0.0,0.0,0.0,0.0,0.0,0.0,0.0,0.0,0.0,56.0,,9.0,Bowling Green,College Stats,JoneCh04,2013.0,5.222222222222221
6.0,199.0,DET,Theo Riddick,RB,22.0,2020.0,0.0,0.0,1.0,24.0,24.0,88.0,0.0,0.0,0.0,0.0,0.0,294.0,1037.0,5.0,290.0,2281.0,14.0,15.0,,,Notre Dame,College Stats,RiddTh00,2013.0,2.875
6.0,200.0,BAL,Kapron Lewis-Moore,DE,23.0,2015.0,0.0,0.0,0.0,0.0,0.0,5.0,0.0,0.0,0.0,0.0,0.0,0.0,0.0,0.0,0.0,0.0,0.0,3.0,,,Notre Dame,College Stats,LewiKa00,2013.0,-15.066666666666666
6.0,201.0,HOU,Ryan Griffin,TE,23.0,2022.0,0.0,0.0,5.0,14.0,10.0,134.0,0.0,0.0,0.0,0.0,0.0,0.0,0.0,0.0,210.0,2184.0,14.0,15.0,,,Connecticut,College Stats,GrifRy00,2013.0,9.882352941176471
6.0,202.0,TEN,Khalid Wooten,DB,23.0,2014.0,0.0,0.0,0.0,0.0,0.0,3.0,0.0,0.0,0.0,0.0,0.0,0.0,0.0,0.0,0.0,0.0,0.0,,,,Nevada,College Stats,WootKh00,2013.0,-5.111111111111111
6.0,203.0,BAL,Ryan Jensen,T,22.0,2022.0,0.0,1.0,5.0,43.0,11.0,100.0,0.0,0.0,0.0,0.0,0.0,0.0,0.0,0.0,0.0,0.0,0.0,1.0,,,Colorado State-Pueblo,,JensRy00,2013.0,31.076923076923077
6.0,204.0,KAN,Braden Wilson,FB,23.0,,0.0,0.0,0.0,,,,,,,,,,,,,,,,,,Kansas St.,College Stats,WilsBr00,2013.0,
6.0,205.0,OAK,Stacy McGee,DT,23.0,2020.0,0.0,0.0,2.0,16.0,10.0,81.0,0.0,0.0,0.0,0.0,0.0,0.0,0.0,0.0,0.0,0.0,0.0,75.0,,4.5,Oklahoma,College Stats,McGeSt01,2013.0,5.470588235294118
6.0,206.0,PIT,Vince Williams,LB,23.0,2020.0,0.0,0.0,5.0,35.0,35.0,121.0,0.0,0.0,0.0,0.0,0.0,0.0,0.0,0.0,0.0,0.0,0.0,333.0,2.0,20.5,Florida St.,College Stats,WillVi01,2013.0,29.0
7.0,207.0,KAN,Mike Catapano,DE,23.0,2016.0,0.0,0.0,0.0,3.0,1.0,29.0,0.0,0.0,0.0,0.0,0.0,0.0,0.0,0.0,0.0,0.0,0.0,8.0,,2.0,Princeton,,CataMi00,2013.0,-10.882352941176471
7.0,208.0,JAX,Jeremy Harris,DB,22.0,2015.0,0.0,0.0,0.0,0.0,0.0,7.0,0.0,0.0,0.0,0.0,0.0,0.0,0.0,0.0,0.0,0.0,0.0,4.0,,,New Mexico St.,College Stats,HarrJe02,2013.0,-5.666666666666667
7.0,209.0,OAK,Brice Butler,WR,23.0,2018.0,0.0,0.0,0.0,9.0,3.0,69.0,0.0,0.0,0.0,0.0,0.0,0.0,0.0,0.0,79.0,1237.0,9.0,,,,San Diego St.,College Stats,ButlBr00,2013.0,1.5714285714285712
7.0,210.0,JAX,Demetrius McCray,DB,22.0,2017.0,0.0,0.0,1.0,8.0,8.0,49.0,0.0,0.0,0.0,0.0,0.0,0.0,0.0,0.0,0.0,0.0,0.0,73.0,,,Appalachian St.,,McCrDe00,2013.0,0.0588235294117645
7.0,211.0,DET,Michael Williams,TE,22.0,2015.0,0.0,0.0,1.0,0.0,,15.0,0.0,0.0,0.0,0.0,0.0,0.0,0.0,0.0,3.0,26.0,0.0,1.0,,,Alabama,College Stats,WillMi06,2013.0,-5.4
7.0,212.0,PHI,Joe Kruger,DE,21.0,,0.0,0.0,0.0,,,,,,,,,,,,,,,,,,Utah,College Stats,KrugJo00,2013.0,
7.0,213.0,MIN,Michael Mauti,LB,23.0,2017.0,0.0,0.0,0.0,6.0,2.0,58.0,0.0,0.0,0.0,0.0,0.0,0.0,0.0,0.0,0.0,0.0,0.0,58.0,,1.0,Penn St.,College Stats,MautMi00,2013.0,-2.0
7.0,214.0,MIN,Travis Bond,G,22.0,2013.0,0.0,0.0,0.0,0.0,,2.0,0.0,0.0,0.0,0.0,0.0,0.0,0.0,0.0,0.0,0.0,0.0,,,,North Carolina,College Stats,BondTr00,2013.0,-7.0
7.0,215.0,NYJ,Tommy Bohanon,RB,22.0,2018.0,0.0,0.0,1.0,1.0,1.0,68.0,0.0,0.0,0.0,0.0,0.0,26.0,72.0,2.0,29.0,239.0,1.0,3.0,,,Wake Forest,College Stats,BohaTo00,2013.0,-7.611111111111111
7.0,216.0,GNB,Charles Johnson,WR,24.0,2016.0,0.0,0.0,0.0,7.0,,39.0,0.0,0.0,0.0,0.0,0.0,1.0,-11.0,0.0,60.0,834.0,2.0,2.0,,,Grand Valley St.,,JohnCh08,2013.0,-6.7857142857142865
7.0,217.0,CLE,Armonty Bryant,DE,23.0,2016.0,0.0,0.0,0.0,5.0,4.0,36.0,0.0,0.0,0.0,0.0,0.0,0.0,0.0,0.0,0.0,0.0,0.0,45.0,,11.5,East Central (OK),,BryaAr00,2013.0,-2.235294117647059
7.0,218.0,PHI,Jordan Poyer,DB,22.0,2025.0,1.0,1.0,8.0,57.0,0.0,181.0,0.0,0.0,0.0,0.0,0.0,1.0,10.0,0.0,0.0,0.0,0.0,648.0,25.0,12.5,Oregon St.,College Stats,PoyeJo00,2013.0,47.13333333333333
7.0,219.0,ARI,D.C. Jefferson,TE,24.0,2013.0,0.0,0.0,0.0,0.0,0.0,4.0,0.0,0.0,0.0,0.0,0.0,0.0,0.0,0.0,0.0,0.0,0.0,,,,Rutgers,College Stats,JeffD.00,2013.0,-7.375
7.0,220.0,SEA,Ryan Seymour,G,23.0,2016.0,0.0,0.0,0.0,2.0,,12.0,0.0,0.0,0.0,0.0,0.0,0.0,0.0,0.0,0.0,0.0,0.0,,,,Vanderbilt,,SeymRy00,2013.0,-5.588235294117647
7.0,221.0,SDG,Brad Sorensen,QB,25.0,,0.0,0.0,0.0,,,,,,,,,,,,,,,,,,Southern Utah,,SoreBr00,2013.0,
7.0,222.0,BUF,Chris Gragg,TE,23.0,2015.0,0.0,0.0,0.0,1.0,1.0,32.0,0.0,0.0,0.0,0.0,0.0,0.0,0.0,0.0,24.0,251.0,2.0,,,,Arkansas,College Stats,GragCh00,2013.0,-5.5
7.0,223.0,PIT,Nick Williams,DT,23.0,2023.0,0.0,0.0,1.0,22.0,,97.0,0.0,0.0,0.0,0.0,0.0,0.0,0.0,0.0,0.0,0.0,0.0,83.0,,8.5,Samford,,WillNi01,2013.0,17.214285714285715
7.0,224.0,GNB,Kevin Dorsey,WR,23.0,2014.0,0.0,0.0,0.0,0.0,0.0,3.0,0.0,0.0,0.0,0.0,0.0,0.0,0.0,0.0,1.0,4.0,0.0,1.0,,,Maryland,College Stats,DorsKe01,2013.0,-16.0
7.0,225.0,NYG,Eric Herman,OL,23.0,,0.0,0.0,0.0,,,,,,,,,,,,,,,,,,Ohio,College Stats,HermEr00,2013.0,
7.0,226.0,NWE,Michael Buchanan,DE,22.0,2014.0,0.0,0.0,0.0,2.0,2.0,18.0,0.0,0.0,0.0,0.0,0.0,0.0,0.0,0.0,0.0,0.0,0.0,7.0,,2.0,Illinois,College Stats,BuchMi00,2013.0,-5.176470588235294
7.0,227.0,CLE,Garrett Gilkey,T,23.0,2014.0,0.0,0.0,0.0,2.0,1.0,22.0,0.0,0.0,0.0,0.0,0.0,0.0,0.0,0.0,0.0,0.0,0.0,,,,Chadron St.,,GilkGa00,2013.0,-3.1875
7.0,228.0,WAS,Jawan Jamison,RB,21.0,,0.0,0.0,0.0,,,,,,,,,,,,,,,,,,Rutgers,College Stats,JamiJa00,2013.0,
7.0,229.0,MIN,Everett Dawkins,DT,23.0,2013.0,0.0,0.0,0.0,0.0,,1.0,0.0,0.0,0.0,0.0,0.0,0.0,0.0,0.0,0.0,0.0,0.0,,,,Florida St.,College Stats,DawkEv00,2013.0,-6.055555555555555
7.0,230.0,IND,Kerwynn Williams,RB,22.0,2017.0,0.0,0.0,0.0,6.0,0.0,40.0,0.0,0.0,0.0,0.0,0.0,218.0,971.0,4.0,15.0,126.0,0.0,6.0,,,Utah St.,College Stats,WillKe05,2013.0,-3.1111111111111107
7.0,231.0,SEA,Ty Powell,DE,25.0,2014.0,0.0,0.0,0.0,1.0,,19.0,0.0,0.0,0.0,0.0,0.0,0.0,0.0,0.0,0.0,0.0,0.0,17.0,,1.0,Harding,,PoweTy00,2013.0,-2.125
7.0,232.0,GNB,Sam Barrington,LB,22.0,2016.0,0.0,0.0,1.0,4.0,4.0,29.0,0.0,0.0,0.0,0.0,0.0,0.0,0.0,0.0,0.0,0.0,0.0,44.0,,1.0,South Florida,College Stats,BarrSa00,2013.0,-2.8125
7.0,233.0,OAK,David Bass,DE,22.0,2017.0,0.0,0.0,0.0,9.0,,64.0,0.0,0.0,0.0,0.0,0.0,0.0,0.0,0.0,0.0,0.0,0.0,70.0,2.0,9.0,Missouri Western St.,,BassDa00,2013.0,-8.0
7.0,234.0,DEN,Zac Dysert,QB,23.0,,0.0,0.0,0.0,,,,,,,,,,,,,,,,,,Miami (OH),College Stats,DyseZa00,2013.0,
7.0,235.0,NWE,Steve Beauharnais,LB,23.0,2014.0,0.0,0.0,0.0,0.0,0.0,5.0,0.0,0.0,0.0,0.0,0.0,0.0,0.0,0.0,0.0,0.0,0.0,2.0,,,Rutgers,College Stats,BeauSt00,2013.0,-9.875
7.0,236.0,CHI,Marquess Wilson,WR,20.0,2016.0,0.0,0.0,0.0,6.0,6.0,31.0,0.0,0.0,0.0,0.0,0.0,0.0,0.0,0.0,56.0,777.0,3.0,,,,Washington St.,College Stats,WilsMa02,2013.0,3.1176470588235294
7.0,237.0,SFO,B.J. Daniels,QB,24.0,2015.0,0.0,0.0,0.0,0.0,,8.0,1.0,2.0,7.0,0.0,0.0,6.0,6.0,0.0,2.0,18.0,0.0,1.0,,,South Florida,College Stats,DaniB.00,2013.0,-2.6842105263157894
7.0,238.0,BAL,Aaron Mellette,WR,23.0,,0.0,0.0,0.0,,,,,,,,,,,,,,,,,,Elon,,MellAa00,2013.0,
7.0,239.0,PHI,David King,DE,23.0,2017.0,0.0,0.0,0.0,1.0,,17.0,0.0,0.0,0.0,0.0,0.0,0.0,0.0,0.0,0.0,0.0,0.0,4.0,,2.5,Oklahoma,College Stats,KingDa00,2013.0,-9.588235294117647
7.0,240.0,CIN,Reid Fragel,OL,22.0,2015.0,0.0,0.0,0.0,0.0,,1.0,0.0,0.0,0.0,0.0,0.0,0.0,0.0,0.0,0.0,0.0,0.0,,,,Ohio St.,,FragRe00,2013.0,-6.333333333333333
7.0,241.0,SEA,Jared Smith,DT,23.0,,0.0,0.0,0.0,,,,,,,,,,,,,,,,,,New Hampshire,,SmitJa02,2013.0,
7.0,242.0,SEA,Michael Bowie,T,21.0,2013.0,0.0,0.0,0.0,4.0,4.0,9.0,0.0,0.0,0.0,0.0,0.0,0.0,0.0,0.0,0.0,0.0,0.0,,,,NE State (OK),,BowiMi00,2013.0,-5.388888888888889
7.0,243.0,ATL,Kemal Ishmael,DB,22.0,2019.0,0.0,0.0,1.0,13.0,13.0,95.0,0.0,0.0,0.0,0.0,0.0,0.0,0.0,0.0,0.0,0.0,0.0,183.0,5.0,1.0,Central Florida,College Stats,IshmKe00,2013.0,7.2
7.0,244.0,ATL,Zeke Motta,DB,23.0,2013.0,0.0,0.0,0.0,1.0,1.0,10.0,0.0,0.0,0.0,0.0,0.0,0.0,0.0,0.0,0.0,0.0,0.0,8.0,,,Notre Dame,College Stats,MottZe00,2013.0,-12.3125
7.0,245.0,DET,Brandon Hepburn,LB,23.0,,0.0,0.0,0.0,,,,,,,,,,,,,,,,,,Florida A&M,,HepbBr00,2013.0,
7.0,246.0,SFO,Carter Bykowski,OL,23.0,,0.0,0.0,0.0,,,,,,,,,,,,,,,,,,Iowa St.,College Stats,BykoCa00,2013.0,
7.0,247.0,BAL,Marc Anthony,DB,23.0,,0.0,0.0,0.0,,,,,,,,,,,,,,,,,,California,College Stats,AnthMa00,2013.0,
7.0,248.0,TEN,Daimion Stafford,DB,22.0,2016.0,0.0,0.0,0.0,7.0,7.0,62.0,0.0,0.0,0.0,0.0,0.0,0.0,0.0,0.0,0.0,0.0,0.0,94.0,2.0,3.0,Nebraska,College Stats,StafDa00,2013.0,-4.642857142857142
7.0,249.0,ATL,Sean Renfree,QB,23.0,2015.0,0.0,0.0,0.0,0.0,0.0,2.0,3.0,7.0,11.0,0.0,1.0,1.0,-4.0,0.0,0.0,0.0,0.0,,,,Duke,College Stats,RenfSe00,2013.0,-7.705882352941177
7.0,250.0,MIA,Don Jones,DB,23.0,2016.0,0.0,0.0,0.0,2.0,1.0,56.0,0.0,0.0,0.0,0.0,0.0,0.0,0.0,0.0,0.0,0.0,0.0,35.0,,,Arkansas St.,College Stats,JoneDo02,2013.0,-13.071428571428571
7.0,251.0,CIN,T.J. Johnson,C,23.0,2017.0,0.0,0.0,0.0,5.0,5.0,45.0,0.0,0.0,0.0,0.0,0.0,0.0,0.0,0.0,0.0,0.0,0.0,,,,South Carolina,,JohnTJ00,2013.0,-4.5
7.0,252.0,SFO,Marcus Cooper,DB,23.0,2018.0,0.0,0.0,1.0,14.0,,75.0,0.0,0.0,0.0,0.0,0.0,0.0,0.0,0.0,0.0,0.0,0.0,145.0,7.0,,Rutgers,College Stats,CoopMa00,2013.0,4.333333333333334
7.0,253.0,NYG,Michael Cox,RB,24.0,2014.0,0.0,0.0,0.0,0.0,0.0,18.0,0.0,0.0,0.0,0.0,0.0,26.0,76.0,0.0,5.0,21.0,0.0,3.0,,,Massachusetts,College Stats,CoxxMi00,2013.0,-6.769230769230769
7.0,254.0,IND,Justice Cunningham,TE,22.0,2015.0,0.0,0.0,0.0,0.0,0.0,3.0,0.0,0.0,0.0,0.0,0.0,0.0,0.0,0.0,1.0,4.0,0.0,,,,South Carolina,College Stats,CunnJu00,2013.0,-5.0
1.0,1.0,HOU,Jadeveon Clowney,DE,21.0,2025.0,0.0,3.0,10.0,63.0,38.0,153.0,0.0,0.0,0.0,0.0,0.0,0.0,0.0,0.0,0.0,0.0,0.0,296.0,1.0,66.5,South Carolina,College Stats,ClowJa00,2014.0,-13.42857142857143
1.0,2.0,STL,Greg Robinson,T,21.0,2019.0,0.0,0.0,5.0,24.0,13.0,83.0,0.0,0.0,0.0,0.0,0.0,0.0,0.0,0.0,0.0,0.0,0.0,,,,Auburn,College Stats,RobiGr01,2014.0,-29.476190476190474
1.0,3.0,JAX,Blake Bortles,QB,22.0,2019.0,0.0,0.0,5.0,44.0,44.0,78.0,1562.0,2634.0,17649.0,103.0,75.0,283.0,1766.0,8.0,1.0,20.0,1.0,,,,Central Florida,College Stats,BortBl00,2014.0,-8.285714285714285
1.0,4.0,BUF,Sammy Watkins,WR,21.0,2022.0,0.0,0.0,6.0,43.0,20.0,111.0,0.0,1.0,0.0,0.0,1.0,11.0,76.0,0.0,364.0,5384.0,34.0,1.0,,,Clemson,College Stats,WatkSa00,2014.0,-10.904761904761905
1.0,5.0,OAK,Khalil Mack,LB,23.0,2025.0,3.0,9.0,10.0,105.0,41.0,179.0,0.0,0.0,0.0,0.0,0.0,0.0,0.0,0.0,0.0,0.0,0.0,481.0,3.0,113.0,Buffalo,College Stats,MackKh00,2014.0,49.523809523809526
1.0,6.0,ATL,Jake Matthews,T,22.0,2025.0,0.0,1.0,11.0,75.0,75.0,196.0,0.0,0.0,0.0,0.0,0.0,0.0,0.0,0.0,0.0,0.0,0.0,,,,Texas A&M,College Stats,MattJa00,2014.0,24.19047619047619
1.0,7.0,TAM,Mike Evans,WR,21.0,2025.0,0.0,6.0,11.0,80.0,80.0,176.0,0.0,0.0,0.0,0.0,0.0,1.0,10.0,0.0,866.0,13052.0,108.0,5.0,,,Texas A&M,College Stats,EvanMi00,2014.0,31.95238095238095
1.0,8.0,CLE,Justin Gilbert,DB,22.0,2016.0,0.0,0.0,0.0,4.0,3.0,35.0,0.0,0.0,0.0,0.0,0.0,0.0,0.0,0.0,0.0,0.0,0.0,36.0,1.0,,Oklahoma St.,College Stats,GilbJu00,2014.0,-39.38095238095238
1.0,9.0,MIN,Anthony Barr,LB,22.0,2023.0,0.0,4.0,7.0,56.0,52.0,116.0,0.0,0.0,0.0,0.0,0.0,0.0,0.0,0.0,0.0,0.0,0.0,371.0,5.0,18.5,UCLA,College Stats,BarrAn00,2014.0,7.761904761904759
1.0,10.0,DET,Eric Ebron,TE,21.0,2021.0,0.0,1.0,4.0,29.0,15.0,106.0,0.0,1.0,0.0,0.0,0.0,5.0,-6.0,3.0,351.0,3837.0,33.0,,,,North Carolina,College Stats,EbroEr00,2014.0,-10.38095238095238
1.0,11.0,TEN,Taylor Lewan,T,23.0,2022.0,0.0,3.0,7.0,48.0,48.0,105.0,0.0,0.0,0.0,0.0,0.0,0.0,0.0,0.0,1.0,10.0,1.0,,,,Michigan,College Stats,LewaTa00,2014.0,-4.952380952380949
1.0,12.0,NYG,Odell Beckham Jr.,WR,21.0,2024.0,0.0,3.0,6.0,59.0,41.0,119.0,4.0,6.0,144.0,2.0,0.0,23.0,170.0,1.0,575.0,7987.0,59.0,3.0,,,LSU,College Stats,BeckOd00,2014.0,13.61904761904762
1.0,13.0,STL,Aaron Donald,DT,23.0,2023.0,8.0,10.0,10.0,123.0,123.0,154.0,0.0,0.0,0.0,0.0,0.0,0.0,0.0,0.0,0.0,0.0,0.0,340.0,,111.0,Pittsburgh,College Stats,DonaAa00,2014.0,69.85714285714286
1.0,14.0,CHI,Kyle Fuller,DB,22.0,2022.0,1.0,2.0,5.0,48.0,45.0,113.0,0.0,0.0,0.0,0.0,0.0,0.0,0.0,0.0,0.0,0.0,0.0,371.0,19.0,,Virginia Tech,College Stats,FullKy00,2014.0,2.80952380952381
1.0,15.0,PIT,Ryan Shazier,LB,22.0,2017.0,0.0,2.0,3.0,27.0,27.0,46.0,0.0,0.0,0.0,0.0,0.0,0.0,0.0,0.0,0.0,0.0,0.0,202.0,7.0,7.0,Ohio St.,College Stats,ShazRy00,2014.0,-10.76190476190476
1.0,16.0,DAL,Zack Martin,G,23.0,2024.0,7.0,9.0,11.0,103.0,103.0,162.0,0.0,0.0,0.0,0.0,0.0,0.0,0.0,0.0,0.0,0.0,0.0,,,,Notre Dame,College Stats,MartZa00,2014.0,60.666666666666664
1.0,17.0,BAL,C.J. Mosley,LB,22.0,2024.0,0.0,5.0,8.0,81.0,59.0,133.0,0.0,0.0,0.0,0.0,0.0,0.0,0.0,0.0,0.0,0.0,0.0,687.0,12.0,12.0,Alabama,College Stats,MoslC.00,2014.0,35.61904761904762
1.0,18.0,NYJ,Calvin Pryor,DB,22.0,2017.0,0.0,0.0,3.0,13.0,13.0,46.0,0.0,0.0,0.0,0.0,0.0,0.0,0.0,0.0,0.0,0.0,0.0,132.0,2.0,0.5,Louisville,College Stats,PryoCa00,2014.0,-30.523809523809526
1.0,19.0,MIA,Ja'Wuan James,T,22.0,2022.0,0.0,0.0,4.0,27.0,26.0,66.0,0.0,0.0,0.0,0.0,0.0,0.0,0.0,0.0,0.0,0.0,0.0,,,,Tennessee,College Stats,JameJa01,2014.0,-9.19047619047619
1.0,20.0,NOR,Brandin Cooks,WR,20.0,2025.0,0.0,0.0,10.0,73.0,21.0,173.0,0.0,0.0,0.0,0.0,0.0,58.0,341.0,2.0,734.0,9811.0,60.0,,,,Oregon St.,College Stats,CookBr00,2014.0,35.38095238095238
1.0,21.0,GNB,Ha Ha Clinton-Dix,DB,21.0,2021.0,0.0,1.0,6.0,34.0,24.0,98.0,0.0,0.0,0.0,0.0,0.0,0.0,0.0,0.0,0.0,0.0,0.0,417.0,16.0,5.5,Alabama,College Stats,ClinHa00,2014.0,-1.3333333333333357
1.0,22.0,CLE,Johnny Manziel,QB,21.0,2015.0,0.0,0.0,0.0,4.0,4.0,14.0,147.0,258.0,1675.0,7.0,7.0,46.0,259.0,1.0,0.0,0.0,0.0,,,,Texas A&M,College Stats,ManzJo00,2014.0,-26.857142857142858
1.0,23.0,KAN,Dee Ford,LB,23.0,2021.0,0.0,1.0,2.0,23.0,21.0,85.0,0.0,0.0,0.0,0.0,0.0,0.0,0.0,0.0,0.0,0.0,0.0,117.0,,40.0,Auburn,College Stats,FordDe00,2014.0,-8.0
1.0,24.0,CIN,Darqueze Dennard,DB,22.0,2021.0,0.0,0.0,0.0,13.0,12.0,87.0,0.0,0.0,0.0,0.0,0.0,0.0,0.0,0.0,0.0,0.0,0.0,230.0,4.0,3.0,Michigan St.,College Stats,DennDa00,2014.0,-38.904761904761905
1.0,25.0,SDG,Jason Verrett,DB,23.0,2023.0,0.0,1.0,2.0,17.0,13.0,41.0,0.0,0.0,0.0,0.0,0.0,0.0,0.0,0.0,0.0,0.0,0.0,125.0,7.0,,TCU,College Stats,VerrJa00,2014.0,-18.285714285714285
1.0,26.0,PHI,Marcus Smith,LB,22.0,2018.0,0.0,0.0,0.0,4.0,3.0,53.0,0.0,0.0,0.0,0.0,0.0,0.0,0.0,0.0,0.0,0.0,0.0,25.0,,6.5,Louisville,College Stats,SmitMa03,2014.0,-24.476190476190474
1.0,27.0,ARI,Deone Bucannon,DB,22.0,2020.0,0.0,0.0,4.0,32.0,29.0,84.0,0.0,0.0,0.0,0.0,0.0,0.0,0.0,0.0,0.0,0.0,0.0,329.0,2.0,7.0,Washington St.,College Stats,BucaDe00,2014.0,-10.285714285714285
1.0,28.0,CAR,Kelvin Benjamin,WR,23.0,2018.0,0.0,0.0,4.0,22.0,18.0,61.0,0.0,0.0,0.0,0.0,0.0,0.0,0.0,0.0,209.0,3021.0,20.0,,,,Florida St.,College Stats,BenjKe00,2014.0,-9.428571428571427
1.0,29.0,NWE,Dominique Easley,DT,22.0,2018.0,0.0,0.0,0.0,7.0,4.0,41.0,0.0,0.0,0.0,0.0,0.0,0.0,0.0,0.0,0.0,0.0,0.0,44.0,1.0,6.5,Florida,College Stats,EaslDo00,2014.0,-22.857142857142858
1.0,30.0,SFO,Jimmie Ward,DB,23.0,2024.0,0.0,0.0,6.0,31.0,25.0,126.0,0.0,0.0,0.0,0.0,0.0,0.0,0.0,0.0,0.0,0.0,0.0,406.0,10.0,3.0,Northern Illinois,College Stats,WardJi01,2014.0,-4.19047619047619
1.0,31.0,DEN,Bradley Roby,DB,22.0,2023.0,0.0,0.0,4.0,26.0,14.0,135.0,0.0,0.0,0.0,0.0,0.0,0.0,0.0,0.0,0.0,0.0,0.0,346.0,11.0,5.0,Ohio St.,College Stats,RobyBr00,2014.0,-8.523809523809526
1.0,32.0,MIN,Teddy Bridgewater,QB,21.0,2025.0,0.0,1.0,4.0,49.0,22.0,83.0,1380.0,2082.0,15182.0,75.0,47.0,224.0,848.0,11.0,0.0,0.0,0.0,,,,Louisville,College Stats,BridTe00,2014.0,7.095238095238095
2.0,33.0,HOU,Xavier Su'a-Filo,G,23.0,2021.0,0.0,0.0,3.0,24.0,17.0,83.0,0.0,0.0,0.0,0.0,0.0,0.0,0.0,0.0,0.0,0.0,0.0,,,,UCLA,College Stats,Sua-Xa00,2014.0,-10.23809523809524
2.0,34.0,DAL,DeMarcus Lawrence,DE,22.0,2025.0,0.0,5.0,7.0,78.0,65.0,157.0,0.0,0.0,0.0,0.0,0.0,0.0,0.0,0.0,0.0,0.0,0.0,309.0,2.0,67.5,Boise St.,College Stats,LawrDe00,2014.0,40.476190476190474
2.0,35.0,CLE,Joel Bitonio,G,22.0,2025.0,2.0,7.0,10.0,75.0,75.0,178.0,0.0,0.0,0.0,0.0,0.0,0.0,0.0,0.0,0.0,0.0,0.0,3.0,,,Nevada,College Stats,BitoJo00,2014.0,35.95238095238095
2.0,36.0,OAK,Derek Carr,QB,23.0,2024.0,0.0,4.0,11.0,93.0,80.0,169.0,3765.0,5785.0,41245.0,257.0,112.0,327.0,956.0,7.0,1.0,-9.0,0.0,,,,Fresno St.,College Stats,CarrDe02,2014.0,52.42857142857143
2.0,37.0,ATL,Ra'Shede Hageman,DT,24.0,2016.0,0.0,0.0,1.0,8.0,8.0,44.0,0.0,0.0,0.0,0.0,0.0,0.0,0.0,0.0,0.0,0.0,0.0,41.0,,4.0,Minnesota,College Stats,HageRa00,2014.0,-27.42857142857143
2.0,38.0,TAM,Austin Seferian-Jenkins,TE,21.0,2018.0,0.0,0.0,2.0,9.0,5.0,43.0,0.0,0.0,0.0,0.0,0.0,0.0,0.0,0.0,116.0,1160.0,11.0,,,,Washington,College Stats,SefeAu00,2014.0,-15.857142857142858
2.0,39.0,JAX,Marqise Lee,WR,22.0,2019.0,0.0,0.0,2.0,17.0,17.0,59.0,1.0,2.0,20.0,1.0,0.0,16.0,100.0,0.0,174.0,2184.0,8.0,,,,USC,College Stats,LeexMa00,2014.0,-15.714285714285715
2.0,40.0,DET,Kyle Van Noy,LB,23.0,2025.0,0.0,1.0,7.0,62.0,4.0,173.0,0.0,0.0,0.0,0.0,0.0,0.0,0.0,0.0,0.0,0.0,0.0,375.0,4.0,57.0,BYU,College Stats,VanNKy00,2014.0,38.57142857142857
2.0,41.0,STL,Lamarcus Joyner,DB,23.0,2022.0,0.0,0.0,4.0,26.0,15.0,110.0,0.0,0.0,0.0,0.0,0.0,0.0,0.0,0.0,0.0,0.0,0.0,361.0,7.0,5.0,Florida St.,College Stats,JoynLa00,2014.0,-2.7142857142857153
2.0,42.0,PHI,Jordan Matthews,WR,22.0,2024.0,0.0,0.0,3.0,23.0,21.0,81.0,0.0,0.0,0.0,0.0,0.0,0.0,0.0,0.0,274.0,3288.0,22.0,,,,Vanderbilt,College Stats,MattJo00,2014.0,-5.61904761904762
2.0,43.0,NYG,Weston Richburg,OL,23.0,2019.0,0.0,0.0,5.0,33.0,21.0,79.0,0.0,0.0,0.0,0.0,0.0,0.0,0.0,0.0,0.0,0.0,0.0,,,,Colorado St.,College Stats,RichWe00,2014.0,9.904761904761905
2.0,44.0,BUF,Cyrus Kouandjio,T,21.0,2018.0,0.0,0.0,0.0,6.0,5.0,30.0,0.0,0.0,0.0,0.0,0.0,0.0,0.0,0.0,0.0,0.0,0.0,,,,Alabama,College Stats,KouaCy00,2014.0,-22.0
2.0,45.0,SEA,Paul Richardson,WR,22.0,2019.0,0.0,0.0,3.0,14.0,11.0,64.0,0.0,0.0,0.0,0.0,0.0,4.0,14.0,0.0,143.0,1809.0,12.0,2.0,,,Colorado,College Stats,RichPa01,2014.0,-12.80952380952381
2.0,46.0,PIT,Stephon Tuitt,DE,21.0,2020.0,0.0,0.0,6.0,38.0,38.0,91.0,0.0,0.0,0.0,0.0,0.0,0.0,0.0,0.0,0.0,0.0,0.0,176.0,1.0,34.5,Notre Dame,College Stats,TuitSt00,2014.0,9.38095238095238
2.0,47.0,WAS,Trent Murphy,LB,23.0,2020.0,0.0,0.0,4.0,33.0,11.0,86.0,0.0,0.0,0.0,0.0,0.0,0.0,0.0,0.0,0.0,0.0,0.0,117.0,1.0,26.0,Stanford,College Stats,MurpTr00,2014.0,-0.047619047619051
2.0,48.0,BAL,Timmy Jernigan,DT,21.0,2020.0,0.0,0.0,4.0,25.0,14.0,76.0,0.0,0.0,0.0,0.0,0.0,0.0,0.0,0.0,0.0,0.0,0.0,70.0,1.0,17.5,Florida St.,College Stats,JernTi00,2014.0,-3.80952380952381
2.0,49.0,NYJ,Jace Amaro,TE,22.0,2016.0,0.0,0.0,0.0,4.0,3.0,17.0,0.0,0.0,0.0,0.0,0.0,0.0,0.0,0.0,41.0,404.0,2.0,,,,Texas Tech,College Stats,AmarJa00,2014.0,-19.6
2.0,50.0,SDG,Jeremiah Attaochu,LB,21.0,2022.0,0.0,0.0,1.0,15.0,8.0,82.0,0.0,0.0,0.0,0.0,0.0,0.0,0.0,0.0,0.0,0.0,0.0,116.0,,20.5,Georgia Tech,College Stats,AttaJe00,2014.0,-13.714285714285715
2.0,51.0,CHI,Ego Ferguson,DT,22.0,2015.0,0.0,0.0,0.0,2.0,2.0,20.0,0.0,0.0,0.0,0.0,0.0,0.0,0.0,0.0,0.0,0.0,0.0,13.0,,2.0,LSU,College Stats,FergEg00,2014.0,-23.842105263157894
2.0,52.0,ARI,Troy Niklas,TE,21.0,2017.0,0.0,0.0,1.0,1.0,1.0,41.0,0.0,0.0,0.0,0.0,0.0,0.0,0.0,0.0,19.0,203.0,3.0,7.0,,,Notre Dame,College Stats,NiklTr00,2014.0,-22.666666666666668
2.0,53.0,GNB,Davante Adams,WR,21.0,2025.0,3.0,6.0,10.0,92.0,59.0,178.0,0.0,0.0,0.0,0.0,0.0,3.0,-1.0,0.0,1017.0,12633.0,117.0,2.0,,,Fresno St.,College Stats,AdamDa01,2014.0,65.85714285714286
2.0,54.0,TEN,Bishop Sankey,RB,21.0,2015.0,0.0,0.0,1.0,6.0,6.0,29.0,0.0,0.0,0.0,0.0,0.0,199.0,762.0,3.0,32.0,272.0,1.0,,,,Washington,College Stats,SankBi00,2014.0,-16.904761904761905
2.0,55.0,CIN,Jeremy Hill,RB,21.0,2018.0,0.0,0.0,3.0,21.0,21.0,55.0,0.0,0.0,0.0,0.0,0.0,708.0,2898.0,29.0,68.0,490.0,1.0,,,,LSU,College Stats,HillJe01,2014.0,-12.047619047619051
2.0,56.0,DEN,Cody Latimer,WR,21.0,2019.0,0.0,0.0,1.0,6.0,3.0,66.0,0.0,0.0,0.0,0.0,0.0,2.0,1.0,0.0,70.0,935.0,6.0,14.0,,,Indiana,College Stats,LatiCo00,2014.0,-14.578947368421051
2.0,57.0,SFO,Carlos Hyde,RB,23.0,2021.0,0.0,0.0,4.0,32.0,18.0,102.0,0.0,0.0,0.0,0.0,0.0,1225.0,4979.0,37.0,157.0,867.0,3.0,,,,Ohio St.,College Stats,HydeCa00,2014.0,9.19047619047619
2.0,58.0,NOR,Stanley Jean-Baptiste,DB,24.0,2017.0,0.0,0.0,0.0,0.0,0.0,5.0,0.0,0.0,0.0,0.0,0.0,0.0,0.0,0.0,0.0,0.0,0.0,1.0,,,Nebraska,College Stats,JeanSt00,2014.0,-24.523809523809526
2.0,59.0,IND,Jack Mewhort,T,23.0,2017.0,0.0,0.0,4.0,22.0,22.0,45.0,0.0,0.0,0.0,0.0,0.0,0.0,0.0,0.0,0.0,0.0,0.0,,,,Ohio St.,College Stats,MewhJa00,2014.0,0.0952380952380949
2.0,60.0,CAR,Kony Ealy,DE,22.0,2018.0,0.0,0.0,0.0,12.0,10.0,65.0,0.0,0.0,0.0,0.0,0.0,0.0,0.0,0.0,0.0,0.0,0.0,53.0,2.0,15.0,Missouri,College Stats,EalyKo00,2014.0,-13.095238095238095
2.0,61.0,JAX,Allen Robinson,WR,21.0,2024.0,0.0,1.0,8.0,48.0,18.0,139.0,0.0,0.0,0.0,0.0,0.0,3.0,10.0,0.0,565.0,7058.0,43.0,2.0,,,Penn St.,College Stats,RobiAl02,2014.0,19.142857142857142
2.0,62.0,NWE,Jimmy Garoppolo,QB,22.0,2025.0,0.0,0.0,3.0,47.0,2.0,85.0,1304.0,1936.0,15828.0,96.0,52.0,196.0,259.0,7.0,2.0,-3.0,0.0,,,,Eastern Illinois,,GaroJi00,2014.0,21.25
2.0,63.0,MIA,Jarvis Landry,WR,21.0,2022.0,0.0,5.0,8.0,56.0,28.0,132.0,6.0,9.0,146.0,1.0,0.0,40.0,239.0,5.0,713.0,7870.0,38.0,7.0,,,LSU,College Stats,LandJa00,2014.0,25.1
2.0,64.0,SEA,Justin Britt,T,23.0,2022.0,0.0,0.0,7.0,41.0,39.0,99.0,0.0,0.0,0.0,0.0,0.0,0.0,0.0,0.0,0.0,0.0,0.0,,,,Missouri,College Stats,BritJu00,2014.0,11.095238095238095
3.0,65.0,HOU,C.J. Fiedorowicz,TE,22.0,2017.0,0.0,0.0,2.0,6.0,6.0,51.0,0.0,0.0,0.0,0.0,0.0,0.0,0.0,0.0,89.0,881.0,6.0,,,,Iowa,College Stats,FiedC.00,2014.0,-19.9
3.0,66.0,WAS,Morgan Moses,OL,23.0,2025.0,0.0,0.0,10.0,65.0,36.0,183.0,0.0,0.0,0.0,0.0,0.0,0.0,0.0,0.0,0.0,0.0,0.0,1.0,,,Virginia,College Stats,MoseMo00,2014.0,39.523809523809526
3.0,67.0,MIA,Billy Turner,T,22.0,2023.0,0.0,0.0,5.0,35.0,5.0,105.0,0.0,0.0,0.0,0.0,0.0,0.0,0.0,0.0,0.0,0.0,0.0,,,,North Dakota St.,,TurnBi00,2014.0,16.05
3.0,68.0,ATL,Dezmen Southward,DB,23.0,2017.0,0.0,0.0,0.0,1.0,1.0,20.0,0.0,0.0,0.0,0.0,0.0,0.0,0.0,0.0,0.0,0.0,0.0,17.0,1.0,1.0,Wisconsin,College Stats,SoutDe00,2014.0,-15.476190476190474
3.0,69.0,TAM,Charles Sims,RB,23.0,2017.0,0.0,0.0,0.0,13.0,13.0,47.0,0.0,0.0,0.0,0.0,0.0,245.0,958.0,2.0,129.0,1190.0,6.0,,,,West Virginia,College Stats,SimsCh00,2014.0,-13.571428571428573
3.0,70.0,SFO,Marcus Martin,C,20.0,2020.0,0.0,0.0,2.0,11.0,11.0,29.0,0.0,0.0,0.0,0.0,0.0,0.0,0.0,0.0,0.0,0.0,0.0,,,,USC,College Stats,MartMa01,2014.0,-11.904761904761905
3.0,71.0,CLE,Christian Kirksey,LB,22.0,2022.0,0.0,0.0,5.0,40.0,22.0,114.0,0.0,0.0,0.0,0.0,0.0,0.0,0.0,0.0,0.0,0.0,0.0,487.0,7.0,16.5,Iowa,College Stats,KirkCh00,2014.0,12.142857142857142
3.0,72.0,MIN,Scott Crichton,DE,22.0,2015.0,0.0,0.0,0.0,2.0,2.0,21.0,0.0,0.0,0.0,0.0,0.0,0.0,0.0,0.0,0.0,0.0,0.0,8.0,,,Oregon St.,College Stats,CricSc00,2014.0,-16.6
3.0,73.0,BUF,Preston Brown,LB,21.0,2019.0,0.0,0.0,6.0,34.0,28.0,81.0,0.0,0.0,0.0,0.0,0.0,0.0,0.0,0.0,0.0,0.0,0.0,350.0,5.0,1.0,Louisville,College Stats,BrowPr00,2014.0,9.476190476190474
3.0,74.0,NYG,Jay Bromley,DT,22.0,2018.0,0.0,0.0,0.0,5.0,5.0,57.0,0.0,0.0,0.0,0.0,0.0,0.0,0.0,0.0,0.0,0.0,0.0,50.0,,2.0,Syracuse,College Stats,BromJa00,2014.0,-13.428571428571427
3.0,75.0,STL,Tre Mason,RB,21.0,2015.0,0.0,0.0,1.0,8.0,8.0,25.0,0.0,0.0,0.0,0.0,0.0,254.0,972.0,5.0,34.0,236.0,1.0,,,,Auburn,College Stats,MasoTr00,2014.0,-15.45
3.0,76.0,DET,Travis Swanson,C,23.0,2018.0,0.0,0.0,4.0,23.0,20.0,65.0,0.0,0.0,0.0,0.0,0.0,0.0,0.0,0.0,0.0,0.0,0.0,1.0,,,Arkansas,College Stats,SwanTr00,2014.0,1.6499999999999986
3.0,77.0,SFO,Chris Borland,LB,23.0,2014.0,0.0,0.0,1.0,6.0,6.0,14.0,0.0,0.0,0.0,0.0,0.0,0.0,0.0,0.0,0.0,0.0,0.0,84.0,2.0,1.0,Wisconsin,College Stats,BorlCh00,2014.0,-12.952380952380953
3.0,78.0,WAS,Spencer Long,G,23.0,2019.0,0.0,0.0,3.0,22.0,16.0,67.0,0.0,0.0,0.0,0.0,0.0,0.0,0.0,0.0,0.0,0.0,0.0,,,,Nebraska,College Stats,LongSp00,2014.0,-3.8571428571428577
3.0,79.0,BAL,Terrence Brooks,DB,22.0,2021.0,0.0,0.0,0.0,8.0,2.0,105.0,0.0,0.0,0.0,0.0,0.0,0.0,0.0,0.0,0.0,0.0,0.0,94.0,4.0,,Florida St.,College Stats,BrooTe00,2014.0,-8.7
3.0,80.0,NYJ,Dexter McDougle,DB,23.0,2018.0,0.0,0.0,0.0,2.0,1.0,31.0,0.0,0.0,0.0,0.0,0.0,0.0,0.0,0.0,0.0,0.0,0.0,13.0,,,Maryland,College Stats,McDoDe00,2014.0,-9.238095238095237
3.0,81.0,OAK,Gabe Jackson,G,23.0,2023.0,0.0,0.0,9.0,47.0,36.0,136.0,0.0,0.0,0.0,0.0,0.0,0.0,0.0,0.0,2.0,-5.0,0.0,,,,Mississippi St.,College Stats,JackGa00,2014.0,22.0
3.0,82.0,CHI,Will Sutton,DT,22.0,2016.0,0.0,0.0,2.0,8.0,8.0,36.0,0.0,0.0,0.0,0.0,0.0,0.0,0.0,0.0,0.0,0.0,0.0,39.0,,,Arizona St.,College Stats,SuttWi00,2014.0,-5.449999999999999
3.0,83.0,HOU,Louis Nix,DT,23.0,2015.0,0.0,0.0,0.0,0.0,,4.0,0.0,0.0,0.0,0.0,0.0,0.0,0.0,0.0,0.0,0.0,0.0,,,,Notre Dame,College Stats,NixILo00,2014.0,-23.761904761904763
3.0,84.0,ARI,Kareem Martin,DE,22.0,2020.0,0.0,0.0,2.0,12.0,9.0,78.0,0.0,0.0,0.0,0.0,0.0,0.0,0.0,0.0,0.0,0.0,0.0,66.0,1.0,5.0,North Carolina,College Stats,MartKa00,2014.0,-13.428571428571427
3.0,85.0,GNB,Khyri Thornton,DT,24.0,2017.0,0.0,0.0,0.0,3.0,,23.0,0.0,0.0,0.0,0.0,0.0,0.0,0.0,0.0,0.0,0.0,0.0,20.0,,1.0,Southern Miss,College Stats,ThorKh00,2014.0,-9.0
3.0,86.0,PHI,Josh Huff,WR,22.0,2016.0,0.0,0.0,0.0,6.0,6.0,37.0,0.0,1.0,0.0,0.0,0.0,5.0,22.0,0.0,51.0,523.0,4.0,4.0,,,Oregon,College Stats,HuffJo00,2014.0,-14.0
3.0,87.0,KAN,Phillip Gaines,DB,23.0,2020.0,0.0,0.0,1.0,10.0,6.0,70.0,0.0,0.0,0.0,0.0,0.0,0.0,0.0,0.0,0.0,0.0,0.0,151.0,1.0,,Rice,College Stats,GainPh00,2014.0,-1.4761904761904763
3.0,88.0,CIN,Will Clarke,DE,23.0,2018.0,0.0,0.0,0.0,6.0,4.0,53.0,0.0,0.0,0.0,0.0,0.0,0.0,0.0,0.0,0.0,0.0,0.0,27.0,,7.0,West Virginia,College Stats,ClarWi00,2014.0,-14.19047619047619
3.0,89.0,SDG,Chris Watt,G,24.0,2015.0,0.0,0.0,0.0,5.0,5.0,17.0,0.0,0.0,0.0,0.0,0.0,0.0,0.0,0.0,0.0,0.0,0.0,,,,Notre Dame,College Stats,WattCh00,2014.0,-14.0
3.0,90.0,IND,Donte Moncrief,WR,21.0,2020.0,0.0,0.0,3.0,18.0,15.0,83.0,0.0,0.0,0.0,0.0,0.0,6.0,20.0,0.0,205.0,2576.0,21.0,1.0,,,Mississippi,College Stats,MoncDo00,2014.0,3.8571428571428577
3.0,91.0,ARI,John Brown,WR,24.0,2022.0,0.0,0.0,5.0,36.0,19.0,103.0,1.0,1.0,28.0,1.0,0.0,13.0,47.0,0.0,321.0,4790.0,32.0,,,,Pittsburg St.,,BrowJo02,2014.0,10.3
3.0,92.0,CAR,Trai Turner,OL,21.0,2022.0,0.0,5.0,9.0,51.0,41.0,126.0,0.0,0.0,0.0,0.0,0.0,0.0,0.0,0.0,0.0,0.0,0.0,,,,LSU,College Stats,TurnTr01,2014.0,26.2
3.0,93.0,JAX,Brandon Linder,OL,22.0,2021.0,0.0,0.0,6.0,31.0,31.0,88.0,0.0,0.0,0.0,0.0,0.0,0.0,0.0,0.0,0.0,0.0,0.0,1.0,,,Miami (FL),College Stats,LindBr00,2014.0,18.80952380952381
3.0,94.0,CLE,Terrance West,RB,23.0,2017.0,0.0,0.0,2.0,11.0,3.0,43.0,0.0,0.0,0.0,0.0,0.0,465.0,1816.0,11.0,51.0,344.0,2.0,,,,Towson,,WestTe00,2014.0,-8.850000000000001
3.0,95.0,DEN,Michael Schofield,OL,23.0,2023.0,0.0,0.0,5.0,38.0,10.0,113.0,0.0,0.0,0.0,0.0,0.0,0.0,0.0,0.0,0.0,0.0,0.0,1.0,,,Michigan,College Stats,SchoMi00,2014.0,22.210526315789473
3.0,96.0,MIN,Jerick McKinnon,RB,22.0,2023.0,0.0,0.0,1.0,32.0,20.0,116.0,1.0,2.0,4.0,1.0,0.0,660.0,2650.0,14.0,269.0,2048.0,20.0,8.0,,,Georgia Southern,,McKiJe00,2014.0,18.38095238095238
3.0,97.0,PIT,Dri Archer,WR,23.0,2015.0,0.0,0.0,0.0,0.0,0.0,20.0,0.0,0.0,0.0,0.0,0.0,10.0,40.0,0.0,7.0,23.0,0.0,,,,Kent St.,College Stats,ArchDr00,2014.0,-12.857142857142858
3.0,98.0,GNB,Richard Rodgers,TE,22.0,2022.0,0.0,0.0,2.0,14.0,11.0,98.0,0.0,0.0,0.0,0.0,0.0,1.0,11.0,0.0,148.0,1533.0,15.0,2.0,,,California,College Stats,RodgRi00,2014.0,-7.0476190476190474
3.0,99.0,BAL,Crockett Gillmore,TE,22.0,2016.0,0.0,0.0,1.0,4.0,4.0,32.0,0.0,0.0,0.0,0.0,0.0,0.0,0.0,0.0,51.0,604.0,6.0,,,,Colorado St.,College Stats,GillCr00,2014.0,-13.857142857142858
3.0,100.0,SFO,Brandon Thomas,OL,23.0,,0.0,0.0,0.0,,,,,,,,,,,,,,,,,,Clemson,College Stats,ThomBr02,2014.0,
4.0,101.0,PHI,Jaylen Watkins,DB,22.0,2020.0,0.0,0.0,0.0,5.0,3.0,53.0,0.0,0.0,0.0,0.0,0.0,0.0,0.0,0.0,0.0,0.0,0.0,75.0,,,Florida,College Stats,WatkJa01,2014.0,-7.199999999999999
4.0,102.0,WAS,Bashaud Breeland,DB,22.0,2021.0,0.0,0.0,7.0,34.0,20.0,107.0,0.0,0.0,0.0,0.0,0.0,0.0,0.0,0.0,0.0,0.0,0.0,345.0,16.0,1.0,Clemson,College Stats,BreeBa00,2014.0,13.571428571428573
4.0,103.0,ATL,Devonta Freeman,RB,22.0,2021.0,0.0,2.0,4.0,49.0,45.0,98.0,0.0,0.0,0.0,0.0,0.0,1138.0,4720.0,38.0,298.0,2263.0,12.0,4.0,,,Florida St.,College Stats,FreeDe00,2014.0,32.38095238095238
4.0,104.0,NYJ,Jalen Saunders,WR,21.0,2014.0,0.0,0.0,0.0,0.0,0.0,9.0,0.0,0.0,0.0,0.0,0.0,0.0,0.0,0.0,1.0,7.0,0.0,1.0,,,Oklahoma,College Stats,SaunJa00,2014.0,-14.5
4.0,105.0,NWE,Bryan Stork,C,23.0,2015.0,0.0,0.0,1.0,11.0,11.0,21.0,0.0,0.0,0.0,0.0,0.0,0.0,0.0,0.0,0.0,0.0,0.0,,,,Florida St.,College Stats,StorBr00,2014.0,-6.399999999999999
4.0,106.0,SFO,Bruce Ellington,WR,23.0,2018.0,0.0,0.0,0.0,7.0,2.0,44.0,0.0,1.0,0.0,0.0,0.0,11.0,54.0,1.0,79.0,769.0,5.0,2.0,,,South Carolina,College Stats,ElliBr00,2014.0,-8.142857142857142
4.0,107.0,OAK,Justin Ellis,DT,23.0,2022.0,0.0,0.0,3.0,25.0,19.0,117.0,0.0,0.0,0.0,0.0,0.0,0.0,0.0,0.0,0.0,0.0,0.0,100.0,,1.5,Louisiana Tech,College Stats,ElliJu01,2014.0,15.761904761904763
4.0,108.0,SEA,Cassius Marsh,DE,22.0,2021.0,0.0,0.0,0.0,13.0,5.0,96.0,0.0,0.0,0.0,0.0,0.0,0.0,0.0,0.0,0.0,0.0,0.0,132.0,,15.0,UCLA,College Stats,MarsCa00,2014.0,-9.578947368421051
4.0,109.0,BUF,Ross Cockrell,DB,23.0,2021.0,0.0,0.0,3.0,20.0,0.0,97.0,0.0,0.0,0.0,0.0,0.0,0.0,0.0,0.0,0.0,0.0,0.0,205.0,7.0,,Duke,College Stats,CockRo00,2014.0,-3.0476190476190474
4.0,110.0,STL,Maurice Alexander,DB,23.0,2019.0,0.0,0.0,1.0,11.0,10.0,57.0,0.0,0.0,0.0,0.0,0.0,0.0,0.0,0.0,0.0,0.0,0.0,102.0,2.0,3.0,Utah St.,College Stats,AlexMa00,2014.0,0.7619047619047628
4.0,111.0,CIN,Russell Bodine,C,22.0,2018.0,0.0,0.0,5.0,30.0,28.0,74.0,0.0,0.0,0.0,0.0,0.0,0.0,0.0,0.0,0.0,0.0,0.0,,,,North Carolina,College Stats,BodiRu00,2014.0,19.047619047619047
4.0,112.0,TEN,DaQuan Jones,DT,22.0,2025.0,0.0,0.0,9.0,60.0,34.0,167.0,0.0,0.0,0.0,0.0,0.0,0.0,0.0,0.0,0.0,0.0,0.0,207.0,1.0,20.0,Penn St.,College Stats,JoneDa04,2014.0,41.15789473684211
4.0,113.0,NYG,Andre Williams,RB,22.0,2017.0,0.0,0.0,0.0,7.0,6.0,41.0,0.0,0.0,0.0,0.0,0.0,332.0,1090.0,8.0,19.0,137.0,0.0,2.0,,,Boston Col.,College Stats,WillAn00,2014.0,-9.0
4.0,114.0,JAX,Aaron Colvin,DB,22.0,2019.0,0.0,0.0,1.0,16.0,13.0,65.0,0.0,0.0,0.0,0.0,0.0,0.0,0.0,0.0,0.0,0.0,0.0,174.0,,5.0,Oklahoma,College Stats,ColvAa00,2014.0,4.052631578947368
4.0,115.0,NYJ,Shaquelle Evans,WR,23.0,,0.0,0.0,0.0,,,,,,,,,,,,,,,,,,UCLA,College Stats,EvanSh00,2014.0,
4.0,116.0,OAK,Keith McGill,DB,25.0,2017.0,0.0,0.0,0.0,4.0,4.0,54.0,0.0,0.0,0.0,0.0,0.0,0.0,0.0,0.0,0.0,0.0,0.0,34.0,,,Utah,College Stats,McGiKe00,2014.0,-7.9523809523809526
4.0,117.0,CHI,Ka'Deem Carey,RB,21.0,2016.0,0.0,0.0,0.0,3.0,3.0,37.0,0.0,0.0,0.0,0.0,0.0,111.0,443.0,2.0,13.0,131.0,1.0,1.0,,,Arizona,College Stats,CareKa00,2014.0,-12.0
4.0,118.0,PIT,Martavis Bryant,WR,22.0,2018.0,0.0,0.0,1.0,19.0,17.0,44.0,0.0,0.0,0.0,0.0,0.0,17.0,94.0,1.0,145.0,2183.0,17.0,,,,Clemson,College Stats,BryaMa00,2014.0,4.25
4.0,119.0,DAL,Anthony Hitchens,LB,22.0,2021.0,0.0,0.0,7.0,41.0,21.0,119.0,0.0,0.0,0.0,0.0,0.0,0.0,0.0,0.0,0.0,0.0,0.0,410.0,2.0,5.5,Iowa,College Stats,HitcAn00,2014.0,25.333333333333336
4.0,120.0,ARI,Logan Thomas,QB,23.0,2023.0,0.0,0.0,3.0,15.0,0.0,94.0,3.0,11.0,124.0,1.0,0.0,4.0,7.0,0.0,219.0,2002.0,16.0,10.0,,,Virginia Tech,College Stats,ThomLo00,2014.0,-4.25
4.0,121.0,GNB,Carl Bradford,LB,22.0,2016.0,0.0,0.0,0.0,0.0,0.0,6.0,0.0,0.0,0.0,0.0,0.0,0.0,0.0,0.0,0.0,0.0,0.0,4.0,,,Arizona St.,College Stats,BradCa01,2014.0,-8.157894736842104
4.0,122.0,TEN,Marqueston Huff,DB,22.0,2016.0,0.0,0.0,0.0,4.0,3.0,41.0,0.0,0.0,0.0,0.0,0.0,0.0,0.0,0.0,0.0,0.0,0.0,25.0,1.0,1.0,Wyoming,College Stats,HuffMa00,2014.0,-11.842105263157896
4.0,123.0,SEA,Kevin Norwood,WR,24.0,2015.0,0.0,0.0,0.0,1.0,1.0,10.0,0.0,0.0,0.0,0.0,0.0,0.0,0.0,0.0,9.0,102.0,0.0,1.0,,,Alabama,College Stats,NorwKe00,2014.0,-12.7
4.0,124.0,KAN,De'Anthony Thomas,RB,21.0,2019.0,0.0,0.0,0.0,7.0,7.0,69.0,0.0,0.0,0.0,0.0,0.0,31.0,191.0,2.0,65.0,509.0,4.0,12.0,,,Oregon,College Stats,ThomDe05,2014.0,-6.428571428571429
4.0,125.0,MIA,Walt Aikens,DB,23.0,2019.0,0.0,0.0,0.0,6.0,6.0,93.0,0.0,0.0,0.0,0.0,0.0,0.0,0.0,0.0,0.0,0.0,0.0,70.0,2.0,,Liberty,,AikeWa00,2014.0,-8.578947368421053
4.0,126.0,NOR,Khairi Fortt,LB,22.0,2014.0,0.0,0.0,0.0,0.0,,3.0,0.0,0.0,0.0,0.0,0.0,0.0,0.0,0.0,0.0,0.0,0.0,1.0,,,California,College Stats,FortKh00,2014.0,-24.35
4.0,127.0,CLE,Pierre Desir,DB,23.0,2021.0,0.0,0.0,3.0,18.0,2.0,85.0,0.0,0.0,0.0,0.0,0.0,0.0,0.0,0.0,0.0,0.0,0.0,226.0,10.0,,Lindenwood,,DesiPi00,2014.0,9.15
4.0,128.0,CAR,Tre Boston,DB,22.0,2020.0,0.0,0.0,4.0,28.0,17.0,104.0,0.0,0.0,0.0,0.0,0.0,0.0,0.0,0.0,0.0,0.0,0.0,313.0,15.0,3.0,North Carolina,College Stats,BostTr00,2014.0,9.399999999999999
4.0,129.0,SFO,Dontae Johnson,DB,22.0,2022.0,0.0,0.0,1.0,15.0,15.0,105.0,0.0,0.0,0.0,0.0,0.0,0.0,0.0,0.0,0.0,0.0,0.0,175.0,2.0,1.0,North Carolina St.,College Stats,JohnDo02,2014.0,5.15
4.0,130.0,NWE,James White,RB,22.0,2021.0,0.0,0.0,0.0,37.0,37.0,95.0,1.0,1.0,35.0,0.0,0.0,319.0,1278.0,11.0,381.0,3278.0,25.0,,,,Wisconsin,College Stats,WhitJa02,2014.0,20.27777777777778
4.0,131.0,CHI,Brock Vereen,DB,22.0,2015.0,0.0,0.0,0.0,2.0,2.0,19.0,0.0,0.0,0.0,0.0,0.0,0.0,0.0,0.0,0.0,0.0,0.0,30.0,1.0,,Minnesota,College Stats,VereBr00,2014.0,-11.789473684210526
4.0,132.0,SEA,Kevin Pierre-Louis,LB,22.0,2022.0,0.0,0.0,1.0,15.0,3.0,95.0,0.0,0.0,0.0,0.0,0.0,0.0,0.0,0.0,0.0,0.0,0.0,134.0,1.0,2.0,Boston Col.,College Stats,PierKe00,2014.0,4.294117647058824
4.0,133.0,DET,Nevin Lawson,DB,23.0,2021.0,0.0,0.0,5.0,22.0,17.0,100.0,0.0,0.0,0.0,0.0,0.0,0.0,0.0,0.0,0.0,0.0,0.0,260.0,1.0,2.0,Utah St.,College Stats,LawsNe00,2014.0,11.142857142857142
4.0,134.0,BAL,Brent Urban,DT,23.0,2025.0,0.0,0.0,2.0,24.0,18.0,137.0,0.0,0.0,0.0,0.0,0.0,0.0,0.0,0.0,0.0,0.0,0.0,102.0,,10.5,Virginia,College Stats,UrbaBr00,2014.0,8.588235294117647
4.0,135.0,HOU,Tom Savage,QB,24.0,2017.0,0.0,0.0,1.0,3.0,3.0,13.0,181.0,315.0,2000.0,5.0,7.0,16.0,8.0,0.0,0.0,0.0,0.0,,,,Pittsburgh,College Stats,SavaTo00,2014.0,-21.444444444444443
4.0,136.0,DET,Larry Webster,DE,24.0,2016.0,0.0,0.0,0.0,0.0,,1.0,0.0,0.0,0.0,0.0,0.0,0.0,0.0,0.0,0.0,0.0,0.0,1.0,,,Bloomsburg,,WebsLa00,2014.0,-8.8
4.0,137.0,NYJ,Dakota Dozier,OL,23.0,2021.0,0.0,0.0,1.0,13.0,3.0,76.0,0.0,0.0,0.0,0.0,0.0,0.0,0.0,0.0,0.0,0.0,0.0,1.0,,,Furman,,DoziDa00,2014.0,-7.94736842105263
4.0,138.0,BAL,Lorenzo Taliaferro,RB,22.0,2016.0,0.0,0.0,0.0,3.0,3.0,19.0,0.0,0.0,0.0,0.0,0.0,82.0,339.0,5.0,16.0,153.0,0.0,4.0,,,Coastal Carolina,,TaliLo00,2014.0,-10.421052631578947
4.0,139.0,ATL,Prince Shembo,LB,22.0,2014.0,0.0,0.0,0.0,2.0,2.0,16.0,0.0,0.0,0.0,0.0,0.0,0.0,0.0,0.0,0.0,0.0,0.0,33.0,,,Notre Dame,College Stats,ShemPr00,2014.0,-5.857142857142857
4.0,140.0,NWE,Cameron Fleming,T,22.0,2024.0,0.0,0.0,2.0,30.0,13.0,118.0,0.0,0.0,0.0,0.0,0.0,0.0,0.0,0.0,0.0,0.0,0.0,2.0,,,Stanford,College Stats,FlemCa00,2014.0,18.523809523809526
5.0,141.0,PHI,Taylor Hart,DE,23.0,2016.0,0.0,0.0,0.0,1.0,1.0,15.0,0.0,0.0,0.0,0.0,0.0,0.0,0.0,0.0,0.0,0.0,0.0,13.0,,,Oregon,College Stats,HartTa00,2014.0,-7.666666666666666
5.0,142.0,WAS,Ryan Grant,WR,23.0,2019.0,0.0,0.0,1.0,10.0,7.0,80.0,0.0,0.0,0.0,0.0,0.0,0.0,0.0,0.0,123.0,1333.0,7.0,2.0,,,Tulane,College Stats,GranRy01,2014.0,-5.684210526315789
5.0,143.0,TAM,Kadeem Edwards,OL,23.0,,0.0,0.0,0.0,,,,,,,,,,,,,,,,,,Tennessee St.,,EdwaKa00,2014.0,
5.0,144.0,JAX,Telvin Smith,LB,23.0,2018.0,0.0,1.0,5.0,42.0,42.0,76.0,0.0,0.0,0.0,0.0,0.0,0.0,0.0,0.0,0.0,0.0,0.0,446.0,9.0,7.5,Florida St.,College Stats,SmitTe01,2014.0,30.95
5.0,145.0,MIN,David Yankey,OL,22.0,2016.0,0.0,0.0,0.0,0.0,,6.0,0.0,0.0,0.0,0.0,0.0,0.0,0.0,0.0,0.0,0.0,0.0,,,,Stanford,College Stats,YankDa00,2014.0,-10.5
5.0,146.0,DAL,Devin Street,WR,23.0,2016.0,0.0,0.0,0.0,1.0,1.0,36.0,0.0,0.0,0.0,0.0,0.0,0.0,0.0,0.0,10.0,152.0,1.0,,,,Pittsburgh,College Stats,StreDe00,2014.0,-24.45
5.0,147.0,ATL,Ricardo Allen,DB,22.0,2021.0,0.0,0.0,5.0,25.0,24.0,91.0,0.0,0.0,0.0,0.0,0.0,0.0,0.0,0.0,0.0,0.0,0.0,256.0,11.0,1.0,Purdue,College Stats,AlleRi00,2014.0,14.625
5.0,148.0,CAR,Bene Benwikere,DB,23.0,2018.0,0.0,0.0,1.0,10.0,6.0,54.0,0.0,0.0,0.0,0.0,0.0,0.0,0.0,0.0,0.0,0.0,0.0,119.0,3.0,1.5,San Jose St.,College Stats,BenwBe00,2014.0,2.578947368421052
5.0,149.0,TAM,Kevin Pamphile,T,23.0,2018.0,0.0,0.0,2.0,16.0,15.0,56.0,0.0,0.0,0.0,0.0,0.0,0.0,0.0,0.0,0.0,0.0,0.0,,,,Purdue,,PampKe00,2014.0,0.9000000000000004
5.0,150.0,SFO,Aaron Lynch,DE,21.0,2020.0,0.0,0.0,1.0,14.0,10.0,81.0,0.0,0.0,0.0,0.0,0.0,0.0,0.0,0.0,0.0,0.0,0.0,86.0,1.0,21.0,South Florida,College Stats,LyncAa00,2014.0,5.2631578947368425
5.0,151.0,TEN,Avery Williamson,LB,22.0,2021.0,0.0,0.0,5.0,38.0,25.0,96.0,0.0,0.0,0.0,0.0,0.0,0.0,0.0,0.0,0.0,0.0,0.0,392.0,4.0,15.5,Kentucky,College Stats,WillAv00,2014.0,24.944444444444443
5.0,152.0,NYG,Nat Berhe,DB,23.0,2018.0,0.0,0.0,0.0,3.0,3.0,42.0,0.0,0.0,0.0,0.0,0.0,1.0,2.0,0.0,0.0,0.0,0.0,38.0,,1.0,San Diego St.,College Stats,BerhNa00,2014.0,-6.125
5.0,153.0,BUF,Cyril Richardson,G,23.0,2014.0,0.0,0.0,0.0,2.0,2.0,12.0,0.0,0.0,0.0,0.0,0.0,0.0,0.0,0.0,0.0,0.0,0.0,,,,Baylor,College Stats,RichCy00,2014.0,-11.38888888888889
5.0,154.0,NYJ,Jeremiah George,LB,22.0,2017.0,0.0,0.0,0.0,3.0,,37.0,0.0,0.0,0.0,0.0,0.0,0.0,0.0,0.0,0.0,0.0,0.0,27.0,,0.5,Iowa St.,College Stats,GeorJe01,2014.0,-15.263157894736842
5.0,155.0,MIA,Arthur Lynch,TE,24.0,,0.0,0.0,0.0,,,,,,,,,,,,,,,,,,Georgia,College Stats,LyncAr00,2014.0,
5.0,156.0,DEN,Lamin Barrow,LB,23.0,2015.0,0.0,0.0,0.0,2.0,1.0,32.0,0.0,0.0,0.0,0.0,0.0,0.0,0.0,0.0,0.0,0.0,0.0,10.0,,,LSU,College Stats,BarrLa00,2014.0,-7.111111111111111
5.0,157.0,PIT,Shaquille Richardson,DB,22.0,,0.0,0.0,0.0,,,,,,,,,,,,,,,,,,Arizona,College Stats,RichSh01,2014.0,
5.0,158.0,DET,Caraun Reid,DT,22.0,2021.0,0.0,0.0,1.0,9.0,6.0,55.0,0.0,0.0,0.0,0.0,0.0,0.0,0.0,0.0,0.0,0.0,0.0,38.0,,3.5,Princeton,,ReidCa00,2014.0,2.5
5.0,159.0,JAX,Chris Smith,DE,22.0,2021.0,0.0,0.0,0.0,8.0,3.0,72.0,0.0,0.0,0.0,0.0,0.0,0.0,0.0,0.0,0.0,0.0,0.0,54.0,,11.0,Arkansas,College Stats,SmitCh03,2014.0,-5.0
5.0,160.0,ARI,Ed Stinson,DE,24.0,2017.0,0.0,0.0,0.0,5.0,5.0,33.0,0.0,0.0,0.0,0.0,0.0,0.0,0.0,0.0,0.0,0.0,0.0,22.0,,1.0,Alabama,College Stats,StinEd00,2014.0,-5.722222222222221
5.0,161.0,GNB,Corey Linsley,C,23.0,2023.0,1.0,1.0,9.0,64.0,47.0,132.0,0.0,0.0,0.0,0.0,0.0,0.0,0.0,0.0,0.0,0.0,0.0,2.0,,,Ohio St.,College Stats,LinsCo00,2014.0,51.833333333333336
5.0,162.0,PHI,Ed Reynolds,DB,22.0,2016.0,0.0,0.0,1.0,4.0,1.0,16.0,0.0,0.0,0.0,0.0,0.0,0.0,0.0,0.0,0.0,0.0,0.0,46.0,1.0,1.0,Stanford,College Stats,ReynEd00,2014.0,-2.1764705882352944
5.0,163.0,KAN,Aaron Murray,QB,23.0,,0.0,0.0,0.0,,,,,,,,,,,,,,,,,,Georgia,College Stats,MurrAa00,2014.0,
5.0,164.0,CIN,A.J. McCarron,QB,23.0,2023.0,0.0,0.0,0.0,4.0,3.0,19.0,113.0,179.0,1192.0,6.0,3.0,22.0,68.0,1.0,0.0,0.0,0.0,,,,Alabama,College Stats,McCaA.00,2014.0,-8.05
5.0,165.0,SDG,Ryan Carrethers,DT,23.0,2016.0,0.0,0.0,0.0,3.0,3.0,24.0,0.0,0.0,0.0,0.0,0.0,0.0,0.0,0.0,0.0,0.0,0.0,29.0,,,Arkansas St.,College Stats,CarrRy00,2014.0,-10.35
5.0,166.0,IND,Jonathan Newsome,LB,23.0,2015.0,0.0,0.0,0.0,4.0,4.0,30.0,0.0,0.0,0.0,0.0,0.0,0.0,0.0,0.0,0.0,0.0,0.0,31.0,,7.5,Ball St.,College Stats,NewsJo00,2014.0,-9.666666666666666
5.0,167.0,NOR,Vinnie Sunseri,DB,22.0,2016.0,0.0,0.0,0.0,0.0,0.0,15.0,0.0,0.0,0.0,0.0,0.0,0.0,0.0,0.0,0.0,0.0,0.0,7.0,,,Alabama,College Stats,SunsVi00,2014.0,-8.764705882352942
5.0,168.0,ATL,Marquis Spruill,LB,23.0,,0.0,0.0,0.0,,,,,,,,,,,,,,,,,,Syracuse,College Stats,SpruMa00,2014.0,
5.0,169.0,NOR,Ronald Powell,LB,23.0,2014.0,0.0,0.0,0.0,1.0,1.0,14.0,0.0,0.0,0.0,0.0,0.0,0.0,0.0,0.0,0.0,0.0,0.0,1.0,,,Florida,College Stats,PoweRo01,2014.0,-10.5
5.0,170.0,SFO,Keith Reaser,DB,23.0,2017.0,0.0,0.0,0.0,2.0,2.0,30.0,0.0,0.0,0.0,0.0,0.0,0.0,0.0,0.0,0.0,0.0,0.0,34.0,,1.0,Florida Atlantic,College Stats,ReasKe00,2014.0,-5.0588235294117645
5.0,171.0,MIA,Jordan Tripp,LB,23.0,2017.0,0.0,0.0,0.0,3.0,1.0,37.0,0.0,0.0,0.0,0.0,0.0,0.0,0.0,0.0,0.0,0.0,0.0,14.0,,,Montana,,TripJo00,2014.0,-3.5882352941176467
5.0,172.0,SEA,Jimmy Staten,DT,23.0,,0.0,0.0,0.0,,,,,,,,,,,,,,,,,,Middle Tenn. St.,,StatJi00,2014.0,
5.0,173.0,PIT,Wesley Johnson,OL,23.0,2018.0,0.0,0.0,1.0,11.0,,51.0,0.0,0.0,0.0,0.0,0.0,0.0,0.0,0.0,1.0,-5.0,0.0,,,,Vanderbilt,College Stats,JohnWe00,2014.0,-0.8571428571428577
5.0,174.0,NYG,Devon Kennard,DE,23.0,2022.0,0.0,0.0,5.0,33.0,13.0,118.0,0.0,0.0,0.0,0.0,0.0,0.0,0.0,0.0,0.0,0.0,0.0,247.0,1.0,26.5,USC,College Stats,KennDe00,2014.0,20.764705882352942
5.0,175.0,BAL,John Urschel,G,23.0,2016.0,0.0,0.0,0.0,7.0,7.0,40.0,0.0,0.0,0.0,0.0,0.0,0.0,0.0,0.0,0.0,0.0,0.0,1.0,,,Penn St.,College Stats,UrscJo00,2014.0,-1.8421052631578956
5.0,176.0,GNB,Jared Abbrederis,WR,23.0,2017.0,0.0,0.0,0.0,1.0,1.0,22.0,0.0,0.0,0.0,0.0,0.0,0.0,0.0,0.0,13.0,163.0,0.0,1.0,,,Wisconsin,College Stats,AbbrJa00,2014.0,-5.052631578947368
6.0,177.0,HOU,Jeoffrey Pagan,DE,21.0,2015.0,0.0,0.0,0.0,1.0,1.0,22.0,0.0,0.0,0.0,0.0,0.0,0.0,0.0,0.0,0.0,0.0,0.0,5.0,,,Alabama,College Stats,PagaJe00,2014.0,-9.526315789473685
6.0,178.0,TEN,Zach Mettenberger,QB,23.0,2015.0,0.0,0.0,1.0,1.0,1.0,14.0,208.0,345.0,2347.0,12.0,14.0,14.0,12.0,1.0,0.0,0.0,0.0,,,,LSU,College Stats,MettZa00,2014.0,-12.571428571428571
6.0,179.0,NWE,Jon Halapio,OL,23.0,2019.0,0.0,0.0,2.0,10.0,,27.0,0.0,0.0,0.0,0.0,0.0,0.0,0.0,0.0,0.0,0.0,0.0,,,,Florida,College Stats,HalaJo00,2014.0,3.473684210526316
6.0,180.0,SFO,Kenneth Acker,DB,22.0,2017.0,0.0,0.0,1.0,8.0,5.0,40.0,0.0,0.0,0.0,0.0,0.0,0.0,0.0,0.0,0.0,0.0,0.0,92.0,4.0,,SMU,College Stats,AckeKe00,2014.0,-1.6111111111111107
6.0,181.0,HOU,Alfred Blue,RB,23.0,2018.0,0.0,0.0,1.0,18.0,18.0,73.0,0.0,0.0,0.0,0.0,0.0,673.0,2407.0,8.0,69.0,470.0,2.0,17.0,,,LSU,College Stats,BlueAl00,2014.0,8.631578947368421
6.0,182.0,MIN,Antone Exum,DB,23.0,2019.0,0.0,0.0,0.0,6.0,3.0,51.0,0.0,0.0,0.0,0.0,0.0,0.0,0.0,0.0,0.0,0.0,0.0,54.0,1.0,1.0,Virginia Tech,College Stats,ExumAn00,2014.0,-4.277777777777779
6.0,183.0,CHI,David Fales,QB,23.0,2019.0,0.0,0.0,0.0,1.0,0.0,5.0,31.0,48.0,287.0,1.0,1.0,5.0,8.0,1.0,0.0,0.0,0.0,,,,San Jose St.,College Stats,FaleDa00,2014.0,-4.105263157894737
6.0,184.0,MIN,Kendall James,DB,23.0,,0.0,0.0,0.0,,,,,,,,,,,,,,,,,,Maine,,JameKe00,2014.0,
6.0,185.0,TAM,Robert Herron,WR,22.0,2014.0,0.0,0.0,0.0,0.0,0.0,8.0,0.0,0.0,0.0,0.0,0.0,1.0,0.0,0.0,6.0,58.0,1.0,1.0,,,Wyoming,College Stats,HerrRo00,2014.0,-3.9411764705882355
6.0,186.0,WAS,Lache Seastrunk,RB,23.0,,0.0,0.0,0.0,,,,,,,,,,,,,,,,,,Baylor,College Stats,SeasLa00,2014.0,
6.0,187.0,NYG,Bennett Jackson,DB,22.0,2020.0,0.0,0.0,0.0,0.0,,10.0,0.0,0.0,0.0,0.0,0.0,0.0,0.0,0.0,0.0,0.0,0.0,4.0,,,Notre Dame,College Stats,JackBe00,2014.0,-12.15
6.0,188.0,STL,E.J. Gaines,DB,22.0,2018.0,0.0,0.0,3.0,13.0,9.0,43.0,0.0,0.0,0.0,0.0,0.0,0.0,0.0,0.0,0.0,0.0,0.0,169.0,4.0,,Missouri,College Stats,GainE.00,2014.0,1.235294117647058
6.0,189.0,DET,T.J. Jones,WR,22.0,2019.0,0.0,0.0,0.0,7.0,7.0,45.0,0.0,0.0,0.0,0.0,0.0,1.0,-3.0,0.0,67.0,852.0,5.0,1.0,,,Notre Dame,College Stats,JoneT.00,2014.0,-1.4000000000000004
6.0,190.0,MIA,Matt Hazel,WR,22.0,2017.0,0.0,0.0,0.0,0.0,0.0,9.0,0.0,0.0,0.0,0.0,0.0,0.0,0.0,0.0,1.0,1.0,0.0,,,,Coastal Carolina,,HazeMa01,2014.0,-9.61111111111111
6.0,191.0,CHI,Pat O'Donnell,P,23.0,2025.0,0.0,0.0,1.0,18.0,17.0,158.0,1.0,1.0,38.0,1.0,0.0,1.0,-12.0,0.0,0.0,0.0,0.0,7.0,,,Miami (FL),College Stats,ODonPa00,2014.0,2.578947368421053
6.0,192.0,PIT,Jordan Zumwalt,LB,22.0,,0.0,0.0,0.0,,,,,,,,,,,,,,,,,,UCLA,College Stats,ZumwJo00,2014.0,
6.0,193.0,KAN,Zach Fulton,G,22.0,2020.0,0.0,0.0,6.0,39.0,21.0,107.0,0.0,0.0,0.0,0.0,0.0,0.0,0.0,0.0,0.0,0.0,0.0,,,,Tennessee,College Stats,FultZa00,2014.0,27.473684210526315
6.0,194.0,BAL,Keith Wenning,QB,23.0,,0.0,0.0,0.0,,,,,,,,,,,,,,,,,,Ball St.,College Stats,WennKe00,2014.0,
6.0,195.0,NYJ,Brandon Dixon,DB,24.0,2017.0,0.0,0.0,0.0,3.0,,19.0,0.0,0.0,0.0,0.0,0.0,0.0,0.0,0.0,0.0,0.0,0.0,23.0,1.0,,NW Missouri St.,,DixoBr00,2014.0,-10.764705882352942
6.0,196.0,ARI,Walt Powell,WR,22.0,2016.0,0.0,0.0,0.0,1.0,,15.0,0.0,0.0,0.0,0.0,0.0,0.0,0.0,0.0,14.0,142.0,0.0,,,,Murray St.,,PoweWa00,2014.0,-3.5
6.0,197.0,GNB,Demetri Goodson,DB,25.0,2016.0,0.0,0.0,0.0,2.0,2.0,26.0,0.0,0.0,0.0,0.0,0.0,0.0,0.0,0.0,0.0,0.0,0.0,22.0,,,Baylor,College Stats,GoodDe00,2014.0,-4.3125
6.0,198.0,NWE,Zach Moore,DE,24.0,2018.0,0.0,0.0,0.0,3.0,1.0,26.0,0.0,0.0,0.0,0.0,0.0,0.0,0.0,0.0,0.0,0.0,0.0,8.0,,4.0,Concordia-St.Paul (MN),,MoorZa00,2014.0,-5.777777777777779
6.0,199.0,SEA,Garrett Scott,OL,22.0,,0.0,0.0,0.0,,,,,,,,,,,,,,,,,,Marshall,College Stats,ScotGa01,2014.0,
6.0,200.0,KAN,Laurent Duvernay-Tardif,OL,23.0,2022.0,0.0,0.0,4.0,29.0,27.0,73.0,0.0,0.0,0.0,0.0,0.0,0.0,0.0,0.0,0.0,0.0,0.0,1.0,,,McGill,,DuveLa00,2014.0,13.933333333333334
6.0,201.0,SDG,Marion Grice,RB,23.0,2014.0,0.0,0.0,0.0,0.0,,10.0,0.0,1.0,0.0,0.0,0.0,15.0,41.0,1.0,7.0,29.0,0.0,,,,Arizona St.,College Stats,GricMa00,2014.0,-4.117647058823529
6.0,202.0,NOR,Tavon Rooks,OL,24.0,,0.0,0.0,0.0,,,,,,,,,,,,,,,,,,Kansas St.,College Stats,RookTa00,2014.0,
6.0,203.0,IND,Andrew Jackson,LB,22.0,2014.0,0.0,0.0,0.0,1.0,1.0,13.0,0.0,0.0,0.0,0.0,0.0,0.0,0.0,0.0,0.0,0.0,0.0,8.0,,1.0,Western Kentucky,College Stats,JackAn02,2014.0,-10.923076923076923
6.0,204.0,CAR,Tyler Gaffney,RB,23.0,,0.0,0.0,0.0,,,,,,,,,,,,,,,,,,Stanford,College Stats,GaffTy00,2014.0,
6.0,205.0,JAX,Luke Bowanko,C,23.0,2018.0,0.0,0.0,1.0,9.0,5.0,47.0,0.0,0.0,0.0,0.0,0.0,0.0,0.0,0.0,0.0,0.0,0.0,,,,Virginia,College Stats,BowaLu00,2014.0,-1.5294117647058822
6.0,206.0,NWE,Jemea Thomas,DB,24.0,2014.0,0.0,0.0,0.0,0.0,,2.0,0.0,0.0,0.0,0.0,0.0,0.0,0.0,0.0,0.0,0.0,0.0,,,,Georgia Tech,College Stats,ThomJe03,2014.0,-6.0
6.0,207.0,DEN,Matt Paradis,OL,24.0,2021.0,0.0,0.0,6.0,34.0,21.0,98.0,0.0,0.0,0.0,0.0,0.0,0.0,0.0,0.0,0.0,0.0,0.0,,,,Boise St.,College Stats,ParaMa00,2014.0,20.11764705882353
6.0,208.0,SEA,Eric Pinkins,DB,23.0,2016.0,0.0,0.0,0.0,2.0,1.0,11.0,0.0,0.0,0.0,0.0,0.0,0.0,0.0,0.0,0.0,0.0,0.0,2.0,,,San Diego St.,College Stats,PinkEr00,2014.0,-3.666666666666667
6.0,209.0,NYJ,Quincy Enunwa,WR,22.0,2019.0,0.0,0.0,2.0,13.0,13.0,41.0,0.0,0.0,0.0,0.0,0.0,2.0,12.0,0.0,119.0,1617.0,5.0,3.0,,,Nebraska,College Stats,EnunQu00,2014.0,5.571428571428571
6.0,210.0,NYJ,IK Enemkpali,DT,23.0,2015.0,0.0,0.0,0.0,1.0,0.0,17.0,0.0,0.0,0.0,0.0,0.0,0.0,0.0,0.0,0.0,0.0,0.0,11.0,,,Louisiana Tech,College Stats,EnemIK00,2014.0,-6.9411764705882355
6.0,211.0,HOU,Jay Prosch,FB,22.0,2017.0,0.0,0.0,2.0,0.0,0.0,63.0,0.0,0.0,0.0,0.0,0.0,10.0,42.0,0.0,6.0,61.0,0.0,9.0,,,Auburn,College Stats,ProsJa00,2014.0,-5.4
6.0,212.0,CIN,Marquis Flowers,LB,22.0,2018.0,0.0,0.0,0.0,7.0,4.0,53.0,0.0,0.0,0.0,0.0,0.0,0.0,0.0,0.0,0.0,0.0,0.0,38.0,,3.5,Arizona,College Stats,FlowMa00,2014.0,2.75
6.0,213.0,NYJ,Tajh Boyd,QB,23.0,,0.0,0.0,0.0,,,,,,,,,,,,,,,,,,Clemson,College Stats,BoydTa00,2014.0,
6.0,214.0,STL,Garrett Gilbert,QB,23.0,2021.0,0.0,0.0,0.0,2.0,,8.0,43.0,75.0,477.0,1.0,1.0,6.0,25.0,0.0,0.0,0.0,0.0,,,,SMU,College Stats,GilbGa01,2014.0,-5.0
6.0,215.0,PIT,Daniel McCullers,DT,22.0,2020.0,0.0,0.0,0.0,6.0,6.0,76.0,0.0,0.0,0.0,0.0,0.0,0.0,0.0,0.0,0.0,0.0,0.0,24.0,,2.5,Tennessee,College Stats,McCuDa00,2014.0,-2.6111111111111107
7.0,216.0,HOU,Andre Hal,DB,22.0,2018.0,0.0,0.0,3.0,17.0,17.0,69.0,0.0,0.0,0.0,0.0,0.0,0.0,0.0,0.0,0.0,0.0,0.0,130.0,12.0,1.0,Vanderbilt,College Stats,HalxAn00,2014.0,3.2142857142857135
7.0,217.0,WAS,Ted Bolser,TE,23.0,,0.0,0.0,0.0,,,,,,,,,,,,,,,,,,Indiana,College Stats,BolsTe00,2014.0,
7.0,218.0,BAL,Michael Campanaro,WR,23.0,2017.0,0.0,0.0,0.0,4.0,4.0,24.0,0.0,0.0,0.0,0.0,0.0,10.0,131.0,1.0,31.0,310.0,2.0,,,,Wake Forest,College Stats,CampMi02,2014.0,-5.866666666666667
7.0,219.0,OAK,T.J. Carrie,DB,24.0,2022.0,0.0,0.0,3.0,22.0,13.0,125.0,0.0,0.0,0.0,0.0,0.0,0.0,0.0,0.0,0.0,0.0,0.0,320.0,7.0,2.0,Ohio,College Stats,CarrTr00,2014.0,14.625
7.0,220.0,MIN,Shamar Stephen,DT,23.0,2021.0,0.0,0.0,4.0,32.0,25.0,115.0,0.0,0.0,0.0,0.0,0.0,0.0,0.0,0.0,0.0,0.0,0.0,99.0,,4.5,Connecticut,College Stats,StepSh00,2014.0,24.411764705882355
7.0,221.0,BUF,Randell Johnson,LB,23.0,2016.0,0.0,0.0,0.0,2.0,2.0,16.0,0.0,0.0,0.0,0.0,0.0,0.0,0.0,0.0,0.0,0.0,0.0,5.0,,,Florida Atlantic,College Stats,JohnRa01,2014.0,-5.714285714285714
7.0,222.0,JAX,Storm Johnson,RB,22.0,2014.0,0.0,0.0,0.0,0.0,0.0,6.0,0.0,0.0,0.0,0.0,0.0,29.0,86.0,2.0,1.0,-4.0,0.0,,,,Central Florida,College Stats,JohnSt03,2014.0,-6.5
7.0,223.0,MIN,Brandon Watts,LB,23.0,2015.0,0.0,0.0,0.0,1.0,1.0,9.0,0.0,0.0,0.0,0.0,0.0,0.0,0.0,0.0,0.0,0.0,0.0,7.0,,,Georgia Tech,College Stats,WattBr00,2014.0,-3.7857142857142856
7.0,224.0,PHI,Beau Allen,DT,22.0,2019.0,0.0,0.0,1.0,13.0,8.0,90.0,0.0,0.0,0.0,0.0,0.0,0.0,0.0,0.0,0.0,0.0,0.0,72.0,,2.5,Wisconsin,College Stats,AlleBe00,2014.0,-3.0
7.0,225.0,MIN,Jabari Price,DB,21.0,2014.0,0.0,0.0,0.0,1.0,1.0,14.0,0.0,0.0,0.0,0.0,0.0,0.0,0.0,0.0,0.0,0.0,0.0,9.0,,,North Carolina,College Stats,PricJa00,2014.0,-5.0588235294117645
7.0,226.0,STL,Mitchell Van Dyk,OL,23.0,,0.0,0.0,0.0,,,,,,,,,,,,,,,,,,Portland St.,,VanDMi00,2014.0,
7.0,227.0,SEA,Kiero Small,RB,25.0,2014.0,0.0,0.0,0.0,0.0,,3.0,0.0,0.0,0.0,0.0,0.0,0.0,0.0,0.0,0.0,0.0,0.0,,,,Arkansas,College Stats,SmalKi00,2014.0,-5.1875
7.0,228.0,WAS,Zach Hocker,K,23.0,2015.0,0.0,0.0,0.0,0.0,,8.0,0.0,0.0,0.0,0.0,0.0,0.0,0.0,0.0,0.0,0.0,0.0,,,,Arkansas,College Stats,HockZa00,2014.0,-5.333333333333333
7.0,229.0,DET,Nate Freese,K,24.0,2014.0,0.0,0.0,0.0,-1.0,-1.0,3.0,0.0,0.0,0.0,0.0,0.0,0.0,0.0,0.0,0.0,0.0,0.0,,,,Boston Col.,College Stats,FreeNa00,2014.0,-7.055555555555555
7.0,230.0,PIT,Rob Blanchflower,TE,24.0,,0.0,0.0,0.0,,,,,,,,,,,,,,,,,,Massachusetts,College Stats,BlanRo01,2014.0,
7.0,231.0,DAL,Ben Gardner,DE,24.0,,0.0,0.0,0.0,,,,,,,,,,,,,,,,,,Stanford,College Stats,GardBe00,2014.0,
7.0,232.0,IND,Ulrick John,OL,22.0,2017.0,0.0,0.0,0.0,2.0,,10.0,0.0,0.0,0.0,0.0,0.0,0.0,0.0,0.0,0.0,0.0,0.0,,,,Georgia St.,,JohnUl00,2014.0,-4.8125
7.0,233.0,NYJ,Trevor Reilly,LB,26.0,2017.0,0.0,0.0,0.0,4.0,3.0,37.0,0.0,0.0,0.0,0.0,0.0,0.0,0.0,0.0,0.0,0.0,0.0,27.0,,1.0,Utah,College Stats,ReilTr00,2014.0,-13.0
7.0,234.0,MIA,Terrence Fede,DE,22.0,2017.0,0.0,0.0,0.0,5.0,5.0,51.0,0.0,0.0,0.0,0.0,0.0,0.0,0.0,0.0,0.0,0.0,0.0,34.0,,1.0,Marist,,FedeTe00,2014.0,-0.7777777777777777
7.0,235.0,OAK,Shelby Harris,DE,23.0,2025.0,0.0,0.0,5.0,41.0,1.0,146.0,0.0,0.0,0.0,0.0,0.0,0.0,0.0,0.0,0.0,0.0,0.0,201.0,1.0,28.5,Illinois St.,,HarrSh00,2014.0,31.125
7.0,236.0,GNB,Jeff Janis,WR,23.0,2017.0,0.0,0.0,0.0,2.0,2.0,51.0,0.0,0.0,0.0,0.0,0.0,2.0,38.0,1.0,17.0,200.0,1.0,20.0,,,Saginaw Valley St.,,JaniJe00,2014.0,-0.8823529411764706
7.0,237.0,BUF,Seantrel Henderson,OL,22.0,2019.0,0.0,0.0,2.0,14.0,13.0,39.0,0.0,0.0,0.0,0.0,0.0,0.0,0.0,0.0,0.0,0.0,0.0,,,,Miami (FL),College Stats,HendSe00,2014.0,11.31578947368421
7.0,238.0,DAL,Will Smith,LB,22.0,,0.0,0.0,0.0,,,,,,,,,,,,,,,,,,Texas Tech,College Stats,SmitWi01,2014.0,
7.0,239.0,CIN,James Wright,WR,22.0,2016.0,0.0,0.0,0.0,2.0,2.0,24.0,0.0,0.0,0.0,0.0,0.0,5.0,24.0,0.0,18.0,197.0,0.0,9.0,,,LSU,College Stats,WrigJa03,2014.0,-8.588235294117647
7.0,240.0,SDG,Tevin Reese,WR,23.0,,0.0,0.0,0.0,,,,,,,,,,,,,,,,,,Baylor,College Stats,ReesTe00,2014.0,
7.0,241.0,STL,C.B. Bryant,DB,22.0,2016.0,0.0,0.0,0.0,1.0,1.0,12.0,0.0,0.0,0.0,0.0,0.0,0.0,0.0,0.0,0.0,0.0,0.0,1.0,,,Ohio St.,College Stats,BryaC.00,2014.0,-3.7857142857142856
7.0,242.0,DEN,Corey Nelson,LB,22.0,2019.0,0.0,0.0,0.0,8.0,8.0,61.0,0.0,0.0,0.0,0.0,0.0,0.0,0.0,0.0,0.0,0.0,0.0,77.0,,1.0,Oklahoma,College Stats,NelsCo00,2014.0,-1.3888888888888893
7.0,243.0,SFO,Kaleb Ramsey,DE,25.0,,0.0,0.0,0.0,,,,,,,,,,,,,,,,,,Boston Col.,College Stats,RamsKa00,2014.0,
7.0,244.0,NWE,Jeremy Gallon,WR,24.0,,0.0,0.0,0.0,,,,,,,,,,,,,,,,,,Michigan,College Stats,GallJe00,2014.0,
7.0,245.0,SFO,Trey Millard,FB,23.0,,0.0,0.0,0.0,,,,,,,,,,,,,,,,,,Oklahoma,College Stats,MillTr00,2014.0,
7.0,246.0,CHI,Charles Leno Jr.,T,22.0,2023.0,0.0,1.0,9.0,53.0,37.0,149.0,0.0,0.0,0.0,0.0,0.0,0.0,0.0,0.0,0.0,0.0,0.0,,,,Boise St.,College Stats,LenoCh00,2014.0,44.84615384615385
7.0,247.0,OAK,Jonathan Dowling,DB,22.0,2014.0,0.0,0.0,0.0,0.0,0.0,7.0,0.0,0.0,0.0,0.0,0.0,0.0,0.0,0.0,0.0,0.0,0.0,4.0,,,Western Kentucky,College Stats,DowlJo00,2014.0,-3.7142857142857144
7.0,248.0,DAL,Ahmad Dixon,DB,23.0,2014.0,0.0,0.0,0.0,0.0,,5.0,0.0,0.0,0.0,0.0,0.0,0.0,0.0,0.0,0.0,0.0,0.0,2.0,,,Baylor,College Stats,DixoAh00,2014.0,-11.642857142857142
7.0,249.0,STL,Michael Sam,DE,24.0,,0.0,0.0,0.0,,,,,,,,,,,,,,,,,,Missouri,College Stats,SamxMi00,2014.0,
7.0,250.0,STL,Demetrius Rhaney,OL,22.0,2017.0,0.0,0.0,0.0,2.0,2.0,33.0,0.0,0.0,0.0,0.0,0.0,0.0,0.0,0.0,0.0,0.0,0.0,,,,Tennessee St.,,RhanDe00,2014.0,-13.071428571428571
7.0,251.0,DAL,Ken Bishop,DT,23.0,2015.0,0.0,0.0,0.0,0.0,0.0,5.0,0.0,0.0,0.0,0.0,0.0,0.0,0.0,0.0,0.0,0.0,0.0,2.0,,,Northern Illinois,College Stats,BishKe01,2014.0,-9.5
7.0,252.0,CIN,Lavelle Westbrooks,DB,22.0,,0.0,0.0,0.0,,,,,,,,,,,,,,,,,,Georgia Southern,,WestLa00,2014.0,
7.0,253.0,ATL,Yawin Smallwood,LB,22.0,,0.0,0.0,0.0,,,,,,,,,,,,,,,,,,Connecticut,College Stats,SmalYa00,2014.0,
7.0,254.0,DAL,Terrance Mitchell,DB,22.0,2022.0,0.0,0.0,3.0,20.0,0.0,94.0,0.0,0.0,0.0,0.0,0.0,0.0,0.0,0.0,0.0,0.0,0.0,256.0,9.0,1.0,Oregon,College Stats,MitcTe00,2014.0,15.0
7.0,255.0,ATL,Tyler Starr,LB,23.0,2015.0,0.0,0.0,0.0,0.0,0.0,1.0,0.0,0.0,0.0,0.0,0.0,0.0,0.0,0.0,0.0,0.0,0.0,1.0,,,South Dakota,,StarTy00,2014.0,-12.666666666666666
7.0,256.0,HOU,Lonnie Ballentine,DB,21.0,2016.0,0.0,0.0,0.0,0.0,0.0,4.0,0.0,0.0,0.0,0.0,0.0,0.0,0.0,0.0,0.0,0.0,0.0,3.0,,,Memphis,College Stats,BallLo00,2014.0,-6.2
1.0,1.0,TAM,Jameis Winston,QB,21.0,2025.0,0.0,1.0,5.0,63.0,54.0,108.0,1981.0,3244.0,24792.0,156.0,113.0,330.0,1320.0,13.0,1.0,33.0,1.0,,,,Florida St.,College Stats,WinsJa00,2015.0,-13.42857142857143
1.0,2.0,TEN,Marcus Mariota,QB,21.0,2025.0,0.0,0.0,5.0,60.0,43.0,104.0,1500.0,2389.0,17879.0,107.0,62.0,425.0,2453.0,19.0,2.0,62.0,1.0,1.0,,,Oregon,College Stats,MariMa01,2015.0,6.5238095238095255
1.0,3.0,JAX,Dante Fowler,OLB,21.0,2025.0,0.0,0.0,2.0,31.0,5.0,159.0,0.0,0.0,0.0,0.0,0.0,0.0,0.0,0.0,0.0,0.0,0.0,202.0,1.0,58.5,Florida,College Stats,FowlDa00,2015.0,-21.285714285714285
1.0,4.0,OAK,Amari Cooper,WR,21.0,2024.0,0.0,5.0,9.0,66.0,22.0,154.0,0.0,1.0,0.0,0.0,1.0,14.0,41.0,0.0,711.0,10033.0,64.0,2.0,,,Alabama,College Stats,CoopAm00,2015.0,12.095238095238095
1.0,5.0,WAS,Brandon Scherff,T,23.0,2024.0,1.0,5.0,10.0,62.0,45.0,140.0,0.0,0.0,0.0,0.0,0.0,0.0,0.0,0.0,0.0,0.0,0.0,1.0,,,Iowa,College Stats,ScheBr00,2015.0,6.5238095238095255
1.0,6.0,NYJ,Leonard Williams,DE,21.0,2025.0,0.0,3.0,9.0,78.0,26.0,175.0,0.0,0.0,0.0,0.0,0.0,0.0,0.0,0.0,0.0,0.0,0.0,331.0,2.0,61.5,USC,College Stats,WillLe02,2015.0,27.19047619047619
1.0,7.0,CHI,Kevin White,WR,23.0,2022.0,0.0,0.0,0.0,3.0,2.0,30.0,0.0,0.0,0.0,0.0,0.0,1.0,9.0,0.0,28.0,397.0,0.0,2.0,,,West Virginia,College Stats,WhitKe00,2015.0,-45.04761904761905
1.0,8.0,ATL,Vic Beasley,OLB,23.0,2020.0,1.0,1.0,5.0,32.0,32.0,88.0,0.0,0.0,0.0,0.0,0.0,0.0,0.0,0.0,0.0,0.0,0.0,122.0,1.0,37.5,Clemson,College Stats,BeasVi00,2015.0,-11.38095238095238
1.0,9.0,NYG,Ereck Flowers,T,21.0,2021.0,0.0,0.0,7.0,35.0,18.0,105.0,0.0,0.0,0.0,0.0,0.0,0.0,0.0,0.0,1.0,-11.0,0.0,,,,Miami (FL),College Stats,FlowEr00,2015.0,-13.23809523809524
1.0,10.0,STL,Todd Gurley,RB,21.0,2020.0,2.0,3.0,6.0,54.0,50.0,88.0,0.0,0.0,0.0,0.0,0.0,1460.0,6082.0,67.0,243.0,2254.0,12.0,,,,Georgia,College Stats,GurlTo01,2015.0,14.61904761904762
1.0,11.0,MIN,Trae Waynes,CB,23.0,2021.0,0.0,0.0,3.0,18.0,18.0,79.0,0.0,0.0,0.0,0.0,0.0,0.0,0.0,0.0,0.0,0.0,0.0,226.0,7.0,1.0,Michigan St.,College Stats,WaynTr00,2015.0,-34.95238095238095
1.0,12.0,CLE,Danny Shelton,NT,22.0,2022.0,0.0,0.0,5.0,33.0,15.0,101.0,0.0,0.0,0.0,0.0,0.0,0.0,0.0,0.0,0.0,0.0,0.0,138.0,,6.0,Washington,College Stats,ShelDa01,2015.0,-12.38095238095238
1.0,13.0,NOR,Andrus Peat,T,21.0,2025.0,0.0,3.0,7.0,53.0,52.0,132.0,0.0,0.0,0.0,0.0,0.0,0.0,0.0,0.0,0.0,0.0,0.0,,,,Stanford,College Stats,PeatAn00,2015.0,-0.1428571428571459
1.0,14.0,MIA,DeVante Parker,WR,22.0,2023.0,0.0,0.0,6.0,36.0,32.0,119.0,0.0,0.0,0.0,0.0,0.0,0.0,0.0,0.0,402.0,5660.0,27.0,3.0,,,Louisville,College Stats,ParkDe01,2015.0,-9.19047619047619
1.0,15.0,SDG,Melvin Gordon,RB,22.0,2023.0,0.0,2.0,7.0,51.0,38.0,112.0,0.0,0.0,0.0,0.0,0.0,1593.0,6543.0,56.0,312.0,2513.0,14.0,,,,Wisconsin,College Stats,GordMe00,2015.0,13.23809523809524
1.0,16.0,HOU,Kevin Johnson,CB,23.0,2020.0,0.0,0.0,0.0,11.0,8.0,64.0,0.0,0.0,0.0,0.0,0.0,0.0,0.0,0.0,0.0,0.0,0.0,153.0,1.0,1.5,Wake Forest,College Stats,JohnKe04,2015.0,-31.333333333333336
1.0,17.0,SFO,Arik Armstead,DT,21.0,2025.0,0.0,0.0,6.0,45.0,40.0,149.0,0.0,0.0,0.0,0.0,0.0,0.0,0.0,0.0,0.0,0.0,0.0,211.0,,41.0,Oregon,College Stats,ArmsAr01,2015.0,-0.3809523809523796
1.0,18.0,KAN,Marcus Peters,CB,22.0,2023.0,2.0,3.0,7.0,63.0,32.0,116.0,0.0,0.0,0.0,0.0,0.0,0.0,0.0,0.0,0.0,0.0,0.0,312.0,33.0,2.0,Washington,College Stats,PeteMa00,2015.0,19.476190476190474
1.0,19.0,CLE,Cameron Erving,C,23.0,2023.0,0.0,0.0,3.0,28.0,6.0,98.0,0.0,0.0,0.0,0.0,0.0,0.0,0.0,0.0,0.0,0.0,0.0,,,,Florida St.,College Stats,ErviCa00,2015.0,-8.19047619047619
1.0,20.0,PHI,Nelson Agholor,WR,22.0,2024.0,0.0,0.0,7.0,36.0,18.0,149.0,1.0,1.0,15.0,0.0,0.0,14.0,71.0,0.0,389.0,4858.0,37.0,1.0,,,USC,College Stats,AghoNe00,2015.0,-1.6190476190476204
1.0,21.0,CIN,Cedric Ogbuehi,T,23.0,2022.0,0.0,0.0,2.0,17.0,11.0,67.0,0.0,0.0,0.0,0.0,0.0,0.0,0.0,0.0,0.0,0.0,0.0,,,,Texas A&M,College Stats,OgbuCe00,2015.0,-18.333333333333336
1.0,22.0,PIT,Bud Dupree,OLB,22.0,2025.0,0.0,0.0,6.0,46.0,30.0,152.0,0.0,0.0,0.0,0.0,0.0,0.0,0.0,0.0,0.0,0.0,0.0,240.0,2.0,61.0,Kentucky,College Stats,DuprAl00,2015.0,15.142857142857142
1.0,23.0,DEN,Shane Ray,DE,22.0,2018.0,0.0,0.0,1.0,12.0,12.0,49.0,0.0,0.0,0.0,0.0,0.0,0.0,0.0,0.0,0.0,0.0,0.0,64.0,,14.0,Missouri,College Stats,RayxSh00,2015.0,-19.0
1.0,24.0,ARI,D.J. Humphries,T,21.0,2025.0,0.0,1.0,7.0,45.0,44.0,108.0,0.0,0.0,0.0,0.0,0.0,0.0,0.0,0.0,0.0,0.0,0.0,,,,Florida,College Stats,HumpD.00,2015.0,-6.904761904761905
1.0,25.0,CAR,Shaq Thompson,OLB,21.0,2025.0,0.0,0.0,8.0,43.0,41.0,135.0,0.0,0.0,0.0,0.0,0.0,0.0,0.0,0.0,0.0,0.0,0.0,503.0,3.0,13.0,Washington,College Stats,ThomSh01,2015.0,7.714285714285715
1.0,26.0,BAL,Breshad Perriman,WR,21.0,2022.0,0.0,0.0,1.0,15.0,4.0,80.0,0.0,0.0,0.0,0.0,0.0,11.0,16.0,0.0,145.0,2343.0,16.0,,,,Central Florida,College Stats,PerrBr02,2015.0,-13.476190476190474
1.0,27.0,DAL,Byron Jones,CB,22.0,2021.0,0.0,1.0,7.0,38.0,29.0,109.0,0.0,0.0,0.0,0.0,0.0,0.0,0.0,0.0,0.0,0.0,0.0,345.0,4.0,,Connecticut,College Stats,JoneBy00,2015.0,-4.285714285714285
1.0,28.0,DET,Laken Tomlinson,G,23.0,2025.0,0.0,1.0,10.0,55.0,11.0,173.0,0.0,0.0,0.0,0.0,0.0,0.0,0.0,0.0,0.0,0.0,0.0,,,,Duke,College Stats,TomlLa01,2015.0,23.571428571428573
1.0,29.0,IND,Phillip Dorsett,WR,22.0,2023.0,0.0,0.0,0.0,16.0,7.0,94.0,0.0,1.0,0.0,0.0,0.0,14.0,84.0,0.0,151.0,2001.0,12.0,,,,Miami (FL),College Stats,DorsPh00,2015.0,-13.857142857142858
1.0,30.0,GNB,Damarious Randall,S,23.0,2020.0,0.0,0.0,5.0,21.0,11.0,75.0,0.0,0.0,0.0,0.0,0.0,0.0,0.0,0.0,0.0,0.0,0.0,244.0,14.0,2.5,Arizona St.,College Stats,RandDa00,2015.0,-14.19047619047619
1.0,31.0,NOR,Stephone Anthony,ILB,23.0,2019.0,0.0,0.0,1.0,10.0,9.0,62.0,0.0,0.0,0.0,0.0,0.0,0.0,0.0,0.0,0.0,0.0,0.0,97.0,1.0,1.0,Clemson,College Stats,AnthSt00,2015.0,-24.523809523809526
1.0,32.0,NWE,Malcom Brown,DT,21.0,2021.0,0.0,0.0,6.0,43.0,27.0,106.0,0.0,0.0,0.0,0.0,0.0,0.0,0.0,0.0,0.0,0.0,0.0,160.0,,13.5,Texas,College Stats,BrowMa01,2015.0,1.095238095238095
2.0,33.0,NYG,Landon Collins,S,21.0,2022.0,1.0,3.0,6.0,42.0,32.0,100.0,0.0,0.0,0.0,0.0,0.0,0.0,0.0,0.0,0.0,0.0,0.0,489.0,12.0,11.0,Alabama,College Stats,CollLa00,2015.0,7.761904761904759
2.0,34.0,TAM,Donovan Smith,T,22.0,2023.0,0.0,0.0,9.0,57.0,53.0,136.0,0.0,0.0,0.0,0.0,0.0,0.0,0.0,0.0,1.0,0.0,0.0,,,,Penn St.,College Stats,SmitDo02,2015.0,19.476190476190474
2.0,35.0,OAK,Mario Edwards,DT,21.0,2025.0,0.0,0.0,2.0,25.0,10.0,141.0,0.0,0.0,0.0,0.0,0.0,0.0,0.0,0.0,0.0,0.0,0.0,128.0,,26.0,Florida St.,College Stats,EdwaMa01,2015.0,-14.047619047619051
2.0,36.0,JAX,T.J. Yeldon,RB,21.0,2020.0,0.0,0.0,2.0,20.0,19.0,60.0,0.0,0.0,0.0,0.0,0.0,492.0,2005.0,6.0,185.0,1448.0,7.0,,,,Alabama,College Stats,YeldT.00,2015.0,-20.57142857142857
2.0,37.0,NYJ,Devin Smith,WR,23.0,2021.0,0.0,0.0,0.0,2.0,1.0,22.0,0.0,0.0,0.0,0.0,0.0,0.0,0.0,0.0,15.0,248.0,2.0,3.0,,,Ohio St.,College Stats,SmitDe04,2015.0,-33.42857142857143
2.0,38.0,WAS,Preston Smith,DE,22.0,2025.0,0.0,0.0,8.0,55.0,21.0,176.0,0.0,0.0,0.0,0.0,0.0,0.0,0.0,0.0,0.0,0.0,0.0,283.0,5.0,71.0,Mississippi St.,College Stats,SmitPr00,2015.0,30.142857142857142
2.0,39.0,CHI,Eddie Goldman,DT,21.0,2025.0,0.0,0.0,4.0,36.0,32.0,111.0,0.0,0.0,0.0,0.0,0.0,0.0,0.0,0.0,0.0,0.0,0.0,133.0,,14.0,Florida St.,College Stats,GoldEd00,2015.0,3.2857142857142847
2.0,40.0,TEN,Dorial Green-Beckham,WR,22.0,2016.0,0.0,0.0,0.0,7.0,4.0,31.0,0.0,0.0,0.0,0.0,0.0,0.0,0.0,0.0,68.0,941.0,6.0,,,,Oklahoma,College Stats,GreeDo00,2015.0,-16.428571428571427
2.0,41.0,CAR,Devin Funchess,WR,21.0,2019.0,0.0,0.0,2.0,20.0,20.0,62.0,0.0,0.0,0.0,0.0,0.0,0.0,0.0,0.0,164.0,2265.0,21.0,,,,Michigan,College Stats,FuncDe00,2015.0,-8.714285714285715
2.0,42.0,ATL,Jalen Collins,CB,22.0,2016.0,0.0,0.0,0.0,4.0,4.0,24.0,0.0,0.0,0.0,0.0,0.0,0.0,0.0,0.0,0.0,0.0,0.0,45.0,2.0,,LSU,College Stats,CollJa02,2015.0,-24.61904761904762
2.0,43.0,HOU,Benardrick McKinney,ILB,22.0,2021.0,0.0,1.0,5.0,44.0,42.0,91.0,0.0,0.0,0.0,0.0,0.0,0.0,0.0,0.0,0.0,0.0,0.0,331.0,1.0,11.5,Mississippi St.,College Stats,McKiBe00,2015.0,20.904761904761905
2.0,44.0,NOR,Hau'oli Kikaha,OLB,23.0,2017.0,0.0,0.0,1.0,5.0,5.0,27.0,0.0,0.0,0.0,0.0,0.0,0.0,0.0,0.0,0.0,0.0,0.0,39.0,,8.0,Washington,College Stats,KikaHa00,2015.0,-23.0
2.0,45.0,MIN,Eric Kendricks,ILB,23.0,2025.0,1.0,1.0,10.0,64.0,55.0,150.0,0.0,0.0,0.0,0.0,0.0,0.0,0.0,0.0,0.0,0.0,0.0,732.0,11.0,21.5,UCLA,College Stats,KendEr00,2015.0,37.19047619047619
2.0,46.0,SFO,Jaquiski Tartt,S,23.0,2021.0,0.0,0.0,4.0,21.0,21.0,80.0,0.0,0.0,0.0,0.0,0.0,0.0,0.0,0.0,0.0,0.0,0.0,265.0,4.0,4.0,Samford,,TartJa00,2015.0,-7.61904761904762
2.0,47.0,PHI,Eric Rowe,CB,22.0,2023.0,0.0,0.0,2.0,21.0,2.0,103.0,0.0,0.0,0.0,0.0,0.0,0.0,0.0,0.0,0.0,0.0,0.0,294.0,6.0,2.0,Utah,College Stats,RoweEr00,2015.0,-12.047619047619051
2.0,48.0,SDG,Denzel Perryman,ILB,22.0,2025.0,0.0,1.0,7.0,45.0,29.0,129.0,0.0,0.0,0.0,0.0,0.0,0.0,0.0,0.0,0.0,0.0,0.0,520.0,5.0,7.5,Miami (FL),College Stats,PerrDe00,2015.0,16.19047619047619
2.0,49.0,KAN,Mitch Morse,G,23.0,2024.0,0.0,1.0,9.0,55.0,20.0,143.0,0.0,0.0,0.0,0.0,0.0,0.0,0.0,0.0,0.0,0.0,0.0,,,,Missouri,College Stats,MorsMi00,2015.0,31.4
2.0,50.0,BUF,Ronald Darby,CB,21.0,2024.0,0.0,0.0,8.0,34.0,9.0,118.0,0.0,0.0,0.0,0.0,0.0,0.0,0.0,0.0,0.0,0.0,0.0,381.0,8.0,,Florida St.,College Stats,DarbRo00,2015.0,5.285714285714285
2.0,51.0,CLE,Nate Orchard,DE,22.0,2021.0,0.0,0.0,1.0,8.0,7.0,48.0,0.0,0.0,0.0,0.0,0.0,0.0,0.0,0.0,0.0,0.0,0.0,51.0,1.0,6.0,Utah,College Stats,OrchNa00,2015.0,-17.842105263157894
2.0,52.0,MIA,Jordan Phillips,NT,22.0,2025.0,0.0,0.0,5.0,32.0,9.0,140.0,0.0,0.0,0.0,0.0,0.0,0.0,0.0,0.0,0.0,0.0,0.0,129.0,2.0,25.0,Oklahoma,College Stats,PhilJo01,2015.0,8.333333333333332
2.0,53.0,CIN,Jake Fisher,T,22.0,2018.0,0.0,0.0,0.0,9.0,9.0,48.0,0.0,0.0,0.0,0.0,0.0,0.0,0.0,0.0,2.0,43.0,0.0,,,,Oregon,College Stats,FishJa00,2015.0,-17.142857142857142
2.0,54.0,DET,Ameer Abdullah,RB,22.0,2025.0,0.0,0.0,2.0,22.0,10.0,154.0,0.0,0.0,0.0,0.0,0.0,508.0,2054.0,9.0,219.0,1567.0,11.0,30.0,,,Nebraska,College Stats,AbduAm00,2015.0,-0.9047619047619051
2.0,55.0,BAL,Maxx Williams,TE,21.0,2022.0,0.0,0.0,2.0,8.0,4.0,83.0,0.0,0.0,0.0,0.0,0.0,5.0,14.0,0.0,105.0,1012.0,6.0,7.0,,,Minnesota,College Stats,WillMa04,2015.0,-25.04761904761905
2.0,56.0,PIT,Senquez Golson,CB,22.0,,0.0,0.0,0.0,,,,,,,,,,,,,,,,,,Mississippi,College Stats,GolsSe00,2015.0,
2.0,57.0,STL,Rob Havenstein,T,23.0,2025.0,0.0,0.0,10.0,58.0,58.0,148.0,0.0,0.0,0.0,0.0,0.0,0.0,0.0,0.0,0.0,0.0,0.0,1.0,,,Wisconsin,College Stats,HaveRo00,2015.0,35.19047619047619
2.0,58.0,ARI,Markus Golden,DE,24.0,2023.0,0.0,0.0,4.0,33.0,23.0,127.0,0.0,0.0,0.0,0.0,0.0,0.0,0.0,0.0,0.0,0.0,0.0,220.0,1.0,51.0,Missouri,College Stats,GoldMa00,2015.0,8.476190476190474
2.0,59.0,DEN,Ty Sambrailo,T,23.0,2021.0,0.0,0.0,0.0,14.0,4.0,71.0,0.0,0.0,0.0,0.0,0.0,0.0,0.0,0.0,1.0,35.0,1.0,,,,Colorado St.,College Stats,SambTy00,2015.0,-7.904761904761905
2.0,60.0,DAL,Randy Gregory,OLB,22.0,2023.0,0.0,0.0,1.0,15.0,11.0,72.0,0.0,0.0,0.0,0.0,0.0,0.0,0.0,0.0,0.0,0.0,0.0,85.0,1.0,22.0,Nebraska,College Stats,GregRa00,2015.0,-10.095238095238095
2.0,61.0,TAM,Ali Marpet,C,22.0,2021.0,0.0,1.0,7.0,43.0,43.0,101.0,0.0,0.0,0.0,0.0,0.0,0.0,0.0,0.0,0.0,0.0,0.0,1.0,,,Hobart,,MarpAl00,2015.0,14.142857142857142
2.0,62.0,GNB,Quinten Rollins,CB,23.0,2017.0,0.0,0.0,0.0,7.0,7.0,33.0,0.0,0.0,0.0,0.0,0.0,0.0,0.0,0.0,0.0,0.0,0.0,76.0,3.0,1.0,Miami (OH),College Stats,RollQu00,2015.0,-18.75
2.0,63.0,SEA,Frank Clark,DE,22.0,2023.0,0.0,3.0,6.0,49.0,20.0,128.0,0.0,0.0,0.0,0.0,0.0,0.0,0.0,0.0,0.0,0.0,0.0,184.0,2.0,58.5,Michigan,College Stats,ClarFr01,2015.0,18.1
2.0,64.0,NWE,Jordan Richards,S,22.0,2021.0,0.0,0.0,1.0,10.0,5.0,86.0,0.0,0.0,0.0,0.0,0.0,0.0,0.0,0.0,0.0,0.0,0.0,77.0,,,Stanford,College Stats,RichJo00,2015.0,-19.904761904761905
3.0,65.0,IND,D'Joun Smith,CB,22.0,2016.0,0.0,0.0,0.0,0.0,0.0,5.0,0.0,0.0,0.0,0.0,0.0,0.0,0.0,0.0,0.0,0.0,0.0,1.0,,,Florida Atlantic,College Stats,SmitDJ00,2015.0,-25.9
3.0,66.0,TEN,Jeremiah Poutasi,G,21.0,2016.0,0.0,0.0,0.0,3.0,3.0,12.0,0.0,0.0,0.0,0.0,0.0,0.0,0.0,0.0,0.0,0.0,0.0,,,,Utah,College Stats,PoutJe00,2015.0,-22.476190476190474
3.0,67.0,JAX,A.J. Cann,G,23.0,2022.0,0.0,0.0,7.0,39.0,35.0,111.0,0.0,0.0,0.0,0.0,0.0,0.0,0.0,0.0,0.0,0.0,0.0,2.0,,,South Carolina,College Stats,CannA.00,2015.0,20.05
3.0,68.0,OAK,Clive Walford,TE,23.0,2019.0,0.0,0.0,1.0,7.0,7.0,52.0,0.0,0.0,0.0,0.0,0.0,0.0,4.0,0.0,74.0,825.0,6.0,,,,Miami (FL),College Stats,WalfCl00,2015.0,-9.476190476190474
3.0,69.0,SEA,Tyler Lockett,WR,22.0,2025.0,1.0,1.0,10.0,68.0,67.0,178.0,0.0,0.0,0.0,0.0,0.0,40.0,265.0,1.0,693.0,8885.0,62.0,3.0,,,Kansas St.,College Stats,LockTy00,2015.0,41.42857142857143
3.0,70.0,HOU,Jaelen Strong,WR,21.0,2017.0,0.0,0.0,0.0,2.0,2.0,20.0,0.0,0.0,0.0,0.0,0.0,0.0,0.0,0.0,31.0,330.0,4.0,,,,Arizona St.,College Stats,StroJa01,2015.0,-20.904761904761905
3.0,71.0,CHI,Hroniss Grasu,C,24.0,2023.0,0.0,0.0,1.0,8.0,5.0,33.0,0.0,0.0,0.0,0.0,0.0,0.0,0.0,0.0,0.0,2.0,0.0,,,,Oregon,College Stats,GrasHr00,2015.0,-19.857142857142858
3.0,72.0,STL,Jamon Brown,T,22.0,2020.0,0.0,0.0,3.0,21.0,13.0,62.0,0.0,0.0,0.0,0.0,0.0,0.0,0.0,0.0,0.0,0.0,0.0,,,,Louisville,College Stats,BrowJa04,2015.0,2.3999999999999986
3.0,73.0,ATL,Tevin Coleman,RB,22.0,2022.0,0.0,0.0,2.0,33.0,25.0,94.0,0.0,0.0,0.0,0.0,0.0,789.0,3319.0,25.0,131.0,1317.0,13.0,3.0,,,Indiana,College Stats,ColeTe01,2015.0,8.476190476190474
3.0,74.0,NYG,Owamagbe Odighizuwa,DE,23.0,2016.0,0.0,0.0,0.0,1.0,1.0,18.0,0.0,0.0,0.0,0.0,0.0,0.0,0.0,0.0,0.0,0.0,0.0,4.0,,,UCLA,College Stats,OdigOw00,2015.0,-17.428571428571427
3.0,75.0,NOR,Garrett Grayson,QB,24.0,,0.0,0.0,0.0,,,,,,,,,,,,,,,,,,Colorado St.,College Stats,GrayGa00,2015.0,
3.0,76.0,KAN,Chris Conley,WR,22.0,2024.0,0.0,0.0,3.0,23.0,11.0,132.0,0.0,0.0,0.0,0.0,0.0,1.0,3.0,0.0,226.0,2998.0,15.0,6.0,,,Georgia,College Stats,ConlCh00,2015.0,1.6499999999999986
3.0,77.0,CLE,Duke Johnson,RB,21.0,2022.0,0.0,0.0,0.0,28.0,18.0,97.0,0.0,1.0,0.0,0.0,0.0,532.0,2265.0,11.0,311.0,2870.0,12.0,2.0,,,Miami (FL),College Stats,JohnDu00,2015.0,9.047619047619047
3.0,78.0,NOR,P.J. Williams,CB,22.0,2022.0,0.0,0.0,2.0,19.0,19.0,89.0,0.0,0.0,0.0,0.0,0.0,0.0,0.0,0.0,0.0,0.0,0.0,201.0,8.0,4.0,Florida St.,College Stats,WillP.00,2015.0,-6.857142857142858
3.0,79.0,SFO,Eli Harold,OLB,21.0,2018.0,0.0,0.0,2.0,11.0,11.0,61.0,0.0,0.0,0.0,0.0,0.0,0.0,0.0,0.0,0.0,0.0,0.0,65.0,,9.0,Virginia,College Stats,HaroEl00,2015.0,-5.699999999999999
3.0,80.0,DET,Alex Carter,CB,20.0,2018.0,0.0,0.0,0.0,0.0,0.0,2.0,0.0,0.0,0.0,0.0,0.0,0.0,0.0,0.0,0.0,0.0,0.0,,,,Stanford,College Stats,CartAl01,2015.0,-11.238095238095237
3.0,81.0,BUF,John Miller,G,22.0,2022.0,0.0,0.0,5.0,31.0,19.0,87.0,0.0,0.0,0.0,0.0,0.0,0.0,0.0,0.0,0.0,0.0,0.0,,,,Louisville,College Stats,MillJo04,2015.0,6.0
3.0,82.0,NYJ,Lorenzo Mauldin,OLB,22.0,2016.0,0.0,0.0,0.0,4.0,4.0,26.0,0.0,0.0,0.0,0.0,0.0,0.0,0.0,0.0,0.0,0.0,0.0,20.0,1.0,6.5,Louisville,College Stats,MaulLo00,2015.0,-9.45
3.0,83.0,SDG,Craig Mager,CB,23.0,2018.0,0.0,0.0,0.0,4.0,4.0,24.0,0.0,0.0,0.0,0.0,0.0,0.0,0.0,0.0,0.0,0.0,0.0,29.0,1.0,,Texas St.,College Stats,MageCr00,2015.0,-19.761904761904763
3.0,84.0,PHI,Jordan Hicks,OLB,23.0,2024.0,0.0,0.0,9.0,53.0,18.0,134.0,0.0,0.0,0.0,0.0,0.0,0.0,0.0,0.0,0.0,0.0,0.0,614.0,13.0,16.5,Texas,College Stats,HickJo00,2015.0,27.571428571428573
3.0,85.0,CIN,Tyler Kroft,TE,22.0,2023.0,0.0,0.0,2.0,9.0,6.0,100.0,0.0,0.0,0.0,0.0,0.0,0.0,0.0,0.0,105.0,1081.0,13.0,12.0,,,Rutgers,College Stats,KrofTy00,2015.0,-3.0
3.0,86.0,ARI,David Johnson,RB,23.0,2022.0,1.0,1.0,3.0,42.0,33.0,92.0,0.0,0.0,0.0,0.0,0.0,1007.0,4071.0,39.0,277.0,2805.0,18.0,3.0,,,Northern Iowa,,JohnDa08,2015.0,22.0
3.0,87.0,PIT,Sammie Coates,WR,22.0,2018.0,0.0,0.0,0.0,4.0,4.0,44.0,0.0,0.0,0.0,0.0,0.0,4.0,14.0,0.0,29.0,528.0,2.0,8.0,,,Auburn,College Stats,CoatSa00,2015.0,-7.476190476190476
3.0,88.0,MIN,Danielle Hunter,DE,20.0,2025.0,0.0,5.0,6.0,83.0,58.0,153.0,0.0,0.0,0.0,0.0,0.0,0.0,0.0,0.0,0.0,0.0,0.0,375.0,,114.5,LSU,College Stats,HuntDa01,2015.0,62.80952380952381
3.0,89.0,STL,Sean Mannion,QB,23.0,2021.0,0.0,0.0,0.0,2.0,1.0,14.0,67.0,110.0,573.0,1.0,3.0,25.0,-3.0,0.0,0.0,0.0,0.0,,,,Oregon St.,College Stats,MannSe00,2015.0,-17.0
3.0,90.0,BAL,Carl Davis,DT,23.0,2024.0,0.0,0.0,1.0,13.0,7.0,78.0,0.0,0.0,0.0,0.0,0.0,0.0,0.0,0.0,0.0,0.0,0.0,36.0,,2.5,Iowa,College Stats,DaviCa01,2015.0,-1.1428571428571423
3.0,91.0,DAL,Chaz Green,T,23.0,2021.0,0.0,0.0,0.0,7.0,4.0,39.0,0.0,0.0,0.0,0.0,0.0,0.0,0.0,0.0,0.0,0.0,0.0,,,,Florida,College Stats,GreeCh02,2015.0,-18.7
3.0,92.0,DEN,Jeff Heuerman,TE,22.0,2019.0,0.0,0.0,3.0,5.0,5.0,51.0,0.0,0.0,0.0,0.0,0.0,0.0,0.0,0.0,63.0,678.0,5.0,,,,Ohio St.,College Stats,HeueJe00,2015.0,-19.8
3.0,93.0,IND,Henry Anderson,DE,24.0,2022.0,0.0,0.0,4.0,21.0,8.0,89.0,0.0,0.0,0.0,0.0,0.0,0.0,0.0,0.0,0.0,0.0,0.0,110.0,,11.5,Stanford,College Stats,AndeHe00,2015.0,8.80952380952381
3.0,94.0,GNB,Ty Montgomery,WR,22.0,2023.0,0.0,0.0,1.0,17.0,13.0,92.0,0.0,0.0,0.0,0.0,0.0,263.0,1187.0,7.0,147.0,1159.0,4.0,15.0,,,Stanford,College Stats,MontTy01,2015.0,-2.8500000000000014
3.0,95.0,WAS,Matt Jones,RB,22.0,2017.0,0.0,0.0,0.0,9.0,9.0,25.0,0.0,0.0,0.0,0.0,0.0,248.0,964.0,6.0,27.0,377.0,1.0,,,,Florida,College Stats,JoneMa04,2015.0,-6.789473684210526
3.0,96.0,CLE,Xavier Cooper,DT,23.0,2017.0,0.0,0.0,0.0,4.0,3.0,40.0,0.0,0.0,0.0,0.0,0.0,0.0,0.0,0.0,0.0,0.0,0.0,29.0,,3.0,Washington St.,College Stats,CoopXa00,2015.0,-9.619047619047619
3.0,97.0,NWE,Geneo Grissom,DE,23.0,2018.0,0.0,0.0,0.0,3.0,3.0,37.0,0.0,0.0,0.0,0.0,0.0,0.0,0.0,0.0,0.0,0.0,0.0,7.0,,1.0,Oklahoma,College Stats,GrisGe00,2015.0,-9.857142857142858
3.0,98.0,KAN,Steven Nelson,CB,22.0,2023.0,0.0,0.0,7.0,36.0,11.0,130.0,0.0,0.0,0.0,0.0,0.0,0.0,0.0,0.0,0.0,0.0,0.0,374.0,13.0,1.0,Oregon St.,College Stats,NelsSt01,2015.0,14.952380952380953
3.0,99.0,CIN,Paul Dawson,ILB,22.0,2017.0,0.0,0.0,0.0,1.0,1.0,16.0,0.0,0.0,0.0,0.0,0.0,0.0,0.0,0.0,0.0,0.0,0.0,10.0,,,TCU,College Stats,DawsPa00,2015.0,-16.857142857142858
4.0,100.0,TEN,Angelo Blackson,DT,22.0,2024.0,0.0,0.0,1.0,23.0,1.0,129.0,0.0,0.0,0.0,0.0,0.0,0.0,0.0,0.0,0.0,0.0,0.0,107.0,1.0,8.5,Auburn,College Stats,BlacAn00,2015.0,3.6000000000000014
4.0,101.0,NWE,Trey Flowers,DE,22.0,2022.0,0.0,0.0,4.0,34.0,24.0,79.0,0.0,0.0,0.0,0.0,0.0,0.0,0.0,0.0,0.0,0.0,0.0,161.0,,31.5,Arkansas,College Stats,FlowTr00,2015.0,21.8
4.0,102.0,CAR,Daryl Williams,G,23.0,2021.0,0.0,0.0,5.0,39.0,22.0,89.0,0.0,0.0,0.0,0.0,0.0,0.0,0.0,0.0,0.0,0.0,0.0,,,,Oklahoma,College Stats,WillDa06,2015.0,18.571428571428573
4.0,103.0,NYJ,Bryce Petty,QB,24.0,2017.0,0.0,0.0,0.0,4.0,4.0,10.0,130.0,245.0,1353.0,4.0,10.0,12.0,74.0,0.0,0.0,0.0,0.0,,,,Baylor,College Stats,PettBr01,2015.0,-12.61904761904762
4.0,104.0,JAX,James Sample,S,23.0,2015.0,0.0,0.0,0.0,1.0,1.0,4.0,0.0,0.0,0.0,0.0,0.0,0.0,0.0,0.0,0.0,0.0,0.0,8.0,,,Louisville,College Stats,SampJa00,2015.0,-13.5
4.0,105.0,WAS,Jamison Crowder,WR,22.0,2024.0,0.0,0.0,4.0,33.0,22.0,123.0,1.0,2.0,43.0,1.0,0.0,17.0,82.0,0.0,440.0,4898.0,31.0,3.0,,,Duke,College Stats,CrowJa00,2015.0,15.600000000000001
4.0,106.0,CHI,Jeremy Langford,RB,23.0,2018.0,0.0,0.0,0.0,7.0,7.0,29.0,0.0,0.0,0.0,0.0,0.0,219.0,762.0,10.0,41.0,421.0,1.0,2.0,,,Michigan St.,College Stats,LangJe00,2015.0,-8.142857142857142
4.0,107.0,ATL,Justin Hardy,WR,23.0,2019.0,0.0,0.0,0.0,8.0,8.0,73.0,0.0,0.0,0.0,0.0,0.0,0.0,0.0,0.0,95.0,946.0,9.0,5.0,,,East Carolina,College Stats,HardJu00,2015.0,-1.2380952380952372
4.0,108.0,TEN,Jalston Fowler,FB,25.0,2017.0,0.0,0.0,1.0,0.0,0.0,42.0,0.0,0.0,0.0,0.0,0.0,10.0,20.0,2.0,6.0,58.0,1.0,6.0,,,Alabama,College Stats,FowlJa00,2015.0,-22.57894736842105
4.0,109.0,IND,Clayton Geathers,S,23.0,2019.0,0.0,0.0,3.0,13.0,13.0,56.0,0.0,0.0,0.0,0.0,0.0,0.0,0.0,0.0,0.0,0.0,0.0,183.0,1.0,,Central Florida,College Stats,GeatCl00,2015.0,-10.047619047619047
4.0,110.0,MIN,T.J. Clemmings,T,23.0,2018.0,0.0,0.0,2.0,15.0,13.0,41.0,0.0,0.0,0.0,0.0,0.0,0.0,0.0,0.0,0.0,0.0,0.0,,,,Pittsburgh,College Stats,ClemT.00,2015.0,4.761904761904763
4.0,111.0,NWE,Tre' Jackson,G,22.0,2015.0,0.0,0.0,1.0,6.0,6.0,13.0,0.0,0.0,0.0,0.0,0.0,0.0,0.0,0.0,0.0,0.0,0.0,,,,Florida St.,College Stats,JackTr00,2015.0,-4.9523809523809526
4.0,112.0,WAS,Arie Kouandjio,G,23.0,2017.0,0.0,0.0,0.0,4.0,4.0,16.0,0.0,0.0,0.0,0.0,0.0,0.0,0.0,0.0,0.0,0.0,0.0,,,,Alabama,College Stats,KouaAr00,2015.0,-14.842105263157894
4.0,113.0,DET,Gabe Wright,DT,23.0,2018.0,0.0,0.0,0.0,1.0,1.0,15.0,0.0,0.0,0.0,0.0,0.0,0.0,0.0,0.0,0.0,0.0,0.0,9.0,,,Auburn,College Stats,WrigGa00,2015.0,-15.0
4.0,114.0,MIA,Jamil Douglas,G,23.0,2021.0,0.0,0.0,0.0,7.0,3.0,50.0,0.0,0.0,0.0,0.0,0.0,0.0,0.0,0.0,0.0,0.0,0.0,1.0,,,Arizona St.,College Stats,DougJa00,2015.0,-4.947368421052632
4.0,115.0,CLE,Ibraheim Campbell,S,23.0,2021.0,0.0,0.0,1.0,6.0,5.0,60.0,0.0,0.0,0.0,0.0,0.0,0.0,0.0,0.0,0.0,0.0,0.0,85.0,,,Northwestern,College Stats,CampIb00,2015.0,-3.7368421052631575
4.0,116.0,ARI,Rodney Gunter,DT,23.0,2019.0,0.0,0.0,3.0,18.0,18.0,77.0,0.0,0.0,0.0,0.0,0.0,0.0,0.0,0.0,0.0,0.0,0.0,86.0,,11.0,Delaware St.,,GuntRo00,2015.0,6.0476190476190474
4.0,117.0,SFO,Blake Bell,TE,24.0,2023.0,0.0,0.0,1.0,5.0,2.0,117.0,0.0,0.0,0.0,0.0,0.0,5.0,12.0,0.0,65.0,667.0,2.0,7.0,,,Oklahoma,College Stats,BellBl00,2015.0,-10.0
4.0,118.0,KAN,Ramik Wilson,ILB,23.0,2019.0,0.0,0.0,1.0,14.0,12.0,46.0,0.0,0.0,0.0,0.0,0.0,0.0,0.0,0.0,0.0,0.0,0.0,114.0,1.0,,Georgia,College Stats,WilsRa00,2015.0,-0.75
4.0,119.0,STL,Andrew Donnal,T,23.0,2019.0,0.0,0.0,0.0,4.0,3.0,31.0,0.0,0.0,0.0,0.0,0.0,0.0,0.0,0.0,0.0,0.0,0.0,,,,Iowa,College Stats,DonnAn00,2015.0,-11.666666666666666
4.0,120.0,CIN,Josh Shaw,CB,23.0,2018.0,0.0,0.0,0.0,7.0,7.0,55.0,0.0,0.0,0.0,0.0,0.0,0.0,0.0,0.0,0.0,0.0,0.0,95.0,1.0,,USC,College Stats,ShawJo00,2015.0,-12.25
4.0,121.0,PIT,Doran Grant,CB,22.0,2015.0,0.0,0.0,0.0,0.0,0.0,3.0,0.0,0.0,0.0,0.0,0.0,0.0,0.0,0.0,0.0,0.0,0.0,,,,Ohio St.,College Stats,GranDo00,2015.0,-8.157894736842104
4.0,122.0,BAL,Za'Darius Smith,DE,22.0,2025.0,0.0,3.0,4.0,57.0,10.0,145.0,0.0,0.0,0.0,0.0,0.0,0.0,0.0,0.0,0.0,0.0,0.0,223.0,,70.5,Kentucky,College Stats,SmitZa00,2015.0,41.1578947368421
4.0,123.0,CLE,Vince Mayle,WR,24.0,2017.0,0.0,0.0,0.0,0.0,,23.0,0.0,0.0,0.0,0.0,0.0,2.0,2.0,1.0,0.0,0.0,0.0,9.0,,,Washington St.,College Stats,MaylVi00,2015.0,-13.7
4.0,124.0,TAM,Kwon Alexander,OLB,21.0,2024.0,0.0,1.0,6.0,43.0,22.0,109.0,0.0,0.0,0.0,0.0,0.0,0.0,0.0,0.0,0.0,0.0,0.0,449.0,9.0,13.5,LSU,College Stats,AlexKw00,2015.0,29.57142857142857
4.0,125.0,BAL,Javorius Allen,RB,24.0,2019.0,0.0,0.0,0.0,14.0,14.0,64.0,0.0,0.0,0.0,0.0,0.0,350.0,1285.0,9.0,130.0,823.0,6.0,11.0,,,USC,College Stats,AlleJa01,2015.0,-0.5789473684210531
4.0,126.0,SFO,Mike Davis,RB,22.0,2022.0,0.0,0.0,2.0,20.0,1.0,87.0,0.0,0.0,0.0,0.0,0.0,558.0,2052.0,14.0,171.0,1066.0,4.0,3.0,,,South Carolina,College Stats,DaviMi01,2015.0,-4.350000000000001
4.0,127.0,DAL,Damien Wilson,ILB,22.0,2022.0,0.0,0.0,5.0,31.0,10.0,127.0,0.0,0.0,0.0,0.0,0.0,0.0,0.0,0.0,0.0,0.0,0.0,266.0,1.0,9.0,Minnesota,College Stats,WilsDa02,2015.0,22.15
4.0,128.0,OAK,Jon Feliciano,G,23.0,2023.0,0.0,0.0,2.0,26.0,4.0,113.0,0.0,0.0,0.0,0.0,0.0,0.0,0.0,0.0,0.0,0.0,0.0,,,,Miami (FL),College Stats,FeliJo00,2015.0,7.399999999999999
4.0,129.0,GNB,Jake Ryan,OLB,23.0,2019.0,0.0,0.0,2.0,14.0,14.0,45.0,0.0,0.0,0.0,0.0,0.0,0.0,0.0,0.0,0.0,0.0,0.0,144.0,,1.0,Michigan,College Stats,RyanJa00,2015.0,4.15
4.0,130.0,SEA,Terry Poole,G,23.0,,0.0,0.0,0.0,,,,,,,,,,,,,,,,,,San Diego St.,College Stats,PoolTe00,2015.0,
4.0,131.0,NWE,Shaq Mason,C,22.0,2024.0,0.0,0.0,10.0,54.0,42.0,152.0,0.0,0.0,0.0,0.0,0.0,0.0,0.0,0.0,0.0,0.0,0.0,,,,Georgia Tech,College Stats,MasoSh01,2015.0,40.21052631578947
4.0,132.0,SFO,DeAndre Smelter,WR,23.0,2016.0,0.0,0.0,0.0,0.0,0.0,2.0,0.0,0.0,0.0,0.0,0.0,0.0,0.0,0.0,1.0,23.0,0.0,,,,Georgia Tech,College Stats,SmelDe00,2015.0,-10.705882352941176
4.0,133.0,DEN,Max Garcia,C,23.0,2023.0,0.0,0.0,3.0,26.0,16.0,122.0,0.0,0.0,0.0,0.0,0.0,0.0,0.0,0.0,0.0,0.0,0.0,2.0,,,Florida,College Stats,GarcMa00,2015.0,15.142857142857142
4.0,134.0,SEA,Mark Glowinski,G,23.0,2024.0,0.0,0.0,6.0,41.0,9.0,129.0,0.0,0.0,0.0,0.0,0.0,0.0,0.0,0.0,0.0,0.0,0.0,1.0,,,West Virginia,College Stats,GlowMa00,2015.0,25.588235294117645
4.0,135.0,CIN,Marcus Hardison,DE,23.0,,0.0,0.0,0.0,,,,,,,,,,,,,,,,,,Arizona St.,College Stats,HardMa00,2015.0,
4.0,136.0,BAL,Tray Walker,CB,23.0,2015.0,0.0,0.0,0.0,0.0,0.0,8.0,0.0,0.0,0.0,0.0,0.0,0.0,0.0,0.0,0.0,0.0,0.0,2.0,,,Texas Southern,,WalkTr00,2015.0,-8.8
5.0,137.0,ATL,Grady Jarrett,NT,22.0,2025.0,0.0,2.0,8.0,57.0,56.0,166.0,0.0,0.0,0.0,0.0,0.0,0.0,0.0,0.0,0.0,0.0,0.0,281.0,,38.0,Clemson,College Stats,JarrGr00,2015.0,36.05263157894737
5.0,138.0,TEN,David Cobb,RB,22.0,2015.0,0.0,0.0,0.0,1.0,1.0,7.0,0.0,0.0,0.0,0.0,0.0,52.0,146.0,1.0,1.0,-2.0,0.0,,,,Minnesota,College Stats,CobbDa00,2015.0,-12.421052631578947
5.0,139.0,JAX,Rashad Greene,WR,22.0,2018.0,0.0,0.0,0.0,2.0,2.0,25.0,0.0,0.0,0.0,0.0,0.0,0.0,0.0,0.0,30.0,185.0,2.0,,,,Florida St.,College Stats,GreeRa00,2015.0,-5.857142857142857
5.0,140.0,OAK,Ben Heeney,ILB,23.0,2017.0,0.0,0.0,0.0,3.0,3.0,24.0,0.0,0.0,0.0,0.0,0.0,0.0,0.0,0.0,0.0,0.0,0.0,44.0,,2.5,Kansas,College Stats,HeenBe00,2015.0,-8.476190476190476
5.0,141.0,WAS,Martrell Spaight,OLB,22.0,2018.0,0.0,0.0,0.0,6.0,6.0,37.0,0.0,0.0,0.0,0.0,0.0,0.0,0.0,0.0,0.0,0.0,0.0,68.0,1.0,,Arkansas,College Stats,SpaiMa00,2015.0,-2.666666666666666
5.0,142.0,CHI,Adrian Amos,S,22.0,2024.0,0.0,0.0,8.0,38.0,19.0,143.0,0.0,0.0,0.0,0.0,0.0,0.0,0.0,0.0,0.0,0.0,0.0,539.0,10.0,6.0,Penn St.,College Stats,AmosAd00,2015.0,22.315789473684212
5.0,143.0,MIN,MyCole Pruitt,TE,23.0,2024.0,0.0,0.0,1.0,7.0,1.0,121.0,0.0,0.0,0.0,0.0,0.0,0.0,0.0,0.0,77.0,788.0,13.0,5.0,,,Southern Illinois,,PruiMy00,2015.0,-9.315789473684209
5.0,144.0,NYG,Mykkele Thompson,S,22.0,2016.0,0.0,0.0,0.0,0.0,0.0,1.0,0.0,0.0,0.0,0.0,0.0,0.0,0.0,0.0,0.0,0.0,0.0,,,,Texas,,ThomMy00,2015.0,-11.05
5.0,145.0,MIA,Bobby McCain,CB,22.0,2024.0,0.0,0.0,6.0,28.0,17.0,134.0,0.0,0.0,0.0,0.0,0.0,0.0,0.0,0.0,0.0,0.0,0.0,304.0,11.0,4.0,Memphis,College Stats,McCaBo01,2015.0,17.5
5.0,146.0,MIN,Stefon Diggs,WR,21.0,2025.0,1.0,4.0,10.0,90.0,32.0,161.0,1.0,2.0,13.0,0.0,0.0,35.0,170.0,1.0,942.0,11504.0,74.0,2.0,,,Maryland,College Stats,DiggSt00,2015.0,64.55
5.0,147.0,GNB,Brett Hundley,QB,22.0,2019.0,0.0,0.0,1.0,5.0,5.0,18.0,199.0,337.0,1902.0,9.0,13.0,46.0,309.0,2.0,1.0,10.0,0.0,,,,UCLA,College Stats,HundBr00,2015.0,-5.375
5.0,148.0,NOR,Davis Tull,OLB,23.0,,0.0,0.0,0.0,,,,,,,,,,,,,,,,,,Chattanooga,,TullDa00,2015.0,
5.0,149.0,MIA,Jay Ajayi,RB,22.0,2019.0,0.0,1.0,2.0,19.0,14.0,45.0,0.0,0.0,0.0,0.0,0.0,572.0,2546.0,13.0,63.0,419.0,1.0,,,,Boise St.,College Stats,AjayJa00,2015.0,3.9000000000000004
5.0,150.0,MIA,Cedric Thompson,S,22.0,,0.0,0.0,0.0,,,,,,,,,,,,,,,,,,Minnesota,College Stats,ThomCe00,2015.0,
5.0,151.0,IND,David Parry,NT,23.0,2018.0,0.0,0.0,2.0,13.0,13.0,36.0,0.0,0.0,0.0,0.0,0.0,0.0,0.0,0.0,0.0,0.0,0.0,52.0,,5.0,Stanford,College Stats,ParrDa00,2015.0,-0.05555555555555536
5.0,152.0,NYJ,Jarvis Harrison,G,23.0,,0.0,0.0,0.0,,,,,,,,,,,,,,,,,,Texas A&M,College Stats,HarrJa02,2015.0,
5.0,153.0,SDG,Kyle Emanuel,OLB,24.0,2020.0,0.0,0.0,2.0,16.0,16.0,71.0,0.0,0.0,0.0,0.0,0.0,0.0,0.0,0.0,0.0,0.0,0.0,95.0,2.0,4.0,North Dakota St.,,EmanKy00,2015.0,2.6111111111111107
5.0,154.0,NOR,Tyeler Davison,DT,22.0,2022.0,0.0,0.0,6.0,31.0,16.0,111.0,0.0,0.0,0.0,0.0,0.0,0.0,0.0,0.0,0.0,0.0,0.0,101.0,,5.0,Fresno St.,College Stats,DaviTy01,2015.0,12.736842105263158
5.0,155.0,BUF,Karlos Williams,RB,22.0,2015.0,0.0,0.0,0.0,4.0,4.0,11.0,0.0,0.0,0.0,0.0,0.0,93.0,517.0,7.0,11.0,96.0,2.0,,,,Florida St.,College Stats,WillKa01,2015.0,-5.117647058823529
5.0,156.0,MIA,Tony Lippett,WR,23.0,2018.0,0.0,0.0,1.0,6.0,6.0,28.0,0.0,0.0,0.0,0.0,0.0,0.0,0.0,0.0,0.0,0.0,0.0,58.0,4.0,,Michigan St.,College Stats,LippTo00,2015.0,-3.1111111111111107
5.0,157.0,CIN,C.J. Uzomah,TE,22.0,2024.0,0.0,0.0,4.0,14.0,13.0,113.0,0.0,0.0,0.0,0.0,0.0,0.0,0.0,0.0,192.0,1881.0,16.0,14.0,,,Auburn,College Stats,UzomC.00,2015.0,3.75
5.0,158.0,ARI,Shaquille Riddick,DE,22.0,,0.0,0.0,0.0,,,,,,,,,,,,,,,,,,West Virginia,College Stats,RiddSh00,2015.0,
5.0,159.0,ARI,JJ Nelson,WR,23.0,2019.0,0.0,0.0,0.0,12.0,12.0,58.0,0.0,0.0,0.0,0.0,0.0,12.0,120.0,1.0,85.0,1475.0,11.0,1.0,,,Ala-Birmingham,,NelsJJ00,2015.0,-1.0
5.0,160.0,PIT,Jesse James,TE,21.0,2022.0,0.0,0.0,4.0,12.0,10.0,104.0,0.0,0.0,0.0,0.0,0.0,0.0,0.0,0.0,157.0,1522.0,12.0,,,,Penn St.,College Stats,JameJe00,2015.0,1.2777777777777786
5.0,161.0,OAK,Neiron Ball,OLB,23.0,2015.0,0.0,0.0,0.0,1.0,1.0,6.0,0.0,0.0,0.0,0.0,0.0,0.0,0.0,0.0,0.0,0.0,0.0,7.0,,1.0,Florida,College Stats,BallNe00,2015.0,-11.166666666666666
5.0,162.0,TAM,Kenny Bell,WR,23.0,,0.0,0.0,0.0,,,,,,,,,,,,,,,,,,Nebraska,College Stats,BellKe02,2015.0,
5.0,163.0,DAL,Ryan Russell,DE,23.0,2017.0,0.0,0.0,0.0,4.0,0.0,23.0,0.0,0.0,0.0,0.0,0.0,0.0,0.0,0.0,0.0,0.0,0.0,17.0,,3.0,Purdue,College Stats,RussRy00,2015.0,-9.333333333333334
5.0,164.0,DEN,Lorenzo Doss,CB,21.0,2018.0,0.0,0.0,0.0,0.0,0.0,16.0,0.0,0.0,0.0,0.0,0.0,0.0,0.0,0.0,0.0,0.0,0.0,6.0,,,Tulane,College Stats,DossLo00,2015.0,-12.05
5.0,165.0,SFO,Bradley Pinion,P,21.0,2025.0,0.0,0.0,2.0,15.0,5.0,179.0,0.0,0.0,0.0,0.0,0.0,0.0,0.0,0.0,0.0,0.0,0.0,7.0,,,Clemson,College Stats,PiniBr00,2015.0,1.6500000000000004
5.0,166.0,NWE,Joe Cardona,LS,23.0,2025.0,0.0,0.0,0.0,8.0,8.0,177.0,0.0,0.0,0.0,0.0,0.0,0.0,0.0,0.0,0.0,0.0,0.0,15.0,,,Navy,College Stats,CardJo00,2015.0,-5.666666666666666
5.0,167.0,NOR,Damian Swann,CB,22.0,2015.0,0.0,0.0,0.0,1.0,1.0,7.0,0.0,0.0,0.0,0.0,0.0,0.0,0.0,0.0,0.0,0.0,0.0,20.0,,,Georgia,College Stats,SwanDa02,2015.0,-7.764705882352942
5.0,168.0,DET,Michael Burton,FB,23.0,2024.0,0.0,0.0,1.0,1.0,0.0,147.0,0.0,0.0,0.0,0.0,0.0,42.0,79.0,2.0,31.0,196.0,2.0,18.0,,,Rutgers,College Stats,BurtMi00,2015.0,-11.055555555555555
5.0,169.0,CAR,David Mayo,LB,22.0,2023.0,0.0,0.0,1.0,18.0,4.0,132.0,0.0,0.0,0.0,0.0,0.0,0.0,0.0,0.0,0.0,0.0,0.0,182.0,,5.0,Texas St.,College Stats,MayoDa00,2015.0,6.5
5.0,170.0,SEA,Tye Smith,CB,22.0,2021.0,0.0,0.0,0.0,3.0,0.0,45.0,0.0,0.0,0.0,0.0,0.0,0.0,0.0,0.0,0.0,0.0,0.0,49.0,1.0,,Towson,,SmitTy01,2015.0,-4.0588235294117645
5.0,171.0,BAL,Nick Boyle,TE,22.0,2022.0,0.0,0.0,4.0,9.0,9.0,90.0,0.0,0.0,0.0,0.0,0.0,0.0,0.0,0.0,121.0,1049.0,4.0,3.0,,,Delaware,,BoylNi00,2015.0,2.4117647058823533
5.0,172.0,KAN,D.J. Alexander,OLB,23.0,2019.0,0.0,1.0,0.0,7.0,5.0,61.0,0.0,0.0,0.0,0.0,0.0,0.0,0.0,0.0,0.0,0.0,0.0,43.0,,,Oregon St.,College Stats,AlexD.00,2015.0,-0.5625
5.0,173.0,KAN,James O'Shaughnessy,TE,23.0,2021.0,0.0,0.0,3.0,7.0,1.0,80.0,0.0,0.0,0.0,0.0,0.0,0.0,0.0,0.0,112.0,1108.0,3.0,11.0,,,Illinois St.,,O'ShJa00,2015.0,-4.857142857142858
5.0,174.0,CAR,Cameron Artis-Payne,RB,25.0,2018.0,0.0,0.0,0.0,5.0,5.0,32.0,0.0,0.0,0.0,0.0,0.0,118.0,491.0,5.0,10.0,86.0,0.0,2.0,,,Auburn,College Stats,ArtiCa00,2015.0,-7.235294117647058
5.0,175.0,HOU,Keith Mumphery,WR,23.0,2016.0,0.0,0.0,0.0,2.0,2.0,27.0,0.0,0.0,0.0,0.0,0.0,0.0,0.0,0.0,24.0,198.0,0.0,5.0,,,Michigan St.,College Stats,MumpKe00,2015.0,-6.842105263157896
5.0,176.0,BAL,Robert Myers,G,23.0,,0.0,0.0,0.0,,,,,,,,,,,,,,,,,,Tennessee St.,,MyerRo01,2015.0,
6.0,177.0,TEN,Deiontrez Mount,OLB,22.0,2017.0,0.0,0.0,0.0,1.0,0.0,12.0,0.0,0.0,0.0,0.0,0.0,0.0,0.0,0.0,0.0,0.0,0.0,6.0,1.0,,Louisville,College Stats,MounDe00,2015.0,-9.526315789473685
6.0,178.0,NWE,Matthew Wells,LB,24.0,,0.0,0.0,0.0,,,,,,,,,,,,,,,,,,Mississippi St.,College Stats,WellMa00,2015.0,
6.0,179.0,OAK,Max Valles,OLB,21.0,,0.0,0.0,0.0,,,,,,,,,,,,,,,,,,Virginia,College Stats,VallMa00,2015.0,
6.0,180.0,JAX,Michael Bennett,DT,22.0,2018.0,0.0,0.0,0.0,1.0,1.0,16.0,0.0,0.0,0.0,0.0,0.0,0.0,0.0,0.0,0.0,0.0,0.0,12.0,,0.5,Ohio St.,College Stats,BennMi01,2015.0,-8.61111111111111
6.0,181.0,WAS,Kyshoen Jarrett,S,22.0,2015.0,0.0,0.0,0.0,3.0,3.0,16.0,0.0,0.0,0.0,0.0,0.0,0.0,0.0,0.0,0.0,0.0,0.0,39.0,,,Virginia Tech,College Stats,JarrKy00,2015.0,-6.368421052631579
6.0,182.0,WAS,Tevin Mitchel,CB,23.0,,0.0,0.0,0.0,,,,,,,,,,,,,,,,,,Arkansas,College Stats,MitcTe01,2015.0,
6.0,183.0,CHI,Tayo Fabuluje,T,24.0,2015.0,0.0,0.0,0.0,0.0,0.0,4.0,0.0,0.0,0.0,0.0,0.0,0.0,0.0,0.0,0.0,0.0,0.0,,,,TCU,College Stats,FabuTa00,2015.0,-5.105263157894737
6.0,184.0,TAM,Kaelin Clay,WR,23.0,2018.0,0.0,0.0,0.0,3.0,,22.0,0.0,0.0,0.0,0.0,0.0,3.0,27.0,0.0,6.0,85.0,0.0,1.0,,,Utah,College Stats,ClayKa00,2015.0,-2.3157894736842106
6.0,185.0,MIN,Tyrus Thompson,T,23.0,,0.0,0.0,0.0,,,,,,,,,,,,,,,,,,Oklahoma,College Stats,ThomTy01,2015.0,
6.0,186.0,NYG,Geremy Davis,WR,23.0,2019.0,0.0,0.0,0.0,0.0,0.0,36.0,0.0,0.0,0.0,0.0,0.0,0.0,0.0,0.0,5.0,59.0,0.0,11.0,,,Connecticut,College Stats,DaviGe00,2015.0,-10.38888888888889
6.0,187.0,WAS,Evan Spencer,WR,22.0,2015.0,0.0,0.0,0.0,0.0,,1.0,0.0,0.0,0.0,0.0,0.0,0.0,0.0,0.0,0.0,0.0,0.0,1.0,,,Ohio St.,College Stats,SpenEv00,2015.0,-12.15
6.0,188.0,BUF,Tony Steward,OLB,22.0,2015.0,0.0,0.0,0.0,1.0,1.0,7.0,0.0,0.0,0.0,0.0,0.0,0.0,0.0,0.0,0.0,0.0,0.0,1.0,,,Clemson,College Stats,StewTo01,2015.0,-10.764705882352942
6.0,189.0,CLE,Charles Gaines,CB,22.0,2015.0,0.0,0.0,0.0,1.0,1.0,6.0,0.0,0.0,0.0,0.0,0.0,0.0,0.0,0.0,0.0,0.0,0.0,15.0,,,Louisville,College Stats,GainCh00,2015.0,-7.4
6.0,190.0,SFO,Ian Silberman,G,22.0,2018.0,0.0,0.0,0.0,0.0,0.0,3.0,0.0,0.0,0.0,0.0,0.0,0.0,0.0,0.0,0.0,0.0,0.0,,,,Boston Col.,College Stats,SilbIa00,2015.0,-9.61111111111111
6.0,191.0,PHI,JaCorey Shepherd,CB,22.0,2016.0,0.0,0.0,0.0,1.0,,11.0,0.0,0.0,0.0,0.0,0.0,0.0,0.0,0.0,0.0,0.0,0.0,1.0,,,Kansas,College Stats,ShepJa00,2015.0,-14.421052631578947
6.0,192.0,SDG,Darius Philon,DT,21.0,2021.0,0.0,0.0,0.0,14.0,12.0,65.0,0.0,0.0,0.0,0.0,0.0,0.0,0.0,0.0,0.0,0.0,0.0,65.0,,11.5,Arkansas,College Stats,PhilDa01,2015.0,6.8
6.0,193.0,MIN,B.J. Dubose,DE,23.0,,0.0,0.0,0.0,,,,,,,,,,,,,,,,,,Louisville,College Stats,DuboB.00,2015.0,
6.0,194.0,BUF,Nick O'Leary,TE,23.0,2019.0,0.0,0.0,2.0,6.0,4.0,59.0,0.0,0.0,0.0,0.0,0.0,0.0,0.0,0.0,53.0,668.0,4.0,,,,Florida St.,College Stats,OLeaNi00,2015.0,-0.5555555555555554
6.0,195.0,CLE,Malcolm Johnson,TE,23.0,2016.0,0.0,0.0,0.0,0.0,0.0,19.0,0.0,0.0,0.0,0.0,0.0,1.0,2.0,0.0,9.0,59.0,0.0,,,,Mississippi St.,College Stats,JohnMa06,2015.0,-13.764705882352942
6.0,196.0,PHI,Randall Evans,CB,23.0,2015.0,0.0,0.0,0.0,0.0,0.0,1.0,0.0,0.0,0.0,0.0,0.0,0.0,0.0,0.0,0.0,0.0,0.0,,,,Kansas St.,College Stats,EvanRa00,2015.0,-4.5
6.0,197.0,CIN,Derron Smith,S,23.0,2017.0,0.0,0.0,0.0,3.0,2.0,38.0,0.0,0.0,0.0,0.0,0.0,0.0,0.0,0.0,0.0,0.0,0.0,9.0,,,Fresno St.,College Stats,SmitDe05,2015.0,-3.3125
6.0,198.0,CLE,Randall Telfer,TE,23.0,2017.0,0.0,0.0,2.0,0.0,0.0,30.0,0.0,0.0,0.0,0.0,0.0,0.0,0.0,0.0,5.0,40.0,0.0,,,,USC,College Stats,TelfRa00,2015.0,-8.777777777777779
6.0,199.0,PIT,Leterrius Walton,DT,23.0,2018.0,0.0,0.0,0.0,4.0,4.0,36.0,0.0,0.0,0.0,0.0,0.0,0.0,0.0,0.0,0.0,0.0,0.0,17.0,,2.0,Central Michigan,College Stats,WaltLe00,2015.0,-17.125
6.0,200.0,DET,Quandre Diggs,CB,22.0,2025.0,0.0,3.0,6.0,43.0,11.0,155.0,0.0,0.0,0.0,0.0,0.0,0.0,0.0,0.0,0.0,0.0,0.0,480.0,24.0,1.0,Texas,College Stats,DiggQu00,2015.0,27.933333333333334
6.0,201.0,STL,Bud Sasser,WR,,,0.0,0.0,0.0,,,,,,,,,,,,,,,,,,Missouri,College Stats,SassBu00,2015.0,
6.0,202.0,NWE,A.J. Derby,TE,23.0,2018.0,0.0,0.0,0.0,3.0,0.0,25.0,0.0,0.0,0.0,0.0,0.0,0.0,0.0,0.0,40.0,452.0,3.0,1.0,,,Arkansas,College Stats,DerbA.00,2015.0,-2.1111111111111107
6.0,203.0,DEN,Darius Kilgo,NT,23.0,2018.0,0.0,0.0,0.0,3.0,2.0,29.0,0.0,0.0,0.0,0.0,0.0,0.0,0.0,0.0,0.0,0.0,0.0,11.0,,,Maryland,College Stats,KilgDa01,2015.0,-8.923076923076923
6.0,204.0,BAL,Darren Waller,WR,22.0,2025.0,0.0,1.0,4.0,33.0,1.0,95.0,0.0,0.0,0.0,0.0,0.0,4.0,30.0,0.0,374.0,4407.0,26.0,10.0,,,Georgia Tech,College Stats,WallDa01,2015.0,23.352941176470587
6.0,205.0,IND,Josh Robinson,RB,23.0,2015.0,0.0,0.0,0.0,0.0,0.0,5.0,0.0,0.0,0.0,0.0,0.0,17.0,39.0,0.0,6.0,33.0,0.0,,,,Mississippi St.,College Stats,RobiJo02,2015.0,-10.529411764705882
6.0,206.0,GNB,Aaron Ripkowski,FB,22.0,2017.0,0.0,0.0,0.0,2.0,2.0,47.0,0.0,0.0,0.0,0.0,0.0,39.0,163.0,2.0,17.0,103.0,1.0,9.0,,,Oklahoma,College Stats,RipkAa00,2015.0,-4.0
6.0,207.0,IND,Amarlo Herrera,ILB,23.0,2015.0,0.0,0.0,0.0,0.0,0.0,3.0,0.0,0.0,0.0,0.0,0.0,0.0,0.0,0.0,0.0,0.0,0.0,,,,Georgia,College Stats,HerrAm00,2015.0,-13.882352941176471
6.0,208.0,TEN,Andy Gallik,C,23.0,2015.0,0.0,0.0,1.0,4.0,4.0,12.0,0.0,0.0,0.0,0.0,0.0,0.0,0.0,0.0,0.0,0.0,0.0,,,,Boston Col.,College Stats,GallAn00,2015.0,-1.666666666666667
6.0,209.0,SEA,Obum Gwacham,DE,24.0,2017.0,0.0,0.0,0.0,1.0,,15.0,0.0,0.0,0.0,0.0,0.0,0.0,0.0,0.0,0.0,0.0,0.0,7.0,,2.5,Oregon St.,College Stats,GwacOb00,2015.0,-6.428571428571429
6.0,210.0,GNB,Christian Ringo,DE,23.0,2022.0,0.0,0.0,0.0,5.0,1.0,36.0,0.0,0.0,0.0,0.0,0.0,0.0,0.0,0.0,0.0,0.0,0.0,22.0,,1.5,Louisiana,College Stats,RingCh00,2015.0,-2.9411764705882355
6.0,211.0,HOU,Reshard Cliett,OLB,23.0,,0.0,0.0,0.0,,,,,,,,,,,,,,,,,,South Florida,College Stats,ClieRe00,2015.0,
6.0,212.0,PIT,Anthony Chickillo,DE,22.0,2020.0,0.0,0.0,1.0,10.0,9.0,76.0,0.0,0.0,0.0,0.0,0.0,0.0,0.0,0.0,0.0,0.0,0.0,66.0,,8.5,Miami (FL),College Stats,ChicAn00,2015.0,5.75
6.0,213.0,GNB,Kennard Backman,TE,22.0,2015.0,0.0,0.0,0.0,0.0,0.0,7.0,0.0,0.0,0.0,0.0,0.0,0.0,0.0,0.0,0.0,0.0,0.0,,,,Ala-Birmingham,College Stats,BackKe00,2015.0,-8.0
6.0,214.0,SEA,Kristjan Sokoli,DT,23.0,2015.0,0.0,0.0,0.0,0.0,0.0,1.0,0.0,0.0,0.0,0.0,0.0,0.0,0.0,0.0,0.0,0.0,0.0,,,,Buffalo,College Stats,SokoKr00,2015.0,-7.0
6.0,215.0,STL,Cody Wichmann,G,23.0,2016.0,0.0,0.0,2.0,6.0,6.0,24.0,0.0,0.0,0.0,0.0,0.0,0.0,0.0,0.0,0.0,0.0,0.0,,,,Fresno St.,College Stats,WichCo00,2015.0,-2.6111111111111107
6.0,216.0,HOU,Christian Covington,DT,21.0,2022.0,0.0,0.0,1.0,20.0,8.0,102.0,0.0,0.0,0.0,0.0,0.0,0.0,0.0,0.0,0.0,0.0,0.0,106.0,,9.5,Rice,College Stats,CoviCh00,2015.0,6.2142857142857135
6.0,217.0,KAN,Rakeem Nunez-Roches,DT,22.0,2025.0,0.0,0.0,4.0,31.0,7.0,142.0,0.0,0.0,0.0,0.0,0.0,0.0,0.0,0.0,0.0,0.0,0.0,103.0,,9.0,Southern Miss,College Stats,NuneRa00,2015.0,23.764705882352942
7.0,218.0,OAK,Anthony Morris,OL,23.0,,0.0,0.0,0.0,,,,,,,,,,,,,,,,,,Tennessee St.,,MorrAn00,2015.0,
7.0,219.0,CLE,Hayes Pullard,ILB,23.0,2018.0,0.0,0.0,1.0,9.0,,46.0,0.0,0.0,0.0,0.0,0.0,0.0,0.0,0.0,0.0,0.0,0.0,84.0,1.0,,USC,College Stats,PullHa00,2015.0,1.625
7.0,220.0,JAX,Neal Sterling,WR,23.0,2018.0,0.0,0.0,0.0,2.0,1.0,35.0,0.0,0.0,0.0,0.0,0.0,0.0,0.0,0.0,24.0,239.0,0.0,3.0,,,Monmouth,,SterNe00,2015.0,-5.588235294117647
7.0,221.0,OAK,Andre Debose,WR,,,0.0,0.0,0.0,,,,,,,,,,,,,,,,,,Florida,College Stats,DeboAn00,2015.0,
7.0,222.0,WAS,Austin Reiter,C,23.0,2021.0,0.0,0.0,2.0,20.0,,65.0,0.0,0.0,0.0,0.0,0.0,0.0,0.0,0.0,0.0,0.0,0.0,,,,South Florida,College Stats,ReitAu00,2015.0,13.5
7.0,223.0,NYJ,Deon Simon,NT,25.0,2016.0,0.0,0.0,0.0,2.0,2.0,16.0,0.0,0.0,0.0,0.0,0.0,0.0,0.0,0.0,0.0,0.0,0.0,12.0,,1.5,Northwestern St. (LA),,SimoDe00,2015.0,-2.7857142857142856
7.0,224.0,STL,Bryce Hager,ILB,23.0,2020.0,0.0,0.0,0.0,7.0,5.0,79.0,0.0,0.0,0.0,0.0,0.0,0.0,0.0,0.0,0.0,0.0,0.0,45.0,,0.5,Baylor,College Stats,HageBr00,2015.0,-9.0
7.0,225.0,ATL,Jake Rodgers,T,23.0,2020.0,0.0,0.0,0.0,1.0,,19.0,0.0,0.0,0.0,0.0,0.0,0.0,0.0,0.0,0.0,0.0,0.0,,,,Eastern Washington,,RodgJa03,2015.0,-5.0588235294117645
7.0,226.0,NYG,Bobby Hart,G,21.0,2025.0,0.0,0.0,4.0,30.0,7.0,108.0,0.0,0.0,0.0,0.0,0.0,0.0,0.0,0.0,0.0,0.0,0.0,,,,Florida St.,College Stats,HartBo00,2015.0,22.823529411764707
7.0,227.0,STL,Martin Ifedi,DE,24.0,,0.0,0.0,0.0,,,,,,,,,,,,,,,,,,Memphis,College Stats,IfedMa00,2015.0,
7.0,228.0,MIN,Austin Shepherd,T,23.0,2015.0,0.0,0.0,0.0,1.0,1.0,14.0,0.0,0.0,0.0,0.0,0.0,0.0,0.0,0.0,0.0,0.0,0.0,,,,Alabama,College Stats,ShepAu00,2015.0,-4.333333333333333
7.0,229.0,JAX,Ben Koyack,TE,22.0,2019.0,0.0,0.0,0.0,1.0,1.0,48.0,0.0,0.0,0.0,0.0,0.0,0.0,0.0,0.0,25.0,208.0,1.0,1.0,,,Notre Dame,College Stats,KoyaBe00,2015.0,-5.055555555555555
7.0,230.0,NOR,Marcus Murphy,RB,23.0,2018.0,0.0,0.0,0.0,2.0,1.0,28.0,0.0,0.0,0.0,0.0,0.0,60.0,291.0,0.0,14.0,36.0,0.0,2.0,,,Missouri,College Stats,MurpMa03,2015.0,-7.111111111111111
7.0,231.0,TAM,Joey Iosefa,FB,24.0,2015.0,0.0,0.0,0.0,0.0,,2.0,0.0,0.0,0.0,0.0,0.0,15.0,51.0,0.0,0.0,0.0,0.0,,,,Hawaii,College Stats,IoseJo00,2015.0,-3.125
7.0,232.0,MIN,Edmond Robinson,OLB,23.0,2021.0,0.0,0.0,0.0,3.0,2.0,38.0,0.0,0.0,0.0,0.0,0.0,0.0,0.0,0.0,0.0,0.0,0.0,17.0,,,Newberry,,RobiEd00,2015.0,-3.8125
7.0,233.0,KAN,Da'Ron Brown,WR,23.0,,0.0,0.0,0.0,,,,,,,,,,,,,,,,,,Northern Illinois,College Stats,BrowDa03,2015.0,
7.0,234.0,BUF,Dezmin Lewis,WR,22.0,2016.0,0.0,0.0,0.0,0.0,0.0,2.0,0.0,0.0,0.0,0.0,0.0,0.0,0.0,0.0,0.0,0.0,0.0,,,,Central Arkansas,,LewiDe02,2015.0,-5.777777777777778
7.0,235.0,HOU,Kenny Hilliard,RB,23.0,,0.0,0.0,0.0,,,,,,,,,,,,,,,,,,LSU,College Stats,HillKe01,2015.0,
7.0,236.0,DAL,Mark Nzeocha,OLB,25.0,2021.0,0.0,0.0,0.0,5.0,0.0,56.0,0.0,0.0,0.0,0.0,0.0,0.0,0.0,0.0,0.0,0.0,0.0,33.0,1.0,1.0,Wyoming,College Stats,NzeoMa00,2015.0,2.1176470588235294
7.0,237.0,PHI,Brian Mihalik,DE,23.0,2018.0,0.0,0.0,0.0,5.0,,20.0,0.0,0.0,0.0,0.0,0.0,0.0,0.0,0.0,1.0,-4.0,0.0,1.0,,,Boston Col.,College Stats,MihaBr00,2015.0,2.3157894736842106
7.0,238.0,CIN,Mario Alford,WR,23.0,2016.0,0.0,0.0,0.0,0.0,0.0,4.0,0.0,0.0,0.0,0.0,0.0,0.0,0.0,0.0,1.0,15.0,0.0,,,,West Virginia,College Stats,AlfoMa00,2015.0,-8.153846153846153
7.0,239.0,PIT,Gerod Holliman,S,21.0,,0.0,0.0,0.0,,,,,,,,,,,,,,,,,,Louisville,College Stats,HollGe00,2015.0,
7.0,240.0,DET,Corey Robinson,T,23.0,2018.0,0.0,0.0,0.0,7.0,6.0,28.0,0.0,0.0,0.0,0.0,0.0,0.0,0.0,0.0,0.0,0.0,0.0,,,,South Carolina,College Stats,RobiCo00,2015.0,0.666666666666667
7.0,241.0,CLE,Ifo Ekpre-Olomu,CB,22.0,,0.0,0.0,0.0,,,,,,,,,,,,,,,,,,Oregon,College Stats,EkprIf00,2015.0,
7.0,242.0,OAK,Dexter McDonald,CB,23.0,2017.0,0.0,0.0,0.0,2.0,2.0,27.0,0.0,0.0,0.0,0.0,0.0,0.0,0.0,0.0,0.0,0.0,0.0,42.0,,,Kansas,College Stats,McDoDe02,2015.0,-7.388888888888889
7.0,243.0,DAL,Laurence Gibson,T,24.0,,0.0,0.0,0.0,,,,,,,,,,,,,,,,,,Virginia Tech,College Stats,GibsLa00,2015.0,
7.0,244.0,SFO,Trent Brown,G,22.0,2025.0,0.0,1.0,5.0,42.0,11.0,110.0,0.0,0.0,0.0,0.0,0.0,0.0,0.0,0.0,0.0,0.0,0.0,,,,Florida,College Stats,BrowTr02,2015.0,28.6875
7.0,245.0,TEN,Tre McBride,WR,22.0,2017.0,0.0,0.0,0.0,1.0,0.0,17.0,0.0,0.0,0.0,0.0,0.0,1.0,8.0,0.0,10.0,152.0,1.0,5.0,,,William & Mary,,McBrTr00,2015.0,-5.333333333333333
7.0,246.0,DAL,Geoff Swaim,TE,21.0,2024.0,0.0,0.0,3.0,6.0,3.0,108.0,0.0,0.0,0.0,0.0,0.0,0.0,0.0,0.0,111.0,853.0,6.0,4.0,,,Texas,College Stats,SwaiGe00,2015.0,-2.1538461538461533
7.0,247.0,NWE,Darryl Roberts,CB,24.0,2021.0,0.0,0.0,1.0,13.0,,73.0,0.0,0.0,0.0,0.0,0.0,0.0,0.0,0.0,0.0,0.0,0.0,195.0,4.0,,Marshall,College Stats,RobeDa00,2015.0,9.285714285714285
7.0,248.0,SEA,Ryan Murphy,DB,22.0,2017.0,0.0,0.0,0.0,0.0,,3.0,0.0,0.0,0.0,0.0,0.0,0.0,0.0,0.0,0.0,0.0,0.0,1.0,,,Oregon St.,College Stats,MurpRy00,2015.0,-11.642857142857142
7.0,249.0,ATL,Akeem King,DB,23.0,2019.0,0.0,0.0,0.0,3.0,0.0,34.0,0.0,0.0,0.0,0.0,0.0,0.0,0.0,0.0,0.0,0.0,0.0,28.0,,,San Jose St.,College Stats,KingAk00,2015.0,-4.705882352941177
7.0,250.0,DEN,Trevor Siemian,QB,23.0,2023.0,0.0,0.0,2.0,16.0,13.0,40.0,707.0,1208.0,7751.0,44.0,32.0,84.0,251.0,2.0,0.0,0.0,0.0,,,,Northwestern,College Stats,SiemTr00,2015.0,0.9285714285714288
7.0,251.0,DEN,Taurean Nixon,DB,24.0,2016.0,0.0,0.0,0.0,0.0,0.0,2.0,0.0,0.0,0.0,0.0,0.0,0.0,0.0,0.0,0.0,0.0,0.0,1.0,,,Tulane,College Stats,NixoTa00,2015.0,-9.5
7.0,252.0,DEN,Josh Furman,DB,,,0.0,0.0,0.0,,,,,,,,,,,,,,,,,,Oklahoma St.,College Stats,FurmJo00,2015.0,
7.0,253.0,NWE,Xzavier Dickson,OLB,22.0,,0.0,0.0,0.0,,,,,,,,,,,,,,,,,,Alabama,College Stats,DickXz00,2015.0,
7.0,254.0,SFO,Rory Anderson,TE,22.0,,0.0,0.0,0.0,,,,,,,,,,,,,,,,,,South Carolina,College Stats,AndeRo01,2015.0,
7.0,255.0,IND,Denzelle Good,T,24.0,2021.0,0.0,0.0,2.0,21.0,10.0,62.0,0.0,0.0,0.0,0.0,0.0,0.0,0.0,0.0,0.0,0.0,0.0,,,,Mars Hill,,GoodDe01,2015.0,8.333333333333334
7.0,256.0,ARI,Gerald Christian,TE,24.0,2016.0,0.0,0.0,0.0,0.0,,3.0,0.0,0.0,0.0,0.0,0.0,0.0,0.0,0.0,1.0,14.0,0.0,,,,Louisville,College Stats,ChriGe00,2015.0,-6.2
1.0,1.0,LAR,Jared Goff,QB,21.0,2025.0,0.0,5.0,8.0,106.0,44.0,151.0,3440.0,5224.0,39622.0,256.0,102.0,295.0,596.0,12.0,2.0,12.0,1.0,2.0,,,California,College Stats,GoffJa00,2016.0,29.57142857142857
1.0,2.0,PHI,Carson Wentz,QB,23.0,2025.0,0.0,1.0,6.0,63.0,43.0,103.0,2195.0,3496.0,23626.0,159.0,72.0,368.0,1475.0,11.0,2.0,11.0,0.0,1.0,,,North Dakota St.,College Stats,WentCa00,2016.0,9.523809523809526
1.0,3.0,SDG,Joey Bosa,DE,21.0,2025.0,0.0,5.0,6.0,62.0,56.0,122.0,0.0,0.0,0.0,0.0,0.0,0.0,0.0,0.0,0.0,0.0,0.0,269.0,,77.0,Ohio St.,College Stats,BosaJo00,2016.0,9.714285714285715
1.0,4.0,DAL,Ezekiel Elliott,RB,21.0,2024.0,1.0,3.0,7.0,68.0,65.0,135.0,1.0,1.0,4.0,0.0,0.0,2139.0,9130.0,74.0,368.0,2718.0,14.0,2.0,,,Ohio St.,College Stats,ElliEz00,2016.0,14.095238095238095
1.0,5.0,JAX,Jalen Ramsey,CB,21.0,2025.0,3.0,8.0,9.0,84.0,28.0,152.0,0.0,0.0,0.0,0.0,0.0,0.0,0.0,0.0,0.0,0.0,0.0,485.0,25.0,6.0,Florida St.,College Stats,RamsJa00,2016.0,28.523809523809526
1.0,6.0,BAL,Ronnie Stanley,T,22.0,2025.0,1.0,2.0,7.0,64.0,64.0,120.0,0.0,0.0,0.0,0.0,0.0,0.0,0.0,0.0,0.0,0.0,0.0,1.0,,,Notre Dame,College Stats,StanRo00,2016.0,13.19047619047619
1.0,7.0,SFO,DeForest Buckner,DE,22.0,2025.0,1.0,3.0,8.0,76.0,34.0,151.0,0.0,0.0,0.0,0.0,0.0,0.0,0.0,0.0,0.0,0.0,0.0,386.0,,71.5,Oregon,College Stats,BuckDe00,2016.0,27.95238095238095
1.0,8.0,TEN,Jack Conklin,T,22.0,2025.0,2.0,0.0,6.0,55.0,30.0,114.0,0.0,0.0,0.0,0.0,0.0,0.0,0.0,0.0,0.0,0.0,0.0,2.0,,,Michigan St.,College Stats,ConkJa00,2016.0,11.61904761904762
1.0,9.0,CHI,Leonard Floyd,OLB,23.0,2025.0,0.0,0.0,9.0,63.0,21.0,153.0,0.0,0.0,0.0,0.0,0.0,0.0,0.0,0.0,0.0,0.0,0.0,259.0,2.0,70.0,Georgia,College Stats,FloyLe00,2016.0,14.76190476190476
1.0,10.0,NYG,Eli Apple,CB,21.0,2025.0,0.0,0.0,5.0,28.0,9.0,104.0,0.0,0.0,0.0,0.0,0.0,0.0,0.0,0.0,0.0,0.0,0.0,313.0,6.0,0.5,Ohio St.,College Stats,ApplEl00,2016.0,-11.38095238095238
1.0,11.0,TAM,Vernon Hargreaves III,CB,21.0,2021.0,0.0,0.0,4.0,18.0,10.0,69.0,0.0,0.0,0.0,0.0,0.0,0.0,0.0,0.0,0.0,0.0,0.0,245.0,4.0,,Florida,College Stats,HargVe00,2016.0,-34.95238095238095
1.0,12.0,NOR,Sheldon Rankins,DT,22.0,2025.0,0.0,0.0,5.0,41.0,15.0,133.0,0.0,0.0,0.0,0.0,0.0,0.0,0.0,0.0,0.0,0.0,0.0,171.0,1.0,33.5,Louisville,College Stats,RankSh00,2016.0,-4.38095238095238
1.0,13.0,MIA,Laremy Tunsil,T,22.0,2025.0,0.0,5.0,8.0,60.0,12.0,139.0,0.0,0.0,0.0,0.0,0.0,0.0,0.0,0.0,0.0,0.0,0.0,,,,Mississippi,College Stats,TunsLa00,2016.0,6.857142857142854
1.0,14.0,OAK,Karl Joseph,S,22.0,2021.0,0.0,0.0,4.0,16.0,14.0,65.0,0.0,0.0,0.0,0.0,0.0,0.0,0.0,0.0,0.0,0.0,0.0,221.0,5.0,3.0,West Virginia,College Stats,JoseKa00,2016.0,-29.19047619047619
1.0,15.0,CLE,Corey Coleman,WR,22.0,2018.0,0.0,0.0,2.0,6.0,5.0,27.0,0.0,0.0,0.0,0.0,0.0,3.0,15.0,0.0,61.0,789.0,5.0,,,,Baylor,College Stats,ColeCo00,2016.0,-31.76190476190476
1.0,16.0,DET,Taylor Decker,T,23.0,2025.0,0.0,1.0,8.0,59.0,59.0,140.0,0.0,0.0,0.0,0.0,0.0,0.0,0.0,0.0,3.0,15.0,2.0,,,,Ohio St.,College Stats,DeckTa00,2016.0,16.666666666666664
1.0,17.0,ATL,Keanu Neal,S,21.0,2023.0,0.0,1.0,3.0,25.0,17.0,89.0,0.0,0.0,0.0,0.0,0.0,0.0,0.0,0.0,0.0,0.0,0.0,361.0,4.0,2.5,Florida,College Stats,NealKe01,2016.0,-20.38095238095238
1.0,18.0,IND,Ryan Kelly,C,23.0,2025.0,0.0,4.0,9.0,56.0,54.0,129.0,0.0,0.0,0.0,0.0,0.0,0.0,0.0,0.0,1.0,-4.0,0.0,,,,Alabama,College Stats,KellRy00,2016.0,12.476190476190474
1.0,19.0,BUF,Shaq Lawson,DE,22.0,2024.0,0.0,0.0,1.0,24.0,15.0,110.0,0.0,0.0,0.0,0.0,0.0,0.0,0.0,0.0,0.0,0.0,0.0,121.0,1.0,26.0,Clemson,College Stats,LawsSh00,2016.0,-12.19047619047619
1.0,20.0,NYJ,Darron Lee,OLB,21.0,2020.0,0.0,0.0,3.0,19.0,17.0,58.0,0.0,0.0,0.0,0.0,0.0,0.0,0.0,0.0,0.0,0.0,0.0,178.0,3.0,4.0,Ohio St.,College Stats,LeexDa00,2016.0,-18.61904761904762
1.0,21.0,HOU,Will Fuller,WR,22.0,2021.0,0.0,0.0,5.0,24.0,24.0,55.0,0.0,0.0,0.0,0.0,0.0,4.0,6.0,0.0,213.0,3136.0,24.0,,,,Notre Dame,College Stats,FullWi01,2016.0,-11.333333333333336
1.0,22.0,WAS,Josh Doctson,WR,23.0,2019.0,0.0,0.0,2.0,9.0,9.0,34.0,0.0,0.0,0.0,0.0,0.0,1.0,-14.0,0.0,81.0,1100.0,8.0,,,,TCU,College Stats,DoctJo00,2016.0,-21.857142857142858
1.0,23.0,MIN,Laquon Treadwell,WR,21.0,2025.0,0.0,0.0,2.0,8.0,5.0,93.0,0.0,0.0,0.0,0.0,0.0,0.0,0.0,0.0,111.0,1242.0,5.0,9.0,,,Mississippi,College Stats,TreaLa00,2016.0,-23.0
1.0,24.0,CIN,William Jackson III,CB,23.0,2022.0,0.0,0.0,4.0,19.0,15.0,75.0,0.0,0.0,0.0,0.0,0.0,0.0,0.0,0.0,0.0,0.0,0.0,170.0,5.0,1.0,Houston,College Stats,JackWi02,2016.0,-32.904761904761905
1.0,25.0,PIT,Artie Burns,CB,21.0,2024.0,0.0,0.0,1.0,17.0,14.0,90.0,0.0,0.0,0.0,0.0,0.0,0.0,0.0,0.0,0.0,0.0,0.0,156.0,4.0,,Miami (FL),College Stats,BurnAr00,2016.0,-18.285714285714285
1.0,26.0,DEN,Paxton Lynch,QB,22.0,2017.0,0.0,0.0,0.0,2.0,2.0,5.0,79.0,128.0,792.0,4.0,4.0,16.0,55.0,0.0,0.0,0.0,0.0,,,,Memphis,College Stats,LyncPa00,2016.0,-26.476190476190474
1.0,27.0,GNB,Kenny Clark,DT,20.0,2025.0,0.0,3.0,8.0,63.0,60.0,157.0,0.0,0.0,0.0,0.0,0.0,0.0,0.0,0.0,0.0,0.0,0.0,253.0,,38.0,UCLA,College Stats,ClarKe01,2016.0,20.714285714285715
1.0,28.0,SFO,Joshua Garnett,G,22.0,2020.0,0.0,0.0,1.0,5.0,5.0,25.0,0.0,0.0,0.0,0.0,0.0,0.0,0.0,0.0,0.0,0.0,0.0,,,,Stanford,College Stats,GarnJo00,2016.0,-26.428571428571427
1.0,29.0,ARI,Robert Nkemdiche,DT,21.0,2021.0,0.0,0.0,0.0,6.0,5.0,38.0,0.0,0.0,0.0,0.0,0.0,0.0,0.0,0.0,0.0,0.0,0.0,33.0,,4.5,Mississippi,College Stats,NkemRo00,2016.0,-23.857142857142858
1.0,30.0,CAR,Vernon Butler,DT,22.0,2022.0,0.0,0.0,2.0,13.0,8.0,77.0,0.0,0.0,0.0,0.0,0.0,0.0,0.0,0.0,0.0,0.0,0.0,58.0,,8.0,Louisiana Tech,College Stats,ButlVe00,2016.0,-22.19047619047619
1.0,31.0,SEA,Germain Ifedi,G,22.0,2024.0,0.0,0.0,4.0,38.0,29.0,117.0,0.0,0.0,0.0,0.0,0.0,0.0,0.0,0.0,0.0,0.0,0.0,,,,Texas A&M,College Stats,IfedGe00,2016.0,3.4761904761904745
2.0,32.0,CLE,Emmanuel Ogbah,DE,22.0,2025.0,0.0,0.0,6.0,43.0,14.0,136.0,0.0,0.0,0.0,0.0,0.0,0.0,0.0,0.0,0.0,0.0,0.0,191.0,2.0,48.0,Oklahoma St.,College Stats,OgbaEm00,2016.0,1.095238095238095
2.0,33.0,TEN,Kevin Dodd,DE,24.0,2017.0,0.0,0.0,0.0,2.0,2.0,18.0,0.0,0.0,0.0,0.0,0.0,0.0,0.0,0.0,0.0,0.0,0.0,9.0,,1.0,Clemson,College Stats,DoddKe00,2016.0,-32.23809523809524
2.0,34.0,DAL,Jaylon Smith,OLB,21.0,2023.0,0.0,1.0,4.0,37.0,32.0,88.0,0.0,0.0,0.0,0.0,0.0,0.0,0.0,0.0,0.0,0.0,0.0,378.0,2.0,11.0,Notre Dame,College Stats,SmitJa05,2016.0,-0.5238095238095255
2.0,35.0,SDG,Hunter Henry,TE,21.0,2025.0,0.0,0.0,7.0,37.0,15.0,136.0,0.0,0.0,0.0,0.0,0.0,0.0,0.0,0.0,455.0,5295.0,47.0,2.0,,,Arkansas,College Stats,HenrHu00,2016.0,-2.047619047619051
2.0,36.0,JAX,Myles Jack,OLB,21.0,2023.0,0.0,0.0,7.0,42.0,36.0,106.0,0.0,0.0,0.0,0.0,0.0,0.0,0.0,0.0,0.0,0.0,0.0,408.0,3.0,7.5,UCLA,College Stats,JackMy00,2016.0,1.4285714285714306
2.0,37.0,KAN,Chris Jones,DT,22.0,2025.0,3.0,7.0,9.0,96.0,96.0,155.0,0.0,0.0,0.0,0.0,0.0,0.0,0.0,0.0,0.0,0.0,0.0,222.0,2.0,87.5,Mississippi St.,College Stats,JoneCh09,2016.0,60.57142857142857
2.0,38.0,MIA,Xavien Howard,CB,23.0,2025.0,1.0,4.0,7.0,58.0,56.0,104.0,0.0,0.0,0.0,0.0,0.0,0.0,0.0,0.0,0.0,0.0,0.0,265.0,29.0,2.0,Baylor,College Stats,HowaXa00,2016.0,33.14285714285714
2.0,39.0,TAM,Noah Spence,DE,22.0,2021.0,0.0,0.0,0.0,5.0,5.0,43.0,0.0,0.0,0.0,0.0,0.0,0.0,0.0,0.0,0.0,0.0,0.0,28.0,,7.5,Eastern Kentucky,College Stats,SpenNo00,2016.0,-27.714285714285715
2.0,40.0,NYG,Sterling Shepard,WR,23.0,2025.0,0.0,0.0,5.0,32.0,26.0,117.0,0.0,0.0,0.0,0.0,0.0,36.0,274.0,1.0,443.0,4800.0,25.0,3.0,,,Oklahoma,College Stats,ShepSt00,2016.0,8.571428571428573
2.0,41.0,BUF,Reggie Ragland,ILB,22.0,2022.0,0.0,0.0,3.0,22.0,,79.0,0.0,0.0,0.0,0.0,0.0,0.0,0.0,0.0,0.0,0.0,0.0,175.0,1.0,3.5,Alabama,College Stats,RaglRe00,2016.0,-6.714285714285715
2.0,42.0,BAL,Kamalei Correa,DE,22.0,2020.0,0.0,0.0,1.0,11.0,3.0,63.0,0.0,0.0,0.0,0.0,0.0,0.0,0.0,0.0,0.0,0.0,0.0,57.0,,8.5,Boise St.,College Stats,CorrKa00,2016.0,-17.61904761904762
2.0,43.0,TEN,Austin Johnson,NT,22.0,2025.0,0.0,0.0,3.0,29.0,8.0,145.0,0.0,0.0,0.0,0.0,0.0,0.0,0.0,0.0,0.0,0.0,0.0,136.0,2.0,9.5,Penn St.,College Stats,JohnAu01,2016.0,5.904761904761905
2.0,44.0,OAK,Jihad Ward,DE,22.0,2025.0,0.0,0.0,3.0,25.0,6.0,136.0,0.0,0.0,0.0,0.0,0.0,0.0,0.0,0.0,0.0,0.0,0.0,105.0,,24.0,Illinois,College Stats,WardJi02,2016.0,-3.0
2.0,45.0,TEN,Derrick Henry,RB,22.0,2025.0,1.0,5.0,6.0,85.0,59.0,153.0,7.0,10.0,37.0,4.0,0.0,2662.0,13018.0,122.0,189.0,1801.0,5.0,,,,Alabama,College Stats,HenrDe00,2016.0,58.19047619047619
2.0,46.0,DET,A'Shawn Robinson,DT,21.0,2025.0,0.0,0.0,6.0,40.0,17.0,143.0,0.0,0.0,0.0,0.0,0.0,0.0,0.0,0.0,0.0,0.0,0.0,279.0,1.0,15.0,Alabama,College Stats,RobiAS00,2016.0,11.38095238095238
2.0,47.0,NOR,Michael Thomas,WR,23.0,2023.0,2.0,3.0,4.0,60.0,60.0,83.0,0.0,0.0,0.0,0.0,0.0,2.0,-8.0,0.0,565.0,6569.0,36.0,1.0,,,Ohio St.,College Stats,ThomMi05,2016.0,26.95238095238095
2.0,48.0,GNB,Jason Spriggs,T,22.0,2021.0,0.0,0.0,0.0,9.0,8.0,59.0,0.0,0.0,0.0,0.0,0.0,0.0,0.0,0.0,0.0,0.0,0.0,,,,Indiana,College Stats,SpriJa00,2016.0,-19.80952380952381
2.0,49.0,SEA,Jarran Reed,DT,23.0,2025.0,0.0,0.0,8.0,48.0,37.0,152.0,0.0,0.0,0.0,0.0,0.0,0.0,0.0,0.0,0.0,0.0,0.0,211.0,,41.0,Alabama,College Stats,ReedJa02,2016.0,24.4
2.0,50.0,HOU,Nick Martin,G,23.0,2022.0,0.0,0.0,4.0,29.0,27.0,83.0,0.0,0.0,0.0,0.0,0.0,0.0,0.0,0.0,0.0,0.0,0.0,,,,Notre Dame,College Stats,MartNi00,2016.0,0.2857142857142847
2.0,51.0,NYJ,Christian Hackenberg,QB,21.0,,0.0,0.0,0.0,,,,,,,,,,,,,,,,,,Penn St.,College Stats,HackCh01,2016.0,
2.0,52.0,ATL,Deion Jones,OLB,21.0,2025.0,0.0,1.0,5.0,43.0,39.0,128.0,0.0,0.0,0.0,0.0,0.0,0.0,0.0,0.0,0.0,0.0,0.0,492.0,13.0,12.0,LSU,College Stats,JoneDe01,2016.0,19.333333333333332
2.0,53.0,WAS,Su'a Cravens,OLB,21.0,2018.0,0.0,0.0,0.0,5.0,4.0,16.0,0.0,0.0,0.0,0.0,0.0,0.0,0.0,0.0,0.0,0.0,0.0,35.0,1.0,1.0,USC,College Stats,CravSu00,2016.0,-21.142857142857142
2.0,54.0,MIN,Mackensie Alexander,CB,22.0,2022.0,0.0,0.0,1.0,12.0,8.0,85.0,0.0,0.0,0.0,0.0,0.0,0.0,0.0,0.0,0.0,0.0,0.0,148.0,3.0,4.5,Clemson,College Stats,AlexMa01,2016.0,-10.904761904761905
2.0,55.0,CIN,Tyler Boyd,WR,21.0,2024.0,0.0,0.0,5.0,48.0,46.0,136.0,3.0,7.0,85.0,0.0,1.0,20.0,169.0,0.0,552.0,6390.0,31.0,1.0,,,Pittsburgh,College Stats,BoydTy00,2016.0,14.952380952380949
2.0,56.0,CHI,Cody Whitehair,G,24.0,2024.0,0.0,1.0,8.0,43.0,42.0,136.0,0.0,0.0,0.0,0.0,0.0,0.0,0.0,0.0,0.0,0.0,0.0,1.0,,,Kansas St.,College Stats,WhitCo03,2016.0,22.42105263157895
2.0,57.0,IND,T.J. Green,S,21.0,2021.0,0.0,0.0,0.0,6.0,5.0,41.0,0.0,0.0,0.0,0.0,0.0,0.0,0.0,0.0,0.0,0.0,0.0,73.0,,,Clemson,College Stats,GreeT.00,2016.0,-16.80952380952381
2.0,58.0,PIT,Sean Davis,CB,22.0,2021.0,0.0,0.0,3.0,18.0,18.0,70.0,0.0,0.0,0.0,0.0,0.0,0.0,0.0,0.0,0.0,0.0,0.0,201.0,5.0,2.5,Maryland,College Stats,DaviSe00,2016.0,-6.5238095238095255
2.0,59.0,TAM,Roberto Aguayo,K,22.0,2016.0,0.0,0.0,0.0,0.0,0.0,16.0,0.0,0.0,0.0,0.0,0.0,0.0,0.0,0.0,0.0,0.0,0.0,1.0,,,Florida St.,College Stats,AguaRo00,2016.0,-21.904761904761905
2.0,60.0,NWE,Cyrus Jones,CB,22.0,2019.0,0.0,0.0,0.0,4.0,1.0,31.0,0.0,0.0,0.0,0.0,0.0,0.0,0.0,0.0,0.0,0.0,0.0,11.0,,,Alabama,College Stats,JoneCy00,2016.0,-21.095238095238095
2.0,61.0,NOR,Vonn Bell,S,21.0,2024.0,0.0,0.0,7.0,37.0,12.0,139.0,0.0,0.0,0.0,0.0,0.0,0.0,0.0,0.0,0.0,0.0,0.0,501.0,8.0,9.5,Ohio St.,College Stats,BellVo00,2016.0,8.142857142857142
2.0,62.0,CAR,James Bradberry,CB,23.0,2023.0,0.0,1.0,8.0,46.0,16.0,125.0,0.0,0.0,0.0,0.0,0.0,0.0,0.0,0.0,0.0,0.0,0.0,381.0,19.0,3.0,Samford,College Stats,BradJa00,2016.0,20.25
2.0,63.0,DEN,Adam Gotsis,DT,23.0,2025.0,0.0,0.0,3.0,28.0,15.0,128.0,0.0,0.0,0.0,0.0,0.0,0.0,0.0,0.0,0.0,0.0,0.0,139.0,,10.5,Georgia Tech,College Stats,GotsAd00,2016.0,-2.8999999999999986
3.0,64.0,TEN,Kevin Byard,S,23.0,2025.0,3.0,3.0,8.0,66.0,49.0,164.0,1.0,1.0,66.0,1.0,0.0,0.0,0.0,0.0,1.0,11.0,0.0,655.0,36.0,6.0,Middle Tenn. St.,College Stats,ByarKe01,2016.0,36.095238095238095
3.0,65.0,CLE,Carl Nassib,DE,23.0,2022.0,0.0,0.0,1.0,20.0,7.0,99.0,0.0,0.0,0.0,0.0,0.0,0.0,0.0,0.0,0.0,0.0,0.0,128.0,1.0,25.5,Penn St.,College Stats,NassCa00,2016.0,-5.899999999999999
3.0,66.0,SDG,Max Tuerk,C,22.0,2017.0,0.0,0.0,0.0,0.0,,1.0,0.0,0.0,0.0,0.0,0.0,0.0,0.0,0.0,0.0,0.0,0.0,,,,USC,College Stats,TuerMa00,2016.0,-25.476190476190474
3.0,67.0,DAL,Maliek Collins,DT,21.0,2025.0,0.0,0.0,9.0,51.0,23.0,148.0,0.0,0.0,0.0,0.0,0.0,0.0,0.0,0.0,0.0,0.0,0.0,161.0,1.0,37.0,Nebraska,College Stats,CollMa00,2016.0,32.05
3.0,68.0,SFO,Will Redmond,CB,22.0,2022.0,0.0,0.0,0.0,3.0,,37.0,0.0,0.0,0.0,0.0,0.0,0.0,0.0,0.0,0.0,0.0,0.0,49.0,,,Mississippi St.,College Stats,RedmWi00,2016.0,-13.476190476190474
3.0,69.0,JAX,Yannick Ngakoue,DE,21.0,2024.0,0.0,1.0,8.0,50.0,32.0,134.0,0.0,0.0,0.0,0.0,0.0,0.0,0.0,0.0,0.0,0.0,0.0,181.0,2.0,70.5,Maryland,College Stats,NgakYa00,2016.0,23.428571428571427
3.0,70.0,BAL,Bronson Kaufusi,DE,25.0,2019.0,0.0,0.0,0.0,2.0,1.0,9.0,0.0,0.0,0.0,0.0,0.0,0.0,0.0,0.0,0.0,0.0,0.0,4.0,,0.5,BYU,College Stats,KaufBr01,2016.0,-20.904761904761905
3.0,71.0,NYG,Darian Thompson,S,22.0,2021.0,0.0,0.0,1.0,12.0,6.0,63.0,0.0,0.0,0.0,0.0,0.0,1.0,3.0,0.0,0.0,0.0,0.0,123.0,2.0,1.5,Boise St.,College Stats,ThomDa05,2016.0,-15.857142857142858
3.0,72.0,CHI,Jonathan Bullard,DT,22.0,2025.0,0.0,0.0,3.0,28.0,6.0,131.0,0.0,0.0,0.0,0.0,0.0,0.0,0.0,0.0,0.0,0.0,0.0,144.0,,6.5,Florida,College Stats,BullJo00,2016.0,9.399999999999999
3.0,73.0,MIA,Kenyan Drake,RB,22.0,2023.0,0.0,0.0,2.0,33.0,15.0,104.0,0.0,0.0,0.0,0.0,0.0,869.0,3866.0,33.0,218.0,1655.0,8.0,6.0,,,Alabama,College Stats,DrakKe00,2016.0,8.476190476190474
3.0,74.0,KAN,KeiVarae Russell,CB,22.0,2021.0,0.0,0.0,0.0,2.0,,23.0,0.0,0.0,0.0,0.0,0.0,0.0,0.0,0.0,0.0,0.0,0.0,20.0,1.0,,Notre Dame,College Stats,RussKe00,2016.0,-16.428571428571427
3.0,75.0,OAK,Shilique Calhoun,DE,24.0,2020.0,0.0,0.0,0.0,5.0,2.0,51.0,0.0,0.0,0.0,0.0,0.0,0.0,0.0,0.0,0.0,0.0,0.0,37.0,,2.5,Michigan St.,College Stats,CalhSh00,2016.0,-18.45
3.0,76.0,CLE,Shon Coleman,T,24.0,2017.0,0.0,0.0,1.0,6.0,6.0,23.0,0.0,0.0,0.0,0.0,0.0,0.0,0.0,0.0,0.0,0.0,0.0,,,,Auburn,College Stats,ColeSh00,2016.0,-15.350000000000001
3.0,77.0,CAR,Daryl Worley,CB,21.0,2024.0,0.0,0.0,4.0,22.0,11.0,99.0,0.0,0.0,0.0,0.0,0.0,0.0,0.0,0.0,0.0,0.0,0.0,258.0,6.0,2.0,West Virginia,College Stats,WorlDa00,2016.0,3.0476190476190474
3.0,78.0,NWE,Joe Thuney,G,23.0,2025.0,3.0,4.0,9.0,84.0,32.0,163.0,0.0,0.0,0.0,0.0,0.0,0.0,0.0,0.0,0.0,0.0,0.0,,,,North Carolina St.,College Stats,ThunJo00,2016.0,58.14285714285714
3.0,79.0,PHI,Isaac Seumalo,G,22.0,2025.0,0.0,1.0,6.0,39.0,23.0,125.0,0.0,0.0,0.0,0.0,0.0,0.0,0.0,0.0,0.0,0.0,0.0,,,,Oregon St.,College Stats,SeumIs00,2016.0,22.3
3.0,80.0,BUF,Adolphus Washington,DT,21.0,2018.0,0.0,0.0,2.0,9.0,9.0,35.0,0.0,0.0,0.0,0.0,0.0,0.0,0.0,0.0,0.0,0.0,0.0,38.0,,4.5,Ohio St.,College Stats,WashAd00,2016.0,-2.2380952380952372
3.0,81.0,ATL,Austin Hooper,TE,21.0,2025.0,0.0,2.0,5.0,33.0,18.0,155.0,0.0,0.0,0.0,0.0,0.0,0.0,0.0,0.0,430.0,4441.0,30.0,4.0,,,Stanford,College Stats,HoopAu00,2016.0,8.0
3.0,82.0,IND,Le'Raven Clark,T,23.0,2022.0,0.0,0.0,0.0,12.0,10.0,64.0,0.0,0.0,0.0,0.0,0.0,0.0,0.0,0.0,0.0,0.0,0.0,,,,Texas Tech,College Stats,ClarLe01,2016.0,-1.4499999999999993
3.0,83.0,NYJ,Jordan Jenkins,OLB,22.0,2021.0,0.0,0.0,5.0,29.0,28.0,83.0,0.0,0.0,0.0,0.0,0.0,0.0,0.0,0.0,0.0,0.0,0.0,124.0,,25.0,Georgia,College Stats,JenkJo01,2016.0,5.238095238095237
3.0,84.0,WAS,Kendall Fuller,CB,21.0,2024.0,0.0,0.0,6.0,34.0,26.0,128.0,0.0,0.0,0.0,0.0,0.0,0.0,0.0,0.0,0.0,0.0,0.0,403.0,16.0,2.0,Virginia Tech,College Stats,FullKe00,2016.0,8.571428571428573
3.0,85.0,HOU,Braxton Miller,WR,23.0,2017.0,0.0,0.0,1.0,2.0,2.0,21.0,0.0,0.0,0.0,0.0,0.0,4.0,1.0,0.0,34.0,261.0,2.0,,,,Ohio St.,College Stats,MillBr03,2016.0,-10.0
3.0,86.0,MIA,Leonte Carroo,WR,22.0,2018.0,0.0,0.0,0.0,2.0,2.0,37.0,0.0,0.0,0.0,0.0,0.0,1.0,14.0,0.0,12.0,192.0,2.0,2.0,,,Rutgers,College Stats,CarrLe00,2016.0,-18.0
3.0,87.0,CIN,Nick Vigil,ILB,23.0,2024.0,0.0,0.0,4.0,27.0,17.0,113.0,0.0,0.0,0.0,0.0,0.0,0.0,0.0,0.0,0.0,0.0,0.0,273.0,3.0,5.0,Utah St.,College Stats,VigiNi00,2016.0,15.523809523809524
3.0,88.0,GNB,Kyler Fackrell,OLB,24.0,2021.0,0.0,0.0,1.0,16.0,9.0,86.0,0.0,0.0,0.0,0.0,0.0,0.0,0.0,0.0,0.0,0.0,0.0,114.0,1.0,23.5,Utah St.,College Stats,FackKy00,2016.0,-4.19047619047619
3.0,89.0,PIT,Javon Hargrave,DT,23.0,2025.0,0.0,2.0,8.0,59.0,20.0,146.0,0.0,0.0,0.0,0.0,0.0,0.0,0.0,0.0,0.0,0.0,0.0,233.0,,49.0,South Carolina St.,,HargJa00,2016.0,40.0
3.0,90.0,SEA,C.J. Prosise,RB,22.0,2020.0,0.0,0.0,0.0,5.0,5.0,35.0,0.0,0.0,0.0,0.0,0.0,75.0,283.0,2.0,41.0,411.0,1.0,,,,Notre Dame,College Stats,ProsC.00,2016.0,-9.142857142857142
3.0,91.0,NWE,Jacoby Brissett,QB,23.0,2025.0,0.0,0.0,3.0,42.0,2.0,101.0,1391.0,2246.0,14766.0,76.0,32.0,283.0,1145.0,16.0,1.0,2.0,0.0,,,,North Carolina St.,College Stats,BrisJa00,2016.0,16.3
3.0,92.0,ARI,Brandon Williams,CB,23.0,2020.0,0.0,0.0,0.0,4.0,4.0,51.0,0.0,0.0,0.0,0.0,0.0,0.0,0.0,0.0,0.0,0.0,0.0,33.0,,,Texas A&M,College Stats,WillBr07,2016.0,-20.8
3.0,93.0,CLE,Cody Kessler,QB,23.0,2018.0,0.0,0.0,1.0,5.0,3.0,17.0,224.0,349.0,2215.0,8.0,5.0,31.0,140.0,0.0,0.0,0.0,0.0,,,,USC,College Stats,KessCo00,2016.0,-7.19047619047619
3.0,94.0,SEA,Nick Vannett,TE,23.0,2025.0,0.0,0.0,3.0,7.0,4.0,121.0,0.0,0.0,0.0,0.0,0.0,0.0,0.0,0.0,108.0,1012.0,9.0,1.0,,,Ohio St.,College Stats,VannNi00,2016.0,-12.850000000000001
3.0,95.0,DET,Graham Glasgow,C,24.0,2025.0,0.0,0.0,7.0,48.0,41.0,147.0,0.0,0.0,0.0,0.0,0.0,0.0,0.0,0.0,0.0,0.0,0.0,,,,Michigan,College Stats,GlasGr00,2016.0,32.21052631578947
3.0,96.0,NWE,Vincent Valentine,DT,22.0,2018.0,0.0,0.0,0.0,2.0,2.0,16.0,0.0,0.0,0.0,0.0,0.0,0.0,0.0,0.0,0.0,0.0,0.0,11.0,,1.0,Nebraska,College Stats,ValeVi00,2016.0,-11.619047619047619
3.0,97.0,SEA,Rees Odhiambo,G,23.0,2018.0,0.0,0.0,0.0,4.0,4.0,16.0,0.0,0.0,0.0,0.0,0.0,0.0,0.0,0.0,0.0,0.0,0.0,,,,Boise St.,College Stats,OdhiRe00,2016.0,-8.857142857142858
3.0,98.0,DEN,Justin Simmons,S,22.0,2024.0,0.0,2.0,8.0,60.0,56.0,134.0,0.0,0.0,0.0,0.0,0.0,0.0,0.0,0.0,0.0,0.0,0.0,479.0,32.0,4.5,Boston Col.,College Stats,SimmJu00,2016.0,38.95238095238095
4.0,99.0,CLE,Joe Schobert,OLB,22.0,2022.0,0.0,1.0,5.0,37.0,25.0,99.0,0.0,0.0,0.0,0.0,0.0,0.0,0.0,0.0,0.0,0.0,0.0,418.0,10.0,11.0,Wisconsin,College Stats,SchoJo00,2016.0,19.142857142857142
4.0,100.0,OAK,Connor Cook,QB,23.0,2016.0,0.0,0.0,0.0,0.0,0.0,1.0,14.0,21.0,150.0,1.0,1.0,0.0,0.0,0.0,0.0,0.0,0.0,,,,Michigan St.,College Stats,CookCo00,2016.0,-19.4
4.0,101.0,DAL,Charles Tapper,DE,23.0,2017.0,0.0,0.0,0.0,0.0,0.0,2.0,0.0,0.0,0.0,0.0,0.0,0.0,0.0,0.0,0.0,0.0,0.0,2.0,,1.0,Oklahoma,College Stats,TappCh00,2016.0,-12.2
4.0,102.0,SDG,Joshua Perry,ILB,22.0,2017.0,0.0,0.0,0.0,1.0,1.0,17.0,0.0,0.0,0.0,0.0,0.0,0.0,0.0,0.0,0.0,0.0,0.0,16.0,,,Ohio St.,College Stats,PerrJo01,2016.0,-19.428571428571427
4.0,103.0,JAX,Sheldon Day,DT,22.0,2025.0,0.0,0.0,0.0,9.0,2.0,95.0,0.0,0.0,0.0,0.0,0.0,0.0,0.0,0.0,0.0,0.0,0.0,67.0,,7.0,Notre Dame,College Stats,DayxSh00,2016.0,-7.61904761904762
4.0,104.0,BAL,Tavon Young,CB,22.0,2021.0,0.0,0.0,1.0,14.0,14.0,50.0,0.0,0.0,0.0,0.0,0.0,0.0,0.0,0.0,0.0,0.0,0.0,111.0,4.0,4.0,Temple,College Stats,YounTa01,2016.0,-0.5
4.0,105.0,KAN,Parker Ehinger,G,23.0,2021.0,0.0,0.0,0.0,4.0,3.0,10.0,0.0,0.0,0.0,0.0,0.0,0.0,0.0,0.0,0.0,0.0,0.0,,,,Cincinnati,College Stats,EhinPa00,2016.0,-13.399999999999999
4.0,106.0,KAN,Eric Murray,CB,22.0,2025.0,0.0,0.0,4.0,25.0,5.0,136.0,0.0,0.0,0.0,0.0,0.0,0.0,0.0,0.0,0.0,0.0,0.0,301.0,4.0,6.0,Minnesota,College Stats,MurrEr00,2016.0,9.857142857142858
4.0,107.0,BAL,Chris Moore,WR,23.0,2025.0,0.0,0.0,0.0,14.0,4.0,125.0,0.0,0.0,0.0,0.0,0.0,17.0,78.0,0.0,149.0,1917.0,9.0,18.0,,,Cincinnati,College Stats,MoorCh00,2016.0,4.761904761904763
4.0,108.0,TAM,Ryan Smith,CB,23.0,2022.0,0.0,0.0,0.0,8.0,8.0,78.0,0.0,0.0,0.0,0.0,0.0,0.0,0.0,0.0,0.0,0.0,0.0,102.0,1.0,,North Carolina Central,,SmitRy00,2016.0,-14.578947368421051
4.0,109.0,NYG,B.J. Goodson,OLB,23.0,2021.0,0.0,0.0,4.0,20.0,9.0,67.0,0.0,0.0,0.0,0.0,0.0,0.0,0.0,0.0,0.0,0.0,0.0,168.0,4.0,1.0,Clemson,College Stats,GoodB.00,2016.0,-3.0476190476190474
4.0,110.0,LAR,Tyler Higbee,TE,23.0,2025.0,0.0,0.0,8.0,31.0,31.0,138.0,0.0,0.0,0.0,0.0,0.0,1.0,1.0,0.0,386.0,3949.0,27.0,4.0,,,Western Kentucky,College Stats,HigbTy00,2016.0,20.761904761904763
4.0,111.0,DET,Miles Killebrew,S,23.0,2025.0,1.0,2.0,0.0,18.0,5.0,151.0,0.0,1.0,0.0,0.0,0.0,0.0,0.0,0.0,0.0,0.0,0.0,130.0,2.0,,Southern Utah,,KillMi00,2016.0,7.0476190476190474
4.0,112.0,NWE,Malcolm Mitchell,WR,24.0,2016.0,0.0,0.0,0.0,4.0,4.0,14.0,0.0,0.0,0.0,0.0,0.0,0.0,0.0,0.0,32.0,401.0,4.0,,,,Georgia,College Stats,MitcMa01,2016.0,-14.842105263157894
4.0,113.0,CHI,Nick Kwiatkoski,ILB,23.0,2022.0,0.0,0.0,1.0,20.0,14.0,89.0,0.0,0.0,0.0,0.0,0.0,0.0,0.0,0.0,0.0,0.0,0.0,208.0,2.0,7.0,West Virginia,College Stats,KwiaNi00,2016.0,4.0
4.0,114.0,CLE,Ricardo Louis,WR,22.0,2017.0,0.0,0.0,1.0,3.0,3.0,32.0,0.0,0.0,0.0,0.0,0.0,0.0,0.0,0.0,45.0,562.0,0.0,11.0,,,Auburn,College Stats,LouiRi00,2016.0,-8.947368421052632
4.0,115.0,ATL,De'Vondre Campbell,OLB,23.0,2024.0,1.0,0.0,9.0,51.0,20.0,128.0,0.0,0.0,0.0,0.0,0.0,0.0,0.0,0.0,0.0,0.0,0.0,551.0,7.0,9.5,Minnesota,College Stats,CampDe00,2016.0,41.26315789473684
4.0,116.0,IND,Hassan Ridgeway,DT,21.0,2023.0,0.0,0.0,0.0,13.0,5.0,80.0,0.0,0.0,0.0,0.0,0.0,0.0,0.0,0.0,0.0,0.0,0.0,57.0,,10.5,Texas,College Stats,RidgHa00,2016.0,1.0476190476190474
4.0,117.0,LAR,Pharoh Cooper,WR,21.0,2022.0,1.0,1.0,0.0,6.0,3.0,75.0,0.0,1.0,0.0,0.0,1.0,7.0,26.0,0.0,61.0,545.0,1.0,1.0,,,South Carolina,College Stats,CoopPh00,2016.0,-9.0
4.0,118.0,NYJ,Juston Burris,CB,23.0,2022.0,0.0,0.0,2.0,14.0,3.0,80.0,0.0,0.0,0.0,0.0,0.0,0.0,0.0,0.0,0.0,0.0,0.0,123.0,6.0,1.0,North Carolina St.,College Stats,BurrJu00,2016.0,-0.75
4.0,119.0,HOU,Tyler Ervin,RB,22.0,2020.0,0.0,0.0,0.0,2.0,0.0,43.0,0.0,0.0,0.0,0.0,0.0,19.0,92.0,0.0,27.0,186.0,0.0,4.0,,,San Jose St.,College Stats,ErviTy00,2016.0,-13.666666666666666
4.0,120.0,NOR,David Onyemata,DT,23.0,2025.0,0.0,0.0,6.0,48.0,31.0,154.0,0.0,0.0,0.0,0.0,0.0,0.0,0.0,0.0,0.0,0.0,0.0,208.0,1.0,31.0,Manitoba,,OnyeDa00,2016.0,28.75
4.0,121.0,MIN,Willie Beavers,T,22.0,2016.0,0.0,0.0,0.0,0.0,0.0,2.0,0.0,0.0,0.0,0.0,0.0,0.0,0.0,0.0,0.0,0.0,0.0,,,,Western Michigan,College Stats,BeavWi00,2016.0,-8.157894736842104
4.0,122.0,CIN,Andrew Billings,NT,21.0,2025.0,0.0,0.0,5.0,33.0,14.0,109.0,0.0,0.0,0.0,0.0,0.0,0.0,0.0,0.0,0.0,0.0,0.0,107.0,,6.5,Baylor,College Stats,BillAn00,2016.0,17.157894736842103
4.0,123.0,PIT,Jerald Hawkins,T,22.0,2020.0,0.0,0.0,0.0,2.0,2.0,19.0,0.0,0.0,0.0,0.0,0.0,0.0,0.0,0.0,0.0,0.0,0.0,,,,LSU,College Stats,HawkJe00,2016.0,-11.7
4.0,124.0,CHI,Deon Bush,S,23.0,2024.0,0.0,0.0,0.0,8.0,7.0,103.0,0.0,0.0,0.0,0.0,0.0,0.0,0.0,0.0,0.0,0.0,0.0,86.0,3.0,1.0,Miami (FL),College Stats,BushDe00,2016.0,-5.428571428571429
4.0,125.0,IND,Antonio Morrison,ILB,21.0,2018.0,0.0,0.0,2.0,13.0,9.0,47.0,0.0,1.0,0.0,0.0,0.0,0.0,0.0,0.0,0.0,0.0,0.0,124.0,,1.0,Florida,College Stats,MorrAn01,2016.0,-1.578947368421053
4.0,126.0,KAN,Demarcus Robinson,WR,21.0,2025.0,0.0,0.0,3.0,27.0,13.0,161.0,0.0,0.0,0.0,0.0,0.0,2.0,29.0,0.0,272.0,3289.0,28.0,10.0,,,Florida,College Stats,RobiDe01,2016.0,2.6499999999999986
4.0,127.0,CHI,Deiondre' Hall,CB,22.0,2018.0,0.0,0.0,0.0,2.0,1.0,23.0,0.0,0.0,0.0,0.0,0.0,0.0,0.0,0.0,0.0,0.0,0.0,10.0,1.0,,Northern Iowa,,HallDe02,2016.0,-6.85
4.0,128.0,ARI,Evan Boehm,C,23.0,2019.0,0.0,0.0,1.0,12.0,6.0,55.0,0.0,0.0,0.0,0.0,0.0,0.0,0.0,0.0,0.0,0.0,0.0,,,,Missouri,College Stats,BoehEv00,2016.0,-6.600000000000001
4.0,129.0,CLE,Derrick Kindred,S,22.0,2018.0,0.0,0.0,1.0,8.0,8.0,42.0,0.0,0.0,0.0,0.0,0.0,0.0,0.0,0.0,0.0,0.0,0.0,108.0,2.0,,TCU,College Stats,KindDe00,2016.0,-1.8499999999999996
4.0,130.0,BAL,Alex Lewis,T,24.0,2020.0,0.0,0.0,2.0,14.0,8.0,44.0,0.0,0.0,0.0,0.0,0.0,0.0,0.0,0.0,0.0,0.0,0.0,,,,Nebraska,College Stats,LewiAl01,2016.0,-2.7222222222222214
4.0,131.0,GNB,Blake Martinez,LB,22.0,2023.0,0.0,0.0,5.0,38.0,29.0,85.0,0.0,0.0,0.0,0.0,0.0,0.0,0.0,0.0,0.0,0.0,0.0,444.0,4.0,13.0,Stanford,College Stats,MartBl01,2016.0,24.210526315789473
4.0,132.0,BAL,Willie Henry,DT,22.0,2020.0,0.0,0.0,0.0,4.0,4.0,18.0,0.0,0.0,0.0,0.0,0.0,0.0,0.0,0.0,0.0,0.0,0.0,26.0,,4.5,Michigan,College Stats,HenrWi00,2016.0,-6.705882352941176
4.0,133.0,SFO,Rashard Robinson,CB,21.0,2021.0,0.0,0.0,0.0,9.0,6.0,49.0,0.0,0.0,0.0,0.0,0.0,0.0,0.0,0.0,0.0,0.0,0.0,70.0,2.0,,LSU,College Stats,RobiRa00,2016.0,-1.8571428571428577
4.0,134.0,BAL,Kenneth Dixon,RB,22.0,2018.0,0.0,0.0,0.0,5.0,5.0,18.0,0.0,0.0,0.0,0.0,0.0,148.0,715.0,4.0,36.0,213.0,1.0,,,,Louisiana Tech,College Stats,DixoKe00,2016.0,-10.411764705882353
4.0,135.0,DAL,Dak Prescott,QB,23.0,2025.0,0.0,4.0,8.0,104.0,104.0,139.0,3184.0,4759.0,35989.0,243.0,92.0,473.0,2115.0,31.0,1.0,11.0,1.0,,,,Mississippi St.,College Stats,PresDa01,2016.0,79.55555555555556
4.0,136.0,DEN,Devontae Booker,RB,24.0,2021.0,0.0,0.0,0.0,19.0,11.0,93.0,0.0,0.0,0.0,0.0,0.0,527.0,2119.0,11.0,162.0,1224.0,2.0,7.0,,,Utah,College Stats,BookDe00,2016.0,10.2
4.0,137.0,GNB,Dean Lowry,DE,22.0,2024.0,0.0,0.0,6.0,38.0,35.0,132.0,0.0,0.0,0.0,0.0,0.0,0.0,0.0,0.0,0.0,0.0,0.0,144.0,1.0,16.5,Northwestern,College Stats,LowrDe00,2016.0,17.05263157894737
4.0,138.0,CLE,Seth Devalve,TE,23.0,2020.0,0.0,0.0,0.0,6.0,5.0,57.0,0.0,0.0,0.0,0.0,0.0,0.0,0.0,0.0,60.0,736.0,4.0,8.0,,,Princeton,,DevaSe00,2016.0,-7.421052631578947
4.0,139.0,BUF,Cardale Jones,QB,23.0,2016.0,0.0,0.0,0.0,0.0,0.0,1.0,6.0,11.0,96.0,0.0,1.0,1.0,-1.0,0.0,0.0,0.0,0.0,,,,Ohio St.,College Stats,JoneCa01,2016.0,-7.857142857142857
5.0,140.0,TEN,Tajae Sharpe,WR,21.0,2021.0,0.0,0.0,3.0,12.0,11.0,66.0,0.0,0.0,0.0,0.0,0.0,2.0,17.0,0.0,117.0,1397.0,8.0,1.0,,,Massachusetts,College Stats,SharTa00,2016.0,0.5238095238095237
5.0,141.0,CAR,Zack Sanchez,CB,22.0,2016.0,0.0,0.0,0.0,1.0,1.0,5.0,0.0,0.0,0.0,0.0,0.0,0.0,0.0,0.0,0.0,0.0,0.0,5.0,,,Oklahoma,College Stats,SancZa00,2016.0,-7.666666666666666
5.0,142.0,SFO,Ronald Blair,DE,23.0,2021.0,0.0,0.0,0.0,7.0,6.0,55.0,0.0,0.0,0.0,0.0,0.0,0.0,0.0,0.0,0.0,0.0,0.0,71.0,,14.5,Appalachian St.,College Stats,BlaiRo00,2016.0,-8.68421052631579
5.0,143.0,OAK,DeAndre Washington,RB,23.0,2020.0,0.0,0.0,0.0,12.0,11.0,59.0,0.0,0.0,0.0,0.0,0.0,313.0,1213.0,7.0,93.0,643.0,1.0,3.0,,,Texas Tech,College Stats,WashDe00,2016.0,-4.315789473684209
5.0,144.0,DEN,Connor McGovern,G,23.0,2024.0,0.0,0.0,5.0,29.0,14.0,109.0,0.0,0.0,0.0,0.0,0.0,0.0,0.0,0.0,0.0,0.0,0.0,5.0,,,Missouri,College Stats,McGoCo00,2016.0,17.95
5.0,145.0,SFO,John Theus,T,22.0,2016.0,0.0,0.0,0.0,1.0,1.0,4.0,0.0,0.0,0.0,0.0,0.0,0.0,0.0,0.0,0.0,0.0,0.0,,,,Georgia,College Stats,TheuJo00,2016.0,-9.5
5.0,146.0,BAL,Matt Judon,DE,24.0,2025.0,0.0,4.0,7.0,63.0,30.0,145.0,0.0,0.0,0.0,0.0,0.0,0.0,0.0,0.0,0.0,0.0,0.0,285.0,1.0,72.0,Grand Valley St.,,JudoMa00,2016.0,37.55
5.0,147.0,SEA,Quinton Jefferson,DT,23.0,2025.0,0.0,0.0,4.0,29.0,12.0,116.0,0.0,0.0,0.0,0.0,0.0,0.0,0.0,0.0,0.0,0.0,0.0,101.0,,28.5,Maryland,College Stats,JeffQu00,2016.0,18.625
5.0,148.0,TAM,Caleb Benenoch,T,22.0,2021.0,0.0,0.0,1.0,12.0,12.0,36.0,0.0,0.0,0.0,0.0,0.0,0.0,0.0,0.0,0.0,0.0,0.0,,,,UCLA,College Stats,BeneCa00,2016.0,4.578947368421052
5.0,149.0,NYG,Paul Perkins,RB,21.0,2019.0,0.0,0.0,0.0,5.0,5.0,29.0,0.0,0.0,0.0,0.0,0.0,165.0,575.0,0.0,24.0,217.0,0.0,5.0,,,UCLA,College Stats,PerkPa00,2016.0,-10.1
5.0,150.0,CHI,Jordan Howard,RB,21.0,2022.0,0.0,1.0,3.0,27.0,22.0,73.0,0.0,0.0,0.0,0.0,0.0,1019.0,4362.0,37.0,85.0,653.0,2.0,1.0,,,Indiana,College Stats,HowaJo00,2016.0,18.263157894736842
5.0,151.0,DET,Joe Dahl,G,23.0,2020.0,0.0,0.0,1.0,11.0,11.0,44.0,0.0,0.0,0.0,0.0,0.0,0.0,0.0,0.0,0.0,0.0,0.0,,,,Washington St.,College Stats,DahlJo00,2016.0,-2.0555555555555554
5.0,152.0,WAS,Matthew Ioannidis,DT,22.0,2022.0,0.0,0.0,3.0,25.0,19.0,86.0,0.0,0.0,0.0,0.0,0.0,0.0,0.0,0.0,0.0,0.0,0.0,122.0,,25.5,Temple,College Stats,IoanMa01,2016.0,15.875
5.0,153.0,PHI,Wendell Smallwood,RB,22.0,2021.0,0.0,0.0,1.0,10.0,9.0,56.0,0.0,0.0,0.0,0.0,0.0,238.0,956.0,5.0,60.0,474.0,2.0,8.0,,,West Virginia,College Stats,SmalWe00,2016.0,-3.3888888888888893
5.0,154.0,CLE,Jordan Payton,WR,23.0,2016.0,0.0,0.0,0.0,0.0,0.0,4.0,0.0,0.0,0.0,0.0,0.0,0.0,0.0,0.0,1.0,3.0,0.0,,,,UCLA,College Stats,PaytJo00,2016.0,-18.263157894736842
5.0,155.0,IND,Joe Haeg,T,23.0,2022.0,0.0,0.0,2.0,22.0,19.0,80.0,0.0,0.0,0.0,0.0,0.0,0.0,0.0,0.0,0.0,0.0,0.0,1.0,,,North Dakota St.,,HaegJo00,2016.0,12.882352941176471
5.0,156.0,BUF,Jonathan Williams,RB,22.0,2023.0,0.0,0.0,0.0,5.0,1.0,47.0,0.0,1.0,0.0,0.0,0.0,135.0,563.0,3.0,22.0,149.0,0.0,4.0,,,Arkansas,College Stats,WillJo07,2016.0,-4.111111111111111
5.0,157.0,TEN,LeShaun Sims,CB,22.0,2020.0,0.0,0.0,0.0,11.0,7.0,69.0,0.0,0.0,0.0,0.0,0.0,0.0,0.0,0.0,0.0,0.0,0.0,127.0,3.0,,Southern Utah,,SimsLe00,2016.0,0.75
5.0,158.0,NYJ,Brandon Shell,T,24.0,2022.0,0.0,0.0,5.0,29.0,13.0,83.0,0.0,0.0,0.0,0.0,0.0,0.0,0.0,0.0,0.0,0.0,0.0,2.0,,,South Carolina,College Stats,ShelBr00,2016.0,22.5
5.0,159.0,HOU,K.J. Dillon,S,22.0,2016.0,0.0,0.0,0.0,0.0,0.0,5.0,0.0,0.0,0.0,0.0,0.0,0.0,0.0,0.0,0.0,0.0,0.0,4.0,,,West Virginia,College Stats,DillK.00,2016.0,-13.0
5.0,160.0,MIN,Kentrell Brothers,OLB,23.0,2019.0,0.0,0.0,0.0,4.0,4.0,51.0,0.0,0.0,0.0,0.0,0.0,0.0,0.0,0.0,0.0,0.0,0.0,41.0,,1.0,Missouri,College Stats,BrotKe00,2016.0,-6.722222222222221
5.0,161.0,CIN,Christian Westerman,G,23.0,2018.0,0.0,0.0,0.0,2.0,2.0,16.0,0.0,0.0,0.0,0.0,0.0,0.0,0.0,0.0,0.0,0.0,0.0,,,,Arizona St.,College Stats,WestCh02,2016.0,-10.166666666666666
5.0,162.0,KAN,Kevin Hogan,QB,23.0,2021.0,0.0,0.0,0.0,2.0,,9.0,60.0,101.0,621.0,4.0,7.0,18.0,176.0,1.0,0.0,0.0,0.0,,,,Stanford,College Stats,HogaKe00,2016.0,-4.176470588235294
5.0,163.0,GNB,Trevor Davis,WR,23.0,2019.0,0.0,0.0,0.0,2.0,1.0,43.0,0.0,0.0,0.0,0.0,0.0,6.0,86.0,1.0,16.0,205.0,1.0,7.0,,,California,College Stats,DaviTr03,2016.0,-11.333333333333334
5.0,164.0,PHI,Halapoulivaati Vaitai,T,23.0,2023.0,0.0,0.0,3.0,25.0,12.0,86.0,0.0,0.0,0.0,0.0,0.0,0.0,0.0,0.0,0.0,0.0,0.0,,,,TCU,College Stats,VaitHa00,2016.0,12.95
5.0,165.0,KAN,Tyreek Hill,WR,22.0,2025.0,5.0,8.0,8.0,98.0,61.0,145.0,0.0,1.0,0.0,0.0,1.0,114.0,819.0,7.0,819.0,11363.0,83.0,10.0,,,West Alabama,,HillTy00,2016.0,84.65
5.0,166.0,HOU,D.J. Reader,NT,22.0,2025.0,0.0,0.0,6.0,47.0,20.0,137.0,0.0,0.0,0.0,0.0,0.0,0.0,0.0,0.0,0.0,0.0,0.0,171.0,,12.5,Clemson,College Stats,ReadD.00,2016.0,33.333333333333336
5.0,167.0,ARI,Marqui Christian,S,21.0,2021.0,0.0,0.0,0.0,6.0,,73.0,0.0,0.0,0.0,0.0,0.0,0.0,0.0,0.0,0.0,0.0,0.0,68.0,,,Midwestern St.,,ChriMa00,2016.0,-2.764705882352942
5.0,168.0,CLE,Spencer Drango,G,23.0,2017.0,0.0,0.0,2.0,8.0,8.0,32.0,0.0,0.0,0.0,0.0,0.0,0.0,0.0,0.0,0.0,0.0,0.0,,,,Baylor,College Stats,DranSp00,2016.0,-4.055555555555555
5.0,169.0,DET,Antwione Williams,LB,23.0,2016.0,0.0,0.0,0.0,2.0,2.0,14.0,0.0,0.0,0.0,0.0,0.0,0.0,0.0,0.0,0.0,0.0,0.0,17.0,,,Georgia Southern,College Stats,WillAn01,2016.0,-9.5
5.0,170.0,ARI,Cole Toner,T,22.0,2021.0,0.0,0.0,0.0,2.0,0.0,14.0,0.0,0.0,0.0,0.0,0.0,0.0,0.0,0.0,0.0,0.0,0.0,,,,Harvard,,ToneCo00,2016.0,-5.0588235294117645
5.0,171.0,SEA,Alex Collins,RB,22.0,2021.0,0.0,0.0,2.0,17.0,5.0,50.0,0.0,0.0,0.0,0.0,0.0,483.0,1997.0,18.0,59.0,467.0,1.0,,,,Arkansas,College Stats,CollAl00,2016.0,10.411764705882353
5.0,172.0,CLE,Rashard Higgins,WR,21.0,2022.0,0.0,0.0,0.0,13.0,13.0,85.0,0.0,0.0,0.0,0.0,0.0,1.0,4.0,0.0,137.0,1890.0,12.0,,,,Colorado St.,College Stats,HiggRa00,2016.0,5.4375
5.0,173.0,CLE,Trey Caldwell,DB,22.0,2016.0,0.0,0.0,0.0,0.0,0.0,1.0,0.0,0.0,0.0,0.0,0.0,0.0,0.0,0.0,0.0,0.0,0.0,,,,La-Monroe,College Stats,CaldTr00,2016.0,-11.857142857142858
5.0,174.0,SFO,Fahn Cooper,T,23.0,,0.0,0.0,0.0,,,,,,,,,,,,,,,,,,Mississippi,College Stats,CoopFa00,2016.0,
5.0,175.0,SDG,Jatavis Brown,OLB,22.0,2019.0,0.0,0.0,2.0,14.0,14.0,56.0,0.0,0.0,0.0,0.0,0.0,0.0,0.0,0.0,0.0,0.0,0.0,187.0,,4.5,Akron,College Stats,BrowJa05,2016.0,5.157894736842104
6.0,176.0,DEN,Andy Janovich,FB,23.0,2021.0,0.0,0.0,1.0,2.0,2.0,77.0,0.0,0.0,0.0,0.0,0.0,17.0,55.0,4.0,27.0,255.0,1.0,17.0,,,Nebraska,College Stats,JanoAn00,2016.0,-4.052631578947368
6.0,177.0,LAR,Temarrick Hemingway,TE,23.0,2021.0,0.0,0.0,0.0,0.0,0.0,23.0,0.0,0.0,0.0,0.0,0.0,0.0,0.0,0.0,1.0,10.0,0.0,2.0,,,South Carolina St.,,HemiTe00,2016.0,-10.526315789473685
6.0,178.0,KAN,D.J. White,CB,22.0,2019.0,0.0,0.0,0.0,1.0,1.0,14.0,0.0,0.0,0.0,0.0,0.0,0.0,0.0,0.0,0.0,0.0,0.0,13.0,1.0,,Georgia Tech,College Stats,WhitD.00,2016.0,-12.571428571428571
6.0,179.0,SDG,Drew Kaser,P,23.0,2018.0,0.0,0.0,0.0,5.0,5.0,36.0,0.0,0.0,0.0,0.0,0.0,1.0,0.0,0.0,0.0,0.0,0.0,1.0,,,Texas A&M,College Stats,KaseDr00,2016.0,-1.526315789473684
6.0,180.0,MIN,Moritz Boehringer,WR,22.0,,0.0,0.0,0.0,,,,,,,,,,,,,,,,,,,,BoehMo00,2016.0,
6.0,181.0,JAX,Tyrone Holmes,OLB,22.0,2017.0,0.0,0.0,0.0,1.0,,15.0,0.0,0.0,0.0,0.0,0.0,0.0,0.0,0.0,0.0,0.0,0.0,3.0,,1.0,Montana,,HolmTy01,2016.0,-8.368421052631579
6.0,182.0,BAL,Keenan Reynolds,RB,22.0,2018.0,0.0,0.0,0.0,0.0,,2.0,0.0,0.0,0.0,0.0,0.0,0.0,0.0,0.0,0.0,0.0,0.0,,,,Navy,College Stats,ReynKe00,2016.0,-10.277777777777779
6.0,183.0,TAM,Devante Bond,OLB,23.0,2020.0,0.0,0.0,1.0,4.0,4.0,34.0,0.0,0.0,0.0,0.0,0.0,0.0,0.0,0.0,0.0,0.0,0.0,31.0,,,Oklahoma,College Stats,BondDe00,2016.0,-1.1052631578947372
6.0,184.0,NYG,Jerell Adams,TE,23.0,2019.0,0.0,0.0,0.0,2.0,2.0,30.0,0.0,0.0,0.0,0.0,0.0,0.0,0.0,0.0,24.0,214.0,1.0,3.0,,,South Carolina,College Stats,AdamJe01,2016.0,-3.3157894736842106
6.0,185.0,CHI,DeAndre Houston-Carson,S,23.0,2023.0,0.0,0.0,0.0,11.0,8.0,107.0,0.0,0.0,0.0,0.0,0.0,0.0,0.0,0.0,0.0,0.0,0.0,118.0,5.0,,William & Mary,,HousDe00,2016.0,7.0588235294117645
6.0,186.0,MIA,Jakeem Grant,WR,23.0,2021.0,0.0,1.0,0.0,14.0,12.0,81.0,0.0,0.0,0.0,0.0,0.0,17.0,76.0,1.0,100.0,1140.0,7.0,4.0,,,Texas Tech,College Stats,GranJa00,2016.0,3.6111111111111107
6.0,187.0,WAS,Nate Sudfeld,QB,22.0,2022.0,0.0,0.0,0.0,1.0,,6.0,25.0,37.0,188.0,1.0,1.0,10.0,28.0,0.0,0.0,0.0,0.0,,,,Indiana,College Stats,SudfNa00,2016.0,-11.15
6.0,188.0,MIN,David Morgan,TE,23.0,2018.0,0.0,0.0,0.0,1.0,1.0,38.0,0.0,0.0,0.0,0.0,0.0,0.0,0.0,0.0,16.0,135.0,1.0,,,,Texas-San Antonio,College Stats,MorgDa01,2016.0,-10.764705882352942
6.0,189.0,DAL,Anthony Brown,CB,22.0,2023.0,0.0,0.0,4.0,23.0,23.0,96.0,0.0,0.0,0.0,0.0,0.0,0.0,0.0,0.0,0.0,0.0,0.0,260.0,9.0,4.0,Purdue,College Stats,BrowAn02,2016.0,14.6
6.0,190.0,LAR,Josh Forrest,ILB,24.0,2017.0,0.0,0.0,0.0,2.0,2.0,12.0,0.0,0.0,0.0,0.0,0.0,0.0,0.0,0.0,0.0,0.0,0.0,6.0,,,Kentucky,College Stats,ForrJo00,2016.0,-7.611111111111111
6.0,191.0,DET,Jake Rudock,QB,23.0,2017.0,0.0,0.0,0.0,0.0,0.0,3.0,3.0,5.0,24.0,0.0,1.0,0.0,0.0,0.0,0.0,0.0,0.0,,,,Michigan,College Stats,RudoJa00,2016.0,-15.421052631578947
6.0,192.0,BUF,Kolby Listenbee,WR,22.0,,0.0,0.0,0.0,,,,,,,,,,,,,,,,,,TCU,College Stats,ListKo00,2016.0,
6.0,193.0,TEN,Sebastian Tretola,G,24.0,2016.0,0.0,0.0,0.0,0.0,0.0,1.0,0.0,0.0,0.0,0.0,0.0,0.0,0.0,0.0,0.0,0.0,0.0,,,,Arkansas,College Stats,TretSe00,2016.0,-11.526315789473685
6.0,194.0,OAK,Cory James,OLB,23.0,2017.0,0.0,0.0,1.0,7.0,7.0,26.0,0.0,0.0,0.0,0.0,0.0,0.0,0.0,0.0,0.0,0.0,0.0,78.0,,,Colorado St.,College Stats,JameCo00,2016.0,0.44444444444444464
6.0,195.0,ATL,Wes Schweitzer,G,22.0,2024.0,0.0,0.0,3.0,27.0,19.0,90.0,0.0,0.0,0.0,0.0,0.0,0.0,0.0,0.0,0.0,0.0,0.0,,,,San Jose St.,College Stats,SchwWe00,2016.0,13.235294117647058
6.0,196.0,PHI,Blake Countess,CB,23.0,2021.0,0.0,0.0,0.0,3.0,0.0,45.0,0.0,0.0,0.0,0.0,0.0,0.0,0.0,0.0,0.0,0.0,0.0,41.0,2.0,1.0,Auburn,College Stats,CounBl00,2016.0,-1.5
6.0,197.0,TAM,Danny Vitale,FB,22.0,2019.0,0.0,0.0,1.0,1.0,,44.0,0.0,0.0,0.0,0.0,0.0,1.0,3.0,0.0,15.0,145.0,0.0,16.0,,,Northwestern,College Stats,VitaDa00,2016.0,-5.3125
6.0,198.0,SDG,Derek Watt,FB,23.0,2022.0,0.0,0.0,0.0,1.0,1.0,110.0,0.0,0.0,0.0,0.0,0.0,29.0,71.0,2.0,18.0,178.0,1.0,44.0,,,Wisconsin,College Stats,WattDe00,2016.0,-7.777777777777779
6.0,199.0,CIN,Cody Core,WR,22.0,2019.0,0.0,0.0,0.0,3.0,3.0,51.0,0.0,0.0,0.0,0.0,0.0,0.0,0.0,0.0,33.0,388.0,1.0,12.0,,,Mississippi,College Stats,CoreCo00,2016.0,-18.125
6.0,200.0,GNB,Kyle Murphy,T,22.0,2021.0,0.0,0.0,0.0,2.0,2.0,7.0,0.0,0.0,0.0,0.0,0.0,0.0,0.0,0.0,0.0,0.0,0.0,,,,Stanford,College Stats,MurpKy00,2016.0,-13.066666666666666
6.0,201.0,JAX,Brandon Allen,QB,24.0,2025.0,0.0,0.0,0.0,5.0,,19.0,183.0,323.0,1882.0,11.0,9.0,36.0,68.0,0.0,0.0,0.0,0.0,,,,Arkansas,College Stats,AlleBr00,2016.0,0.882352941176471
6.0,202.0,DET,Anthony Zettel,DT,24.0,2020.0,0.0,0.0,1.0,9.0,8.0,50.0,0.0,0.0,0.0,0.0,0.0,0.0,0.0,0.0,0.0,0.0,0.0,51.0,,7.5,Penn St.,College Stats,ZettAn00,2016.0,3.8888888888888893
6.0,203.0,KAN,Dadi Nicolas,DE,23.0,2016.0,0.0,0.0,0.0,1.0,1.0,11.0,0.0,0.0,0.0,0.0,0.0,0.0,0.0,0.0,0.0,0.0,0.0,,,,Virginia Tech,College Stats,NicoDa00,2016.0,-10.923076923076923
6.0,204.0,MIA,Jordan Lucas,S,23.0,2021.0,0.0,0.0,0.0,4.0,1.0,50.0,0.0,0.0,0.0,0.0,0.0,0.0,0.0,0.0,0.0,0.0,0.0,29.0,1.0,1.0,Penn St.,College Stats,LucaJo00,2016.0,-5.647058823529411
6.0,205.0,ARI,Harlan Miller,CB,22.0,2018.0,0.0,0.0,0.0,2.0,2.0,9.0,0.0,0.0,0.0,0.0,0.0,0.0,0.0,0.0,0.0,0.0,0.0,9.0,1.0,,Southeastern Louisiana,,MillHa00,2016.0,-8.529411764705882
6.0,206.0,LAR,Mike Thomas,WR,22.0,2022.0,0.0,0.0,0.0,2.0,1.0,76.0,0.0,0.0,0.0,0.0,0.0,1.0,1.0,0.0,30.0,366.0,1.0,13.0,,,Southern Miss,College Stats,ThomMi04,2016.0,-4.0
6.0,207.0,SFO,Jeff Driskel,QB,23.0,2024.0,0.0,0.0,0.0,7.0,,25.0,229.0,391.0,2394.0,16.0,10.0,80.0,417.0,3.0,2.0,10.0,0.0,,,,Louisiana Tech,College Stats,DrisJe00,2016.0,-6.882352941176471
6.0,208.0,NWE,Kamu Grugier-Hill,OLB,22.0,2024.0,0.0,0.0,3.0,24.0,,132.0,0.0,0.0,0.0,0.0,0.0,0.0,0.0,0.0,1.0,4.0,0.0,248.0,5.0,6.0,Eastern Illinois,,GrugKa00,2016.0,18.333333333333332
6.0,209.0,BAL,Maurice Canady,CB,22.0,2021.0,0.0,0.0,0.0,3.0,2.0,40.0,0.0,0.0,0.0,0.0,0.0,0.0,0.0,0.0,0.0,0.0,0.0,70.0,1.0,,Virginia,College Stats,CanaMa00,2016.0,-4.428571428571429
6.0,210.0,DET,Jimmy Landes,LS,24.0,,0.0,0.0,0.0,,,,,,,,,,,,,,,,,,Baylor,College Stats,LandJi00,2016.0,
6.0,211.0,SFO,Kelvin Taylor,RB,22.0,,0.0,0.0,0.0,,,,,,,,,,,,,,,,,,Florida,College Stats,TaylKe01,2016.0,
6.0,212.0,DAL,Kavon Frazier,S,22.0,2021.0,0.0,0.0,0.0,4.0,3.0,60.0,0.0,0.0,0.0,0.0,0.0,0.0,0.0,0.0,0.0,0.0,0.0,50.0,,1.0,Central Michigan,College Stats,FrazKa00,2016.0,-0.25
6.0,213.0,SFO,Aaron Burbridge,WR,22.0,2016.0,0.0,0.0,0.0,1.0,1.0,16.0,0.0,0.0,0.0,0.0,0.0,0.0,0.0,0.0,7.0,88.0,0.0,9.0,,,Michigan St.,College Stats,BurbAa00,2016.0,-7.0
6.0,214.0,NWE,Elandon Roberts,ILB,22.0,2025.0,0.0,0.0,7.0,52.0,17.0,157.0,0.0,0.0,0.0,0.0,0.0,0.0,0.0,0.0,1.0,38.0,1.0,396.0,1.0,14.5,Houston,College Stats,RobeEl00,2016.0,45.0
6.0,215.0,SEA,Joey Hunt,C,22.0,2020.0,0.0,0.0,0.0,7.0,7.0,35.0,0.0,0.0,0.0,0.0,0.0,0.0,0.0,0.0,0.0,0.0,0.0,,,,TCU,College Stats,HuntJo00,2016.0,-1.6111111111111107
6.0,216.0,DAL,Darius Jackson,RB,22.0,2018.0,0.0,0.0,0.0,0.0,0.0,4.0,0.0,0.0,0.0,0.0,0.0,6.0,16.0,0.0,0.0,0.0,0.0,,,,Eastern Michigan,College Stats,JackDa01,2016.0,-13.785714285714286
6.0,217.0,DAL,Rico Gathers,TE,22.0,2018.0,0.0,0.0,0.0,0.0,0.0,15.0,0.0,0.0,0.0,0.0,0.0,0.0,0.0,0.0,3.0,45.0,0.0,,,,Baylor,,GathRi00,2016.0,-7.235294117647059
6.0,218.0,BUF,Kevon Seymour,CB,22.0,2024.0,0.0,0.0,0.0,6.0,1.0,67.0,0.0,0.0,0.0,0.0,0.0,0.0,0.0,0.0,0.0,0.0,0.0,68.0,,1.0,USC,College Stats,SeymKe00,2016.0,-3.866666666666667
6.0,219.0,DEN,Will Parks,S,22.0,2022.0,0.0,0.0,0.0,11.0,8.0,90.0,0.0,0.0,0.0,0.0,0.0,0.0,0.0,0.0,0.0,0.0,0.0,148.0,4.0,2.0,Arizona,College Stats,ParkWi01,2016.0,3.625
6.0,220.0,PIT,Travis Feeney,OLB,23.0,,0.0,0.0,0.0,,,,,,,,,,,,,,,,,,Washington,College Stats,FeenTr00,2016.0,
6.0,221.0,NWE,Ted Karras,G,23.0,2025.0,0.0,0.0,6.0,48.0,17.0,160.0,0.0,0.0,0.0,0.0,0.0,0.0,0.0,0.0,0.0,0.0,0.0,1.0,,,Illinois,College Stats,KarrTe00,2016.0,40.285714285714285
7.0,222.0,TEN,Aaron Wallace,OLB,23.0,2018.0,0.0,0.0,0.0,1.0,1.0,13.0,0.0,0.0,0.0,0.0,0.0,0.0,0.0,0.0,0.0,0.0,0.0,12.0,,1.0,UCLA,College Stats,WallAa00,2016.0,-5.5
7.0,223.0,MIA,Brandon Doughty,QB,24.0,,0.0,0.0,0.0,,,,,,,,,,,,,,,,,,Western Kentucky,College Stats,DougBr00,2016.0,
7.0,224.0,SDG,Donavon Clark,G,23.0,,0.0,0.0,0.0,,,,,,,,,,,,,,,,,,Michigan St.,College Stats,ClarDo00,2016.0,
7.0,225.0,NWE,Devin Lucien,WR,23.0,,0.0,0.0,0.0,,,,,,,,,,,,,,,,,,Arizona St.,College Stats,LuciDe00,2016.0,
7.0,226.0,JAX,Jonathan Woodard,DE,22.0,2018.0,0.0,0.0,0.0,1.0,,6.0,0.0,0.0,0.0,0.0,0.0,0.0,0.0,0.0,0.0,0.0,0.0,8.0,,1.0,Central Arkansas,,WoodJo00,2016.0,-6.176470588235294
7.0,227.0,MIN,Stephen Weatherly,OLB,22.0,2021.0,0.0,0.0,1.0,12.0,8.0,73.0,0.0,0.0,0.0,0.0,0.0,0.0,0.0,0.0,0.0,0.0,0.0,66.0,,8.5,Vanderbilt,College Stats,WeatSt00,2016.0,6.8125
7.0,228.0,DEN,Riley Dixon,P,23.0,2025.0,0.0,0.0,2.0,18.0,9.0,165.0,4.0,6.0,37.0,0.0,0.0,1.0,14.0,0.0,0.0,0.0,0.0,16.0,,,Syracuse,College Stats,DixoRi00,2016.0,12.666666666666668
7.0,229.0,PIT,Demarcus Ayers,WR,22.0,2016.0,0.0,0.0,0.0,0.0,0.0,2.0,0.0,0.0,0.0,0.0,0.0,2.0,-12.0,0.0,6.0,53.0,1.0,,,,Houston,College Stats,AyerDe00,2016.0,-6.055555555555555
7.0,230.0,CHI,Daniel Braverman,WR,22.0,2016.0,0.0,0.0,0.0,0.0,0.0,3.0,0.0,0.0,0.0,0.0,0.0,0.0,0.0,0.0,0.0,0.0,0.0,,,,Western Michigan,College Stats,BravDa00,2016.0,-9.11111111111111
7.0,231.0,MIA,Thomas Duarte,TE,21.0,2016.0,0.0,0.0,0.0,0.0,0.0,1.0,0.0,0.0,0.0,0.0,0.0,0.0,0.0,0.0,0.0,0.0,0.0,,,,UCLA,College Stats,DuarTh00,2016.0,-3.125
7.0,232.0,WAS,Steven Daniels,ILB,23.0,,0.0,0.0,0.0,,,,,,,,,,,,,,,,,,Boston Col.,College Stats,DaniSt00,2016.0,
7.0,233.0,PHI,Jalen Mills,S,22.0,2025.0,0.0,0.0,6.0,31.0,18.0,122.0,0.0,0.0,0.0,0.0,0.0,0.0,0.0,0.0,0.0,0.0,0.0,334.0,8.0,1.5,LSU,College Stats,MillJa02,2016.0,14.0
7.0,234.0,OAK,Vadal Alexander,G,22.0,2017.0,0.0,0.0,0.0,6.0,6.0,24.0,0.0,0.0,0.0,0.0,0.0,0.0,0.0,0.0,0.0,0.0,0.0,,,,LSU,College Stats,AlexVa00,2016.0,0.22222222222222232
7.0,235.0,NYJ,Lac Edwards,P,24.0,2021.0,0.0,0.0,0.0,10.0,9.0,74.0,1.0,1.0,31.0,0.0,0.0,1.0,0.0,0.0,0.0,0.0,0.0,1.0,,,Sam Houston St.,,EdwaLa01,2016.0,0.125
7.0,236.0,DET,Dwayne Washington,RB,22.0,2023.0,0.0,0.0,0.0,4.0,2.0,96.0,0.0,0.0,0.0,0.0,0.0,168.0,592.0,1.0,16.0,101.0,0.0,16.0,,,Washington,College Stats,WashDw00,2016.0,1.1176470588235294
7.0,237.0,NOR,Daniel Lasco,RB,23.0,2017.0,0.0,0.0,0.0,0.0,0.0,10.0,0.0,0.0,0.0,0.0,0.0,11.0,32.0,0.0,2.0,11.0,0.0,7.0,,,California,College Stats,LascDa00,2016.0,-2.6842105263157894
7.0,238.0,ATL,Devin Fuller,WR,22.0,,0.0,0.0,0.0,,,,,,,,,,,,,,,,,,UCLA,College Stats,FullDe00,2016.0,
7.0,239.0,IND,Trevor Bates,LB,23.0,2018.0,0.0,0.0,0.0,1.0,0.0,10.0,0.0,0.0,0.0,0.0,0.0,0.0,0.0,0.0,0.0,0.0,0.0,1.0,,,Maine,,BateTr00,2016.0,-9.588235294117647
7.0,240.0,PHI,Alex McCalister,DE,22.0,,0.0,0.0,0.0,,,,,,,,,,,,,,,,,,Florida,College Stats,McCaAl00,2016.0,
7.0,241.0,NYJ,Charone Peake,WR,23.0,2018.0,0.0,0.0,0.0,1.0,1.0,31.0,0.0,0.0,0.0,0.0,0.0,0.0,0.0,0.0,22.0,214.0,0.0,5.0,,,Clemson,College Stats,PeakCh00,2016.0,-3.7857142857142856
7.0,242.0,WAS,Keith Marshall,RB,22.0,,0.0,0.0,0.0,,,,,,,,,,,,,,,,,,Georgia,College Stats,MarsKe00,2016.0,
7.0,243.0,SEA,Kenny Lawler,WR,22.0,,0.0,0.0,0.0,,,,,,,,,,,,,,,,,,California,College Stats,LawlKe00,2016.0,
7.0,244.0,MIN,Jayron Kearse,S,22.0,2023.0,0.0,0.0,4.0,18.0,4.0,119.0,0.0,0.0,0.0,0.0,0.0,0.0,0.0,0.0,0.0,0.0,0.0,270.0,5.0,5.0,Clemson,College Stats,KearJa00,2016.0,4.6875
7.0,245.0,CIN,Clayton Fejedelem,S,23.0,2022.0,0.0,0.0,0.0,8.0,6.0,107.0,0.0,0.0,0.0,0.0,0.0,6.0,29.0,0.0,0.0,0.0,0.0,95.0,1.0,,Illinois,College Stats,FejeCl00,2016.0,1.666666666666667
7.0,246.0,PIT,Tyler Matakevich,OLB,23.0,2024.0,0.0,0.0,0.0,9.0,5.0,140.0,0.0,0.0,0.0,0.0,0.0,0.0,0.0,0.0,0.0,0.0,0.0,99.0,1.0,,Temple,College Stats,MataTy00,2016.0,0.8461538461538467
7.0,247.0,SEA,Zac Brooks,RB,23.0,,0.0,0.0,0.0,,,,,,,,,,,,,,,,,,Clemson,College Stats,BrooZa00,2016.0,
7.0,248.0,IND,Austin Blythe,C,24.0,2022.0,0.0,0.0,4.0,33.0,1.0,92.0,0.0,0.0,0.0,0.0,0.0,0.0,0.0,0.0,0.0,0.0,0.0,,,,Iowa,College Stats,BlytAu00,2016.0,21.357142857142858
7.0,249.0,SFO,Prince Charles Iworah,CB,23.0,2016.0,0.0,0.0,0.0,0.0,0.0,1.0,0.0,0.0,0.0,0.0,0.0,0.0,0.0,0.0,0.0,0.0,0.0,,,,Western Kentucky,College Stats,IworPr00,2016.0,-7.705882352941177
7.0,250.0,CLE,Scooby Wright III,ILB,22.0,2017.0,0.0,0.0,0.0,1.0,,13.0,0.0,0.0,0.0,0.0,0.0,0.0,0.0,0.0,0.0,0.0,0.0,5.0,,,Arizona,College Stats,WrigSc00,2016.0,-14.071428571428571
7.0,251.0,PHI,Joe Walker,ILB,23.0,2021.0,0.0,0.0,1.0,8.0,2.0,66.0,0.0,0.0,0.0,0.0,0.0,0.0,0.0,0.0,0.0,0.0,0.0,63.0,,,Oregon,College Stats,WalkJo01,2016.0,-1.5
7.0,252.0,CAR,Beau Sandland,TE,23.0,,0.0,0.0,0.0,,,,,,,,,,,,,,,,,,Montana St.,,SandBe00,2016.0,
7.0,253.0,TEN,Kalan Reed,CB,22.0,2017.0,0.0,0.0,0.0,0.0,0.0,7.0,0.0,0.0,0.0,0.0,0.0,0.0,0.0,0.0,0.0,0.0,0.0,2.0,,,Southern Miss,College Stats,ReedKa00,2016.0,-6.769230769230769
1.0,1.0,CLE,Myles Garrett,DE,21.0,2025.0,5.0,7.0,8.0,104.0,104.0,134.0,0.0,0.0,0.0,0.0,0.0,0.0,0.0,0.0,0.0,0.0,0.0,293.0,,125.5,Texas A&M,College Stats,GarrMy00,2017.0,27.57142857142857
1.0,2.0,CHI,Mitchell Trubisky,QB,23.0,2025.0,0.0,1.0,4.0,40.0,34.0,82.0,1244.0,1933.0,13028.0,78.0,48.0,264.0,1180.0,13.0,0.0,0.0,0.0,,,,North Carolina,College Stats,TrubMi00,2017.0,-13.476190476190474
1.0,3.0,SFO,Solomon Thomas,DE,21.0,2025.0,0.0,0.0,2.0,21.0,15.0,131.0,0.0,0.0,0.0,0.0,0.0,0.0,0.0,0.0,0.0,0.0,0.0,143.0,,18.5,Stanford,College Stats,ThomSo00,2017.0,-31.285714285714285
1.0,4.0,JAX,Leonard Fournette,RB,22.0,2023.0,0.0,0.0,5.0,38.0,19.0,81.0,0.0,2.0,0.0,0.0,1.0,1144.0,4518.0,34.0,312.0,2219.0,7.0,1.0,,,LSU,College Stats,FourLe00,2017.0,-15.904761904761905
1.0,5.0,TEN,Corey Davis,WR,22.0,2022.0,0.0,0.0,5.0,31.0,24.0,78.0,0.0,0.0,0.0,0.0,0.0,6.0,55.0,0.0,273.0,3879.0,17.0,,,,Western Michigan,College Stats,DaviCo03,2017.0,-24.476190476190474
1.0,6.0,NYJ,Jamal Adams,S,21.0,2025.0,1.0,3.0,6.0,47.0,29.0,102.0,0.0,0.0,0.0,0.0,0.0,0.0,0.0,0.0,0.0,0.0,0.0,396.0,4.0,22.5,LSU,College Stats,AdamJa00,2017.0,-3.80952380952381
1.0,7.0,LAC,Mike Williams,WR,22.0,2024.0,0.0,0.0,4.0,38.0,37.0,106.0,0.0,0.0,0.0,0.0,0.0,10.0,34.0,1.0,330.0,5104.0,32.0,,1.0,,Clemson,College Stats,WillMi07,2017.0,-10.047619047619051
1.0,8.0,CAR,Christian McCaffrey,RB,21.0,2025.0,3.0,4.0,5.0,86.0,43.0,112.0,2.0,5.0,84.0,2.0,0.0,1658.0,7589.0,62.0,626.0,5390.0,36.0,1.0,,,Stanford,College Stats,McCaCh01,2017.0,42.61904761904762
1.0,9.0,CIN,John Ross,WR,21.0,2024.0,0.0,0.0,1.0,7.0,5.0,38.0,0.0,0.0,0.0,0.0,0.0,9.0,41.0,0.0,63.0,963.0,11.0,,,,Washington,College Stats,RossJo00,2017.0,-41.23809523809524
1.0,10.0,KAN,Patrick Mahomes,QB,21.0,2025.0,2.0,6.0,7.0,115.0,115.0,126.0,3093.0,4673.0,35939.0,267.0,85.0,496.0,2665.0,19.0,3.0,-2.0,0.0,2.0,,,Texas Tech,College Stats,MahoPa00,2017.0,75.61904761904762
1.0,11.0,NOR,Marshon Lattimore,CB,21.0,2025.0,0.0,4.0,6.0,43.0,41.0,108.0,0.0,0.0,0.0,0.0,0.0,0.0,0.0,0.0,0.0,0.0,0.0,345.0,16.0,,Ohio St.,College Stats,LattMa01,2017.0,-9.952380952380949
1.0,12.0,HOU,Deshaun Watson,QB,21.0,2024.0,0.0,3.0,4.0,58.0,52.0,73.0,1527.0,2305.0,17904.0,123.0,48.0,400.0,2142.0,20.0,1.0,6.0,1.0,1.0,,,Clemson,College Stats,WatsDe00,2017.0,12.61904761904762
1.0,13.0,ARI,Haason Reddick,LB,22.0,2025.0,0.0,2.0,5.0,47.0,14.0,137.0,0.0,0.0,0.0,0.0,0.0,0.0,0.0,0.0,0.0,0.0,0.0,290.0,,61.5,Temple,College Stats,ReddHa00,2017.0,-6.142857142857146
1.0,14.0,PHI,Derek Barnett,DE,21.0,2025.0,0.0,0.0,3.0,27.0,22.0,112.0,0.0,0.0,0.0,0.0,0.0,0.0,0.0,0.0,0.0,0.0,0.0,135.0,,34.0,Tennessee,College Stats,BarnDe01,2017.0,-18.19047619047619
1.0,15.0,IND,Malik Hooker,S,21.0,2025.0,0.0,0.0,5.0,26.0,13.0,112.0,0.0,0.0,0.0,0.0,0.0,0.0,0.0,0.0,0.0,0.0,0.0,261.0,14.0,,Ohio St.,College Stats,HookMa00,2017.0,-11.76190476190476
1.0,16.0,BAL,Marlon Humphrey,CB,21.0,2025.0,2.0,4.0,7.0,62.0,62.0,131.0,0.0,0.0,0.0,0.0,0.0,0.0,0.0,0.0,0.0,0.0,0.0,406.0,23.0,7.0,Alabama,College Stats,HumpMa00,2017.0,19.666666666666664
1.0,17.0,WAS,Jonathan Allen,DE,22.0,2025.0,0.0,2.0,7.0,57.0,48.0,126.0,0.0,0.0,0.0,0.0,0.0,0.0,0.0,0.0,0.0,0.0,0.0,270.0,1.0,45.5,Alabama,College Stats,AlleJo01,2017.0,11.61904761904762
1.0,18.0,TEN,Adoree' Jackson,CB,21.0,2025.0,0.0,0.0,6.0,30.0,15.0,111.0,0.0,0.0,0.0,0.0,0.0,5.0,55.0,0.0,0.0,0.0,0.0,370.0,5.0,,USC,College Stats,JackAd00,2017.0,-13.523809523809526
1.0,19.0,TAM,O.J. Howard,TE,22.0,2022.0,0.0,0.0,4.0,13.0,12.0,72.0,0.0,0.0,0.0,0.0,0.0,0.0,0.0,0.0,129.0,1882.0,17.0,,,,Alabama,College Stats,HowaO.00,2017.0,-23.19047619047619
1.0,20.0,DEN,Garett Bolles,T,25.0,2025.0,1.0,1.0,7.0,56.0,56.0,133.0,0.0,0.0,0.0,0.0,0.0,0.0,0.0,0.0,0.0,0.0,0.0,,,,Utah,College Stats,BollGa00,2017.0,18.38095238095238
1.0,21.0,DET,Jarrad Davis,LB,22.0,2022.0,0.0,0.0,3.0,22.0,20.0,68.0,0.0,0.0,0.0,0.0,0.0,0.0,0.0,0.0,0.0,0.0,0.0,226.0,1.0,11.0,Florida,College Stats,DaviJa01,2017.0,-13.333333333333336
1.0,22.0,MIA,Charles Harris,OLB,22.0,2024.0,0.0,0.0,2.0,16.0,4.0,103.0,0.0,0.0,0.0,0.0,0.0,0.0,0.0,0.0,0.0,0.0,0.0,112.0,,19.5,Missouri,College Stats,HarrCh03,2017.0,-14.857142857142858
1.0,23.0,NYG,Evan Engram,TE,23.0,2025.0,0.0,2.0,8.0,37.0,18.0,124.0,0.0,0.0,0.0,0.0,0.0,17.0,100.0,1.0,546.0,5383.0,26.0,2.0,,,Mississippi,College Stats,EngrEv00,2017.0,6.0
1.0,24.0,OAK,Gareon Conley,CB,22.0,2019.0,0.0,0.0,1.0,9.0,7.0,31.0,0.0,0.0,0.0,0.0,0.0,0.0,0.0,0.0,0.0,0.0,0.0,65.0,4.0,,Ohio St.,College Stats,ConlGa00,2017.0,-42.904761904761905
1.0,25.0,CLE,Jabrill Peppers,S,21.0,2025.0,0.0,0.0,5.0,32.0,11.0,113.0,0.0,0.0,0.0,0.0,0.0,0.0,0.0,0.0,0.0,0.0,0.0,338.0,7.0,5.5,Michigan,College Stats,PeppJa00,2017.0,-3.2857142857142847
1.0,26.0,ATL,Takkarist McKinley,DE,21.0,2024.0,0.0,0.0,2.0,16.0,13.0,71.0,0.0,0.0,0.0,0.0,0.0,0.0,0.0,0.0,0.0,0.0,0.0,67.0,,20.5,UCLA,College Stats,McKiTa00,2017.0,-12.476190476190474
1.0,27.0,BUF,Tre'Davious White,CB,22.0,2025.0,1.0,2.0,5.0,53.0,52.0,109.0,0.0,0.0,0.0,0.0,0.0,0.0,0.0,0.0,0.0,0.0,0.0,287.0,19.0,3.0,LSU,College Stats,WhitTr01,2017.0,10.714285714285715
1.0,28.0,DAL,Taco Charlton,DE,22.0,2022.0,0.0,0.0,0.0,9.0,6.0,60.0,0.0,0.0,0.0,0.0,0.0,0.0,0.0,0.0,0.0,0.0,0.0,54.0,,11.5,Michigan,College Stats,CharTa00,2017.0,-22.428571428571427
1.0,29.0,CLE,David Njoku,TE,21.0,2025.0,0.0,1.0,5.0,27.0,27.0,118.0,0.0,0.0,0.0,0.0,0.0,4.0,-6.0,0.0,384.0,4062.0,34.0,2.0,,,Miami (FL),College Stats,NjokDa00,2017.0,-2.8571428571428577
1.0,30.0,PIT,T.J. Watt,OLB,22.0,2025.0,4.0,8.0,8.0,96.0,96.0,135.0,0.0,0.0,0.0,0.0,0.0,0.0,0.0,0.0,0.0,0.0,0.0,354.0,9.0,115.0,Wisconsin,College Stats,WattT.00,2017.0,60.80952380952381
1.0,31.0,SFO,Reuben Foster,LB,23.0,2018.0,0.0,0.0,2.0,8.0,8.0,16.0,0.0,0.0,0.0,0.0,0.0,0.0,0.0,0.0,0.0,0.0,0.0,84.0,,,Alabama,College Stats,FostRe00,2017.0,-26.523809523809526
1.0,32.0,NOR,Ryan Ramczyk,T,23.0,2023.0,1.0,0.0,6.0,64.0,64.0,101.0,0.0,0.0,0.0,0.0,0.0,0.0,0.0,0.0,0.0,0.0,0.0,,,,Wisconsin,College Stats,RamcRy00,2017.0,22.095238095238095
2.0,33.0,GNB,Kevin King,CB,22.0,2024.0,0.0,0.0,3.0,16.0,15.0,66.0,0.0,0.0,0.0,0.0,0.0,0.0,0.0,0.0,0.0,0.0,0.0,164.0,7.0,1.0,Washington,College Stats,KingKe01,2017.0,-18.23809523809524
2.0,34.0,JAX,Cam Robinson,T,21.0,2025.0,0.0,0.0,6.0,43.0,35.0,117.0,0.0,0.0,0.0,0.0,0.0,0.0,0.0,0.0,0.0,0.0,0.0,,,,Alabama,College Stats,RobiCa00,2017.0,5.4761904761904745
2.0,35.0,SEA,Malik McDowell,DT,21.0,2021.0,0.0,0.0,1.0,6.0,,15.0,0.0,0.0,0.0,0.0,0.0,0.0,0.0,0.0,0.0,0.0,0.0,19.0,,3.0,Michigan St.,College Stats,McDoMa00,2017.0,-33.04761904761905
2.0,36.0,ARI,Budda Baker,S,21.0,2025.0,2.0,8.0,7.0,63.0,63.0,138.0,0.0,0.0,0.0,0.0,0.0,0.0,0.0,0.0,0.0,0.0,0.0,678.0,8.0,10.0,Washington,College Stats,BakeBu00,2017.0,22.42857142857143
2.0,37.0,BUF,Zay Jones,WR,22.0,2025.0,0.0,0.0,3.0,25.0,8.0,123.0,1.0,2.0,29.0,0.0,0.0,8.0,24.0,0.0,307.0,3295.0,18.0,3.0,,,East Carolina,College Stats,JoneZa00,2017.0,-10.42857142857143
2.0,38.0,LAC,Forrest Lamp,G,23.0,2021.0,0.0,0.0,1.0,8.0,8.0,26.0,0.0,0.0,0.0,0.0,0.0,0.0,0.0,0.0,0.0,0.0,0.0,,,,Western Kentucky,College Stats,LampFo00,2017.0,-16.857142857142858
2.0,39.0,NYJ,Marcus Maye,S,24.0,2025.0,0.0,0.0,5.0,29.0,21.0,93.0,0.0,0.0,0.0,0.0,0.0,0.0,0.0,0.0,0.0,0.0,0.0,308.0,9.0,4.5,Florida,College Stats,MayeMa00,2017.0,-3.7142857142857153
2.0,40.0,CAR,Curtis Samuel,WR,21.0,2025.0,0.0,0.0,5.0,30.0,17.0,111.0,0.0,0.0,0.0,0.0,0.0,126.0,729.0,7.0,355.0,3717.0,24.0,7.0,,,Ohio St.,College Stats,SamuCu00,2017.0,6.571428571428573
2.0,41.0,MIN,Dalvin Cook,RB,22.0,2024.0,0.0,4.0,5.0,52.0,51.0,90.0,0.0,0.0,0.0,0.0,0.0,1357.0,6227.0,47.0,237.0,1882.0,5.0,2.0,,,Florida St.,College Stats,CookDa01,2017.0,23.285714285714285
2.0,42.0,NOR,Marcus Williams,S,20.0,2025.0,0.0,0.0,8.0,32.0,24.0,111.0,0.0,0.0,0.0,0.0,0.0,0.0,0.0,0.0,0.0,0.0,0.0,351.0,20.0,1.0,Utah,College Stats,WillMa06,2017.0,3.3809523809523796
2.0,43.0,PHI,Sidney Jones,CB,21.0,2023.0,0.0,0.0,2.0,12.0,5.0,60.0,0.0,0.0,0.0,0.0,0.0,0.0,0.0,0.0,0.0,0.0,0.0,115.0,4.0,,Washington,College Stats,JoneSi00,2017.0,-11.095238095238095
2.0,44.0,LAR,Gerald Everett,TE,23.0,2024.0,0.0,0.0,3.0,22.0,10.0,124.0,0.0,0.0,0.0,0.0,0.0,12.0,61.0,1.0,292.0,2869.0,19.0,1.0,,,South Alabama,College Stats,EverGe00,2017.0,-6.0
2.0,45.0,CHI,Adam Shaheen,TE,22.0,2021.0,0.0,0.0,1.0,4.0,2.0,55.0,0.0,0.0,0.0,0.0,0.0,0.0,0.0,0.0,50.0,509.0,7.0,1.0,,,Ashland,,ShahAd00,2017.0,-22.80952380952381
2.0,46.0,IND,Quincy Wilson,CB,21.0,2022.0,0.0,0.0,0.0,4.0,4.0,33.0,0.0,0.0,0.0,0.0,0.0,0.0,0.0,0.0,0.0,0.0,0.0,49.0,2.0,,Florida,College Stats,WilsQu01,2017.0,-24.61904761904762
2.0,47.0,BAL,Tyus Bowser,OLB,22.0,2024.0,0.0,0.0,1.0,21.0,18.0,98.0,0.0,0.0,0.0,0.0,0.0,0.0,0.0,0.0,0.0,0.0,0.0,99.0,4.0,19.5,Houston,College Stats,BowsTy00,2017.0,-12.047619047619051
2.0,48.0,CIN,Joe Mixon,RB,21.0,2024.0,0.0,2.0,6.0,56.0,49.0,111.0,0.0,1.0,0.0,0.0,0.0,1816.0,7428.0,60.0,319.0,2448.0,14.0,1.0,,,Oklahoma,College Stats,MixoJo00,2017.0,27.19047619047619
2.0,49.0,WAS,Ryan Anderson,OLB,23.0,2022.0,0.0,0.0,0.0,6.0,6.0,57.0,0.0,0.0,0.0,0.0,0.0,0.0,0.0,0.0,0.0,0.0,0.0,56.0,,6.0,Alabama,College Stats,AndeRy00,2017.0,-17.6
2.0,50.0,TAM,Justin Evans,S,22.0,2023.0,0.0,0.0,2.0,10.0,8.0,43.0,0.0,0.0,0.0,0.0,0.0,0.0,0.0,0.0,0.0,0.0,0.0,119.0,4.0,,Texas A&M,College Stats,EvanJu00,2017.0,-18.714285714285715
2.0,51.0,DEN,DeMarcus Walker,DE,22.0,2025.0,0.0,0.0,2.0,24.0,6.0,101.0,0.0,0.0,0.0,0.0,0.0,0.0,0.0,0.0,0.0,0.0,0.0,117.0,,26.5,Florida St.,College Stats,WalkDe03,2017.0,-1.8421052631578938
2.0,52.0,CLE,DeShone Kizer,QB,21.0,2018.0,0.0,0.0,1.0,6.0,5.0,18.0,275.0,518.0,3081.0,11.0,24.0,82.0,458.0,5.0,0.0,0.0,0.0,,,,Notre Dame,College Stats,KizeDe00,2017.0,-17.666666666666668
2.0,53.0,DET,Teez Tabor,CB,21.0,2023.0,0.0,0.0,0.0,5.0,3.0,39.0,0.0,0.0,0.0,0.0,0.0,0.0,0.0,0.0,0.0,0.0,0.0,47.0,,,Florida,College Stats,TaboTe00,2017.0,-21.142857142857142
2.0,54.0,MIA,Raekwon McMillan,LB,21.0,2024.0,0.0,0.0,2.0,15.0,9.0,72.0,0.0,0.0,0.0,0.0,0.0,0.0,0.0,0.0,0.0,0.0,0.0,172.0,,1.0,Ohio St.,College Stats,McMiRa02,2017.0,-7.904761904761905
2.0,55.0,NYG,Dalvin Tomlinson,DT,23.0,2025.0,0.0,0.0,8.0,50.0,23.0,142.0,0.0,0.0,0.0,0.0,0.0,0.0,0.0,0.0,0.0,0.0,0.0,181.0,,20.0,Alabama,College Stats,TomlDa00,2017.0,16.95238095238095
2.0,56.0,OAK,Obi Melifonwu,S,23.0,2018.0,0.0,0.0,0.0,1.0,1.0,7.0,0.0,0.0,0.0,0.0,0.0,0.0,0.0,0.0,0.0,0.0,0.0,9.0,,,Connecticut,College Stats,MeliOb00,2017.0,-19.57894736842105
2.0,57.0,HOU,Zach Cunningham,LB,22.0,2025.0,0.0,0.0,5.0,36.0,29.0,106.0,0.0,0.0,0.0,0.0,0.0,0.0,0.0,0.0,0.0,0.0,0.0,453.0,1.0,6.5,Vanderbilt,College Stats,CunnZa00,2017.0,13.19047619047619
2.0,58.0,SEA,Ethan Pocic,C,22.0,2025.0,0.0,0.0,4.0,32.0,19.0,114.0,0.0,0.0,0.0,0.0,0.0,0.0,0.0,0.0,0.0,0.0,0.0,,,,LSU,College Stats,PociEt00,2017.0,7.4761904761904745
2.0,59.0,KAN,Tanoh Kpassagnon,DE,23.0,2025.0,0.0,0.0,2.0,21.0,14.0,108.0,0.0,0.0,0.0,0.0,0.0,0.0,0.0,0.0,0.0,0.0,0.0,98.0,,17.5,Villanova,,KpasTa00,2017.0,-0.9047619047619051
2.0,60.0,DAL,Chidobe Awuzie,CB,22.0,2025.0,0.0,0.0,5.0,28.0,14.0,108.0,0.0,0.0,0.0,0.0,0.0,0.0,0.0,0.0,0.0,0.0,0.0,319.0,7.0,,Colorado,College Stats,AwuzCh00,2017.0,2.904761904761905
2.0,61.0,GNB,Josh Jones,S,22.0,2022.0,0.0,0.0,1.0,11.0,5.0,70.0,0.0,0.0,0.0,0.0,0.0,0.0,0.0,0.0,0.0,0.0,0.0,193.0,2.0,3.0,North Carolina St.,College Stats,JoneJo06,2017.0,-17.857142857142858
2.0,62.0,PIT,JuJu Smith-Schuster,WR,20.0,2025.0,0.0,1.0,4.0,43.0,30.0,121.0,0.0,0.0,0.0,0.0,0.0,4.0,22.0,1.0,481.0,5624.0,33.0,2.0,,,USC,College Stats,SmitJu00,2017.0,17.25
2.0,63.0,BUF,Dion Dawkins,G,23.0,2025.0,0.0,5.0,8.0,73.0,73.0,143.0,0.0,0.0,0.0,0.0,0.0,0.0,0.0,0.0,2.0,8.0,2.0,2.0,,,Temple,College Stats,DawkDi00,2017.0,42.1
2.0,64.0,CAR,Taylor Moton,G,23.0,2025.0,0.0,0.0,7.0,47.0,47.0,145.0,0.0,0.0,0.0,0.0,0.0,0.0,0.0,0.0,0.0,0.0,0.0,2.0,,,Western Michigan,College Stats,MotoTa00,2017.0,17.095238095238095
3.0,65.0,CLE,Larry Ogunjobi,DT,23.0,2025.0,0.0,0.0,7.0,44.0,20.0,134.0,0.0,0.0,0.0,0.0,0.0,0.0,0.0,0.0,0.0,0.0,0.0,209.0,,27.5,Charlotte,College Stats,OgunLa00,2017.0,18.1
3.0,66.0,SFO,Ahkello Witherspoon,CB,22.0,2025.0,0.0,0.0,3.0,22.0,12.0,96.0,0.0,0.0,0.0,0.0,0.0,0.0,0.0,0.0,0.0,0.0,0.0,204.0,13.0,,Colorado,College Stats,WithAh00,2017.0,-3.4761904761904745
3.0,67.0,NOR,Alvin Kamara,RB,22.0,2025.0,0.0,5.0,6.0,79.0,79.0,126.0,1.0,1.0,13.0,0.0,0.0,1674.0,7250.0,61.0,606.0,4948.0,25.0,,,,Tennessee,College Stats,KamaAl00,2017.0,60.05
3.0,68.0,JAX,Dawuane Smoot,DE,22.0,2025.0,0.0,0.0,0.0,17.0,16.0,127.0,0.0,0.0,0.0,0.0,0.0,0.0,0.0,0.0,0.0,0.0,0.0,116.0,,27.0,Illinois,College Stats,SmooDa00,2017.0,0.5238095238095255
3.0,69.0,LAR,Cooper Kupp,WR,24.0,2025.0,1.0,1.0,6.0,63.0,60.0,120.0,0.0,5.0,0.0,0.0,1.0,26.0,139.0,1.0,681.0,8369.0,59.0,3.0,,,Eastern Washington,,KuppCo00,2017.0,36.42857142857143
3.0,70.0,MIN,Pat Elflein,C,23.0,2022.0,0.0,0.0,3.0,26.0,20.0,65.0,0.0,0.0,0.0,0.0,0.0,0.0,0.0,0.0,0.0,0.0,0.0,1.0,,,Ohio St.,College Stats,ElflPa00,2017.0,3.095238095238095
3.0,71.0,LAC,Dan Feeney,G,23.0,2025.0,0.0,0.0,4.0,35.0,27.0,132.0,0.0,0.0,0.0,0.0,0.0,0.0,0.0,0.0,0.0,0.0,0.0,,,,Indiana,College Stats,FeenDa00,2017.0,7.142857142857142
3.0,72.0,TEN,Taywan Taylor,WR,22.0,2020.0,0.0,0.0,0.0,6.0,6.0,35.0,0.0,0.0,0.0,0.0,0.0,8.0,43.0,0.0,53.0,697.0,2.0,4.0,,,Western Kentucky,College Stats,TaylTa00,2017.0,-12.600000000000001
3.0,73.0,CIN,Jordan Willis,OLB,22.0,2022.0,0.0,0.0,0.0,8.0,4.0,69.0,0.0,0.0,0.0,0.0,0.0,0.0,0.0,0.0,0.0,0.0,0.0,55.0,,10.5,Kansas St.,College Stats,WillJo09,2017.0,-16.523809523809526
3.0,74.0,BAL,Chris Wormley,DE,23.0,2025.0,0.0,0.0,3.0,17.0,8.0,92.0,0.0,0.0,0.0,0.0,0.0,0.0,0.0,0.0,0.0,0.0,0.0,86.0,,12.0,Michigan,College Stats,WormCh00,2017.0,-1.428571428571427
3.0,75.0,ATL,Duke Riley,LB,23.0,2024.0,0.0,0.0,2.0,19.0,7.0,124.0,0.0,0.0,0.0,0.0,0.0,0.0,0.0,0.0,0.0,0.0,0.0,169.0,1.0,2.0,LSU,College Stats,RileDu00,2017.0,-4.449999999999999
3.0,76.0,NOR,Alex Anzalone,LB,22.0,2025.0,0.0,0.0,4.0,34.0,8.0,111.0,0.0,0.0,0.0,0.0,0.0,0.0,0.0,0.0,0.0,0.0,0.0,391.0,4.0,13.0,Florida,College Stats,AnzaAl00,2017.0,12.649999999999999
3.0,77.0,CAR,Daeshon Hall,DE,22.0,2019.0,0.0,0.0,0.0,1.0,0.0,13.0,0.0,0.0,0.0,0.0,0.0,0.0,0.0,0.0,0.0,0.0,0.0,6.0,,1.5,Texas A&M,College Stats,HallDa01,2017.0,-17.952380952380953
3.0,78.0,BAL,Tim Williams,OLB,23.0,2019.0,0.0,0.0,0.0,2.0,2.0,20.0,0.0,0.0,0.0,0.0,0.0,0.0,0.0,0.0,0.0,0.0,0.0,13.0,,2.0,Alabama,College Stats,WillTi00,2017.0,-23.857142857142858
3.0,79.0,NYJ,ArDarius Stewart,WR,23.0,2017.0,0.0,0.0,0.0,1.0,1.0,15.0,0.0,0.0,0.0,0.0,0.0,7.0,27.0,0.0,6.0,82.0,0.0,,,,Alabama,College Stats,StewAr00,2017.0,-15.7
3.0,80.0,IND,Tarell Basham,DE,23.0,2022.0,0.0,0.0,1.0,13.0,1.0,82.0,0.0,0.0,0.0,0.0,0.0,0.0,0.0,0.0,0.0,0.0,0.0,70.0,1.0,11.0,Ohio,College Stats,BashTa00,2017.0,1.7619047619047628
3.0,81.0,WAS,Fabian Moreau,CB,23.0,2025.0,0.0,0.0,4.0,21.0,8.0,124.0,0.0,0.0,0.0,0.0,0.0,0.0,0.0,0.0,0.0,0.0,0.0,230.0,7.0,,UCLA,College Stats,MoreFa00,2017.0,-4.0
3.0,82.0,DEN,Carlos Henderson,WR,22.0,,0.0,0.0,0.0,,,,,,,,,,,,,,,,,,Louisiana Tech,College Stats,HendCa01,2017.0,
3.0,83.0,NWE,Derek Rivers,DE,23.0,2021.0,0.0,0.0,0.0,4.0,2.0,24.0,0.0,0.0,0.0,0.0,0.0,0.0,0.0,0.0,0.0,0.0,0.0,11.0,,3.5,Youngstown St.,,RiveDe00,2017.0,-19.761904761904763
3.0,84.0,TAM,Chris Godwin,WR,21.0,2025.0,0.0,1.0,6.0,53.0,53.0,120.0,0.0,1.0,0.0,0.0,0.0,13.0,74.0,2.0,612.0,7626.0,41.0,8.0,,,Penn St.,College Stats,GodwCh00,2017.0,27.571428571428573
3.0,85.0,NWE,Antonio Garcia,T,23.0,,0.0,0.0,0.0,,,,,,,,,,,,,,,,,,Troy,College Stats,GarcAn00,2017.0,
3.0,86.0,KAN,Kareem Hunt,RB,22.0,2025.0,0.0,1.0,3.0,52.0,33.0,121.0,0.0,0.0,0.0,0.0,0.0,1393.0,5775.0,55.0,267.0,2209.0,18.0,,,,Toledo,College Stats,HuntKa00,2017.0,32.0
3.0,87.0,NYG,Davis Webb,QB,22.0,2022.0,0.0,0.0,0.0,1.0,1.0,2.0,23.0,40.0,168.0,1.0,0.0,8.0,38.0,1.0,0.0,0.0,0.0,,,,California,College Stats,WebbDa00,2017.0,-10.476190476190476
3.0,88.0,OAK,Eddie Vanderdoes,DT,22.0,2019.0,0.0,0.0,1.0,5.0,5.0,19.0,0.0,0.0,0.0,0.0,0.0,0.0,0.0,0.0,0.0,0.0,0.0,18.0,,,UCLA,College Stats,VandEd00,2017.0,-15.19047619047619
3.0,89.0,HOU,D'Onta Foreman,RB,21.0,2024.0,0.0,0.0,1.0,17.0,2.0,63.0,0.0,0.0,0.0,0.0,0.0,623.0,2558.0,14.0,40.0,396.0,3.0,,,,Texas,College Stats,ForeDO00,2017.0,-2.0
3.0,90.0,SEA,Shaquill Griffin,DB,22.0,2025.0,0.0,1.0,5.0,30.0,21.0,108.0,0.0,0.0,0.0,0.0,0.0,0.0,0.0,0.0,0.0,0.0,0.0,331.0,9.0,1.0,Central Florida,College Stats,GrifSh00,2017.0,15.857142857142858
3.0,91.0,LAR,John Johnson,S,21.0,2024.0,0.0,0.0,5.0,29.0,19.0,105.0,0.0,0.0,0.0,0.0,0.0,0.0,0.0,0.0,0.0,0.0,0.0,370.0,15.0,1.0,Boston Col.,College Stats,JohnJo10,2017.0,3.3000000000000007
3.0,92.0,DAL,Jourdan Lewis,CB,22.0,2025.0,0.0,0.0,3.0,26.0,23.0,127.0,0.0,0.0,0.0,0.0,0.0,2.0,12.0,0.0,0.0,0.0,0.0,296.0,12.0,9.5,Michigan,College Stats,LewiJo01,2017.0,1.1999999999999993
3.0,93.0,GNB,Montravius Adams,DT,22.0,2024.0,0.0,0.0,1.0,15.0,4.0,96.0,0.0,0.0,0.0,0.0,0.0,0.0,0.0,0.0,0.0,0.0,0.0,61.0,,2.5,Auburn,College Stats,AdamMo00,2017.0,2.80952380952381
3.0,94.0,PIT,Cameron Sutton,CB,22.0,2024.0,0.0,0.0,3.0,21.0,16.0,110.0,0.0,0.0,0.0,0.0,0.0,0.0,0.0,0.0,0.0,0.0,0.0,200.0,9.0,2.0,Tennessee,College Stats,SuttCa00,2017.0,1.1499999999999986
3.0,95.0,SEA,Lano Hill,S,21.0,2020.0,0.0,0.0,0.0,5.0,5.0,42.0,0.0,0.0,0.0,0.0,0.0,0.0,0.0,0.0,0.0,0.0,0.0,41.0,,,Michigan,College Stats,HillDe02,2017.0,-10.789473684210526
3.0,96.0,DET,Kenny Golladay,WR,23.0,2022.0,0.0,1.0,4.0,27.0,23.0,73.0,0.0,0.0,0.0,0.0,0.0,2.0,17.0,0.0,226.0,3670.0,22.0,,,,Northern Illinois,College Stats,GollKe00,2017.0,13.380952380952381
3.0,97.0,MIA,Cordrea Tankersley,CB,23.0,2020.0,0.0,0.0,1.0,4.0,4.0,19.0,0.0,0.0,0.0,0.0,0.0,0.0,0.0,0.0,0.0,0.0,0.0,28.0,,,Clemson,College Stats,TankCo00,2017.0,-8.857142857142858
3.0,98.0,ARI,Chad Williams,WR,22.0,2019.0,0.0,0.0,1.0,1.0,1.0,17.0,0.0,0.0,0.0,0.0,0.0,3.0,42.0,0.0,20.0,202.0,1.0,,,,Grambling St.,,WillCh05,2017.0,-20.047619047619047
3.0,99.0,PHI,Rasul Douglas,CB,22.0,2025.0,0.0,0.0,3.0,31.0,6.0,135.0,0.0,0.0,0.0,0.0,0.0,0.0,0.0,0.0,0.0,0.0,0.0,393.0,21.0,3.0,West Virginia,College Stats,DougRa00,2017.0,13.142857142857142
3.0,100.0,TEN,Jonnu Smith,TE,22.0,2025.0,0.0,1.0,5.0,29.0,10.0,141.0,0.0,1.0,0.0,0.0,0.0,28.0,196.0,2.0,345.0,3529.0,30.0,,,,Florida International,College Stats,SmitJo01,2017.0,9.600000000000001
3.0,101.0,DEN,Brendan Langley,CB,22.0,2018.0,0.0,0.0,0.0,1.0,1.0,16.0,0.0,0.0,0.0,0.0,0.0,0.0,0.0,0.0,0.0,0.0,0.0,6.0,,,Lamar,,LangBr00,2017.0,-11.2
3.0,102.0,SEA,Nazair Jones,DT,22.0,2018.0,0.0,0.0,0.0,3.0,3.0,20.0,0.0,0.0,0.0,0.0,0.0,0.0,0.0,0.0,0.0,0.0,0.0,12.0,1.0,2.0,North Carolina,College Stats,JoneNa00,2017.0,-17.428571428571427
3.0,103.0,NOR,Trey Hendrickson,OLB,22.0,2025.0,1.0,4.0,5.0,58.0,10.0,117.0,0.0,0.0,0.0,0.0,0.0,0.0,0.0,0.0,0.0,0.0,0.0,162.0,,81.0,Florida Atlantic,College Stats,HendTr00,2017.0,41.38095238095238
3.0,104.0,SFO,C.J. Beathard,QB,23.0,2023.0,0.0,0.0,0.0,9.0,8.0,32.0,340.0,563.0,3886.0,19.0,14.0,64.0,266.0,4.0,0.0,0.0,0.0,,,,Iowa,College Stats,BeatC.00,2017.0,-5.5
3.0,105.0,PIT,James Conner,RB,22.0,2025.0,0.0,2.0,6.0,49.0,17.0,110.0,0.0,0.0,0.0,0.0,0.0,1393.0,6065.0,60.0,289.0,2255.0,12.0,2.0,,,Pittsburgh,College Stats,ConnJa00,2017.0,31.6
3.0,106.0,SEA,Amara Darboh,WR,23.0,2017.0,0.0,0.0,0.0,1.0,1.0,16.0,0.0,0.0,0.0,0.0,0.0,0.0,0.0,0.0,8.0,71.0,0.0,2.0,,,Michigan,College Stats,DarbAm00,2017.0,-14.142857142857142
3.0,107.0,TAM,Kendell Beckwith,ILB,22.0,2017.0,0.0,0.0,0.0,5.0,5.0,16.0,0.0,0.0,0.0,0.0,0.0,0.0,0.0,0.0,0.0,0.0,0.0,60.0,,1.0,LSU,College Stats,BeckKe00,2017.0,-4.238095238095237
4.0,108.0,GNB,Vince Biegel,LB,24.0,2021.0,0.0,0.0,1.0,5.0,1.0,43.0,0.0,0.0,0.0,0.0,0.0,0.0,0.0,0.0,0.0,0.0,0.0,42.0,1.0,2.5,Wisconsin,College Stats,BiegVi00,2017.0,-17.57894736842105
4.0,109.0,MIN,Jaleel Johnson,DT,23.0,2023.0,0.0,0.0,1.0,16.0,12.0,86.0,0.0,0.0,0.0,0.0,0.0,0.0,0.0,0.0,0.0,0.0,0.0,76.0,,7.5,Iowa,College Stats,JohnJa09,2017.0,-7.0476190476190474
4.0,110.0,JAX,Dede Westbrook,WR,23.0,2021.0,0.0,0.0,1.0,14.0,13.0,55.0,0.0,1.0,0.0,0.0,0.0,14.0,125.0,0.0,170.0,1788.0,9.0,1.0,,,Oklahoma,College Stats,WestDe00,2017.0,3.7619047619047628
4.0,111.0,SEA,Tedric Thompson,S,22.0,2021.0,0.0,0.0,2.0,9.0,8.0,38.0,0.0,0.0,0.0,0.0,0.0,0.0,0.0,0.0,0.0,0.0,0.0,63.0,3.0,,Colorado,College Stats,ThomTe00,2017.0,-1.9523809523809526
4.0,112.0,CHI,Eddie Jackson,S,23.0,2024.0,1.0,2.0,7.0,45.0,45.0,111.0,0.0,0.0,0.0,0.0,0.0,0.0,0.0,0.0,0.0,0.0,0.0,373.0,15.0,2.0,Alabama,College Stats,JackEd01,2017.0,26.157894736842106
4.0,113.0,LAC,Rayshawn Jenkins,S,23.0,2025.0,0.0,0.0,6.0,32.0,11.0,139.0,0.0,0.0,0.0,0.0,0.0,0.0,0.0,0.0,0.0,0.0,0.0,363.0,11.0,5.5,Miami (FL),College Stats,JenkRa00,2017.0,16.0
4.0,114.0,WAS,Samaje Perine,RB,21.0,2025.0,0.0,0.0,1.0,26.0,5.0,125.0,0.0,0.0,0.0,0.0,0.0,558.0,2304.0,12.0,196.0,1600.0,7.0,17.0,,,Oklahoma,College Stats,PeriSa00,2017.0,14.052631578947368
4.0,115.0,ARI,Dorian Johnson,G,22.0,,0.0,0.0,0.0,,,,,,,,,,,,,,,,,,Pittsburgh,College Stats,JohnDo03,2017.0,
4.0,116.0,CIN,Carl Lawson,OLB,22.0,2025.0,0.0,0.0,2.0,20.0,10.0,90.0,0.0,0.0,0.0,0.0,0.0,0.0,0.0,0.0,0.0,0.0,0.0,76.0,,32.0,Auburn,College Stats,LawsCa00,2017.0,8.047619047619047
4.0,117.0,LAR,Josh Reynolds,WR,22.0,2025.0,0.0,0.0,3.0,26.0,9.0,121.0,0.0,0.0,0.0,0.0,0.0,8.0,36.0,0.0,244.0,3228.0,20.0,7.0,,,Texas A&M,College Stats,ReynJo00,2017.0,11.0
4.0,118.0,PHI,Mack Hollins,WR,23.0,2025.0,0.0,0.0,2.0,21.0,3.0,127.0,1.0,1.0,4.0,0.0,0.0,5.0,44.0,0.0,208.0,2619.0,17.0,20.0,,,North Carolina,College Stats,HollMa00,2017.0,6.25
4.0,119.0,CHI,Tarik Cohen,RB,22.0,2020.0,1.0,1.0,2.0,21.0,21.0,51.0,2.0,3.0,22.0,2.0,0.0,264.0,1101.0,5.0,209.0,1575.0,9.0,1.0,,,North Carolina A&T,,CoheTa00,2017.0,5.333333333333334
4.0,120.0,MIN,Ben Gedeon,ILB,22.0,2019.0,0.0,0.0,1.0,15.0,15.0,39.0,0.0,0.0,0.0,0.0,0.0,0.0,0.0,0.0,0.0,0.0,0.0,60.0,,,Michigan,College Stats,GedeBe00,2017.0,-4.25
4.0,121.0,SFO,Joe Williams,RB,24.0,,0.0,0.0,0.0,,,,,,,,,,,,,,,,,,Utah,College Stats,WillJo12,2017.0,
4.0,122.0,BAL,Nico Siragusa,G,23.0,,0.0,0.0,0.0,,,,,,,,,,,,,,,,,,San Diego St.,College Stats,SiraNi00,2017.0,
4.0,123.0,WAS,Montae Nicholson,S,21.0,2019.0,0.0,0.0,1.0,10.0,10.0,35.0,0.0,0.0,0.0,0.0,0.0,0.0,0.0,0.0,0.0,0.0,0.0,92.0,3.0,,Michigan St.,College Stats,NichMo00,2017.0,-3.6999999999999993
4.0,124.0,DET,Jalen Reeves-Maybin,LB,22.0,2025.0,0.0,1.0,1.0,17.0,15.0,117.0,1.0,1.0,31.0,0.0,0.0,3.0,4.0,0.0,0.0,0.0,0.0,157.0,,1.5,Tennessee,College Stats,ReevJa00,2017.0,3.571428571428571
4.0,125.0,LAR,Samson Ebukam,OLB,22.0,2025.0,0.0,0.0,6.0,38.0,19.0,127.0,0.0,0.0,0.0,0.0,0.0,0.0,0.0,0.0,0.0,0.0,0.0,198.0,1.0,35.0,Eastern Washington,,EbukSa00,2017.0,23.421052631578945
4.0,126.0,CLE,Howard Wilson,CB,21.0,,0.0,0.0,0.0,,,,,,,,,,,,,,,,,,Houston,College Stats,WilsHo00,2017.0,
4.0,127.0,DET,Michael Roberts,TE,23.0,2018.0,0.0,0.0,0.0,1.0,1.0,23.0,0.0,0.0,0.0,0.0,0.0,0.0,0.0,0.0,13.0,146.0,3.0,,,,Toledo,College Stats,RobeMi01,2017.0,-7.85
4.0,128.0,CIN,Josh Malone,WR,21.0,2020.0,0.0,0.0,1.0,1.0,1.0,26.0,0.0,0.0,0.0,0.0,0.0,3.0,14.0,0.0,11.0,91.0,1.0,,,,Tennessee,College Stats,MaloJo00,2017.0,-17.6
4.0,129.0,OAK,David Sharpe,T,21.0,2025.0,0.0,0.0,0.0,4.0,3.0,46.0,0.0,0.0,0.0,0.0,0.0,0.0,0.0,0.0,0.0,0.0,0.0,,,,Florida,College Stats,SharDa02,2017.0,-5.85
4.0,130.0,HOU,Julién Davenport,T,22.0,2021.0,0.0,0.0,2.0,16.0,10.0,60.0,0.0,0.0,0.0,0.0,0.0,0.0,0.0,0.0,0.0,0.0,0.0,,,,Bucknell,,DaveJu00,2017.0,-0.7222222222222214
4.0,131.0,NWE,Deatrich Wise Jr.,DE,23.0,2025.0,0.0,0.0,3.0,39.0,38.0,128.0,0.0,0.0,0.0,0.0,0.0,0.0,0.0,0.0,0.0,0.0,0.0,179.0,,34.0,Arkansas,College Stats,WiseDe00,2017.0,25.210526315789473
4.0,132.0,PHI,Donnel Pumphrey,RB,22.0,,0.0,0.0,0.0,,,,,,,,,,,,,,,,,,San Diego St.,College Stats,PumpDo00,2017.0,
4.0,133.0,DAL,Ryan Switzer,WR,22.0,2019.0,0.0,0.0,0.0,3.0,1.0,41.0,0.0,0.0,0.0,0.0,0.0,10.0,26.0,0.0,50.0,321.0,1.0,,,,North Carolina,College Stats,SwitRy00,2017.0,-7.857142857142858
4.0,134.0,GNB,Jamaal Williams,RB,22.0,2024.0,0.0,0.0,3.0,33.0,19.0,117.0,0.0,0.0,0.0,0.0,0.0,1069.0,4122.0,32.0,187.0,1310.0,8.0,8.0,,,BYU,College Stats,WillJa06,2017.0,17.588235294117645
4.0,135.0,PIT,Joshua Dobbs,QB,22.0,2025.0,0.0,0.0,0.0,9.0,0.0,27.0,351.0,559.0,3346.0,17.0,15.0,110.0,515.0,8.0,0.0,0.0,0.0,,,,Tennessee,College Stats,DobbJo00,2017.0,-15.444444444444443
4.0,136.0,ATL,Sean Harlow,G,22.0,2023.0,0.0,0.0,0.0,5.0,0.0,41.0,0.0,0.0,0.0,0.0,0.0,0.0,0.0,0.0,0.0,0.0,0.0,,,,Oregon St.,College Stats,HarlSe00,2017.0,-3.8000000000000007
4.0,137.0,IND,Zach Banner,T,23.0,2021.0,0.0,0.0,0.0,2.0,,30.0,0.0,0.0,0.0,0.0,0.0,0.0,0.0,0.0,0.0,0.0,0.0,,,,USC,College Stats,BannZa00,2017.0,-18.94736842105263
4.0,138.0,CIN,Ryan Glasgow,DT,23.0,2020.0,0.0,0.0,0.0,3.0,3.0,26.0,0.0,0.0,0.0,0.0,0.0,0.0,0.0,0.0,0.0,0.0,0.0,21.0,,,Michigan,College Stats,GlasRy00,2017.0,-10.421052631578947
4.0,139.0,KAN,Jehu Chesson,WR,23.0,2018.0,0.0,0.0,0.0,0.0,0.0,24.0,0.0,0.0,0.0,0.0,0.0,1.0,-4.0,0.0,3.0,25.0,0.0,6.0,,,Michigan,College Stats,ChesJe00,2017.0,-7.857142857142857
4.0,140.0,NYG,Wayne Gallman,RB,22.0,2021.0,0.0,0.0,1.0,12.0,11.0,61.0,0.0,0.0,0.0,0.0,0.0,366.0,1548.0,9.0,81.0,519.0,2.0,5.0,,,Clemson,College Stats,GallWa00,2017.0,0.5238095238095237
4.0,141.0,NYJ,Chad Hansen,WR,22.0,2020.0,0.0,0.0,0.0,3.0,1.0,20.0,0.0,0.0,0.0,0.0,0.0,0.0,0.0,0.0,26.0,330.0,1.0,1.0,,,California,College Stats,HansCh00,2017.0,-5.666666666666666
4.0,142.0,HOU,Carlos Watkins,DT,23.0,2025.0,0.0,0.0,1.0,20.0,9.0,90.0,0.0,0.0,0.0,0.0,0.0,0.0,0.0,0.0,0.0,0.0,0.0,76.0,1.0,6.0,Clemson,College Stats,WatkCa00,2017.0,4.315789473684211
4.0,143.0,IND,Marlon Mack,RB,21.0,2022.0,0.0,0.0,2.0,20.0,19.0,55.0,0.0,0.0,0.0,0.0,0.0,583.0,2568.0,21.0,65.0,547.0,3.0,,,,South Florida,College Stats,MackMa00,2017.0,3.684210526315791
4.0,144.0,IND,Grover Stewart,DT,23.0,2025.0,0.0,0.0,6.0,42.0,42.0,141.0,0.0,0.0,0.0,0.0,0.0,0.0,0.0,0.0,0.0,0.0,0.0,216.0,1.0,13.0,Albany State (GA),,StewGr00,2017.0,30.95
5.0,145.0,DEN,Jake Butt,TE,22.0,2020.0,0.0,0.0,0.0,1.0,1.0,8.0,0.0,0.0,0.0,0.0,0.0,0.0,0.0,0.0,10.0,90.0,0.0,1.0,,,Michigan,College Stats,ButtJa00,2017.0,-9.5
5.0,146.0,SFO,George Kittle,TE,23.0,2025.0,2.0,7.0,7.0,60.0,60.0,124.0,0.0,0.0,0.0,0.0,0.0,13.0,68.0,0.0,595.0,8008.0,52.0,3.0,,,Iowa,College Stats,KittGe00,2017.0,34.55
5.0,147.0,CHI,Jordan Morgan,G,23.0,,0.0,0.0,0.0,,,,,,,,,,,,,,,,,,Kutztown (PA),,MorgJo02,2017.0,
5.0,148.0,JAX,Blair Brown,LB,23.0,2018.0,0.0,0.0,0.0,3.0,3.0,28.0,0.0,0.0,0.0,0.0,0.0,0.0,0.0,0.0,0.0,0.0,0.0,13.0,,0.5,Ohio,College Stats,BrowBl00,2017.0,-4.421052631578948
5.0,149.0,ATL,Damontae Kazee,CB,24.0,2025.0,0.0,0.0,4.0,22.0,12.0,111.0,0.0,0.0,0.0,0.0,0.0,0.0,0.0,0.0,0.0,0.0,0.0,251.0,17.0,,San Diego St.,College Stats,KazeDa00,2017.0,6.9
5.0,150.0,NYJ,Jordan Leggett,TE,22.0,2018.0,0.0,0.0,0.0,1.0,1.0,15.0,0.0,0.0,0.0,0.0,0.0,0.0,0.0,0.0,14.0,114.0,1.0,,,,Clemson,College Stats,LeggJo00,2017.0,-7.7368421052631575
5.0,151.0,LAC,Desmond King,S,22.0,2024.0,1.0,0.0,4.0,27.0,16.0,108.0,0.0,0.0,0.0,0.0,0.0,0.0,0.0,0.0,0.0,0.0,0.0,344.0,9.0,9.5,Iowa,College Stats,KingDe01,2017.0,13.944444444444445
5.0,152.0,CAR,Corn Elder,CB,22.0,2021.0,0.0,0.0,0.0,2.0,2.0,35.0,0.0,0.0,0.0,0.0,0.0,0.0,0.0,0.0,0.0,0.0,0.0,36.0,,,Miami (FL),College Stats,EldeCo00,2017.0,-7.125
5.0,153.0,CIN,Jake Elliott,K,22.0,2025.0,0.0,1.0,2.0,24.0,,147.0,0.0,1.0,0.0,0.0,1.0,0.0,0.0,0.0,0.0,0.0,0.0,3.0,,,Memphis,College Stats,ElliJa03,2017.0,10.61111111111111
5.0,154.0,WAS,Jeremy Sprinkle,TE,23.0,2021.0,0.0,0.0,2.0,2.0,2.0,76.0,0.0,0.0,0.0,0.0,0.0,0.0,0.0,0.0,37.0,332.0,3.0,8.0,,,Arkansas,College Stats,SpriJe00,2017.0,-16.263157894736842
5.0,155.0,TEN,Jayon Brown,LB,22.0,2022.0,0.0,0.0,3.0,26.0,23.0,74.0,0.0,0.0,0.0,0.0,0.0,0.0,0.0,0.0,0.0,0.0,0.0,280.0,4.0,9.5,UCLA,College Stats,BrowJa06,2017.0,16.88235294117647
5.0,156.0,ATL,Brian Hill,RB,21.0,2021.0,0.0,0.0,0.0,9.0,8.0,48.0,0.0,0.0,0.0,0.0,0.0,209.0,982.0,3.0,38.0,313.0,1.0,7.0,,,Wyoming,College Stats,HillBr02,2017.0,-0.11111111111111072
5.0,157.0,ARI,Will Holden,T,23.0,2021.0,0.0,0.0,0.0,5.0,3.0,27.0,0.0,0.0,0.0,0.0,0.0,0.0,0.0,0.0,0.0,0.0,0.0,,,,Vanderbilt,College Stats,HoldWi00,2017.0,-5.25
5.0,158.0,IND,Nate Hairston,CB,23.0,2022.0,0.0,0.0,1.0,9.0,5.0,61.0,0.0,0.0,0.0,0.0,0.0,0.0,0.0,0.0,0.0,0.0,0.0,83.0,2.0,2.0,Temple,College Stats,HairNa00,2017.0,2.5
5.0,159.0,BAL,Jermaine Eluemunor,G,22.0,2025.0,0.0,0.0,3.0,30.0,2.0,118.0,0.0,0.0,0.0,0.0,0.0,0.0,0.0,0.0,0.0,0.0,0.0,,,,Texas A&M,College Stats,ElueJe00,2017.0,17.0
5.0,160.0,CLE,Roderick Johnson,T,21.0,2020.0,0.0,0.0,0.0,5.0,,29.0,0.0,0.0,0.0,0.0,0.0,0.0,0.0,0.0,0.0,0.0,0.0,,,,Florida St.,College Stats,JohnRo06,2017.0,-5.722222222222221
5.0,161.0,IND,Anthony Walker,LB,22.0,2025.0,0.0,0.0,5.0,36.0,22.0,101.0,0.0,0.0,0.0,0.0,0.0,0.0,0.0,0.0,0.0,0.0,0.0,362.0,4.0,5.5,Northwestern,College Stats,WalkAn01,2017.0,23.833333333333336
5.0,162.0,TAM,Jeremy McNichols,RB,21.0,2025.0,0.0,0.0,0.0,9.0,,71.0,0.0,0.0,0.0,0.0,0.0,189.0,846.0,6.0,74.0,518.0,1.0,6.0,,,Boise St.,College Stats,McNiJe00,2017.0,2.8235294117647056
5.0,163.0,BUF,Matt Milano,LB,23.0,2025.0,1.0,1.0,4.0,57.0,57.0,106.0,0.0,0.0,0.0,0.0,0.0,0.0,0.0,0.0,0.0,0.0,0.0,374.0,10.0,14.0,Boston Col.,College Stats,MilaMa00,2017.0,43.666666666666664
5.0,164.0,MIA,Isaac Asiata,G,24.0,2018.0,0.0,0.0,0.0,0.0,0.0,2.0,0.0,0.0,0.0,0.0,0.0,0.0,0.0,0.0,0.0,0.0,0.0,,,,Utah,College Stats,AsiaIs00,2017.0,-12.05
5.0,165.0,DET,Jamal Agnew,CB,22.0,2025.0,1.0,1.0,0.0,19.0,13.0,93.0,0.0,1.0,0.0,0.0,0.0,33.0,263.0,1.0,77.0,746.0,5.0,29.0,,,San Diego,,AgneJa00,2017.0,5.65
5.0,166.0,PHI,Shelton Gibson,WR,23.0,2019.0,0.0,0.0,0.0,0.0,0.0,20.0,0.0,0.0,0.0,0.0,0.0,0.0,0.0,0.0,3.0,59.0,0.0,2.0,,,West Virginia,College Stats,GibsSh00,2017.0,-13.666666666666666
5.0,167.0,NYG,Avery Moss,DE,22.0,2019.0,0.0,0.0,1.0,4.0,2.0,22.0,0.0,0.0,0.0,0.0,0.0,0.0,0.0,0.0,0.0,0.0,0.0,22.0,,,Youngstown St.,,MossAv00,2017.0,-4.764705882352942
5.0,168.0,OAK,Marquel Lee,LB,21.0,2021.0,0.0,0.0,1.0,9.0,9.0,45.0,0.0,0.0,0.0,0.0,0.0,0.0,0.0,0.0,0.0,0.0,0.0,71.0,,,Wake Forest,College Stats,LeexMa01,2017.0,-3.0555555555555554
5.0,169.0,HOU,Treston Decoud,S,24.0,2018.0,0.0,0.0,0.0,1.0,1.0,11.0,0.0,0.0,0.0,0.0,0.0,0.0,0.0,0.0,0.0,0.0,0.0,6.0,,,Oregon St.,College Stats,DecoTr00,2017.0,-10.5
5.0,170.0,MIN,Rodney Adams,WR,22.0,2021.0,0.0,0.0,0.0,0.0,,1.0,0.0,0.0,0.0,0.0,0.0,0.0,0.0,0.0,0.0,0.0,0.0,,,,South Florida,College Stats,AdamRo01,2017.0,-7.0588235294117645
5.0,171.0,BUF,Nathan Peterman,QB,23.0,2023.0,0.0,0.0,0.0,3.0,2.0,15.0,85.0,160.0,712.0,4.0,13.0,24.0,87.0,1.0,0.0,0.0,0.0,,,,Pittsburgh,College Stats,PeteNa00,2017.0,-3.5882352941176467
5.0,172.0,DEN,Isaiah McKenzie,WR,22.0,2023.0,0.0,0.0,2.0,15.0,0.0,93.0,1.0,1.0,12.0,1.0,0.0,50.0,244.0,4.0,152.0,1427.0,11.0,4.0,,,Georgia,College Stats,McKeIs00,2017.0,7.4375
5.0,173.0,PIT,Brian Allen,DB,23.0,2021.0,0.0,0.0,0.0,1.0,1.0,20.0,0.0,0.0,0.0,0.0,0.0,0.0,0.0,0.0,0.0,0.0,0.0,4.0,,,Utah,College Stats,AlleBr01,2017.0,-10.857142857142858
5.0,174.0,ATL,Eric Saubert,TE,23.0,2025.0,0.0,0.0,0.0,2.0,0.0,112.0,0.0,0.0,0.0,0.0,0.0,0.0,0.0,0.0,51.0,420.0,3.0,17.0,,,Drake,,SaubEr00,2017.0,-10.235294117647058
5.0,175.0,GNB,DeAngelo Yancey,WR,22.0,,0.0,0.0,0.0,,,,,,,,,,,,,,,,,,Purdue,College Stats,YancDe00,2017.0,
5.0,176.0,CIN,JJ Dielman,C,23.0,,0.0,0.0,0.0,,,,,,,,,,,,,,,,,,Utah,College Stats,DielJJ00,2017.0,
5.0,177.0,SFO,Trent Taylor,WR,23.0,2024.0,0.0,0.0,0.0,7.0,6.0,80.0,0.0,0.0,0.0,0.0,0.0,5.0,13.0,0.0,88.0,845.0,3.0,,,,Louisiana Tech,College Stats,TaylTr02,2017.0,-3.526315789473685
5.0,178.0,MIA,Davon Godchaux,DT,22.0,2025.0,0.0,0.0,6.0,49.0,12.0,137.0,0.0,0.0,0.0,0.0,0.0,0.0,0.0,0.0,0.0,0.0,0.0,219.0,,5.5,LSU,College Stats,GodcDa00,2017.0,35.42857142857143
5.0,179.0,ARI,T.J. Logan,RB,23.0,2019.0,0.0,0.0,0.0,0.0,0.0,22.0,0.0,0.0,0.0,0.0,0.0,5.0,12.0,0.0,9.0,50.0,0.0,2.0,,,North Carolina,College Stats,LogaT.00,2017.0,-6.526315789473684
5.0,180.0,MIN,Danny Isidora,G,23.0,2021.0,0.0,0.0,0.0,4.0,3.0,31.0,0.0,0.0,0.0,0.0,0.0,0.0,0.0,0.0,0.0,0.0,0.0,,,,Miami (FL),College Stats,IsidDa00,2017.0,-5.611111111111111
5.0,181.0,NYJ,Dylan Donahue,DL,25.0,2017.0,0.0,0.0,0.0,0.0,0.0,4.0,0.0,0.0,0.0,0.0,0.0,0.0,0.0,0.0,0.0,0.0,0.0,4.0,,,West Georgia,,DonaDy00,2017.0,-9.368421052631579
5.0,182.0,GNB,Aaron Jones,RB,22.0,2025.0,0.0,1.0,7.0,67.0,55.0,126.0,0.0,0.0,0.0,0.0,0.0,1564.0,7626.0,52.0,351.0,2683.0,21.0,,,,Texas-El Paso,College Stats,JoneAa00,2017.0,56.72222222222222
5.0,183.0,KAN,Ukeme Eligwe,LB,23.0,2018.0,0.0,0.0,0.0,2.0,1.0,24.0,0.0,0.0,0.0,0.0,0.0,0.0,0.0,0.0,0.0,0.0,0.0,9.0,,1.0,Georgia Southern,College Stats,EligUk00,2017.0,-3.105263157894737
5.0,184.0,PHI,Nathan Gerry,S,22.0,2022.0,0.0,0.0,1.0,18.0,18.0,50.0,0.0,0.0,0.0,0.0,0.0,0.0,0.0,0.0,0.0,0.0,0.0,101.0,3.0,3.5,Nebraska,College Stats,GerrNa00,2017.0,12.68421052631579
6.0,185.0,CLE,Caleb Brantley,DT,23.0,2019.0,0.0,0.0,0.0,2.0,2.0,20.0,0.0,0.0,0.0,0.0,0.0,0.0,0.0,0.0,0.0,0.0,0.0,13.0,,2.0,Florida,College Stats,BranCa00,2017.0,-1.9411764705882355
6.0,186.0,BAL,Chuck Clark,DB,22.0,2025.0,0.0,0.0,5.0,31.0,27.0,123.0,0.0,0.0,0.0,0.0,0.0,0.0,0.0,0.0,0.0,0.0,0.0,309.0,5.0,4.5,Virginia Tech,College Stats,ClarCh00,2017.0,20.61111111111111
6.0,187.0,SEA,Michael Tyson,S,24.0,2018.0,0.0,0.0,0.0,1.0,,10.0,0.0,0.0,0.0,0.0,0.0,0.0,0.0,0.0,0.0,0.0,0.0,3.0,,,Cincinnati,College Stats,TysoMi00,2017.0,-11.15
6.0,188.0,NYJ,Elijah McGuire,RB,23.0,2018.0,0.0,0.0,0.0,6.0,6.0,24.0,0.0,0.0,0.0,0.0,0.0,180.0,591.0,4.0,36.0,370.0,2.0,,,,Louisiana,College Stats,McGuEl00,2017.0,-5.764705882352942
6.0,189.0,LAR,Tanzel Smart,DT,22.0,2023.0,0.0,0.0,0.0,4.0,4.0,41.0,0.0,0.0,0.0,0.0,0.0,0.0,0.0,0.0,0.0,0.0,0.0,16.0,,,Tulane,College Stats,SmarTa00,2017.0,-4.4
6.0,190.0,LAC,Sam Tevi,T,22.0,2020.0,0.0,0.0,3.0,23.0,23.0,58.0,0.0,0.0,0.0,0.0,0.0,0.0,0.0,0.0,0.0,0.0,0.0,,,,Utah,College Stats,TeviSa00,2017.0,13.38888888888889
6.0,191.0,DAL,Xavier Woods,S,22.0,2025.0,0.0,0.0,7.0,38.0,16.0,134.0,0.0,0.0,0.0,0.0,0.0,0.0,0.0,0.0,0.0,0.0,0.0,431.0,15.0,2.0,Louisiana Tech,College Stats,WoodXa00,2017.0,22.578947368421055
6.0,192.0,CAR,Alex Armah,FB,23.0,2023.0,0.0,0.0,0.0,0.0,0.0,78.0,0.0,0.0,0.0,0.0,0.0,26.0,56.0,3.0,12.0,43.0,1.0,5.0,,,West Georgia,,ArmaAl00,2017.0,-7.2
6.0,193.0,CIN,Jordan Evans,LB,22.0,2021.0,0.0,0.0,0.0,9.0,9.0,65.0,0.0,0.0,0.0,0.0,0.0,0.0,0.0,0.0,0.0,0.0,0.0,81.0,2.0,3.5,Oklahoma,College Stats,EvanJo01,2017.0,-2.526315789473685
6.0,194.0,MIA,Vincent Taylor,DT,23.0,2021.0,0.0,0.0,0.0,5.0,2.0,40.0,0.0,0.0,0.0,0.0,0.0,0.0,0.0,0.0,0.0,0.0,0.0,42.0,,2.0,Oklahoma St.,College Stats,TaylVi00,2017.0,-1.5555555555555554
6.0,195.0,BUF,Tanner Vallejo,LB,22.0,2022.0,0.0,0.0,0.0,7.0,1.0,82.0,0.0,0.0,0.0,0.0,0.0,0.0,0.0,0.0,0.0,0.0,0.0,75.0,,2.5,Boise St.,College Stats,VallTa00,2017.0,-6.764705882352942
6.0,196.0,NOR,Al-Quadin Muhammad,DE,22.0,2025.0,0.0,0.0,1.0,20.0,0.0,110.0,0.0,0.0,0.0,0.0,0.0,0.0,0.0,0.0,0.0,0.0,0.0,126.0,,26.0,Miami (FL),College Stats,MuhaAl00,2017.0,15.5
6.0,197.0,NYJ,Jeremy Clark,CB,23.0,2018.0,0.0,0.0,0.0,0.0,0.0,2.0,0.0,0.0,0.0,0.0,0.0,0.0,0.0,0.0,0.0,0.0,0.0,,,,Michigan,College Stats,ClarJe04,2017.0,-6.3125
6.0,198.0,SFO,D.J. Jones,DT,22.0,2025.0,0.0,0.0,6.0,45.0,20.0,125.0,0.0,0.0,0.0,0.0,0.0,0.0,0.0,0.0,0.0,0.0,0.0,186.0,,15.0,Mississippi,College Stats,JoneD.01,2017.0,36.22222222222222
6.0,199.0,WAS,Chase Roullier,C,24.0,2022.0,0.0,0.0,4.0,24.0,24.0,69.0,0.0,0.0,0.0,0.0,0.0,0.0,0.0,0.0,0.0,0.0,0.0,,,,Wyoming,College Stats,RoulCh00,2017.0,2.875
6.0,200.0,NYG,Adam Bisnowaty,T,23.0,2017.0,0.0,0.0,0.0,0.0,0.0,1.0,0.0,0.0,0.0,0.0,0.0,0.0,0.0,0.0,0.0,0.0,0.0,,,,Pittsburgh,College Stats,BisnAd00,2017.0,-15.066666666666666
6.0,201.0,MIN,Bucky Hodges,TE,22.0,,0.0,0.0,0.0,,,,,,,,,,,,,,,,,,Virginia Tech,College Stats,HodgBu00,2017.0,
6.0,202.0,SFO,Pita Taumoepenu,OLB,23.0,2021.0,0.0,0.0,0.0,0.0,0.0,11.0,0.0,0.0,0.0,0.0,0.0,0.0,0.0,0.0,0.0,0.0,0.0,5.0,,,Utah,College Stats,TaumPi00,2017.0,-5.111111111111111
6.0,203.0,DEN,De'Angelo Henderson,RB,24.0,2018.0,0.0,0.0,0.0,0.0,0.0,8.0,0.0,0.0,0.0,0.0,0.0,9.0,32.0,0.0,2.0,36.0,1.0,2.0,,,Coastal Carolina,,HendDe01,2017.0,-11.923076923076923
6.0,204.0,NYJ,Derrick Jones,CB,22.0,2018.0,0.0,0.0,0.0,0.0,0.0,4.0,0.0,0.0,0.0,0.0,0.0,0.0,0.0,0.0,0.0,0.0,0.0,3.0,,,Mississippi,College Stats,JoneDe02,2017.0,-9.647058823529411
6.0,205.0,DET,Jeremiah Ledbetter,DE,23.0,2024.0,0.0,0.0,0.0,5.0,1.0,53.0,0.0,0.0,0.0,0.0,0.0,0.0,0.0,0.0,0.0,0.0,0.0,36.0,,3.5,Arkansas,College Stats,LedbJe00,2017.0,-5.529411764705882
6.0,206.0,LAR,Sam Rogers,FB,22.0,,0.0,0.0,0.0,,,,,,,,,,,,,,,,,,Virginia Tech,College Stats,RogeSa00,2017.0,
6.0,207.0,CIN,Brandon Wilson,RB,23.0,2021.0,0.0,0.0,0.0,6.0,6.0,60.0,0.0,0.0,0.0,0.0,0.0,0.0,0.0,0.0,0.0,0.0,0.0,36.0,,,Houston,College Stats,WilsBr01,2017.0,-7.882352941176471
6.0,208.0,ARI,Rudy Ford,S,22.0,2023.0,0.0,0.0,1.0,11.0,2.0,86.0,0.0,0.0,0.0,0.0,0.0,0.0,0.0,0.0,0.0,0.0,0.0,145.0,6.0,0.5,Auburn,College Stats,FordRu00,2017.0,5.333333333333333
6.0,209.0,WAS,Robert Davis,WR,22.0,2019.0,0.0,0.0,0.0,0.0,0.0,7.0,0.0,0.0,0.0,0.0,0.0,0.0,0.0,0.0,2.0,17.0,0.0,1.0,,,Georgia St.,College Stats,DaviRo00,2017.0,-7.428571428571429
6.0,210.0,SEA,Justin Senior,T,23.0,,0.0,0.0,0.0,,,,,,,,,,,,,,,,,,Mississippi St.,College Stats,SeniJu00,2017.0,
6.0,211.0,NWE,Conor McDermott,T,24.0,2023.0,0.0,0.0,0.0,7.0,5.0,55.0,0.0,0.0,0.0,0.0,0.0,0.0,0.0,0.0,1.0,1.0,1.0,,,,UCLA,College Stats,McDeCo00,2017.0,1.5999999999999996
6.0,212.0,GNB,Kofi Amichia,C,23.0,,0.0,0.0,0.0,,,,,,,,,,,,,,,,,,South Florida,College Stats,AmicKo00,2017.0,
6.0,213.0,PIT,Colin Holba,LS,23.0,2020.0,0.0,0.0,0.0,0.0,,19.0,0.0,0.0,0.0,0.0,0.0,0.0,0.0,0.0,0.0,0.0,0.0,,,,Louisville,College Stats,HolbCo00,2017.0,-8.0
6.0,214.0,PHI,Elijah Qualls,DT,22.0,2017.0,0.0,0.0,0.0,1.0,1.0,6.0,0.0,0.0,0.0,0.0,0.0,0.0,0.0,0.0,0.0,0.0,0.0,3.0,,,Washington,College Stats,QualEl00,2017.0,-6.0
6.0,215.0,DET,Brad Kaaya,QB,22.0,,0.0,0.0,0.0,,,,,,,,,,,,,,,,,,Miami (FL),College Stats,KaayBr00,2017.0,
6.0,216.0,DAL,Marquez White,CB,22.0,,0.0,0.0,0.0,,,,,,,,,,,,,,,,,,Florida St.,College Stats,WhitMa03,2017.0,
6.0,217.0,TEN,Corey Levin,OL,23.0,2025.0,0.0,0.0,0.0,7.0,7.0,88.0,0.0,0.0,0.0,0.0,0.0,0.0,0.0,0.0,0.0,0.0,0.0,1.0,,,Chattanooga,,LeviCo00,2017.0,-0.23529411764705888
6.0,218.0,KAN,Leon McQuay,S,22.0,2017.0,0.0,0.0,0.0,0.0,0.0,1.0,0.0,0.0,0.0,0.0,0.0,0.0,0.0,0.0,0.0,0.0,0.0,3.0,,,USC,College Stats,McQuLe01,2017.0,-9.866666666666667
7.0,219.0,MIN,Stacy Coley,WR,23.0,2018.0,0.0,0.0,0.0,0.0,0.0,7.0,0.0,0.0,0.0,0.0,0.0,0.0,0.0,0.0,0.0,0.0,0.0,,,,Miami (FL),College Stats,ColeSt00,2017.0,-7.375
7.0,220.0,MIN,Ifeadi Odenigbo,DL,23.0,2022.0,0.0,0.0,1.0,11.0,9.0,55.0,0.0,0.0,0.0,0.0,0.0,0.0,0.0,0.0,0.0,0.0,0.0,50.0,,14.0,Northwestern,College Stats,OdenIf00,2017.0,3.4117647058823533
7.0,221.0,OAK,Shalom Luani,S,23.0,2019.0,0.0,0.0,0.0,2.0,1.0,31.0,0.0,0.0,0.0,0.0,0.0,0.0,0.0,0.0,0.0,0.0,0.0,21.0,,,Washington St.,College Stats,LuanSh00,2017.0,-5.714285714285714
7.0,222.0,JAX,Jalen Myrick,CB,22.0,2017.0,0.0,0.0,0.0,0.0,0.0,5.0,0.0,0.0,0.0,0.0,0.0,0.0,0.0,0.0,0.0,0.0,0.0,,,,Minnesota,College Stats,MyriJa00,2017.0,-6.5
7.0,223.0,TAM,Stevie Tu'ikolovatu,NT,26.0,,0.0,0.0,0.0,,,,,,,,,,,,,,,,,,USC,College Stats,TuikSt00,2017.0,
7.0,224.0,CLE,Zane Gonzalez,K,22.0,2025.0,0.0,0.0,0.0,14.0,1.0,78.0,0.0,0.0,0.0,0.0,0.0,0.0,0.0,0.0,0.0,0.0,0.0,1.0,,,Arizona St.,College Stats,GonzZa00,2017.0,-2.0
7.0,225.0,LAC,Isaac Rochell,DT,22.0,2023.0,0.0,0.0,0.0,10.0,8.0,78.0,0.0,0.0,0.0,0.0,0.0,0.0,0.0,0.0,0.0,0.0,0.0,70.0,1.0,9.5,Notre Dame,College Stats,RochIs00,2017.0,3.9411764705882355
7.0,226.0,SEA,David Moore,WR,22.0,2025.0,0.0,0.0,2.0,15.0,12.0,78.0,0.0,0.0,0.0,0.0,0.0,14.0,103.0,0.0,116.0,1613.0,17.0,4.0,,,East Central (OK),,MoorDa03,2017.0,7.823529411764706
7.0,227.0,TEN,Josh Carraway,OLB,23.0,2017.0,0.0,0.0,0.0,0.0,0.0,1.0,0.0,0.0,0.0,0.0,0.0,0.0,0.0,0.0,0.0,0.0,0.0,,,,TCU,College Stats,CarrJo00,2017.0,-5.1875
7.0,228.0,DAL,Joey Ivie,DT,22.0,2019.0,0.0,0.0,0.0,0.0,,8.0,0.0,0.0,0.0,0.0,0.0,0.0,0.0,0.0,0.0,0.0,0.0,,,,Florida,College Stats,IvieJo00,2017.0,-5.333333333333333
7.0,229.0,SFO,Adrian Colbert,DB,23.0,2024.0,0.0,0.0,1.0,8.0,5.0,46.0,0.0,0.0,0.0,0.0,0.0,0.0,0.0,0.0,0.0,0.0,0.0,85.0,,,Miami (FL),College Stats,ColbAd00,2017.0,1.9444444444444446
7.0,230.0,WAS,Josh Harvey-Clemons,S,23.0,2019.0,0.0,0.0,0.0,4.0,4.0,35.0,0.0,0.0,0.0,0.0,0.0,0.0,0.0,0.0,0.0,0.0,0.0,29.0,,1.5,Louisville,College Stats,HarvJo01,2017.0,-5.111111111111111
7.0,231.0,OAK,Jylan Ware,T,23.0,2017.0,0.0,0.0,0.0,0.0,0.0,1.0,0.0,0.0,0.0,0.0,0.0,0.0,0.0,0.0,0.0,0.0,0.0,,,,Alabama St.,,WareJy00,2017.0,-3.125
7.0,232.0,MIN,Elijah Lee,LB,21.0,2022.0,0.0,0.0,0.0,8.0,,74.0,0.0,0.0,0.0,0.0,0.0,0.0,0.0,0.0,0.0,0.0,0.0,82.0,,1.0,Kansas St.,College Stats,LeexEl00,2017.0,1.1875
7.0,233.0,CAR,Harrison Butker,K,22.0,2025.0,0.0,0.0,2.0,27.0,,137.0,0.0,0.0,0.0,0.0,0.0,0.0,0.0,0.0,0.0,0.0,0.0,3.0,,,Georgia Tech,College Stats,ButkHa00,2017.0,10.0
7.0,234.0,LAR,Ejuan Price,DE,24.0,2017.0,0.0,0.0,0.0,0.0,0.0,1.0,0.0,0.0,0.0,0.0,0.0,0.0,0.0,0.0,0.0,0.0,0.0,,,,Pittsburgh,College Stats,PricEj00,2017.0,-5.777777777777778
7.0,235.0,WAS,Joshua Holsey,DB,23.0,2018.0,0.0,0.0,0.0,1.0,1.0,13.0,0.0,0.0,0.0,0.0,0.0,0.0,0.0,0.0,0.0,0.0,0.0,4.0,,,Auburn,College Stats,HolsJo01,2017.0,-8.875
7.0,236.0,TEN,Brad Seaton,T,23.0,,0.0,0.0,0.0,,,,,,,,,,,,,,,,,,Villanova,,SeatBr00,2017.0,
7.0,237.0,MIA,Isaiah Ford,WR,21.0,2021.0,0.0,0.0,0.0,5.0,5.0,32.0,0.0,0.0,0.0,0.0,0.0,1.0,11.0,0.0,63.0,681.0,2.0,1.0,,,Virginia Tech,College Stats,FordIs00,2017.0,2.3157894736842106
7.0,238.0,GNB,Devante Mays,RB,23.0,2017.0,0.0,0.0,0.0,0.0,0.0,8.0,0.0,0.0,0.0,0.0,0.0,4.0,1.0,0.0,3.0,0.0,0.0,,,,Utah St.,College Stats,MaysDe00,2017.0,-8.153846153846153
7.0,239.0,DAL,Noah Brown,WR,21.0,2025.0,0.0,0.0,2.0,19.0,9.0,91.0,0.0,0.0,0.0,0.0,0.0,2.0,3.0,0.0,155.0,2083.0,6.0,9.0,,,Ohio St.,College Stats,BrowNo00,2017.0,8.411764705882353
7.0,240.0,JAX,Marquez Williams,FB,23.0,2017.0,0.0,0.0,0.0,0.0,,1.0,0.0,0.0,0.0,0.0,0.0,0.0,0.0,0.0,0.0,0.0,0.0,,,,Miami (FL),College Stats,WillMa09,2017.0,-6.333333333333333
7.0,241.0,TEN,Khalfani Muhammad,RB,22.0,,0.0,0.0,0.0,,,,,,,,,,,,,,,,,,California,College Stats,MuhaKh00,2017.0,
7.0,242.0,OAK,Elijah Hood,RB,21.0,2017.0,0.0,0.0,0.0,0.0,0.0,1.0,0.0,0.0,0.0,0.0,0.0,0.0,0.0,0.0,0.0,0.0,0.0,,,,North Carolina,College Stats,HoodEl00,2017.0,-9.38888888888889
7.0,243.0,HOU,Kyle Fuller,C,23.0,2022.0,0.0,0.0,0.0,7.0,1.0,51.0,0.0,0.0,0.0,0.0,0.0,0.0,0.0,0.0,0.0,0.0,0.0,,,,Baylor,College Stats,FullKy01,2017.0,1.2000000000000002
7.0,244.0,OAK,Treyvon Hester,DT,24.0,2019.0,0.0,0.0,0.0,3.0,1.0,41.0,0.0,0.0,0.0,0.0,0.0,0.0,0.0,0.0,0.0,0.0,0.0,19.0,,2.0,Toledo,College Stats,HestTr00,2017.0,-10.3125
7.0,245.0,MIN,Jack Tocho,CB,21.0,,0.0,0.0,0.0,,,,,,,,,,,,,,,,,,North Carolina St.,College Stats,TochJa00,2017.0,
7.0,246.0,DAL,Jordan Carrell,DT,23.0,,0.0,0.0,0.0,,,,,,,,,,,,,,,,,,Colorado,College Stats,CarrJo01,2017.0,
7.0,247.0,GNB,Malachi Dupre,WR,21.0,2018.0,0.0,0.0,0.0,0.0,,1.0,0.0,0.0,0.0,0.0,0.0,0.0,0.0,0.0,0.0,0.0,0.0,,,,LSU,College Stats,DuprMa01,2017.0,-3.7142857142857144
7.0,248.0,PIT,Keion Adams,OLB,22.0,,0.0,0.0,0.0,,,,,,,,,,,,,,,,,,Western Michigan,College Stats,AdamKe02,2017.0,
7.0,249.0,SEA,Chris Carson,RB,22.0,2021.0,0.0,0.0,3.0,29.0,29.0,49.0,0.0,0.0,0.0,0.0,0.0,769.0,3502.0,24.0,107.0,804.0,7.0,,,,Oklahoma St.,College Stats,CarsCh00,2017.0,21.294117647058822
7.0,250.0,DET,Pat O'Connor,DE,23.0,2025.0,0.0,0.0,0.0,6.0,1.0,88.0,0.0,0.0,0.0,0.0,0.0,0.0,0.0,0.0,0.0,0.0,0.0,24.0,,2.5,Eastern Michigan,College Stats,OConPa00,2017.0,-9.071428571428571
7.0,251.0,CIN,Mason Schreck,TE,23.0,2022.0,0.0,0.0,0.0,0.0,0.0,26.0,0.0,0.0,0.0,0.0,0.0,0.0,0.0,0.0,2.0,6.0,0.0,1.0,,,Buffalo,College Stats,SchrMa00,2017.0,-9.5
7.0,252.0,CLE,Matthew Dayes,RB,23.0,2018.0,0.0,0.0,0.0,0.0,0.0,23.0,0.0,0.0,0.0,0.0,0.0,5.0,13.0,0.0,4.0,29.0,0.0,9.0,,,North Carolina St.,College Stats,DayeMa00,2017.0,-9.666666666666666
7.0,253.0,DEN,Chad Kelly,QB,23.0,2018.0,0.0,0.0,0.0,0.0,0.0,1.0,0.0,0.0,0.0,0.0,0.0,1.0,-1.0,0.0,0.0,0.0,0.0,,,,Mississippi,College Stats,KellCh00,2017.0,-6.769230769230769
1.0,1.0,CLE,Baker Mayfield,QB,23.0,2025.0,0.0,2.0,6.0,80.0,35.0,123.0,2500.0,3938.0,28525.0,197.0,101.0,366.0,1583.0,11.0,1.0,17.0,0.0,1.0,,,Oklahoma,College Stats,MayfBa00,2018.0,3.5714285714285694
1.0,2.0,NYG,Saquon Barkley,RB,21.0,2025.0,1.0,3.0,6.0,65.0,40.0,106.0,0.0,0.0,0.0,0.0,0.0,1826.0,8356.0,55.0,358.0,2651.0,16.0,,,,Penn St.,College Stats,BarkSa00,2018.0,11.523809523809526
1.0,3.0,NYJ,Sam Darnold,QB,21.0,2025.0,0.0,2.0,5.0,49.0,14.0,100.0,1766.0,2833.0,20431.0,123.0,82.0,311.0,1067.0,14.0,0.0,0.0,0.0,,,,USC,College Stats,DarnSa00,2018.0,-3.2857142857142847
1.0,4.0,CLE,Denzel Ward,CB,21.0,2025.0,0.0,5.0,7.0,49.0,49.0,110.0,0.0,0.0,0.0,0.0,0.0,0.0,0.0,0.0,0.0,0.0,0.0,293.0,18.0,0.5,Ohio St.,College Stats,WardDe02,2018.0,-4.904761904761905
1.0,5.0,DEN,Bradley Chubb,DE,22.0,2025.0,0.0,2.0,3.0,41.0,25.0,90.0,0.0,0.0,0.0,0.0,0.0,0.0,0.0,0.0,0.0,0.0,0.0,181.0,1.0,48.0,North Carolina St.,College Stats,ChubBr00,2018.0,-14.476190476190474
1.0,6.0,IND,Quenton Nelson,G,22.0,2025.0,3.0,8.0,7.0,79.0,79.0,129.0,0.0,0.0,0.0,0.0,0.0,1.0,0.0,0.0,0.0,0.0,0.0,1.0,,,Notre Dame,College Stats,NelsQu00,2018.0,28.19047619047619
1.0,7.0,BUF,Josh Allen,QB,22.0,2025.0,0.0,4.0,7.0,111.0,111.0,128.0,2615.0,4088.0,30102.0,220.0,94.0,871.0,4721.0,79.0,1.0,19.0,2.0,4.0,,,Wyoming,College Stats,AlleJo02,2018.0,62.95238095238095
1.0,8.0,CHI,Roquan Smith,ILB,21.0,2025.0,3.0,4.0,7.0,84.0,37.0,125.0,0.0,0.0,0.0,0.0,0.0,0.0,0.0,0.0,0.0,0.0,0.0,692.0,10.0,21.5,Georgia,College Stats,SmitRo07,2018.0,40.61904761904762
1.0,9.0,SFO,Mike McGlinchey,T,24.0,2025.0,0.0,0.0,6.0,46.0,31.0,115.0,0.0,0.0,0.0,0.0,0.0,0.0,0.0,0.0,0.0,0.0,0.0,,,,Notre Dame,College Stats,McGlMi00,2018.0,-2.238095238095241
1.0,10.0,ARI,Josh Rosen,QB,21.0,2021.0,0.0,0.0,1.0,3.0,2.0,24.0,277.0,513.0,2864.0,12.0,21.0,26.0,151.0,0.0,0.0,0.0,0.0,,,,UCLA,College Stats,RoseJo01,2018.0,-36.38095238095238
1.0,11.0,MIA,Minkah Fitzpatrick,S,21.0,2025.0,3.0,5.0,6.0,61.0,7.0,120.0,0.0,0.0,0.0,0.0,0.0,0.0,0.0,0.0,0.0,0.0,0.0,459.0,21.0,1.0,Alabama,College Stats,FitzMi00,2018.0,8.047619047619051
1.0,12.0,TAM,Vita Vea,DT,23.0,2025.0,0.0,2.0,5.0,51.0,51.0,112.0,0.0,0.0,0.0,0.0,0.0,0.0,0.0,0.0,1.0,1.0,1.0,154.0,,35.0,Washington,College Stats,VeaxVi00,2018.0,5.61904761904762
1.0,13.0,WAS,Daron Payne,DT,21.0,2025.0,0.0,1.0,7.0,53.0,53.0,130.0,0.0,0.0,0.0,0.0,0.0,0.0,0.0,0.0,0.0,0.0,0.0,235.0,1.0,37.0,Alabama,College Stats,PaynDa00,2018.0,-0.1428571428571459
1.0,14.0,NOR,Marcus Davenport,DE,22.0,2025.0,0.0,0.0,2.0,22.0,18.0,77.0,0.0,0.0,0.0,0.0,0.0,0.0,0.0,0.0,0.0,0.0,0.0,88.0,,25.0,Texas-San Antonio,College Stats,DaveMa00,2018.0,-23.19047619047619
1.0,15.0,OAK,Kolton Miller,T,23.0,2025.0,0.0,0.0,7.0,42.0,42.0,113.0,0.0,0.0,0.0,0.0,0.0,0.0,0.0,0.0,0.0,0.0,0.0,,,,UCLA,College Stats,MillKo00,2018.0,4.238095238095241
1.0,16.0,BUF,Tremaine Edmunds,ILB,20.0,2025.0,0.0,2.0,7.0,62.0,44.0,119.0,0.0,0.0,0.0,0.0,0.0,0.0,0.0,0.0,0.0,0.0,0.0,549.0,14.0,8.5,Virginia Tech,College Stats,EdmuTr01,2018.0,19.666666666666664
1.0,17.0,LAC,Derwin James,S,22.0,2025.0,1.0,5.0,5.0,46.0,46.0,98.0,0.0,0.0,0.0,0.0,0.0,0.0,0.0,0.0,0.0,0.0,0.0,433.0,12.0,19.0,Florida St.,College Stats,JameDe00,2018.0,0.6190476190476204
1.0,18.0,GNB,Jaire Alexander,CB,21.0,2025.0,0.0,2.0,5.0,34.0,34.0,80.0,0.0,0.0,0.0,0.0,0.0,0.0,0.0,0.0,0.0,0.0,0.0,245.0,12.0,1.5,Louisville,College Stats,AlexJa00,2018.0,-9.523809523809526
1.0,19.0,DAL,Leighton Vander Esch,OLB,21.0,2023.0,0.0,1.0,5.0,35.0,35.0,71.0,0.0,0.0,0.0,0.0,0.0,0.0,0.0,0.0,0.0,0.0,0.0,296.0,3.0,3.5,Boise St.,College Stats,VandLe00,2018.0,-1.1904761904761898
1.0,20.0,DET,Frank Ragnow,C,22.0,2024.0,0.0,4.0,6.0,51.0,51.0,96.0,0.0,0.0,0.0,0.0,0.0,0.0,0.0,0.0,0.0,0.0,0.0,1.0,,,Arkansas,College Stats,RagnFr00,2018.0,13.38095238095238
1.0,21.0,CIN,Billy Price,C,23.0,2022.0,0.0,0.0,3.0,18.0,9.0,69.0,0.0,0.0,0.0,0.0,0.0,0.0,0.0,0.0,0.0,0.0,0.0,2.0,,,Ohio St.,College Stats,PricBi01,2018.0,-17.333333333333336
1.0,22.0,TEN,Rashaan Evans,ILB,22.0,2024.0,0.0,0.0,4.0,32.0,25.0,87.0,0.0,0.0,0.0,0.0,0.0,0.0,0.0,0.0,0.0,0.0,0.0,286.0,2.0,5.0,Alabama,College Stats,EvanRa01,2018.0,1.1428571428571423
1.0,23.0,NWE,Isaiah Wynn,T,22.0,2024.0,0.0,0.0,3.0,23.0,19.0,56.0,0.0,0.0,0.0,0.0,0.0,0.0,0.0,0.0,0.0,0.0,0.0,2.0,,,Georgia,College Stats,WynnIs00,2018.0,-8.0
1.0,24.0,CAR,D.J. Moore,WR,21.0,2025.0,0.0,0.0,7.0,61.0,36.0,131.0,1.0,3.0,2.0,1.0,0.0,72.0,510.0,2.0,608.0,8213.0,41.0,4.0,,,Maryland,College Stats,MoorD.00,2018.0,9.095238095238095
1.0,25.0,BAL,Hayden Hurst,TE,25.0,2024.0,0.0,0.0,1.0,17.0,6.0,88.0,0.0,0.0,0.0,0.0,0.0,1.0,0.0,0.0,203.0,1975.0,15.0,2.0,,,South Carolina,College Stats,HursHa00,2018.0,-18.285714285714285
1.0,26.0,ATL,Calvin Ridley,WR,23.0,2025.0,0.0,0.0,4.0,41.0,24.0,90.0,0.0,0.0,0.0,0.0,0.0,30.0,140.0,1.0,405.0,5678.0,40.0,1.0,,,Alabama,College Stats,RidlCa00,2018.0,12.523809523809526
1.0,27.0,SEA,Rashaad Penny,RB,22.0,2023.0,0.0,0.0,0.0,13.0,13.0,45.0,0.0,0.0,0.0,0.0,0.0,348.0,1951.0,13.0,28.0,227.0,1.0,,,,San Diego St.,College Stats,PennRa00,2018.0,-29.285714285714285
1.0,28.0,PIT,Terrell Edmunds,S,21.0,2025.0,0.0,0.0,5.0,27.0,25.0,102.0,0.0,0.0,0.0,0.0,0.0,0.0,0.0,0.0,0.0,0.0,0.0,315.0,6.0,7.5,Virginia Tech,College Stats,EdmuTe00,2018.0,-4.428571428571427
1.0,29.0,JAX,Taven Bryan,DT,22.0,2025.0,0.0,0.0,4.0,22.0,10.0,118.0,0.0,0.0,0.0,0.0,0.0,0.0,0.0,0.0,0.0,0.0,0.0,85.0,,12.0,Florida,College Stats,BryaTa00,2018.0,-7.857142857142858
1.0,30.0,MIN,Mike Hughes,CB,21.0,2025.0,0.0,0.0,1.0,17.0,4.0,99.0,0.0,0.0,0.0,0.0,0.0,0.0,0.0,0.0,0.0,0.0,0.0,247.0,4.0,,Central Florida,College Stats,HughMi00,2018.0,-18.19047619047619
1.0,31.0,NWE,Sony Michel,RB,23.0,2022.0,0.0,0.0,2.0,21.0,15.0,65.0,0.0,0.0,0.0,0.0,0.0,779.0,3243.0,18.0,56.0,439.0,2.0,1.0,,,Georgia,College Stats,MichSo00,2018.0,-13.523809523809526
1.0,32.0,BAL,Lamar Jackson,QB,21.0,2025.0,3.0,4.0,6.0,110.0,110.0,116.0,1870.0,2888.0,22608.0,187.0,56.0,1081.0,6522.0,35.0,0.0,0.0,0.0,1.0,,,Louisville,College Stats,JackLa00,2018.0,68.0952380952381
2.0,33.0,CLE,Austin Corbett,C,23.0,2025.0,0.0,0.0,4.0,29.0,1.0,94.0,0.0,0.0,0.0,0.0,0.0,0.0,0.0,0.0,0.0,0.0,0.0,3.0,,,Nevada,College Stats,CorbAu00,2018.0,-5.238095238095241
2.0,34.0,NYG,Will Hernandez,G,23.0,2025.0,0.0,0.0,5.0,38.0,22.0,104.0,0.0,0.0,0.0,0.0,0.0,0.0,0.0,0.0,0.0,0.0,0.0,,,,Texas-El Paso,College Stats,HernWi00,2018.0,0.4761904761904745
2.0,35.0,CLE,Nick Chubb,RB,22.0,2025.0,0.0,4.0,5.0,49.0,47.0,100.0,0.0,0.0,0.0,0.0,0.0,1462.0,7349.0,54.0,141.0,1109.0,5.0,2.0,,,Georgia,College Stats,ChubNi00,2018.0,9.952380952380949
2.0,36.0,IND,Shaquille Leonard,LB,23.0,2023.0,3.0,3.0,5.0,60.0,59.0,75.0,0.0,0.0,0.0,0.0,0.0,0.0,0.0,0.0,0.0,0.0,0.0,397.0,12.0,16.0,South Carolina St.,,LeonDa00,2018.0,19.42857142857143
2.0,37.0,IND,Braden Smith,G,22.0,2025.0,0.0,0.0,7.0,45.0,45.0,107.0,0.0,0.0,0.0,0.0,0.0,0.0,0.0,0.0,0.0,0.0,0.0,,,,Auburn,College Stats,SmitBr06,2018.0,9.57142857142857
2.0,38.0,TAM,Ronald Jones II,RB,21.0,2022.0,0.0,0.0,2.0,18.0,17.0,61.0,0.0,0.0,0.0,0.0,0.0,505.0,2244.0,19.0,77.0,593.0,1.0,1.0,,,USC,College Stats,JoneRo01,2018.0,-6.857142857142858
2.0,39.0,CHI,James Daniels,C,20.0,2025.0,0.0,0.0,6.0,29.0,17.0,91.0,0.0,0.0,0.0,0.0,0.0,0.0,0.0,0.0,0.0,0.0,0.0,1.0,,,Iowa,College Stats,DaniJa01,2018.0,-3.7142857142857153
2.0,40.0,DEN,Courtland Sutton,WR,22.0,2025.0,0.0,2.0,5.0,45.0,45.0,115.0,4.0,4.0,84.0,1.0,0.0,5.0,21.0,0.0,453.0,6357.0,39.0,5.0,,,SMU,College Stats,SuttCo00,2018.0,21.571428571428573
2.0,41.0,TEN,Harold Landry,OLB,22.0,2025.0,0.0,1.0,5.0,45.0,39.0,113.0,0.0,0.0,0.0,0.0,0.0,0.0,0.0,0.0,0.0,0.0,0.0,278.0,2.0,59.0,Boston Col.,College Stats,LandHa00,2018.0,16.285714285714285
2.0,42.0,MIA,Mike Gesicki,TE,22.0,2025.0,0.0,0.0,2.0,28.0,19.0,128.0,0.0,1.0,0.0,0.0,0.0,0.0,0.0,0.0,353.0,3833.0,24.0,1.0,,,Penn St.,College Stats,GesiMi00,2018.0,-0.6190476190476204
2.0,43.0,DET,Kerryon Johnson,RB,21.0,2021.0,0.0,0.0,1.0,11.0,11.0,35.0,0.0,0.0,0.0,0.0,0.0,283.0,1225.0,8.0,61.0,527.0,3.0,,,,Auburn,College Stats,JohnKe06,2018.0,-12.095238095238095
2.0,44.0,SFO,Dante Pettis,WR,22.0,2025.0,0.0,0.0,0.0,11.0,5.0,66.0,2.0,2.0,32.0,0.0,0.0,3.0,35.0,0.0,92.0,1231.0,13.0,3.0,,,Washington,College Stats,PettDa00,2018.0,-17.0
2.0,45.0,GNB,Josh Jackson,CB,22.0,2022.0,0.0,0.0,0.0,8.0,7.0,49.0,0.0,0.0,0.0,0.0,0.0,0.0,0.0,0.0,0.0,0.0,0.0,77.0,,,Iowa,College Stats,JackJo01,2018.0,-18.80952380952381
2.0,46.0,KAN,Breeland Speaks,DE,22.0,2018.0,0.0,0.0,0.0,3.0,3.0,16.0,0.0,0.0,0.0,0.0,0.0,0.0,0.0,0.0,0.0,0.0,0.0,15.0,,1.5,Mississippi,College Stats,SpeaBr00,2018.0,-25.61904761904762
2.0,47.0,ARI,Christian Kirk,WR,21.0,2025.0,0.0,0.0,7.0,42.0,23.0,106.0,2.0,4.0,32.0,0.0,0.0,22.0,159.0,0.0,432.0,5415.0,30.0,1.0,,,Texas A&M,College Stats,KirkCh01,2018.0,8.952380952380949
2.0,48.0,LAC,Uchenna Nwosu,OLB,21.0,2025.0,0.0,0.0,2.0,29.0,13.0,107.0,0.0,0.0,0.0,0.0,0.0,0.0,0.0,0.0,0.0,0.0,0.0,164.0,1.0,34.5,USC,College Stats,NwosUc00,2018.0,0.1904761904761898
2.0,49.0,PHI,Dallas Goedert,TE,23.0,2025.0,0.0,0.0,7.0,38.0,38.0,108.0,0.0,0.0,0.0,0.0,0.0,1.0,1.0,0.0,409.0,4676.0,35.0,5.0,,,South Dakota St.,,GoedDa00,2018.0,14.399999999999999
2.0,50.0,DAL,Connor Williams,T,21.0,2024.0,0.0,0.0,6.0,34.0,20.0,92.0,0.0,0.0,0.0,0.0,0.0,0.0,0.0,0.0,0.0,0.0,0.0,,,,Texas,College Stats,WillCo00,2018.0,5.285714285714285
2.0,51.0,CHI,Anthony Miller,WR,23.0,2024.0,0.0,0.0,2.0,12.0,12.0,52.0,1.0,1.0,8.0,0.0,0.0,9.0,37.0,0.0,141.0,1605.0,12.0,3.0,,,Memphis,College Stats,MillAn02,2018.0,-13.842105263157894
2.0,52.0,IND,Kemoko Turay,OLB,23.0,2022.0,0.0,0.0,0.0,5.0,5.0,41.0,0.0,0.0,0.0,0.0,0.0,0.0,0.0,0.0,0.0,0.0,0.0,23.0,,12.0,Rutgers,College Stats,TuraKe00,2018.0,-18.666666666666668
2.0,53.0,TAM,M.J. Stewart,CB,22.0,2025.0,0.0,0.0,0.0,9.0,3.0,99.0,0.0,0.0,0.0,0.0,0.0,1.0,3.0,0.0,0.0,0.0,0.0,177.0,2.0,1.0,North Carolina,College Stats,StewM.00,2018.0,-17.142857142857142
2.0,54.0,CIN,Jessie Bates III,S,21.0,2025.0,0.0,1.0,7.0,55.0,28.0,130.0,0.0,0.0,0.0,0.0,0.0,0.0,0.0,0.0,0.0,0.0,0.0,535.0,27.0,1.0,Wake Forest,College Stats,BateJe00,2018.0,32.095238095238095
2.0,55.0,CAR,Donte Jackson,CB,22.0,2025.0,0.0,0.0,7.0,34.0,23.0,112.0,0.0,0.0,0.0,0.0,0.0,0.0,0.0,0.0,0.0,0.0,0.0,292.0,23.0,1.0,LSU,College Stats,JackDo02,2018.0,0.952380952380949
2.0,56.0,NWE,Duke Dawson,CB,21.0,2020.0,0.0,0.0,0.0,3.0,,26.0,0.0,0.0,0.0,0.0,0.0,0.0,0.0,0.0,0.0,0.0,0.0,17.0,,,Florida,College Stats,DawsDu00,2018.0,-17.57894736842105
2.0,57.0,OAK,P.J. Hall,DT,23.0,2020.0,0.0,0.0,2.0,11.0,8.0,40.0,0.0,0.0,0.0,0.0,0.0,0.0,0.0,0.0,0.0,0.0,0.0,52.0,,2.5,Sam Houston St.,,HallP.00,2018.0,-11.80952380952381
2.0,58.0,ATL,Isaiah Oliver,CB,21.0,2025.0,0.0,0.0,2.0,18.0,12.0,110.0,0.0,0.0,0.0,0.0,0.0,0.0,0.0,0.0,0.0,0.0,0.0,272.0,3.0,3.0,Colorado,College Stats,OlivIs00,2018.0,-6.5238095238095255
2.0,59.0,WAS,Derrius Guice,RB,21.0,2019.0,0.0,0.0,0.0,2.0,2.0,5.0,0.0,0.0,0.0,0.0,0.0,42.0,245.0,2.0,7.0,79.0,1.0,,,,LSU,College Stats,GuicDe00,2018.0,-19.904761904761905
2.0,60.0,PIT,James Washington,WR,22.0,2022.0,0.0,0.0,2.0,11.0,11.0,62.0,0.0,0.0,0.0,0.0,0.0,2.0,13.0,0.0,114.0,1629.0,11.0,1.0,,,Oklahoma St.,College Stats,WashJa00,2018.0,-14.095238095238095
2.0,61.0,JAX,DJ Chark,WR,21.0,2024.0,0.0,1.0,4.0,21.0,13.0,76.0,0.0,0.0,0.0,0.0,0.0,2.0,20.0,0.0,216.0,3100.0,24.0,6.0,,,LSU,College Stats,CharDJ00,2018.0,-7.857142857142858
2.0,62.0,MIN,Brian O'Neill,T,22.0,2025.0,0.0,2.0,7.0,56.0,56.0,124.0,0.0,0.0,0.0,0.0,0.0,0.0,0.0,0.0,0.0,0.0,0.0,1.0,,,Pittsburgh,College Stats,ONeiBr00,2018.0,30.25
2.0,63.0,TAM,Carlton Davis,CB,21.0,2025.0,0.0,0.0,6.0,34.0,24.0,106.0,0.0,0.0,0.0,0.0,0.0,0.0,0.0,0.0,0.0,0.0,0.0,349.0,11.0,,Auburn,College Stats,DaviCa02,2018.0,3.1000000000000014
2.0,64.0,IND,Tyquan Lewis,DE,23.0,2025.0,0.0,0.0,0.0,13.0,13.0,88.0,0.0,0.0,0.0,0.0,0.0,0.0,0.0,0.0,0.0,0.0,0.0,86.0,1.0,18.0,Ohio St.,College Stats,LewiTy00,2018.0,-16.904761904761905
3.0,65.0,OAK,Brandon Parker,T,22.0,2023.0,0.0,0.0,2.0,15.0,15.0,59.0,0.0,0.0,0.0,0.0,0.0,0.0,0.0,0.0,0.0,0.0,0.0,2.0,,,North Carolina A&T,,ParkBr01,2018.0,-10.899999999999999
3.0,66.0,NYG,Lorenzo Carter,DE,22.0,2024.0,0.0,0.0,4.0,30.0,16.0,96.0,0.0,0.0,0.0,0.0,0.0,0.0,0.0,0.0,0.0,0.0,0.0,170.0,2.0,21.5,Georgia,College Stats,CartLo01,2018.0,4.5238095238095255
3.0,67.0,CLE,Chad Thomas,DE,22.0,2019.0,0.0,0.0,0.0,5.0,5.0,20.0,0.0,0.0,0.0,0.0,0.0,0.0,0.0,0.0,0.0,0.0,0.0,17.0,,4.0,Miami (FL),College Stats,ThomCh06,2018.0,-13.95
3.0,68.0,HOU,Justin Reid,S,21.0,2025.0,0.0,0.0,7.0,34.0,14.0,121.0,0.0,0.0,0.0,0.0,0.0,0.0,0.0,0.0,0.0,0.0,0.0,461.0,11.0,6.5,Stanford,College Stats,ReidJu00,2018.0,17.523809523809526
3.0,69.0,NYG,B.J. Hill,DT,23.0,2025.0,0.0,0.0,5.0,37.0,7.0,129.0,0.0,0.0,0.0,0.0,0.0,0.0,0.0,0.0,0.0,0.0,0.0,201.0,2.0,27.5,North Carolina St.,College Stats,HillB.00,2018.0,10.428571428571427
3.0,70.0,SFO,Fred Warner,OLB,21.0,2025.0,4.0,4.0,7.0,82.0,82.0,121.0,0.0,0.0,0.0,0.0,0.0,0.0,0.0,0.0,0.0,0.0,0.0,597.0,10.0,10.0,BYU,College Stats,WarnFr00,2018.0,59.095238095238095
3.0,71.0,DEN,Royce Freeman,RB,22.0,2023.0,0.0,0.0,0.0,13.0,9.0,79.0,0.0,0.0,0.0,0.0,0.0,471.0,1792.0,10.0,86.0,532.0,1.0,5.0,,,Oregon,College Stats,FreeRo00,2018.0,-14.857142857142858
3.0,72.0,NYJ,Nathan Shepherd,DT,24.0,2025.0,0.0,0.0,2.0,25.0,7.0,122.0,0.0,0.0,0.0,0.0,0.0,0.0,0.0,0.0,0.0,0.0,0.0,118.0,,14.0,Fort Hays St.,,ShepNa00,2018.0,6.399999999999999
3.0,73.0,MIA,Jerome Baker,OLB,21.0,2025.0,0.0,0.0,6.0,39.0,33.0,121.0,0.0,0.0,0.0,0.0,0.0,0.0,0.0,0.0,0.0,0.0,0.0,427.0,5.0,26.0,Ohio St.,College Stats,BakeJe00,2018.0,14.476190476190474
3.0,74.0,WAS,Geron Christian,T,21.0,2024.0,0.0,0.0,1.0,12.0,5.0,63.0,0.0,0.0,0.0,0.0,0.0,0.0,0.0,0.0,0.0,0.0,0.0,1.0,,,Louisville,College Stats,ChriGe01,2018.0,-6.428571428571427
3.0,75.0,KAN,Derrick Nnadi,DT,22.0,2025.0,0.0,0.0,5.0,38.0,38.0,130.0,0.0,0.0,0.0,0.0,0.0,0.0,0.0,0.0,0.0,0.0,0.0,119.0,1.0,5.0,Florida St.,College Stats,NnadDe00,2018.0,14.55
3.0,76.0,PIT,Mason Rudolph,QB,23.0,2025.0,0.0,0.0,1.0,10.0,7.0,34.0,475.0,738.0,4925.0,30.0,22.0,75.0,209.0,1.0,0.0,0.0,0.0,,,,Oklahoma St.,College Stats,RudoMa00,2018.0,-11.350000000000001
3.0,77.0,CIN,Sam Hubbard,DE,23.0,2024.0,0.0,0.0,6.0,40.0,40.0,104.0,0.0,0.0,0.0,0.0,0.0,0.0,0.0,0.0,1.0,2.0,1.0,236.0,1.0,38.5,Ohio St.,College Stats,HubbSa00,2018.0,21.047619047619047
3.0,78.0,CIN,Malik Jefferson,OLB,21.0,2023.0,0.0,0.0,0.0,3.0,1.0,38.0,0.0,0.0,0.0,0.0,0.0,0.0,0.0,0.0,0.0,0.0,0.0,11.0,,,Texas,College Stats,JeffMa00,2018.0,-22.857142857142858
3.0,79.0,SEA,Rasheem Green,DT,21.0,2023.0,0.0,0.0,2.0,17.0,13.0,86.0,0.0,0.0,0.0,0.0,0.0,0.0,0.0,0.0,0.0,0.0,0.0,91.0,,19.0,USC,College Stats,GreeRa01,2018.0,0.3000000000000007
3.0,80.0,HOU,Martinas Rankin,T,23.0,2020.0,0.0,0.0,0.0,7.0,3.0,23.0,0.0,0.0,0.0,0.0,0.0,0.0,0.0,0.0,0.0,0.0,0.0,,,,Mississippi St.,College Stats,RankMa00,2018.0,-4.238095238095237
3.0,81.0,DAL,Michael Gallup,WR,22.0,2023.0,0.0,0.0,5.0,30.0,30.0,86.0,0.0,0.0,0.0,0.0,0.0,0.0,0.0,0.0,266.0,3744.0,21.0,1.0,,,Colorado St.,College Stats,GallMi00,2018.0,5.0
3.0,82.0,DET,Tracy Walker,S,23.0,2023.0,0.0,0.0,2.0,13.0,13.0,79.0,0.0,0.0,0.0,0.0,0.0,0.0,0.0,0.0,0.0,0.0,0.0,291.0,3.0,4.0,Louisiana,College Stats,WalkTr01,2018.0,-0.4499999999999993
3.0,83.0,BAL,Orlando Brown Jr.,T,22.0,2025.0,0.0,4.0,7.0,69.0,27.0,126.0,0.0,0.0,0.0,0.0,0.0,0.0,0.0,0.0,0.0,0.0,0.0,,,,Oklahoma,College Stats,BrowOr00,2018.0,45.23809523809524
3.0,84.0,LAC,Justin Jones,DT,22.0,2024.0,0.0,0.0,5.0,30.0,14.0,88.0,0.0,0.0,0.0,0.0,0.0,0.0,0.0,0.0,0.0,0.0,0.0,123.0,,12.0,North Carolina St.,College Stats,JoneJu03,2018.0,4.571428571428573
3.0,85.0,CAR,Rashaan Gaulden,CB,23.0,2020.0,0.0,0.0,0.0,1.0,1.0,27.0,0.0,0.0,0.0,0.0,0.0,0.0,0.0,0.0,0.0,0.0,0.0,14.0,,,Tennessee,College Stats,GaulRa00,2018.0,-11.0
3.0,86.0,BAL,Mark Andrews,TE,23.0,2025.0,1.0,3.0,3.0,51.0,51.0,121.0,0.0,0.0,0.0,0.0,0.0,19.0,61.0,1.0,484.0,5952.0,56.0,5.0,,,Oklahoma,College Stats,AndrMa00,2018.0,31.0
3.0,87.0,OAK,Arden Key,DE,22.0,2025.0,0.0,0.0,3.0,24.0,5.0,116.0,0.0,0.0,0.0,0.0,0.0,0.0,0.0,0.0,0.0,0.0,0.0,111.0,,30.5,LSU,College Stats,KeyxAr00,2018.0,12.523809523809524
3.0,88.0,GNB,Oren Burks,ILB,23.0,2025.0,0.0,0.0,0.0,16.0,6.0,125.0,0.0,0.0,0.0,0.0,0.0,0.0,0.0,0.0,0.0,0.0,0.0,144.0,1.0,2.0,Vanderbilt,College Stats,BurkOr00,2018.0,-4.19047619047619
3.0,89.0,LAR,Joseph Noteboom,T,23.0,2025.0,0.0,0.0,0.0,18.0,18.0,81.0,0.0,0.0,0.0,0.0,0.0,0.0,0.0,0.0,0.0,0.0,0.0,,,,TCU,College Stats,NoteJo00,2018.0,-1.0
3.0,90.0,ATL,Deadrin Senat,DT,24.0,2023.0,0.0,0.0,0.0,4.0,3.0,37.0,0.0,0.0,0.0,0.0,0.0,0.0,0.0,0.0,0.0,0.0,0.0,28.0,,1.0,South Florida,College Stats,SenaDe00,2018.0,-10.142857142857142
3.0,91.0,NOR,Tre'Quan Smith,WR,22.0,2023.0,0.0,0.0,3.0,15.0,15.0,67.0,0.0,0.0,0.0,0.0,0.0,1.0,3.0,0.0,131.0,1764.0,18.0,5.0,,,Central Florida,College Stats,SmitTr03,2018.0,-10.7
3.0,92.0,PIT,Chukwuma Okorafor,T,21.0,2025.0,0.0,0.0,3.0,26.0,25.0,92.0,0.0,0.0,0.0,0.0,0.0,0.0,0.0,0.0,0.0,0.0,0.0,,,,Western Michigan,College Stats,OkorCh00,2018.0,1.1999999999999993
3.0,93.0,JAX,Ronnie Harrison,S,21.0,2025.0,0.0,0.0,3.0,21.0,10.0,94.0,0.0,0.0,0.0,0.0,0.0,0.0,0.0,0.0,0.0,0.0,0.0,181.0,7.0,8.5,Alabama,College Stats,HarrRo02,2018.0,8.80952380952381
3.0,94.0,TAM,Alex Cappa,T,23.0,2025.0,0.0,0.0,6.0,44.0,21.0,119.0,0.0,0.0,0.0,0.0,0.0,0.0,0.0,0.0,0.0,0.0,0.0,,,,Humboldt St.,,CappAl00,2018.0,24.15
3.0,95.0,SFO,Tarvarius Moore,S,22.0,2024.0,0.0,0.0,1.0,8.0,8.0,72.0,0.0,0.0,0.0,0.0,0.0,0.0,0.0,0.0,0.0,0.0,0.0,87.0,,,Southern Miss,College Stats,MoorTa00,2018.0,-7.789473684210526
3.0,96.0,BUF,Harrison Phillips,DT,22.0,2025.0,0.0,0.0,3.0,36.0,8.0,113.0,0.0,0.0,0.0,0.0,0.0,0.0,0.0,0.0,0.0,0.0,0.0,170.0,,8.5,Stanford,College Stats,PhilHa00,2018.0,22.38095238095238
3.0,97.0,ARI,Mason Cole,C,22.0,2023.0,0.0,0.0,4.0,25.0,11.0,94.0,0.0,0.0,0.0,0.0,0.0,0.0,0.0,0.0,0.0,0.0,0.0,,,,Michigan,College Stats,ColeMa02,2018.0,12.142857142857142
3.0,98.0,HOU,Jordan Akins,TE,26.0,2024.0,0.0,0.0,1.0,16.0,14.0,107.0,0.0,0.0,0.0,0.0,0.0,2.0,7.0,0.0,206.0,2277.0,10.0,1.0,,,Central Florida,College Stats,AkinJo00,2018.0,-5.0476190476190474
3.0,99.0,DEN,Isaac Yiadom,CB,22.0,2025.0,0.0,0.0,2.0,16.0,5.0,118.0,0.0,0.0,0.0,0.0,0.0,0.0,0.0,0.0,0.0,0.0,0.0,170.0,3.0,0.5,Boston Col.,College Stats,YiadIs00,2018.0,-1.8571428571428577
3.0,100.0,KAN,Dorian O'Daniel,OLB,24.0,2021.0,0.0,0.0,0.0,5.0,5.0,58.0,0.0,0.0,0.0,0.0,0.0,0.0,0.0,0.0,0.0,0.0,0.0,37.0,,1.0,Clemson,College Stats,ODanDo00,2018.0,-14.399999999999999
4.0,101.0,CAR,Ian Thomas,TE,22.0,2025.0,0.0,0.0,2.0,8.0,7.0,114.0,0.0,0.0,0.0,0.0,0.0,0.0,0.0,0.0,132.0,1176.0,4.0,3.0,,,Indiana,College Stats,ThomIa00,2018.0,-4.199999999999999
4.0,102.0,MIN,Jalyn Holmes,DE,22.0,2025.0,0.0,0.0,0.0,8.0,5.0,65.0,0.0,0.0,0.0,0.0,0.0,0.0,0.0,0.0,0.0,0.0,0.0,48.0,,4.0,Ohio St.,College Stats,HolmJa01,2018.0,-12.428571428571427
4.0,103.0,HOU,Keke Coutee,WR,21.0,2022.0,0.0,0.0,0.0,7.0,7.0,33.0,0.0,0.0,0.0,0.0,0.0,5.0,14.0,1.0,85.0,966.0,4.0,,,,Texas Tech,College Stats,CoutKe00,2018.0,-9.61904761904762
4.0,104.0,IND,Nyheim Hines,RB,21.0,2025.0,0.0,0.0,0.0,25.0,22.0,85.0,0.0,0.0,0.0,0.0,0.0,308.0,1200.0,10.0,240.0,1778.0,8.0,3.0,,,North Carolina St.,College Stats,HineNy00,2018.0,10.5
4.0,105.0,CLE,Antonio Callaway,WR,21.0,2020.0,0.0,0.0,1.0,5.0,5.0,25.0,0.0,0.0,0.0,0.0,0.0,2.0,7.0,0.0,53.0,695.0,5.0,,,,Florida,College Stats,CallAn00,2018.0,-12.399999999999999
4.0,106.0,DEN,Josey Jewell,ILB,23.0,2024.0,0.0,0.0,5.0,32.0,28.0,90.0,0.0,0.0,0.0,0.0,0.0,0.0,0.0,0.0,0.0,0.0,0.0,314.0,3.0,12.5,Iowa,College Stats,JeweJo00,2018.0,16.857142857142858
4.0,107.0,NYJ,Chris Herndon,TE,22.0,2021.0,0.0,0.0,2.0,6.0,6.0,49.0,0.0,0.0,0.0,0.0,0.0,0.0,0.0,0.0,75.0,836.0,8.0,,,,Miami (FL),College Stats,HernCh00,2018.0,-3.2380952380952372
4.0,108.0,NYG,Kyle Lauletta,QB,23.0,2018.0,0.0,0.0,0.0,0.0,0.0,2.0,0.0,5.0,0.0,0.0,1.0,1.0,-2.0,0.0,0.0,0.0,0.0,,,,Richmond,,LaulKy00,2018.0,-22.57894736842105
4.0,109.0,WAS,Troy Apke,S,23.0,2022.0,0.0,0.0,1.0,6.0,6.0,52.0,0.0,0.0,0.0,0.0,0.0,0.0,0.0,0.0,0.0,0.0,0.0,49.0,1.0,,Penn St.,College Stats,ApkeTr00,2018.0,-17.047619047619047
4.0,110.0,OAK,Nick Nelson,CB,21.0,2019.0,0.0,0.0,0.0,1.0,1.0,12.0,0.0,0.0,0.0,0.0,0.0,0.0,0.0,0.0,0.0,0.0,0.0,10.0,,,Wisconsin,College Stats,NelsNi00,2018.0,-9.238095238095237
4.0,111.0,LAR,Brian Allen,C,22.0,2023.0,0.0,0.0,2.0,16.0,16.0,50.0,0.0,0.0,0.0,0.0,0.0,0.0,0.0,0.0,0.0,0.0,0.0,,,,Michigan St.,College Stats,AlleBr02,2018.0,5.0476190476190474
4.0,112.0,CIN,Mark Walton,RB,21.0,2019.0,0.0,0.0,0.0,3.0,1.0,21.0,0.0,0.0,0.0,0.0,0.0,67.0,235.0,0.0,20.0,130.0,0.0,4.0,,,Miami (FL),College Stats,WaltMa00,2018.0,-15.842105263157894
4.0,113.0,DEN,DaeSean Hamilton,WR,23.0,2020.0,0.0,0.0,0.0,6.0,6.0,46.0,0.0,0.0,0.0,0.0,0.0,0.0,0.0,0.0,81.0,833.0,5.0,,,,Penn St.,College Stats,HamiDa01,2018.0,-10.0
4.0,114.0,DET,Da'Shawn Hand,DE,22.0,2025.0,0.0,0.0,1.0,16.0,6.0,77.0,0.0,0.0,0.0,0.0,0.0,0.0,0.0,0.0,0.0,0.0,0.0,83.0,1.0,6.5,Alabama,College Stats,HandDa00,2018.0,4.052631578947368
4.0,115.0,CHI,Joel Iyiegbuniwe,LB,22.0,2022.0,0.0,0.0,0.0,5.0,4.0,65.0,0.0,0.0,0.0,0.0,0.0,0.0,0.0,0.0,0.0,0.0,0.0,26.0,,,Western Kentucky,College Stats,IyieJo00,2018.0,-4.7368421052631575
4.0,116.0,DAL,Dorance Armstrong Jr.,DE,21.0,2025.0,0.0,0.0,1.0,22.0,15.0,116.0,0.0,0.0,0.0,0.0,0.0,0.0,0.0,0.0,0.0,0.0,0.0,137.0,,34.0,Kansas,College Stats,ArmsDo00,2018.0,10.047619047619047
4.0,117.0,TAM,Jordan Whitehead,S,21.0,2024.0,0.0,0.0,7.0,32.0,21.0,105.0,0.0,0.0,0.0,0.0,0.0,0.0,0.0,0.0,0.0,0.0,0.0,394.0,11.0,2.5,Pittsburgh,College Stats,WhitJo03,2018.0,17.0
4.0,118.0,BAL,Anthony Averett,CB,23.0,2022.0,0.0,0.0,1.0,11.0,10.0,51.0,0.0,0.0,0.0,0.0,0.0,0.0,0.0,0.0,0.0,0.0,0.0,99.0,3.0,,Alabama,College Stats,AverAn00,2018.0,-3.75
4.0,119.0,LAC,Kyzir White,S,22.0,2025.0,0.0,0.0,4.0,31.0,17.0,93.0,0.0,0.0,0.0,0.0,0.0,0.0,0.0,0.0,0.0,0.0,0.0,358.0,6.0,7.5,West Virginia,College Stats,WhitKy00,2018.0,15.333333333333334
4.0,120.0,SEA,Will Dissly,TE,22.0,2025.0,0.0,0.0,5.0,16.0,10.0,96.0,0.0,0.0,0.0,0.0,0.0,1.0,7.0,0.0,188.0,1999.0,15.0,7.0,,,Washington,College Stats,DissWi00,2018.0,-3.25
4.0,121.0,BUF,Taron Johnson,CB,22.0,2025.0,0.0,0.0,6.0,36.0,36.0,113.0,0.0,0.0,0.0,0.0,0.0,0.0,0.0,0.0,0.0,0.0,0.0,411.0,6.0,8.0,Weber St.,,JohnTa01,2018.0,27.842105263157897
4.0,122.0,BAL,Kenny Young,LB,23.0,2022.0,0.0,0.0,1.0,18.0,5.0,63.0,0.0,0.0,0.0,0.0,0.0,0.0,0.0,0.0,0.0,0.0,0.0,127.0,1.0,5.5,UCLA,College Stats,YounKe03,2018.0,2.1578947368421044
4.0,123.0,MIA,Durham Smythe,TE,23.0,2025.0,0.0,0.0,5.0,10.0,10.0,129.0,0.0,0.0,0.0,0.0,0.0,4.0,4.0,1.0,136.0,1253.0,3.0,13.0,,,Notre Dame,College Stats,SmytDu00,2018.0,-3.6999999999999993
4.0,124.0,KAN,Armani Watts,S,22.0,2021.0,0.0,0.0,0.0,3.0,3.0,53.0,0.0,0.0,0.0,0.0,0.0,0.0,0.0,0.0,0.0,0.0,0.0,42.0,,2.0,Texas A&M,College Stats,WattAr00,2018.0,-10.428571428571429
4.0,125.0,PHI,Avonte Maddox,CB,22.0,2025.0,0.0,0.0,1.0,17.0,16.0,95.0,0.0,0.0,0.0,0.0,0.0,0.0,0.0,0.0,0.0,0.0,0.0,223.0,5.0,3.0,Pittsburgh,College Stats,MaddAv00,2018.0,2.421052631578947
4.0,126.0,ATL,Ito Smith,RB,22.0,2021.0,0.0,0.0,0.0,6.0,6.0,36.0,0.0,0.0,0.0,0.0,0.0,176.0,693.0,7.0,55.0,314.0,0.0,,,,Southern Miss,College Stats,SmitIt00,2018.0,-18.35
4.0,127.0,NOR,Rick Leonard,T,21.0,2021.0,0.0,0.0,0.0,0.0,,2.0,0.0,0.0,0.0,0.0,0.0,0.0,0.0,0.0,0.0,0.0,0.0,,,,Florida St.,College Stats,LeonRi00,2018.0,-8.85
4.0,128.0,SFO,Kentavius Street,DT,22.0,2025.0,0.0,0.0,0.0,11.0,4.0,85.0,0.0,0.0,0.0,0.0,0.0,0.0,0.0,0.0,0.0,0.0,0.0,68.0,,10.5,North Carolina St.,College Stats,StreKe00,2018.0,-7.600000000000001
4.0,129.0,JAX,Will Richardson,T,22.0,2021.0,0.0,0.0,0.0,4.0,4.0,44.0,0.0,0.0,0.0,0.0,0.0,0.0,0.0,0.0,0.0,0.0,0.0,,,,North Carolina St.,College Stats,RichWi01,2018.0,-5.85
4.0,130.0,PHI,Josh Sweat,DE,21.0,2025.0,0.0,1.0,4.0,37.0,32.0,121.0,0.0,0.0,0.0,0.0,0.0,0.0,0.0,0.0,0.0,0.0,0.0,168.0,1.0,55.0,Florida St.,College Stats,SweaJo00,2018.0,20.27777777777778
4.0,131.0,MIA,Kalen Ballage,RB,22.0,2021.0,0.0,0.0,1.0,6.0,3.0,52.0,0.0,0.0,0.0,0.0,0.0,213.0,665.0,7.0,54.0,293.0,0.0,4.0,,,Arizona St.,College Stats,BallKa00,2018.0,-7.789473684210526
4.0,132.0,BAL,Jaleel Scott,WR,23.0,2020.0,0.0,0.0,0.0,0.0,0.0,4.0,0.0,0.0,0.0,0.0,0.0,0.0,0.0,0.0,2.0,22.0,0.0,,,,New Mexico St.,College Stats,ScotJa02,2018.0,-10.705882352941176
4.0,133.0,GNB,J'Mon Moore,WR,23.0,2018.0,0.0,0.0,0.0,0.0,0.0,12.0,0.0,0.0,0.0,0.0,0.0,0.0,0.0,0.0,2.0,15.0,0.0,2.0,,,Missouri,College Stats,MoorJM00,2018.0,-10.857142857142858
4.0,134.0,ARI,Chase Edmonds,RB,22.0,2025.0,0.0,0.0,1.0,21.0,17.0,86.0,0.0,0.0,0.0,0.0,0.0,450.0,1972.0,11.0,158.0,1159.0,6.0,16.0,,,Fordham,,EdmoCh00,2018.0,5.588235294117647
4.0,135.0,LAR,John Franklin-Myers,DE,21.0,2025.0,0.0,0.0,4.0,38.0,1.0,114.0,0.0,0.0,0.0,0.0,0.0,0.0,0.0,0.0,0.0,0.0,0.0,92.0,1.0,34.0,S.F. Austin,,FranJo02,2018.0,13.555555555555557
4.0,136.0,CAR,Marquis Haynes,OLB,24.0,2024.0,0.0,0.0,0.0,7.0,7.0,73.0,0.0,0.0,0.0,0.0,0.0,0.0,0.0,0.0,0.0,0.0,0.0,67.0,,14.0,Mississippi,College Stats,HaynMa01,2018.0,-1.8000000000000007
4.0,137.0,DAL,Dalton Schultz,TE,22.0,2025.0,0.0,0.0,4.0,30.0,18.0,124.0,0.0,0.0,0.0,0.0,0.0,0.0,0.0,0.0,405.0,4066.0,27.0,3.0,,,Stanford,College Stats,SchuDa00,2018.0,9.05263157894737
5.0,138.0,GNB,Cole Madison,G,23.0,,0.0,0.0,0.0,,,,,,,,,,,,,,,,,,Washington St.,College Stats,MadiCo01,2018.0,
5.0,139.0,NYG,R.J. McIntosh,DT,22.0,2019.0,0.0,0.0,0.0,1.0,1.0,18.0,0.0,0.0,0.0,0.0,0.0,0.0,0.0,0.0,0.0,0.0,0.0,10.0,,2.0,Miami (FL),College Stats,McInR.00,2018.0,-6.857142857142857
5.0,140.0,OAK,Maurice Hurst Jr.,DT,23.0,2025.0,0.0,0.0,1.0,11.0,9.0,65.0,0.0,0.0,0.0,0.0,0.0,0.0,0.0,0.0,0.0,0.0,0.0,74.0,2.0,10.0,Michigan,College Stats,HursMa00,2018.0,-0.4761904761904763
5.0,141.0,SEA,Shaquem Griffin,OLB,23.0,2020.0,0.0,0.0,0.0,4.0,4.0,46.0,0.0,0.0,0.0,0.0,0.0,0.0,0.0,0.0,0.0,0.0,0.0,17.0,,1.0,Central Florida,College Stats,GrifSh01,2018.0,-4.666666666666666
5.0,142.0,SFO,D.J. Reed,CB,21.0,2025.0,0.0,0.0,5.0,27.0,1.0,112.0,0.0,0.0,0.0,0.0,0.0,0.0,0.0,0.0,0.0,0.0,0.0,363.0,8.0,2.0,Kansas St.,College Stats,ReedD.00,2018.0,11.31578947368421
5.0,143.0,NWE,Ja'Whaun Bentley,ILB,22.0,2024.0,0.0,0.0,4.0,36.0,36.0,83.0,0.0,0.0,0.0,0.0,0.0,0.0,0.0,0.0,0.0,0.0,0.0,280.0,2.0,10.5,Purdue,College Stats,BentJa00,2018.0,19.68421052631579
5.0,144.0,TAM,Justin Watson,WR,22.0,2025.0,0.0,0.0,0.0,11.0,2.0,93.0,0.0,0.0,0.0,0.0,0.0,0.0,0.0,0.0,90.0,1352.0,9.0,17.0,,1.0,Pennsylvania,,WatsJu01,2018.0,-0.05000000000000071
5.0,145.0,CHI,Bilal Nichols,DT,21.0,2025.0,0.0,0.0,5.0,37.0,22.0,104.0,0.0,0.0,0.0,0.0,0.0,0.0,0.0,0.0,0.0,0.0,0.0,124.0,1.0,14.0,Delaware,,NichBi00,2018.0,26.5
5.0,146.0,SEA,Tre Flowers,S,23.0,2025.0,0.0,0.0,2.0,19.0,15.0,98.0,0.0,0.0,0.0,0.0,0.0,0.0,0.0,0.0,0.0,0.0,0.0,224.0,4.0,2.0,Oklahoma St.,College Stats,FlowTr01,2018.0,-6.449999999999999
5.0,147.0,LAR,Micah Kiser,ILB,23.0,2021.0,0.0,0.0,0.0,8.0,6.0,36.0,0.0,0.0,0.0,0.0,0.0,0.0,0.0,0.0,0.0,0.0,0.0,55.0,,,Virginia,College Stats,KiseMi00,2018.0,-2.375
5.0,148.0,PIT,Marcus Allen,S,22.0,2022.0,0.0,0.0,0.0,6.0,6.0,48.0,0.0,0.0,0.0,0.0,0.0,1.0,4.0,0.0,0.0,0.0,0.0,34.0,,,Penn St.,College Stats,AlleMa03,2018.0,-1.4210526315789478
5.0,149.0,SEA,Michael Dickson,P,22.0,2025.0,1.0,1.0,2.0,20.0,20.0,133.0,0.0,0.0,0.0,0.0,0.0,3.0,-9.0,0.0,0.0,0.0,0.0,2.0,,,Texas,College Stats,DickMi00,2018.0,4.9
5.0,150.0,CLE,Genard Avery,LB,23.0,2024.0,0.0,0.0,2.0,11.0,4.0,63.0,0.0,0.0,0.0,0.0,0.0,0.0,0.0,0.0,0.0,0.0,0.0,65.0,,8.5,Memphis,College Stats,AverGe00,2018.0,2.2631578947368425
5.0,151.0,CIN,Davontae Harris,CB,23.0,2022.0,0.0,0.0,0.0,5.0,0.0,42.0,0.0,0.0,0.0,0.0,0.0,0.0,0.0,0.0,0.0,0.0,0.0,53.0,,,Illinois St.,,HarrDa05,2018.0,-8.055555555555555
5.0,152.0,TEN,Dane Cruikshank,CB,23.0,2024.0,0.0,0.0,0.0,4.0,4.0,56.0,0.0,0.0,0.0,0.0,0.0,0.0,0.0,0.0,1.0,66.0,1.0,46.0,1.0,,Arizona,College Stats,CruiDa00,2018.0,-5.125
5.0,153.0,DET,Tyrell Crosby,T,23.0,2020.0,0.0,0.0,1.0,11.0,11.0,38.0,0.0,0.0,0.0,0.0,0.0,0.0,0.0,0.0,0.0,0.0,0.0,,,,Oregon,College Stats,CrosTy00,2018.0,-2.3888888888888893
5.0,154.0,BUF,Siran Neal,CB,24.0,2025.0,0.0,0.0,0.0,7.0,5.0,131.0,0.0,0.0,0.0,0.0,0.0,0.0,0.0,0.0,1.0,13.0,0.0,100.0,,1.0,Jacksonville St.,,NealSi00,2018.0,-11.263157894736842
5.0,155.0,LAC,Scott Quessenberry,C,23.0,2022.0,0.0,0.0,2.0,13.0,8.0,79.0,0.0,0.0,0.0,0.0,0.0,0.0,0.0,0.0,0.0,0.0,0.0,,,,UCLA,College Stats,QuesSc00,2018.0,3.882352941176471
5.0,156.0,DEN,Troy Fumagalli,TE,23.0,2020.0,0.0,0.0,0.0,1.0,1.0,19.0,0.0,0.0,0.0,0.0,0.0,0.0,0.0,0.0,14.0,118.0,2.0,1.0,,,Wisconsin,College Stats,FumaTr00,2018.0,-8.11111111111111
5.0,157.0,MIN,Tyler Conklin,TE,23.0,2025.0,0.0,0.0,4.0,20.0,8.0,127.0,0.0,0.0,0.0,0.0,0.0,5.0,5.0,0.0,270.0,2645.0,11.0,3.0,,,Central Michigan,College Stats,ConkTy00,2018.0,9.75
5.0,158.0,CIN,Andrew Brown,DE,22.0,2022.0,0.0,0.0,0.0,2.0,2.0,28.0,0.0,0.0,0.0,0.0,0.0,0.0,0.0,0.0,0.0,0.0,0.0,13.0,,1.0,Virginia,College Stats,BrowAn05,2018.0,-4.5
5.0,159.0,IND,Daurice Fountain,WR,22.0,2021.0,0.0,0.0,0.0,0.0,0.0,8.0,0.0,0.0,0.0,0.0,0.0,0.0,0.0,0.0,2.0,23.0,0.0,1.0,,,Northern Iowa,,FounDa00,2018.0,-13.0
5.0,160.0,LAR,Ogbonnia Okoronkwo,DE,23.0,2025.0,0.0,0.0,0.0,12.0,2.0,81.0,0.0,0.0,0.0,0.0,0.0,0.0,0.0,0.0,0.0,0.0,0.0,89.0,,17.0,Oklahoma,College Stats,OkorOg00,2018.0,1.2777777777777786
5.0,161.0,CAR,Jermaine Carter Jr.,LB,23.0,2022.0,0.0,0.0,2.0,15.0,14.0,72.0,0.0,0.0,0.0,0.0,0.0,0.0,0.0,0.0,0.0,0.0,0.0,96.0,,0.5,Maryland,College Stats,CartJe00,2018.0,2.833333333333334
5.0,162.0,BAL,Jordan Lasley,WR,21.0,,0.0,0.0,0.0,,,,,,,,,,,,,,,,,,UCLA,College Stats,LaslJo00,2018.0,
5.0,163.0,WAS,Tim Settle,DT,21.0,2025.0,0.0,0.0,0.0,20.0,4.0,124.0,0.0,0.0,0.0,0.0,0.0,0.0,0.0,0.0,0.0,0.0,0.0,84.0,,15.0,Virginia Tech,College Stats,SettTi00,2018.0,6.666666666666666
5.0,164.0,NOR,Natrell Jamerson,S,22.0,2020.0,0.0,0.0,0.0,1.0,,21.0,0.0,0.0,0.0,0.0,0.0,0.0,0.0,0.0,0.0,0.0,0.0,11.0,,,Wisconsin,College Stats,JameNa00,2018.0,-11.05
5.0,165.0,PIT,Jaylen Samuels,TE,22.0,2021.0,0.0,0.0,0.0,7.0,7.0,45.0,4.0,5.0,35.0,0.0,1.0,136.0,468.0,1.0,85.0,564.0,4.0,1.0,,,North Carolina St.,College Stats,SamuJa00,2018.0,-6.35
5.0,166.0,BUF,Wyatt Teller,G,23.0,2025.0,0.0,3.0,6.0,39.0,1.0,109.0,0.0,0.0,0.0,0.0,0.0,0.0,0.0,0.0,1.0,-5.0,0.0,1.0,,,Virginia Tech,College Stats,TellWy00,2018.0,25.333333333333336
5.0,167.0,MIN,Daniel Carlson,K,23.0,2025.0,1.0,0.0,2.0,23.0,-1.0,129.0,0.0,0.0,0.0,0.0,0.0,0.0,0.0,0.0,0.0,0.0,0.0,4.0,,,Auburn,College Stats,CarlDa00,2018.0,14.235294117647058
5.0,168.0,SEA,Jamarco Jones,T,22.0,2024.0,0.0,0.0,0.0,7.0,7.0,38.0,0.0,0.0,0.0,0.0,0.0,0.0,0.0,0.0,0.0,0.0,0.0,,,,Ohio St.,College Stats,JoneJa08,2018.0,-5.055555555555555
5.0,169.0,IND,Jordan Wilkins,RB,24.0,2022.0,0.0,0.0,0.0,8.0,8.0,54.0,0.0,0.0,0.0,0.0,0.0,208.0,1009.0,4.0,41.0,262.0,0.0,4.0,,,Mississippi,College Stats,WilkJo01,2018.0,-3.5
5.0,170.0,CIN,Darius Phillips,CB,23.0,2022.0,0.0,0.0,1.0,7.0,7.0,56.0,0.0,0.0,0.0,0.0,0.0,0.0,0.0,0.0,0.0,0.0,0.0,60.0,5.0,,Western Michigan,College Stats,PhilDa02,2018.0,-0.0588235294117645
5.0,171.0,DAL,Mike White,QB,23.0,2024.0,0.0,0.0,0.0,5.0,,15.0,199.0,324.0,2247.0,9.0,13.0,19.0,-1.0,1.0,0.0,0.0,0.0,,,,Western Kentucky,College Stats,WhitMi01,2018.0,-1.5882352941176467
5.0,172.0,GNB,JK Scott,P,22.0,2025.0,0.0,0.0,2.0,13.0,5.0,117.0,1.0,2.0,3.0,0.0,0.0,1.0,0.0,0.0,0.0,0.0,0.0,2.0,,,Alabama,College Stats,ScotJK00,2018.0,5.4375
5.0,173.0,OAK,Johnny Townsend,P,23.0,2021.0,0.0,0.0,0.0,2.0,2.0,21.0,0.0,0.0,0.0,0.0,0.0,1.0,42.0,0.0,0.0,0.0,0.0,1.0,,,Florida,College Stats,TownJo01,2018.0,-9.857142857142858
5.0,174.0,GNB,Marquez Valdes-Scantling,WR,23.0,2025.0,0.0,0.0,5.0,29.0,18.0,116.0,0.0,0.0,0.0,0.0,0.0,10.0,52.0,0.0,219.0,3686.0,21.0,4.0,,,South Florida,College Stats,ValdMa00,2018.0,16.764705882352942
6.0,175.0,CLE,Damion Ratley,WR,23.0,2020.0,0.0,0.0,0.0,4.0,3.0,31.0,0.0,0.0,0.0,0.0,0.0,0.0,0.0,0.0,29.0,407.0,1.0,1.0,,,Texas A&M,College Stats,RatlDa00,2018.0,-4.842105263157896
6.0,176.0,LAR,John Kelly,RB,21.0,2024.0,0.0,0.0,0.0,1.0,1.0,15.0,0.0,0.0,0.0,0.0,0.0,32.0,96.0,0.0,2.0,27.0,0.0,,,,Tennessee,College Stats,KellJo00,2018.0,-5.052631578947368
6.0,177.0,HOU,Duke Ejiofor,DE,23.0,2018.0,0.0,0.0,0.0,1.0,1.0,12.0,0.0,0.0,0.0,0.0,0.0,0.0,0.0,0.0,0.0,0.0,0.0,6.0,,1.0,Wake Forest,College Stats,EjioDu00,2018.0,-9.526315789473685
6.0,178.0,NWE,Christian Sam,ILB,22.0,,0.0,0.0,0.0,,,,,,,,,,,,,,,,,,Arizona St.,College Stats,SamxCh00,2018.0,
6.0,179.0,NYJ,Parry Nickerson,CB,23.0,2025.0,0.0,0.0,0.0,2.0,1.0,35.0,0.0,0.0,0.0,0.0,0.0,0.0,0.0,0.0,0.0,0.0,0.0,30.0,,,Tulane,College Stats,NickPa00,2018.0,-4.526315789473684
6.0,180.0,NYJ,Folorunso Fatukasi,DT,23.0,2025.0,0.0,0.0,4.0,27.0,11.0,90.0,0.0,0.0,0.0,0.0,0.0,0.0,0.0,0.0,0.0,0.0,0.0,111.0,,7.0,Connecticut,College Stats,FatuFo00,2018.0,17.38888888888889
6.0,181.0,CHI,Kylie Fitts,DE,23.0,2021.0,0.0,0.0,0.0,1.0,0.0,28.0,0.0,0.0,0.0,0.0,0.0,0.0,0.0,0.0,0.0,0.0,0.0,9.0,,,Utah,College Stats,FittKy00,2018.0,-8.368421052631579
6.0,182.0,ARI,Christian Campbell,CB,22.0,,0.0,0.0,0.0,,,,,,,,,,,,,,,,,,Penn St.,College Stats,CampCh01,2018.0,
6.0,183.0,DEN,Sam Jones,G,22.0,2018.0,0.0,0.0,0.0,0.0,0.0,5.0,0.0,0.0,0.0,0.0,0.0,0.0,0.0,0.0,0.0,0.0,0.0,,,,Arizona St.,College Stats,JoneSa00,2018.0,-5.105263157894737
6.0,184.0,SFO,Marcell Harris,S,24.0,2022.0,0.0,0.0,0.0,14.0,13.0,63.0,0.0,0.0,0.0,0.0,0.0,0.0,0.0,0.0,0.0,0.0,0.0,105.0,1.0,1.0,Florida,College Stats,HarrMa03,2018.0,8.68421052631579
6.0,185.0,IND,Deon Cain,WR,22.0,2020.0,0.0,0.0,0.0,1.0,0.0,15.0,0.0,0.0,0.0,0.0,0.0,0.0,0.0,0.0,9.0,124.0,0.0,,,,Clemson,College Stats,CainDe00,2018.0,-2.9411764705882355
6.0,186.0,SEA,Jacob Martin,LB,22.0,2025.0,0.0,0.0,1.0,17.0,2.0,119.0,0.0,0.0,0.0,0.0,0.0,0.0,0.0,0.0,0.0,0.0,0.0,76.0,,26.5,Temple,College Stats,MartJa02,2018.0,6.611111111111111
6.0,187.0,BUF,Ray-Ray McCloud,WR,21.0,2025.0,0.0,0.0,1.0,14.0,0.0,100.0,0.0,0.0,0.0,0.0,0.0,25.0,271.0,1.0,159.0,1523.0,2.0,3.0,,,Clemson,College Stats,McClRa00,2018.0,1.8499999999999996
6.0,188.0,CLE,Simeon Thomas,CB,24.0,2019.0,0.0,0.0,0.0,1.0,,12.0,0.0,0.0,0.0,0.0,0.0,0.0,0.0,0.0,0.0,0.0,0.0,5.0,,,Louisiana,College Stats,ThomSi00,2018.0,-10.764705882352942
6.0,189.0,NOR,Kamrin Moore,CB,21.0,2018.0,0.0,0.0,0.0,0.0,,2.0,0.0,0.0,0.0,0.0,0.0,0.0,0.0,0.0,0.0,0.0,0.0,,,,Boston Col.,College Stats,MoorKa01,2018.0,-8.4
6.0,190.0,BAL,DeShon Elliott,S,21.0,2025.0,0.0,0.0,4.0,25.0,9.0,77.0,0.0,0.0,0.0,0.0,0.0,0.0,0.0,0.0,0.0,0.0,0.0,294.0,5.0,4.5,Texas,College Stats,ElliDe02,2018.0,15.38888888888889
6.0,191.0,LAC,Dylan Cantrell,WR,24.0,,0.0,0.0,0.0,,,,,,,,,,,,,,,,,,Texas Tech,College Stats,CantDy00,2018.0,
6.0,192.0,LAR,Jamil Demby,T,22.0,2019.0,0.0,0.0,0.0,1.0,1.0,6.0,0.0,0.0,0.0,0.0,0.0,0.0,0.0,0.0,0.0,0.0,0.0,,,,Maine,,DembJa00,2018.0,-6.2
6.0,193.0,DAL,Chris Covington,LB,22.0,2019.0,0.0,0.0,0.0,0.0,0.0,8.0,0.0,0.0,0.0,0.0,0.0,0.0,0.0,0.0,0.0,0.0,0.0,3.0,,,Indiana,College Stats,CoviCh01,2018.0,-11.526315789473685
6.0,194.0,ATL,Russell Gage,WR,22.0,2025.0,0.0,0.0,0.0,20.0,17.0,75.0,1.0,2.0,39.0,1.0,0.0,6.0,21.0,0.0,244.0,2491.0,14.0,10.0,,,LSU,College Stats,GageRu00,2018.0,13.444444444444445
6.0,195.0,LAR,Sebastian Joseph-Day,DT,23.0,2025.0,0.0,0.0,4.0,38.0,17.0,105.0,0.0,0.0,0.0,0.0,0.0,0.0,0.0,0.0,0.0,0.0,0.0,169.0,1.0,15.5,Rutgers,College Stats,JoseSe00,2018.0,24.235294117647058
6.0,196.0,KAN,Tremon Smith,WR,22.0,2025.0,0.0,0.0,0.0,8.0,1.0,117.0,0.0,0.0,0.0,0.0,0.0,1.0,7.0,0.0,0.0,0.0,0.0,61.0,2.0,,Central Arkansas,,SmitTr04,2018.0,3.5
6.0,197.0,WAS,Shaun Dion Hamilton,LB,22.0,2020.0,0.0,0.0,0.0,8.0,8.0,46.0,0.0,0.0,0.0,0.0,0.0,0.0,0.0,0.0,0.0,0.0,0.0,70.0,1.0,2.5,Alabama,College Stats,DionSh00,2018.0,1.6875
6.0,198.0,KAN,Kahlil McKenzie,DT,21.0,2021.0,0.0,0.0,0.0,1.0,,12.0,0.0,0.0,0.0,0.0,0.0,0.0,0.0,0.0,0.0,0.0,0.0,5.0,,,Tennessee,College Stats,McKeKa00,2018.0,-7.777777777777779
6.0,199.0,TEN,Luke Falk,QB,23.0,2019.0,0.0,0.0,0.0,1.0,,3.0,47.0,73.0,416.0,0.0,3.0,0.0,0.0,0.0,0.0,0.0,0.0,,,,Washington St.,College Stats,FalkLu00,2018.0,-20.125
6.0,200.0,ATL,Foyesade Oluokun,S,23.0,2025.0,0.0,0.0,5.0,44.0,16.0,128.0,0.0,0.0,0.0,0.0,0.0,0.0,0.0,0.0,0.0,0.0,0.0,640.0,8.0,11.5,Yale,,OluoFo00,2018.0,28.933333333333334
6.0,201.0,NOR,Boston Scott,RB,23.0,2023.0,0.0,0.0,0.0,11.0,,75.0,0.0,0.0,0.0,0.0,0.0,302.0,1295.0,16.0,71.0,566.0,1.0,3.0,,,Louisiana Tech,College Stats,ScotBo02,2018.0,6.882352941176471
6.0,202.0,TAM,Jack Cichy,ILB,23.0,2020.0,0.0,0.0,0.0,0.0,0.0,16.0,0.0,0.0,0.0,0.0,0.0,0.0,0.0,0.0,0.0,0.0,0.0,4.0,,,Wisconsin,College Stats,CichJa00,2018.0,-5.111111111111111
6.0,203.0,JAX,Tanner Lee,QB,23.0,,0.0,0.0,0.0,,,,,,,,,,,,,,,,,,Nebraska,College Stats,LeexTa00,2018.0,
6.0,204.0,NYJ,Trenton Cannon,RB,24.0,2022.0,0.0,0.0,0.0,2.0,2.0,48.0,0.0,0.0,0.0,0.0,0.0,51.0,150.0,1.0,20.0,160.0,0.0,22.0,,,Virginia St.,,CannTr00,2018.0,-7.647058823529411
6.0,205.0,LAR,Trevon Young,DE,23.0,2018.0,0.0,0.0,0.0,0.0,0.0,2.0,0.0,0.0,0.0,0.0,0.0,0.0,0.0,0.0,0.0,0.0,0.0,,,,Louisville,College Stats,YounTr00,2018.0,-10.529411764705882
6.0,206.0,PHI,Matt Pryor,T,23.0,2025.0,0.0,0.0,2.0,19.0,5.0,109.0,0.0,0.0,0.0,0.0,0.0,0.0,0.0,0.0,0.0,0.0,0.0,,,,TCU,College Stats,PryoMa00,2018.0,13.0
6.0,207.0,GNB,Equanimeous St. Brown,WR,21.0,2024.0,0.0,0.0,2.0,8.0,4.0,62.0,0.0,0.0,0.0,0.0,0.0,11.0,80.0,0.0,63.0,928.0,2.0,8.0,,,Notre Dame,College Stats,St.BEq00,2018.0,-5.882352941176471
6.0,208.0,DAL,Cedrick Wilson Jr.,WR,22.0,2025.0,0.0,0.0,0.0,11.0,6.0,93.0,6.0,6.0,132.0,2.0,0.0,6.0,7.0,0.0,126.0,1524.0,12.0,4.0,,,Boise St.,College Stats,WilsCe01,2018.0,5.333333333333333
6.0,209.0,MIA,Cornell Armstrong,CB,22.0,2025.0,0.0,0.0,0.0,3.0,1.0,42.0,0.0,0.0,0.0,0.0,0.0,0.0,0.0,0.0,0.0,0.0,0.0,34.0,,,Southern Miss,College Stats,ArmsCo00,2018.0,-4.428571428571429
6.0,210.0,NWE,Braxton Berrios,WR,22.0,2025.0,1.0,0.0,0.0,11.0,,91.0,1.0,1.0,2.0,1.0,0.0,20.0,171.0,4.0,140.0,1360.0,6.0,1.0,,,Miami (FL),College Stats,BerrBr00,2018.0,3.0588235294117645
6.0,211.0,HOU,Jordan Thomas,TE,22.0,2020.0,0.0,0.0,1.0,2.0,2.0,27.0,0.0,0.0,0.0,0.0,0.0,0.0,0.0,0.0,22.0,226.0,5.0,,,,Mississippi St.,College Stats,ThomJo05,2018.0,-3.4000000000000004
6.0,212.0,BAL,Greg Senat,T,23.0,2020.0,0.0,0.0,0.0,1.0,,10.0,0.0,0.0,0.0,0.0,0.0,0.0,0.0,0.0,0.0,0.0,0.0,,,,Wagner,,SenaGr00,2018.0,-3.25
6.0,213.0,MIN,Colby Gossett,G,23.0,2022.0,0.0,0.0,0.0,4.0,,36.0,0.0,0.0,0.0,0.0,0.0,0.0,0.0,0.0,0.0,0.0,0.0,,,,Appalachian St.,College Stats,GossCo00,2018.0,-4.0
6.0,214.0,HOU,Peter Kalambayi,LB,23.0,2020.0,0.0,0.0,0.0,3.0,3.0,41.0,0.0,0.0,0.0,0.0,0.0,0.0,0.0,0.0,0.0,0.0,0.0,17.0,,,Stanford,College Stats,KalaPe00,2018.0,-4.0
6.0,215.0,BAL,Bradley Bozeman,C,23.0,2025.0,0.0,0.0,6.0,41.0,23.0,129.0,0.0,0.0,0.0,0.0,0.0,0.0,0.0,0.0,0.0,0.0,0.0,1.0,,,Alabama,College Stats,BozeBr00,2018.0,32.388888888888886
6.0,216.0,OAK,Azeem Victor,LB,22.0,,0.0,0.0,0.0,,,,,,,,,,,,,,,,,,Washington,College Stats,VictAz00,2018.0,
6.0,217.0,DEN,Keishawn Bierria,ILB,23.0,2019.0,0.0,0.0,0.0,1.0,1.0,21.0,0.0,0.0,0.0,0.0,0.0,0.0,0.0,0.0,0.0,0.0,0.0,3.0,,,Washington,College Stats,BierKe00,2018.0,-6.235294117647059
6.0,218.0,MIN,Ade Aruna,DE,24.0,,0.0,0.0,0.0,,,,,,,,,,,,,,,,,,Tulane,College Stats,ArunAd00,2018.0,
7.0,219.0,NWE,Danny Etling,QB,24.0,,0.0,0.0,0.0,,,,,,,,,,,,,,,,,,LSU,College Stats,EtliDa00,2018.0,
7.0,220.0,SEA,Alex McGough,QB,22.0,,0.0,0.0,0.0,,,,,,,,,,,,,,,,,,Florida International,College Stats,McGoAl00,2018.0,
7.0,221.0,IND,Matthew Adams,LB,22.0,2024.0,0.0,0.0,1.0,14.0,9.0,98.0,0.0,0.0,0.0,0.0,0.0,0.0,0.0,0.0,0.0,0.0,0.0,71.0,,,Houston,College Stats,AdamMa00,2018.0,6.285714285714286
7.0,222.0,HOU,Jermaine Kelly,CB,23.0,,0.0,0.0,0.0,,,,,,,,,,,,,,,,,,San Jose St.,College Stats,KellJe01,2018.0,
7.0,223.0,SFO,Jullian Taylor,DT,23.0,2019.0,0.0,0.0,0.0,1.0,1.0,12.0,0.0,0.0,0.0,0.0,0.0,0.0,0.0,0.0,0.0,0.0,0.0,11.0,,,Temple,College Stats,TaylJu00,2018.0,-3.7857142857142856
7.0,224.0,CHI,Javon Wims,WR,23.0,2022.0,0.0,0.0,0.0,1.0,1.0,34.0,0.0,0.0,0.0,0.0,0.0,1.0,2.0,0.0,28.0,266.0,2.0,,,,Georgia,College Stats,WimsJa00,2018.0,-15.0
7.0,225.0,MIN,Devante Downs,LB,22.0,2020.0,0.0,0.0,0.0,6.0,1.0,36.0,0.0,0.0,0.0,0.0,0.0,0.0,0.0,0.0,0.0,0.0,0.0,27.0,,,California,College Stats,DownDe00,2018.0,-0.0588235294117645
7.0,226.0,DEN,David Williams,RB,24.0,2018.0,0.0,0.0,0.0,0.0,,6.0,0.0,0.0,0.0,0.0,0.0,8.0,36.0,0.0,0.0,0.0,0.0,,,,Arkansas,College Stats,WillDa011,2018.0,-7.176470588235294
7.0,227.0,MIA,Quentin Poling,LB,24.0,2019.0,0.0,0.0,0.0,0.0,,1.0,0.0,0.0,0.0,0.0,0.0,0.0,0.0,0.0,0.0,0.0,0.0,,,,Ohio,College Stats,PoliQu00,2018.0,-5.1875
7.0,228.0,OAK,Marcell Ateman,WR,23.0,2021.0,0.0,0.0,0.0,2.0,2.0,19.0,0.0,0.0,0.0,0.0,0.0,0.0,0.0,0.0,20.0,270.0,1.0,,,,Oklahoma St.,College Stats,AtemMa00,2018.0,-3.333333333333333
7.0,229.0,MIA,Jason Sanders,K,22.0,2024.0,1.0,0.0,2.0,23.0,23.0,116.0,0.0,0.0,0.0,0.0,0.0,0.0,0.0,0.0,1.0,1.0,1.0,4.0,,,New Mexico,College Stats,SandJa00,2018.0,16.944444444444443
7.0,230.0,JAX,Leon Jacobs,OLB,22.0,2020.0,0.0,0.0,1.0,7.0,7.0,29.0,0.0,0.0,0.0,0.0,0.0,0.0,0.0,0.0,0.0,0.0,0.0,50.0,,2.0,Wisconsin,College Stats,JacoLe00,2018.0,-2.1111111111111107
7.0,231.0,LAR,Travin Howard,OLB,22.0,2022.0,0.0,0.0,0.0,3.0,3.0,29.0,0.0,0.0,0.0,0.0,0.0,0.0,0.0,0.0,0.0,0.0,0.0,35.0,1.0,,TCU,College Stats,HowaTr00,2018.0,-0.125
7.0,232.0,GNB,James Looney,DE,23.0,2018.0,0.0,0.0,0.0,0.0,0.0,3.0,0.0,0.0,0.0,0.0,0.0,0.0,0.0,0.0,0.0,0.0,0.0,,,,California,College Stats,LoonJa00,2018.0,-6.8125
7.0,233.0,PHI,Jordan Mailata,T,21.0,2025.0,0.0,0.0,5.0,41.0,41.0,90.0,0.0,0.0,0.0,0.0,0.0,0.0,0.0,0.0,0.0,0.0,0.0,1.0,,,,,MailJo00,2018.0,24.0
7.0,234.0,CAR,Andre Smith,ILB,21.0,2023.0,0.0,0.0,0.0,6.0,1.0,62.0,0.0,0.0,0.0,0.0,0.0,0.0,0.0,0.0,0.0,0.0,0.0,35.0,,,North Carolina,College Stats,SmitAn04,2018.0,0.22222222222222232
7.0,235.0,IND,Zaire Franklin,LB,22.0,2025.0,0.0,1.0,4.0,40.0,40.0,132.0,0.0,0.0,0.0,0.0,0.0,0.0,0.0,0.0,0.0,0.0,0.0,417.0,3.0,10.0,Syracuse,College Stats,FranZa00,2018.0,30.125
7.0,236.0,DAL,Bo Scarbrough,RB,23.0,2020.0,0.0,0.0,0.0,2.0,,7.0,0.0,0.0,0.0,0.0,0.0,95.0,408.0,1.0,1.0,5.0,0.0,,,,Alabama,College Stats,ScarBo01,2018.0,-0.8823529411764706
7.0,237.0,DET,Nick Bawden,RB,22.0,2023.0,0.0,0.0,0.0,0.0,0.0,35.0,0.0,0.0,0.0,0.0,0.0,2.0,4.0,1.0,8.0,58.0,0.0,1.0,,,San Diego St.,College Stats,BawdNi00,2018.0,-2.6842105263157894
7.0,238.0,BAL,Zach Sieler,DE,23.0,2025.0,0.0,0.0,3.0,38.0,0.0,108.0,0.0,0.0,0.0,0.0,0.0,0.0,0.0,0.0,0.0,0.0,0.0,199.0,2.0,35.5,Ferris St.,,SielZa00,2018.0,29.846153846153847
7.0,239.0,GNB,Hunter Bradley,LS,24.0,2022.0,0.0,0.0,0.0,3.0,3.0,58.0,0.0,0.0,0.0,0.0,0.0,0.0,0.0,0.0,0.0,0.0,0.0,1.0,,,Mississippi St.,College Stats,BradHu00,2018.0,-7.588235294117647
7.0,240.0,SFO,Richie James,WR,23.0,2023.0,0.0,0.0,1.0,13.0,6.0,66.0,0.0,0.0,0.0,0.0,0.0,4.0,5.0,0.0,105.0,1372.0,7.0,2.0,,,Middle Tenn. St.,College Stats,JameRi00,2018.0,6.666666666666667
7.0,241.0,WAS,Greg Stroman,CB,22.0,2024.0,0.0,0.0,0.0,4.0,2.0,33.0,0.0,0.0,0.0,0.0,0.0,0.0,0.0,0.0,0.0,0.0,0.0,56.0,3.0,1.0,Virginia Tech,College Stats,StroGr00,2018.0,-0.7857142857142856
7.0,242.0,CAR,Kendrick Norton,DT,21.0,,0.0,0.0,0.0,,,,,,,,,,,,,,,,,,Miami (FL),College Stats,NortKe01,2018.0,
7.0,243.0,NWE,Keion Crossen,CB,22.0,2025.0,0.0,0.0,0.0,6.0,1.0,76.0,0.0,0.0,0.0,0.0,0.0,0.0,0.0,0.0,0.0,0.0,0.0,85.0,,1.0,Western Carolina,,CrosKe00,2018.0,0.20000000000000018
7.0,244.0,LAR,Justin Lawler,DE,23.0,2021.0,0.0,0.0,0.0,1.0,1.0,19.0,0.0,0.0,0.0,0.0,0.0,0.0,0.0,0.0,0.0,0.0,0.0,4.0,,,SMU,College Stats,LawlJu00,2018.0,-12.3125
7.0,245.0,NOR,Will Clapp,C,22.0,2024.0,0.0,0.0,1.0,12.0,4.0,66.0,0.0,0.0,0.0,0.0,0.0,0.0,0.0,0.0,0.0,0.0,0.0,,,,LSU,College Stats,ClapWi00,2018.0,5.666666666666667
7.0,246.0,PIT,Joshua Frazier,DT,22.0,,0.0,0.0,0.0,,,,,,,,,,,,,,,,,,Alabama,College Stats,FrazJo00,2018.0,
7.0,247.0,JAX,Logan Cooke,P,23.0,2025.0,0.0,1.0,2.0,19.0,19.0,129.0,4.0,4.0,33.0,0.0,0.0,0.0,0.0,0.0,0.0,0.0,0.0,4.0,,,Mississippi St.,College Stats,CookLo00,2018.0,15.285714285714285
7.0,248.0,GNB,Kendall Donnerson,OLB,22.0,,0.0,0.0,0.0,,,,,,,,,,,,,,,,,,SE Missouri St.,,DonnKe00,2018.0,
7.0,249.0,CIN,Logan Woodside,QB,23.0,2023.0,0.0,0.0,0.0,0.0,,13.0,4.0,7.0,34.0,0.0,1.0,14.0,10.0,0.0,0.0,0.0,0.0,,,,Toledo,College Stats,WoodLo00,2018.0,-7.705882352941177
7.0,250.0,NWE,Ryan Izzo,TE,22.0,2021.0,0.0,0.0,1.0,3.0,3.0,19.0,0.0,0.0,0.0,0.0,0.0,0.0,0.0,0.0,19.0,313.0,1.0,,,,Florida St.,College Stats,IzzoRy00,2018.0,-12.071428571428571
7.0,251.0,LAC,Justin Jackson,RB,22.0,2022.0,0.0,0.0,0.0,12.0,10.0,59.0,0.0,0.0,0.0,0.0,0.0,248.0,1210.0,5.0,77.0,609.0,1.0,10.0,,,Northwestern,College Stats,JackJu01,2018.0,2.5
7.0,252.0,CIN,Rod Taylor,G,23.0,,0.0,0.0,0.0,,,,,,,,,,,,,,,,,,Mississippi,College Stats,TaylRo01,2018.0,
7.0,253.0,CIN,Auden Tate,WR,21.0,2021.0,0.0,0.0,1.0,5.0,5.0,35.0,0.0,0.0,0.0,0.0,0.0,0.0,0.0,0.0,61.0,799.0,2.0,,,,Florida St.,College Stats,TateAu00,2018.0,-1.7692307692307692
7.0,254.0,ARI,Korey Cunningham,T,23.0,2022.0,0.0,0.0,0.0,4.0,2.0,31.0,0.0,0.0,0.0,0.0,0.0,0.0,0.0,0.0,0.0,0.0,0.0,,,,Cincinnati,College Stats,CunnKo00,2018.0,-1.0
7.0,255.0,BUF,Austin Proehl,WR,22.0,,0.0,0.0,0.0,,,,,,,,,,,,,,,,,,North Carolina,College Stats,ProeAu00,2018.0,
7.0,256.0,WAS,Trey Quinn,WR,22.0,2020.0,0.0,0.0,0.0,2.0,2.0,16.0,0.0,0.0,0.0,0.0,0.0,1.0,0.0,0.0,35.0,273.0,2.0,,,,SMU,College Stats,QuinTr00,2018.0,-4.2
1.0,1.0,ARI,Kyler Murray,QB,22.0,2025.0,0.0,2.0,5.0,71.0,71.0,87.0,1974.0,2941.0,20460.0,121.0,60.0,532.0,3193.0,32.0,0.0,7.0,0.0,,,,Oklahoma,College Stats,MurrKy00,2019.0,-5.428571428571431
1.0,2.0,SFO,Nick Bosa,DE,21.0,2025.0,1.0,5.0,5.0,58.0,58.0,85.0,0.0,0.0,0.0,0.0,0.0,0.0,0.0,0.0,0.0,0.0,0.0,192.0,2.0,64.5,Ohio St.,College Stats,BosaNi00,2019.0,4.5238095238095255
1.0,3.0,NYJ,Quinnen Williams,DT,21.0,2025.0,1.0,4.0,6.0,60.0,55.0,105.0,0.0,0.0,0.0,0.0,0.0,0.0,0.0,0.0,0.0,0.0,0.0,208.0,2.0,41.5,Alabama,College Stats,WillQu00,2019.0,7.714285714285715
1.0,4.0,OAK,Clelin Ferrell,DE,22.0,2025.0,0.0,0.0,4.0,24.0,12.0,98.0,0.0,0.0,0.0,0.0,0.0,0.0,0.0,0.0,0.0,0.0,0.0,97.0,,21.0,Clemson,College Stats,FerrCl00,2019.0,-29.904761904761905
1.0,5.0,TAM,Devin White,LB,21.0,2025.0,0.0,1.0,5.0,51.0,45.0,100.0,0.0,0.0,0.0,0.0,0.0,0.0,0.0,0.0,0.0,0.0,0.0,474.0,4.0,25.5,LSU,College Stats,WhitDe02,2019.0,-4.4761904761904745
1.0,6.0,NYG,Daniel Jones,QB,22.0,2025.0,0.0,0.0,5.0,52.0,40.0,83.0,1698.0,2625.0,17683.0,89.0,55.0,444.0,2343.0,20.0,1.0,16.0,0.0,,,,Duke,College Stats,JoneDa05,2019.0,1.1904761904761898
1.0,7.0,JAX,Josh Hines-Allen,LB,22.0,2025.0,0.0,2.0,5.0,45.0,45.0,107.0,0.0,0.0,0.0,0.0,0.0,0.0,0.0,0.0,0.0,0.0,0.0,216.0,2.0,61.0,Kentucky,College Stats,AlleJo03,2019.0,-3.047619047619051
1.0,8.0,DET,T.J. Hockenson,TE,22.0,2025.0,0.0,2.0,3.0,33.0,16.0,97.0,0.0,0.0,0.0,0.0,0.0,2.0,0.0,0.0,433.0,4440.0,26.0,2.0,,,Iowa,College Stats,HockTJ00,2019.0,-10.38095238095238
1.0,9.0,BUF,Ed Oliver,DT,21.0,2025.0,0.0,0.0,5.0,43.0,43.0,95.0,0.0,0.0,0.0,0.0,0.0,0.0,0.0,0.0,0.0,0.0,0.0,154.0,1.0,30.0,Houston,College Stats,OlivEd00,2019.0,-5.238095238095241
1.0,10.0,PIT,Devin Bush Jr.,LB,21.0,2025.0,0.0,0.0,3.0,37.0,21.0,98.0,0.0,0.0,0.0,0.0,0.0,0.0,0.0,0.0,0.0,0.0,0.0,299.0,5.0,7.0,Michigan,College Stats,BushDe01,2019.0,-2.3809523809523796
1.0,11.0,CIN,Jonah Williams,G,21.0,2025.0,0.0,0.0,4.0,37.0,31.0,74.0,0.0,0.0,0.0,0.0,0.0,0.0,0.0,0.0,0.0,0.0,0.0,,,,Alabama,College Stats,WillJo10,2019.0,-15.952380952380949
1.0,12.0,GNB,Rashan Gary,LB,21.0,2025.0,0.0,1.0,4.0,36.0,36.0,106.0,0.0,0.0,0.0,0.0,0.0,0.0,0.0,0.0,0.0,0.0,0.0,154.0,,46.5,Michigan,College Stats,GaryRa00,2019.0,-9.38095238095238
1.0,13.0,MIA,Christian Wilkins,DT,23.0,2024.0,0.0,0.0,5.0,35.0,34.0,86.0,0.0,0.0,0.0,0.0,0.0,0.0,0.0,0.0,2.0,2.0,2.0,215.0,1.0,22.5,Clemson,College Stats,WilkCh00,2019.0,-18.142857142857146
1.0,14.0,ATL,Chris Lindstrom,G,22.0,2025.0,0.0,4.0,5.0,49.0,49.0,105.0,0.0,0.0,0.0,0.0,0.0,0.0,0.0,0.0,0.0,0.0,0.0,2.0,,,Boston Col.,College Stats,LindCh00,2019.0,3.80952380952381
1.0,15.0,WAS,Dwayne Haskins,QB,22.0,2020.0,0.0,0.0,0.0,4.0,4.0,16.0,267.0,444.0,2804.0,12.0,14.0,40.0,147.0,1.0,0.0,0.0,0.0,,,,Ohio St.,College Stats,HaskDw00,2019.0,-33.76190476190476
1.0,16.0,CAR,Brian Burns,DE,21.0,2025.0,0.0,3.0,5.0,53.0,34.0,114.0,0.0,0.0,0.0,0.0,0.0,0.0,0.0,0.0,0.0,0.0,0.0,232.0,,71.0,Florida St.,College Stats,BurnBr00,2019.0,10.666666666666664
1.0,17.0,NYG,Dexter Lawrence,DT,21.0,2025.0,0.0,3.0,5.0,55.0,55.0,109.0,0.0,0.0,0.0,0.0,0.0,0.0,0.0,0.0,0.0,0.0,0.0,185.0,1.0,30.5,Clemson,College Stats,LawrDe03,2019.0,9.61904761904762
1.0,18.0,MIN,Garrett Bradbury,C,24.0,2025.0,0.0,0.0,6.0,41.0,32.0,105.0,0.0,0.0,0.0,0.0,0.0,0.0,0.0,0.0,2.0,17.0,0.0,1.0,,,North Carolina St.,College Stats,BradGa00,2019.0,-2.5238095238095255
1.0,19.0,TEN,Jeffery Simmons,DT,22.0,2025.0,1.0,4.0,6.0,62.0,62.0,99.0,0.0,0.0,0.0,0.0,0.0,0.0,0.0,0.0,2.0,3.0,2.0,219.0,,42.5,Mississippi St.,College Stats,SimmJe01,2019.0,25.80952380952381
1.0,20.0,DEN,Noah Fant,TE,21.0,2025.0,0.0,0.0,5.0,26.0,14.0,110.0,0.0,0.0,0.0,0.0,0.0,3.0,-12.0,0.0,334.0,3593.0,18.0,2.0,,,Iowa,College Stats,FantNo00,2019.0,-11.61904761904762
1.0,21.0,GNB,Darnell Savage Jr.,S,22.0,2025.0,0.0,0.0,6.0,24.0,21.0,97.0,0.0,0.0,0.0,0.0,0.0,0.0,0.0,0.0,0.0,0.0,0.0,275.0,10.0,1.0,Maryland,College Stats,SavaDa00,2019.0,-11.333333333333336
1.0,22.0,PHI,Andre Dillard,T,23.0,2024.0,0.0,0.0,1.0,12.0,6.0,69.0,0.0,0.0,0.0,0.0,0.0,0.0,0.0,0.0,0.0,0.0,0.0,,,,Washington St.,College Stats,DillAn00,2019.0,-18.857142857142858
1.0,23.0,HOU,Tytus Howard,T,23.0,2025.0,0.0,0.0,5.0,36.0,36.0,93.0,0.0,0.0,0.0,0.0,0.0,0.0,0.0,0.0,0.0,0.0,0.0,,,,Alabama St.,,HowaTy00,2019.0,5.0
1.0,24.0,OAK,Josh Jacobs,RB,21.0,2025.0,1.0,3.0,6.0,57.0,38.0,105.0,0.0,0.0,0.0,0.0,0.0,1840.0,7803.0,74.0,269.0,2072.0,2.0,3.0,,,Alabama,College Stats,JacoJo01,2019.0,5.095238095238095
1.0,25.0,BAL,Marquise Brown,WR,22.0,2025.0,0.0,0.0,4.0,39.0,24.0,90.0,0.0,0.0,0.0,0.0,0.0,5.0,30.0,0.0,371.0,4322.0,33.0,3.0,,,Oklahoma,College Stats,BrowMa04,2019.0,3.7142857142857153
1.0,26.0,WAS,Montez Sweat,DE,23.0,2025.0,0.0,1.0,5.0,48.0,28.0,109.0,0.0,0.0,0.0,0.0,0.0,0.0,0.0,0.0,0.0,0.0,0.0,191.0,1.0,57.0,Mississippi St.,College Stats,SweaMo00,2019.0,19.523809523809526
1.0,27.0,OAK,Johnathan Abram,S,22.0,2024.0,0.0,0.0,2.0,13.0,10.0,55.0,0.0,0.0,0.0,0.0,0.0,0.0,0.0,0.0,0.0,0.0,0.0,191.0,5.0,,Mississippi St.,College Stats,AbraJo01,2019.0,-29.285714285714285
1.0,28.0,LAC,Jerry Tillery,DT,22.0,2025.0,0.0,0.0,2.0,26.0,14.0,113.0,0.0,0.0,0.0,0.0,0.0,0.0,0.0,0.0,0.0,0.0,0.0,97.0,,14.0,Notre Dame,College Stats,TillJe00,2019.0,-5.428571428571427
1.0,29.0,SEA,L.J. Collier,DE,23.0,2025.0,0.0,0.0,2.0,16.0,10.0,67.0,0.0,0.0,0.0,0.0,0.0,0.0,0.0,0.0,0.0,0.0,0.0,40.0,,6.5,TCU,College Stats,CollLJ00,2019.0,-13.857142857142858
1.0,30.0,NYG,Deandre Baker,CB,22.0,2021.0,0.0,0.0,1.0,6.0,5.0,26.0,0.0,0.0,0.0,0.0,0.0,0.0,0.0,0.0,0.0,0.0,0.0,65.0,,1.0,Georgia,College Stats,BakeDe00,2019.0,-29.19047619047619
1.0,31.0,ATL,Kaleb McGary,T,24.0,2024.0,0.0,0.0,6.0,39.0,39.0,93.0,0.0,0.0,0.0,0.0,0.0,0.0,0.0,0.0,1.0,-3.0,0.0,,,,Washington,College Stats,McGaKa00,2019.0,4.4761904761904745
1.0,32.0,NWE,N'Keal Harry,WR,21.0,2023.0,0.0,0.0,1.0,7.0,6.0,49.0,0.0,0.0,0.0,0.0,0.0,7.0,49.0,0.0,64.0,714.0,5.0,,,,Arizona St.,College Stats,HarrNK00,2019.0,-34.904761904761905
2.0,33.0,ARI,Byron Murphy,CB,21.0,2025.0,0.0,1.0,5.0,40.0,16.0,104.0,0.0,0.0,0.0,0.0,0.0,0.0,0.0,0.0,0.0,0.0,0.0,337.0,16.0,3.0,Washington,College Stats,MurpBy00,2019.0,5.761904761904759
2.0,34.0,IND,Rock Ya-Sin,CB,23.0,2025.0,0.0,0.0,1.0,17.0,11.0,96.0,0.0,0.0,0.0,0.0,0.0,0.0,0.0,0.0,0.0,0.0,0.0,193.0,2.0,,Temple,College Stats,Ya-SRo00,2019.0,-20.523809523809526
2.0,35.0,JAX,Jawaan Taylor,T,21.0,2025.0,0.0,0.0,6.0,42.0,25.0,111.0,0.0,0.0,0.0,0.0,0.0,0.0,0.0,0.0,0.0,0.0,0.0,1.0,,,Florida,College Stats,TaylJa02,2019.0,2.952380952380949
2.0,36.0,SFO,Deebo Samuel,WR,23.0,2025.0,1.0,1.0,5.0,52.0,47.0,97.0,1.0,3.0,24.0,1.0,0.0,219.0,1218.0,21.0,406.0,5519.0,27.0,2.0,,,South Carolina,College Stats,SamuDe00,2019.0,11.42857142857143
2.0,37.0,CAR,Greg Little,T,21.0,2022.0,0.0,0.0,0.0,8.0,3.0,31.0,0.0,0.0,0.0,0.0,0.0,0.0,0.0,0.0,0.0,0.0,0.0,1.0,,,Mississippi,College Stats,LittGr01,2019.0,-27.42857142857143
2.0,38.0,BUF,Cody Ford,T,22.0,2025.0,0.0,0.0,1.0,22.0,13.0,99.0,0.0,0.0,0.0,0.0,0.0,0.0,0.0,0.0,1.0,21.0,0.0,1.0,,,Oklahoma,College Stats,FordCo00,2019.0,-2.8571428571428577
2.0,39.0,TAM,Sean Murphy-Bunting,CB,22.0,2024.0,0.0,0.0,3.0,24.0,14.0,82.0,0.0,0.0,0.0,0.0,0.0,0.0,0.0,0.0,0.0,0.0,0.0,211.0,11.0,1.0,Central Michigan,College Stats,BuntSe00,2019.0,-8.714285714285715
2.0,40.0,OAK,Trayvon Mullen,CB,21.0,2022.0,0.0,0.0,2.0,11.0,11.0,46.0,0.0,0.0,0.0,0.0,0.0,0.0,0.0,0.0,0.0,0.0,0.0,128.0,4.0,,Clemson,College Stats,MullTr00,2019.0,-12.428571428571427
2.0,41.0,DEN,Dalton Risner,T,24.0,2025.0,0.0,0.0,5.0,30.0,20.0,101.0,0.0,0.0,0.0,0.0,0.0,0.0,0.0,0.0,0.0,0.0,0.0,,,,Kansas St.,College Stats,RisnDa00,2019.0,1.2857142857142847
2.0,42.0,DEN,Drew Lock,QB,22.0,2025.0,0.0,0.0,1.0,14.0,12.0,41.0,578.0,970.0,6369.0,34.0,28.0,101.0,427.0,7.0,1.0,1.0,0.0,1.0,,,Missouri,College Stats,LockDr00,2019.0,-14.61904761904762
2.0,43.0,DET,Jahlani Tavai,LB,22.0,2025.0,0.0,0.0,4.0,34.0,7.0,107.0,0.0,0.0,0.0,0.0,0.0,0.0,0.0,0.0,0.0,0.0,0.0,256.0,4.0,5.5,Hawaii,College Stats,TavaJa00,2019.0,10.904761904761905
2.0,44.0,GNB,Elgton Jenkins,C,23.0,2025.0,0.0,2.0,5.0,48.0,48.0,96.0,0.0,0.0,0.0,0.0,0.0,0.0,0.0,0.0,0.0,0.0,0.0,,,,Mississippi St.,College Stats,JenkEl00,2019.0,20.0
2.0,45.0,NWE,Joejuan Williams,CB,21.0,2023.0,0.0,0.0,0.0,3.0,3.0,42.0,0.0,0.0,0.0,0.0,0.0,0.0,0.0,0.0,0.0,0.0,0.0,32.0,,,Vanderbilt,College Stats,WillJo13,2019.0,-23.80952380952381
2.0,46.0,CLE,Greedy Williams,CB,21.0,2022.0,0.0,0.0,1.0,8.0,8.0,39.0,0.0,0.0,0.0,0.0,0.0,0.0,0.0,0.0,0.0,0.0,0.0,78.0,2.0,,LSU,College Stats,WillGr00,2019.0,-20.61904761904762
2.0,47.0,SEA,Marquise Blair,S,22.0,2024.0,0.0,0.0,0.0,2.0,2.0,26.0,0.0,0.0,0.0,0.0,0.0,0.0,0.0,0.0,0.0,0.0,0.0,36.0,,,Utah,College Stats,BlaiMa01,2019.0,-31.04761904761905
2.0,48.0,NOR,Erik McCoy,C,22.0,2025.0,0.0,2.0,5.0,35.0,35.0,88.0,0.0,0.0,0.0,0.0,0.0,0.0,0.0,0.0,0.0,0.0,0.0,1.0,,,Texas A&M,College Stats,McCoEr01,2019.0,6.19047619047619
2.0,49.0,IND,Ben Banogu,LB,23.0,2022.0,0.0,0.0,0.0,4.0,4.0,50.0,0.0,0.0,0.0,0.0,0.0,0.0,0.0,0.0,0.0,0.0,0.0,13.0,,2.5,TCU,College Stats,BanoBe00,2019.0,-19.6
2.0,50.0,MIN,Irv Smith Jr.,TE,21.0,2024.0,0.0,0.0,0.0,9.0,8.0,54.0,0.0,0.0,0.0,0.0,0.0,0.0,0.0,0.0,109.0,973.0,10.0,3.0,,,Alabama,College Stats,SmitIr01,2019.0,-19.714285714285715
2.0,51.0,TEN,A.J. Brown,WR,22.0,2025.0,0.0,3.0,6.0,73.0,25.0,105.0,0.0,2.0,0.0,0.0,0.0,5.0,70.0,1.0,524.0,8029.0,56.0,4.0,,,Mississippi,College Stats,BrowAJ00,2019.0,47.15789473684211
2.0,52.0,CIN,Drew Sample,TE,23.0,2025.0,0.0,0.0,3.0,7.0,7.0,95.0,0.0,0.0,0.0,0.0,0.0,2.0,-1.0,0.0,115.0,836.0,5.0,1.0,,,Washington,College Stats,SampDr00,2019.0,-16.666666666666668
2.0,53.0,PHI,Miles Sanders,RB,22.0,2025.0,0.0,1.0,4.0,34.0,29.0,88.0,0.0,0.0,0.0,0.0,0.0,943.0,4462.0,24.0,183.0,1274.0,4.0,,,,Penn St.,College Stats,SandMi01,2019.0,7.857142857142858
2.0,54.0,HOU,Lonnie Johnson Jr.,CB,23.0,2025.0,0.0,0.0,0.0,11.0,8.0,92.0,0.0,0.0,0.0,0.0,0.0,0.0,0.0,0.0,0.0,0.0,0.0,164.0,4.0,,Kentucky,College Stats,JohnLo01,2019.0,-11.904761904761905
2.0,55.0,HOU,Max Scharping,T,23.0,2024.0,0.0,0.0,3.0,18.0,16.0,81.0,0.0,0.0,0.0,0.0,0.0,0.0,0.0,0.0,0.0,7.0,0.0,,,,Northern Illinois,College Stats,SchaMa01,2019.0,-15.047619047619051
2.0,56.0,KAN,Mecole Hardman,WR,21.0,2025.0,0.0,1.0,0.0,23.0,23.0,82.0,0.0,0.0,0.0,0.0,0.0,26.0,190.0,3.0,178.0,2302.0,16.0,1.0,,,Georgia,College Stats,HardMe00,2019.0,2.4210526315789487
2.0,57.0,PHI,JJ Arcega-Whiteside,WR,22.0,2021.0,0.0,0.0,0.0,2.0,2.0,40.0,0.0,0.0,0.0,0.0,0.0,0.0,0.0,0.0,16.0,290.0,1.0,4.0,,,Stanford,College Stats,ArceJJ00,2019.0,-20.80952380952381
2.0,58.0,DAL,Trysten Hill,DT,21.0,2024.0,0.0,0.0,0.0,5.0,5.0,34.0,0.0,0.0,0.0,0.0,0.0,0.0,0.0,0.0,0.0,0.0,0.0,27.0,,1.5,Central Florida,College Stats,HillTr00,2019.0,-19.523809523809526
2.0,59.0,IND,Parris Campbell,WR,22.0,2025.0,0.0,0.0,1.0,9.0,9.0,50.0,0.0,0.0,0.0,0.0,0.0,11.0,108.0,0.0,123.0,1117.0,6.0,1.0,,,Ohio St.,College Stats,CampPa00,2019.0,-12.904761904761905
2.0,60.0,LAC,Nasir Adderley,S,22.0,2022.0,0.0,0.0,3.0,13.0,13.0,50.0,0.0,0.0,0.0,0.0,0.0,0.0,0.0,0.0,0.0,0.0,0.0,168.0,3.0,0.5,Delaware,,AddeNa00,2019.0,-12.095238095238095
2.0,61.0,LAR,Taylor Rapp,S,21.0,2025.0,0.0,0.0,4.0,25.0,18.0,93.0,0.0,0.0,0.0,0.0,0.0,0.0,0.0,0.0,0.0,0.0,0.0,314.0,12.0,2.0,Washington,College Stats,RappTa00,2019.0,-3.8571428571428577
2.0,62.0,ARI,Andy Isabella,WR,22.0,2023.0,0.0,0.0,0.0,4.0,4.0,43.0,0.0,0.0,0.0,0.0,0.0,6.0,10.0,0.0,33.0,447.0,3.0,3.0,,,Massachusetts,College Stats,IsabAn00,2019.0,-21.75
2.0,63.0,KAN,Juan Thornhill,S,23.0,2025.0,0.0,0.0,5.0,24.0,17.0,97.0,0.0,0.0,0.0,0.0,0.0,0.0,0.0,0.0,0.0,0.0,0.0,256.0,8.0,1.0,Virginia,College Stats,ThorJu00,2019.0,-6.899999999999999
2.0,64.0,SEA,D.K. Metcalf,WR,21.0,2025.0,0.0,2.0,6.0,57.0,50.0,112.0,0.0,0.0,0.0,0.0,0.0,5.0,29.0,1.0,497.0,7174.0,54.0,2.0,,,Mississippi,College Stats,MetcDK00,2019.0,27.095238095238095
3.0,65.0,ARI,Zach Allen,DE,22.0,2025.0,1.0,1.0,5.0,52.0,14.0,95.0,0.0,0.0,0.0,0.0,0.0,0.0,0.0,0.0,0.0,0.0,0.0,152.0,1.0,32.0,Boston Col.,College Stats,AlleZa01,2019.0,26.1
3.0,66.0,PIT,Diontae Johnson,WR,23.0,2024.0,0.0,1.0,5.0,35.0,33.0,89.0,0.0,0.0,0.0,0.0,0.0,21.0,140.0,0.0,424.0,4738.0,28.0,2.0,,,Toledo,College Stats,JohnDi01,2019.0,9.523809523809526
3.0,67.0,SFO,Jalen Hurd,WR,23.0,,0.0,0.0,0.0,,,,,,,,,,,,,,,,,,Baylor,College Stats,HurdJa00,2019.0,
3.0,68.0,NYJ,Jachai Polite,LB,22.0,2020.0,0.0,0.0,0.0,1.0,,11.0,0.0,0.0,0.0,0.0,0.0,0.0,0.0,0.0,0.0,0.0,0.0,3.0,,1.0,Florida,College Stats,PoliJa00,2019.0,-15.476190476190474
3.0,69.0,JAX,Josh Oliver,TE,22.0,2025.0,0.0,0.0,3.0,7.0,0.0,82.0,0.0,0.0,0.0,0.0,0.0,0.0,0.0,0.0,85.0,861.0,11.0,3.0,,,San Jose St.,College Stats,OlivJo00,2019.0,-19.571428571428573
3.0,70.0,LAR,Darrell Henderson,RB,22.0,2023.0,0.0,0.0,1.0,15.0,15.0,54.0,0.0,0.0,0.0,0.0,0.0,442.0,1854.0,15.0,76.0,577.0,4.0,1.0,,,Memphis,College Stats,HendDa00,2019.0,-7.904761904761905
3.0,71.0,DEN,Dre'Mont Jones,DT,22.0,2025.0,0.0,0.0,4.0,33.0,16.0,108.0,0.0,0.0,0.0,0.0,0.0,0.0,0.0,0.0,0.0,0.0,0.0,135.0,1.0,37.5,Ohio St.,College Stats,JoneDr00,2019.0,5.142857142857142
3.0,72.0,CIN,Germaine Pratt,LB,23.0,2025.0,0.0,0.0,6.0,45.0,38.0,112.0,0.0,0.0,0.0,0.0,0.0,0.0,0.0,0.0,0.0,0.0,0.0,422.0,8.0,3.5,North Carolina St.,College Stats,PratGe00,2019.0,26.4
3.0,73.0,CHI,David Montgomery,RB,22.0,2025.0,0.0,0.0,5.0,49.0,26.0,105.0,2.0,4.0,6.0,2.0,1.0,1477.0,6115.0,59.0,231.0,1890.0,4.0,,,,Iowa St.,College Stats,MontDa01,2019.0,24.476190476190474
3.0,74.0,BUF,Devin Singletary,RB,22.0,2025.0,0.0,0.0,5.0,39.0,28.0,110.0,1.0,1.0,6.0,1.0,0.0,1120.0,4923.0,29.0,214.0,1434.0,4.0,3.0,,,Florida Atlantic,College Stats,SingDe00,2019.0,20.571428571428573
3.0,75.0,GNB,Jace Sternberger,TE,23.0,2020.0,0.0,0.0,0.0,1.0,1.0,18.0,0.0,0.0,0.0,0.0,0.0,0.0,0.0,0.0,12.0,114.0,1.0,,,,Texas A&M,College Stats,SterJa00,2019.0,-22.45
3.0,76.0,WAS,Terry McLaurin,WR,23.0,2025.0,0.0,2.0,6.0,51.0,51.0,107.0,0.0,0.0,0.0,0.0,0.0,12.0,73.0,0.0,498.0,6961.0,41.0,5.0,,,Ohio St.,College Stats,McLaTe00,2019.0,29.65
3.0,77.0,NWE,Chase Winovich,DE,24.0,2023.0,0.0,0.0,0.0,11.0,10.0,56.0,0.0,0.0,0.0,0.0,0.0,0.0,0.0,0.0,0.0,0.0,0.0,71.0,1.0,12.0,Michigan,College Stats,WinoCh00,2019.0,-7.9523809523809526
3.0,78.0,MIA,Michael Deiter,G,23.0,2025.0,0.0,0.0,2.0,16.0,10.0,92.0,0.0,0.0,0.0,0.0,0.0,0.0,0.0,0.0,1.0,0.0,0.0,,,,Wisconsin,College Stats,DeitMi00,2019.0,-9.857142857142858
3.0,79.0,LAR,David Long,CB,21.0,2025.0,0.0,0.0,0.0,7.0,6.0,80.0,0.0,0.0,0.0,0.0,0.0,0.0,0.0,0.0,0.0,0.0,0.0,82.0,1.0,,Michigan,College Stats,LongDa02,2019.0,-9.7
3.0,80.0,CLE,Sione Takitaki,LB,24.0,2025.0,0.0,0.0,1.0,19.0,18.0,86.0,0.0,0.0,0.0,0.0,0.0,0.0,0.0,0.0,0.0,0.0,0.0,165.0,2.0,4.0,BYU,College Stats,TakiSi00,2019.0,7.761904761904763
3.0,81.0,DET,Will Harris,S,23.0,2025.0,0.0,0.0,3.0,18.0,11.0,103.0,0.0,0.0,0.0,0.0,0.0,0.0,0.0,0.0,0.0,0.0,0.0,250.0,3.0,2.5,Boston Col.,College Stats,HarrWi02,2019.0,-7.0
3.0,82.0,TEN,Nate Davis,G,22.0,2024.0,0.0,0.0,5.0,27.0,22.0,71.0,0.0,0.0,0.0,0.0,0.0,0.0,0.0,0.0,0.0,0.0,0.0,1.0,,,Charlotte,College Stats,DaviNa01,2019.0,13.55
3.0,83.0,PIT,Justin Layne,CB,21.0,2022.0,0.0,0.0,0.0,3.0,3.0,52.0,0.0,0.0,0.0,0.0,0.0,0.0,0.0,0.0,0.0,0.0,0.0,32.0,,,Michigan St.,College Stats,LaynJu00,2019.0,-20.761904761904763
3.0,84.0,KAN,Khalen Saunders,DT,23.0,2025.0,0.0,0.0,1.0,18.0,4.0,77.0,0.0,0.0,0.0,0.0,0.0,0.0,0.0,0.0,0.0,0.0,0.0,87.0,1.0,7.5,Western Illinois,,SaunKh00,2019.0,-7.428571428571427
3.0,85.0,BAL,Jaylon Ferguson,DE,23.0,2021.0,0.0,0.0,1.0,8.0,8.0,38.0,0.0,0.0,0.0,0.0,0.0,0.0,0.0,0.0,0.0,0.0,0.0,44.0,,4.5,Louisiana Tech,College Stats,FergJa02,2019.0,-4.0
3.0,86.0,HOU,Kahale Warring,TE,22.0,2021.0,0.0,0.0,0.0,0.0,0.0,9.0,0.0,0.0,0.0,0.0,0.0,0.0,0.0,0.0,3.0,35.0,0.0,,,,San Diego St.,College Stats,WarrKa00,2019.0,-20.0
3.0,87.0,NWE,Damien Harris,RB,22.0,2023.0,0.0,0.0,3.0,16.0,15.0,44.0,0.0,0.0,0.0,0.0,0.0,472.0,2188.0,21.0,42.0,297.0,0.0,,,,Alabama,College Stats,HarrDa06,2019.0,4.523809523809524
3.0,88.0,SEA,Cody Barton,LB,22.0,2025.0,0.0,0.0,3.0,28.0,9.0,112.0,0.0,0.0,0.0,0.0,0.0,0.0,0.0,0.0,0.0,0.0,0.0,297.0,8.0,4.5,Utah,College Stats,BartCo00,2019.0,7.80952380952381
3.0,89.0,IND,Bobby Okereke,LB,23.0,2025.0,0.0,0.0,6.0,39.0,21.0,110.0,0.0,0.0,0.0,0.0,0.0,0.0,0.0,0.0,0.0,0.0,0.0,510.0,7.0,7.5,Stanford,College Stats,OkerBo00,2019.0,20.0
3.0,90.0,DAL,Connor McGovern,G,21.0,2025.0,0.0,1.0,3.0,37.0,11.0,94.0,0.0,0.0,0.0,0.0,0.0,0.0,0.0,0.0,0.0,0.0,0.0,1.0,,,Penn St.,College Stats,McGoCo01,2019.0,22.857142857142858
3.0,91.0,LAC,Trey Pipkins,T,23.0,2025.0,0.0,0.0,3.0,33.0,33.0,97.0,0.0,0.0,0.0,0.0,0.0,0.0,0.0,0.0,0.0,0.0,0.0,,,,Sioux Falls,,PipkTr00,2019.0,7.300000000000001
3.0,92.0,NYJ,Chuma Edoga,T,22.0,2025.0,0.0,0.0,0.0,12.0,5.0,62.0,0.0,0.0,0.0,0.0,0.0,0.0,0.0,0.0,0.0,0.0,0.0,,,,USC,College Stats,EdogCh00,2019.0,-12.8
3.0,93.0,BAL,Miles Boykin,WR,22.0,2023.0,0.0,0.0,2.0,6.0,6.0,73.0,0.0,0.0,0.0,0.0,0.0,0.0,0.0,0.0,38.0,498.0,7.0,15.0,,,Notre Dame,College Stats,BoykMi00,2019.0,-6.19047619047619
3.0,94.0,TAM,Jamel Dean,CB,22.0,2025.0,0.0,0.0,4.0,27.0,27.0,96.0,0.0,0.0,0.0,0.0,0.0,0.0,0.0,0.0,0.0,0.0,0.0,285.0,11.0,1.0,Auburn,College Stats,DeanJa00,2019.0,7.149999999999999
3.0,95.0,NYG,Oshane Ximines,DE,22.0,2024.0,0.0,0.0,0.0,8.0,8.0,50.0,0.0,0.0,0.0,0.0,0.0,0.0,0.0,0.0,0.0,0.0,0.0,35.0,,6.5,Old Dominion,College Stats,XimiOs00,2019.0,-7.789473684210526
3.0,96.0,BUF,Dawson Knox,TE,22.0,2025.0,0.0,1.0,6.0,25.0,25.0,102.0,0.0,0.0,0.0,0.0,0.0,1.0,13.0,0.0,229.0,2694.0,27.0,3.0,,,Mississippi,College Stats,KnoxDa00,2019.0,11.380952380952381
3.0,97.0,LAR,Bobby Evans,T,22.0,2022.0,0.0,0.0,0.0,7.0,7.0,35.0,0.0,0.0,0.0,0.0,0.0,0.0,0.0,0.0,0.0,0.0,0.0,,,,Oklahoma,College Stats,EvanBo00,2019.0,-5.857142857142858
3.0,98.0,JAX,Quincy Williams,S,23.0,2025.0,1.0,0.0,5.0,41.0,2.0,96.0,0.0,0.0,0.0,0.0,0.0,0.0,0.0,0.0,0.0,0.0,0.0,396.0,1.0,12.5,Murray St.,,WillQu01,2019.0,19.952380952380953
3.0,99.0,TAM,Mike Edwards,S,23.0,2025.0,0.0,0.0,1.0,16.0,14.0,89.0,0.0,0.0,0.0,0.0,0.0,0.0,0.0,0.0,0.0,0.0,0.0,173.0,8.0,3.0,Kentucky,College Stats,EdwaMi01,2019.0,-1.8571428571428577
3.0,100.0,CAR,Will Grier,QB,24.0,2019.0,0.0,0.0,0.0,1.0,1.0,2.0,28.0,52.0,228.0,0.0,4.0,7.0,22.0,0.0,0.0,0.0,0.0,,,,West Virginia,College Stats,GrieWi00,2019.0,-18.4
3.0,101.0,NWE,Yodny Cajuste,T,23.0,2022.0,0.0,0.0,0.0,4.0,4.0,17.0,0.0,0.0,0.0,0.0,0.0,0.0,0.0,0.0,0.0,0.0,0.0,1.0,,,West Virginia,College Stats,CajuYo00,2019.0,-8.2
3.0,102.0,MIN,Alexander Mattison,RB,21.0,2024.0,0.0,0.0,1.0,21.0,18.0,89.0,0.0,0.0,0.0,0.0,0.0,716.0,2790.0,15.0,136.0,1012.0,7.0,,,,Boise St.,College Stats,MattAl01,2019.0,0.571428571428573
4.0,103.0,ARI,Hakeem Butler,WR,23.0,2020.0,0.0,0.0,0.0,0.0,,2.0,0.0,0.0,0.0,0.0,0.0,0.0,0.0,0.0,0.0,0.0,0.0,,,,Iowa St.,College Stats,ButlHa00,2019.0,-16.61904761904762
4.0,104.0,CIN,Ryan Finley,QB,24.0,2020.0,0.0,0.0,0.0,2.0,2.0,8.0,58.0,119.0,638.0,3.0,4.0,21.0,143.0,1.0,0.0,0.0,0.0,,,,North Carolina St.,College Stats,FinlRy00,2019.0,-12.5
4.0,105.0,NOR,C.J. Gardner-Johnson,S,21.0,2025.0,0.0,0.0,4.0,27.0,10.0,87.0,0.0,0.0,0.0,0.0,0.0,0.0,0.0,0.0,0.0,0.0,0.0,280.0,20.0,7.0,Florida,College Stats,GardCh00,2019.0,9.600000000000001
4.0,106.0,OAK,Maxx Crosby,DE,22.0,2025.0,0.0,5.0,6.0,61.0,61.0,110.0,0.0,0.0,0.0,0.0,0.0,0.0,0.0,0.0,0.0,0.0,0.0,278.0,1.0,69.5,Eastern Michigan,College Stats,CrosMa00,2019.0,45.85714285714286
4.0,107.0,TAM,Anthony Nelson,DE,22.0,2025.0,0.0,0.0,0.0,17.0,17.0,107.0,0.0,0.0,0.0,0.0,0.0,0.0,0.0,0.0,0.0,0.0,0.0,118.0,1.0,21.5,Iowa,College Stats,NelsAn01,2019.0,7.761904761904763
4.0,108.0,NYG,Julian Love,CB,21.0,2025.0,0.0,1.0,3.0,27.0,12.0,106.0,0.0,0.0,0.0,0.0,0.0,1.0,2.0,0.0,0.0,0.0,0.0,379.0,13.0,2.5,Notre Dame,College Stats,LoveJu00,2019.0,4.421052631578949
4.0,109.0,IND,Khari Willis,S,23.0,2021.0,0.0,0.0,1.0,12.0,12.0,39.0,0.0,0.0,0.0,0.0,0.0,0.0,0.0,0.0,0.0,0.0,0.0,161.0,4.0,3.5,Michigan St.,College Stats,WillKh00,2019.0,-11.047619047619047
4.0,110.0,SFO,Mitch Wishnowsky,P,27.0,2025.0,0.0,0.0,2.0,10.0,9.0,105.0,0.0,0.0,0.0,0.0,0.0,0.0,0.0,0.0,0.0,0.0,0.0,11.0,,,Utah,College Stats,WishMi00,2019.0,-0.23809523809523725
4.0,111.0,ATL,Kendall Sheffield,CB,23.0,2025.0,0.0,0.0,0.0,6.0,6.0,51.0,0.0,0.0,0.0,0.0,0.0,0.0,0.0,0.0,0.0,0.0,0.0,82.0,,,Ohio St.,College Stats,ShefKe00,2019.0,-4.9523809523809526
4.0,112.0,WAS,Bryce Love,RB,22.0,,0.0,0.0,0.0,,,,,,,,,,,,,,,,,,Stanford,College Stats,LoveBr00,2019.0,
4.0,113.0,BAL,Justice Hill,RB,21.0,2025.0,0.0,0.0,0.0,17.0,17.0,84.0,0.0,0.0,0.0,0.0,0.0,268.0,1255.0,8.0,116.0,906.0,5.0,12.0,,,Oklahoma St.,College Stats,HillJu00,2019.0,1.0
4.0,114.0,MIN,Dru Samia,G,22.0,2020.0,0.0,0.0,0.0,2.0,2.0,15.0,0.0,0.0,0.0,0.0,0.0,0.0,0.0,0.0,0.0,0.0,0.0,,,,Oklahoma,College Stats,SamiDr00,2019.0,-9.947368421052632
4.0,115.0,CAR,Christian Miller,LB,23.0,2019.0,0.0,0.0,0.0,1.0,1.0,7.0,0.0,0.0,0.0,0.0,0.0,0.0,0.0,0.0,0.0,0.0,0.0,2.0,,2.0,Alabama,College Stats,MillCh04,2019.0,-8.736842105263158
4.0,116.0,TEN,Amani Hooker,S,21.0,2025.0,0.0,0.0,4.0,24.0,24.0,96.0,0.0,0.0,0.0,0.0,0.0,2.0,6.0,0.0,1.0,6.0,0.0,301.0,12.0,1.0,Iowa,College Stats,HookAm00,2019.0,12.047619047619047
4.0,117.0,DET,Austin Bryant,DE,22.0,2023.0,0.0,0.0,0.0,5.0,5.0,35.0,0.0,0.0,0.0,0.0,0.0,0.0,0.0,0.0,0.0,0.0,0.0,42.0,,4.5,Clemson,College Stats,BryaAu00,2019.0,-10.0
4.0,118.0,NWE,Hjalte Froholdt,G,23.0,2025.0,0.0,0.0,2.0,24.0,0.0,82.0,0.0,0.0,0.0,0.0,0.0,0.0,0.0,0.0,0.0,0.0,0.0,,,,Arkansas,College Stats,FrohHj00,2019.0,9.25
4.0,119.0,CLE,Sheldrick Redwine,S,22.0,2023.0,0.0,0.0,0.0,4.0,4.0,34.0,0.0,0.0,0.0,0.0,0.0,0.0,0.0,0.0,0.0,0.0,0.0,52.0,1.0,0.5,Miami (FL),College Stats,RedwSh00,2019.0,-11.666666666666666
4.0,120.0,SEA,Gary Jennings Jr,WR,22.0,2019.0,0.0,0.0,0.0,0.0,,1.0,0.0,0.0,0.0,0.0,0.0,0.0,0.0,0.0,0.0,0.0,0.0,,,,West Virginia,College Stats,JennGa00,2019.0,-19.25
4.0,121.0,NYJ,Trevon Wesco,TE,23.0,2023.0,0.0,0.0,1.0,0.0,0.0,69.0,0.0,0.0,0.0,0.0,0.0,2.0,2.0,0.0,9.0,134.0,0.0,6.0,,,West Virginia,College Stats,WescTr00,2019.0,-8.157894736842104
4.0,122.0,PIT,Benny Snell Jr.,RB,21.0,2022.0,0.0,0.0,0.0,8.0,8.0,63.0,0.0,0.0,0.0,0.0,0.0,275.0,982.0,7.0,17.0,114.0,0.0,14.0,,,Kentucky,College Stats,SnelBe00,2019.0,-7.842105263157896
4.0,123.0,BAL,Ben Powers,G,22.0,2025.0,0.0,0.0,5.0,27.0,14.0,89.0,0.0,0.0,0.0,0.0,0.0,0.0,0.0,0.0,0.0,0.0,0.0,,,,Oklahoma,College Stats,PoweBe00,2019.0,13.3
4.0,124.0,SEA,Phil Haynes,G,23.0,2023.0,0.0,0.0,0.0,6.0,6.0,31.0,0.0,0.0,0.0,0.0,0.0,0.0,0.0,0.0,0.0,0.0,0.0,,,,Wake Forest,College Stats,HaynPh00,2019.0,-7.428571428571429
4.0,125.0,CIN,Renell Wren,DT,23.0,2022.0,0.0,0.0,0.0,2.0,2.0,13.0,0.0,0.0,0.0,0.0,0.0,0.0,0.0,0.0,0.0,0.0,0.0,4.0,,,Arizona St.,College Stats,WrenRe00,2019.0,-12.578947368421053
4.0,126.0,CHI,Riley Ridley,WR,23.0,2020.0,0.0,0.0,0.0,1.0,1.0,10.0,0.0,0.0,0.0,0.0,0.0,0.0,0.0,0.0,10.0,108.0,0.0,,,,Georgia,College Stats,RidlRi00,2019.0,-23.35
4.0,127.0,BAL,Iman Marshall,CB,22.0,2019.0,0.0,0.0,0.0,0.0,0.0,3.0,0.0,0.0,0.0,0.0,0.0,0.0,0.0,0.0,0.0,0.0,0.0,1.0,,,USC,College Stats,MarsIm00,2019.0,-8.85
4.0,128.0,DAL,Tony Pollard,RB,22.0,2025.0,0.0,1.0,2.0,45.0,34.0,112.0,0.0,0.0,0.0,0.0,0.0,1264.0,5782.0,33.0,250.0,1763.0,5.0,6.0,,,Memphis,College Stats,PollTo00,2019.0,26.4
4.0,129.0,OAK,Isaiah Johnson,CB,23.0,2020.0,0.0,0.0,0.0,1.0,1.0,19.0,0.0,0.0,0.0,0.0,0.0,0.0,0.0,0.0,0.0,0.0,0.0,8.0,,,Houston,College Stats,JohnIs02,2019.0,-8.85
4.0,130.0,LAC,Drue Tranquill,LB,24.0,2025.0,0.0,0.0,2.0,32.0,13.0,96.0,0.0,0.0,0.0,0.0,0.0,0.0,0.0,0.0,0.0,0.0,0.0,364.0,1.0,15.0,Notre Dame,College Stats,TranDr00,2019.0,15.277777777777779
4.0,131.0,WAS,Wes Martin,G,23.0,2022.0,0.0,0.0,0.0,5.0,4.0,38.0,0.0,0.0,0.0,0.0,0.0,0.0,0.0,0.0,0.0,0.0,0.0,1.0,,,Indiana,College Stats,MartWe00,2019.0,-8.789473684210526
4.0,132.0,SEA,Ugo Amadi,S,22.0,2025.0,0.0,0.0,1.0,8.0,6.0,87.0,0.0,0.0,0.0,0.0,0.0,0.0,0.0,0.0,0.0,0.0,0.0,168.0,1.0,2.0,Oregon,College Stats,AmadUg00,2019.0,-2.7058823529411757
4.0,133.0,NWE,Jarrett Stidham,QB,23.0,2025.0,0.0,0.0,0.0,6.0,1.0,20.0,117.0,197.0,1422.0,8.0,8.0,37.0,101.0,0.0,0.0,0.0,0.0,2.0,,,Auburn,College Stats,StidJa00,2019.0,-4.857142857142858
4.0,134.0,LAR,Greg Gaines,DT,23.0,2025.0,0.0,0.0,2.0,19.0,13.0,108.0,0.0,0.0,0.0,0.0,0.0,0.0,0.0,0.0,0.0,0.0,0.0,85.0,,14.5,Washington,College Stats,GainGr00,2019.0,3.5882352941176467
4.0,135.0,ATL,John Cominsky,DE,23.0,2023.0,0.0,0.0,1.0,10.0,3.0,57.0,0.0,0.0,0.0,0.0,0.0,0.0,0.0,0.0,0.0,0.0,0.0,51.0,,7.5,Charleston (WV),,ComiJo00,2019.0,-14.444444444444443
4.0,136.0,CIN,Michael Jordan,G,21.0,2025.0,0.0,0.0,3.0,18.0,8.0,78.0,0.0,0.0,0.0,0.0,0.0,0.0,0.0,0.0,0.0,0.0,0.0,2.0,,,Ohio St.,College Stats,JordMi01,2019.0,9.2
4.0,137.0,OAK,Foster Moreau,TE,22.0,2025.0,0.0,0.0,5.0,13.0,8.0,104.0,0.0,0.0,0.0,0.0,0.0,0.0,2.0,0.0,151.0,1772.0,18.0,6.0,,,LSU,College Stats,MoreFo00,2019.0,-7.94736842105263
4.0,138.0,PHI,Shareef Miller,DE,22.0,2019.0,0.0,0.0,0.0,0.0,0.0,1.0,0.0,0.0,0.0,0.0,0.0,0.0,0.0,0.0,0.0,0.0,0.0,,,,Penn St.,College Stats,MillSh00,2019.0,-13.421052631578947
5.0,139.0,ARI,Deionte Thompson,S,22.0,2022.0,0.0,0.0,0.0,4.0,4.0,44.0,0.0,0.0,0.0,0.0,0.0,0.0,0.0,0.0,0.0,0.0,0.0,37.0,,,Alabama,College Stats,ThomDe06,2019.0,-3.8571428571428568
5.0,140.0,JAX,Ryquell Armstead,RB,22.0,2021.0,0.0,0.0,0.0,2.0,2.0,18.0,0.0,0.0,0.0,0.0,0.0,50.0,188.0,0.0,17.0,160.0,2.0,1.0,,,Temple,College Stats,ArmsRy00,2019.0,-9.476190476190476
5.0,141.0,PIT,Zach Gentry,TE,22.0,2023.0,0.0,0.0,2.0,2.0,2.0,41.0,0.0,0.0,0.0,0.0,0.0,0.0,0.0,0.0,39.0,303.0,0.0,1.0,,,Michigan,College Stats,GentZa00,2019.0,-6.666666666666666
5.0,142.0,SEA,Ben Burr-Kirven,LB,21.0,2020.0,0.0,0.0,0.0,2.0,2.0,32.0,0.0,0.0,0.0,0.0,0.0,0.0,0.0,0.0,0.0,0.0,0.0,10.0,,,Washington,College Stats,BurrBe00,2019.0,-13.68421052631579
5.0,143.0,NYG,Ryan Connelly,LB,23.0,2023.0,0.0,0.0,0.0,4.0,2.0,32.0,0.0,0.0,0.0,0.0,0.0,0.0,0.0,0.0,0.0,0.0,0.0,19.0,2.0,1.0,Wisconsin,College Stats,ConnRy00,2019.0,-12.315789473684209
5.0,144.0,IND,Marvell Tell III,S,23.0,2019.0,0.0,0.0,0.0,1.0,1.0,13.0,0.0,0.0,0.0,0.0,0.0,0.0,0.0,0.0,0.0,0.0,0.0,23.0,,,USC,College Stats,TellMa00,2019.0,-10.05
5.0,145.0,TAM,Matt Gay,K,25.0,2025.0,0.0,1.0,2.0,20.0,3.0,102.0,0.0,0.0,0.0,0.0,0.0,0.0,0.0,0.0,0.0,0.0,0.0,3.0,,,Utah,College Stats,GayxMa00,2019.0,9.5
5.0,146.0,DET,Amani Oruwariye,CB,23.0,2025.0,0.0,0.0,2.0,12.0,11.0,62.0,0.0,0.0,0.0,0.0,0.0,0.0,0.0,0.0,0.0,0.0,0.0,166.0,10.0,,Penn St.,College Stats,OruwAm00,2019.0,-13.45
5.0,147.0,BUF,Vosean Joseph,LB,21.0,,0.0,0.0,0.0,,,,,,,,,,,,,,,,,,Florida,College Stats,JoseVo00,2019.0,
5.0,148.0,SFO,Dre Greenlaw,LB,22.0,2025.0,0.0,0.0,4.0,31.0,28.0,72.0,0.0,0.0,0.0,0.0,0.0,0.0,0.0,0.0,0.0,0.0,0.0,310.0,4.0,4.5,Arkansas,College Stats,GreeDr00,2019.0,23.57894736842105
5.0,149.0,OAK,Hunter Renfrow,WR,23.0,2025.0,0.0,1.0,0.0,22.0,21.0,79.0,0.0,0.0,0.0,0.0,0.0,3.0,3.0,0.0,284.0,2973.0,19.0,6.0,,,Clemson,College Stats,RenfHu00,2019.0,6.9
5.0,150.0,GNB,Kingsley Keke,DT,22.0,2021.0,0.0,0.0,1.0,9.0,9.0,41.0,0.0,0.0,0.0,0.0,0.0,0.0,0.0,0.0,0.0,0.0,0.0,25.0,,6.5,Texas A&M,College Stats,KekeKi00,2019.0,0.2631578947368425
5.0,151.0,MIA,Andrew Van Ginkel,LB,24.0,2025.0,0.0,1.0,4.0,45.0,23.0,102.0,0.0,0.0,0.0,0.0,0.0,0.0,0.0,0.0,0.0,0.0,0.0,234.0,5.0,35.5,Wisconsin,College Stats,VanGAn00,2019.0,31.944444444444443
5.0,152.0,ATL,Qadree Ollison,RB,22.0,2023.0,0.0,0.0,0.0,1.0,1.0,24.0,0.0,0.0,0.0,0.0,0.0,44.0,158.0,5.0,5.0,19.0,0.0,6.0,,,Pittsburgh,College Stats,OlliQa00,2019.0,-8.125
5.0,153.0,WAS,Ross Pierschbacher,G,24.0,2022.0,0.0,0.0,0.0,0.0,0.0,11.0,0.0,0.0,0.0,0.0,0.0,0.0,0.0,0.0,0.0,0.0,0.0,,,,Alabama,College Stats,PierRo00,2019.0,-13.38888888888889
5.0,154.0,CAR,Jordan Scarlett,RB,23.0,2021.0,0.0,0.0,0.0,0.0,0.0,10.0,0.0,0.0,0.0,0.0,0.0,4.0,9.0,0.0,0.0,0.0,0.0,1.0,,,Florida,College Stats,ScarJo00,2019.0,-18.263157894736842
5.0,155.0,CLE,Mack Wilson,LB,21.0,2025.0,0.0,0.0,3.0,25.0,12.0,101.0,0.0,0.0,0.0,0.0,0.0,0.0,0.0,0.0,0.0,0.0,0.0,224.0,3.0,9.0,Alabama,College Stats,WilsMa03,2019.0,15.882352941176471
5.0,156.0,DEN,Justin Hollins,LB,23.0,2023.0,0.0,0.0,0.0,8.0,1.0,67.0,0.0,0.0,0.0,0.0,0.0,0.0,0.0,0.0,0.0,0.0,0.0,74.0,,10.5,Oregon,College Stats,HollJu00,2019.0,-1.1111111111111107
5.0,157.0,NYJ,Blake Cashman,LB,23.0,2025.0,0.0,0.0,2.0,25.0,3.0,71.0,0.0,0.0,0.0,0.0,0.0,0.0,0.0,0.0,0.0,0.0,0.0,238.0,1.0,12.0,Minnesota,College Stats,CashBl00,2019.0,14.75
5.0,158.0,DAL,Michael Jackson,CB,22.0,2025.0,0.0,0.0,2.0,18.0,,72.0,0.0,0.0,0.0,0.0,0.0,0.0,0.0,0.0,0.0,0.0,0.0,205.0,7.0,,Miami (FL),College Stats,JackMi01,2019.0,11.5
5.0,159.0,NWE,Byron Cowart,DT,23.0,2024.0,0.0,0.0,1.0,14.0,9.0,51.0,0.0,0.0,0.0,0.0,0.0,0.0,0.0,0.0,0.0,0.0,0.0,33.0,,3.5,Maryland,College Stats,CowaBy00,2019.0,1.0
5.0,160.0,BAL,Daylon Mack,DT,22.0,2019.0,0.0,0.0,0.0,0.0,0.0,1.0,0.0,0.0,0.0,0.0,0.0,0.0,0.0,0.0,0.0,0.0,0.0,,,,Texas A&M,College Stats,MackDa00,2019.0,-10.722222222222221
5.0,161.0,HOU,Charles Omenihu,DE,22.0,2025.0,0.0,0.0,0.0,12.0,5.0,95.0,0.0,0.0,0.0,0.0,0.0,0.0,0.0,0.0,0.0,0.0,0.0,77.0,,23.0,Texas,College Stats,OmenCh00,2019.0,-0.16666666666666607
5.0,162.0,MIN,Cameron Smith,LB,22.0,2019.0,0.0,0.0,0.0,0.0,0.0,5.0,0.0,0.0,0.0,0.0,0.0,0.0,0.0,0.0,0.0,0.0,0.0,4.0,,,USC,College Stats,SmitCa01,2019.0,-6.176470588235294
5.0,163.0,NWE,Jake Bailey,P,22.0,2025.0,1.0,1.0,2.0,11.0,6.0,109.0,0.0,0.0,0.0,0.0,0.0,1.0,0.0,0.0,0.0,0.0,0.0,6.0,,,Stanford,College Stats,BailJa00,2019.0,-2.333333333333334
5.0,164.0,IND,E.J. Speed,LB,24.0,2025.0,0.0,0.0,2.0,20.0,16.0,108.0,0.0,0.0,0.0,0.0,0.0,0.0,0.0,0.0,0.0,0.0,0.0,275.0,1.0,2.0,Tarleton St.,,SpeeEJ00,2019.0,7.949999999999999
5.0,165.0,DAL,Joe Jackson,DE,22.0,2021.0,0.0,0.0,0.0,1.0,0.0,20.0,0.0,0.0,0.0,0.0,0.0,0.0,0.0,0.0,0.0,0.0,0.0,13.0,,1.5,Miami (FL),College Stats,JackJo02,2019.0,-12.35
5.0,166.0,LAC,Easton Stick,QB,23.0,2023.0,0.0,0.0,0.0,4.0,4.0,6.0,112.0,175.0,1133.0,3.0,1.0,28.0,142.0,1.0,0.0,0.0,0.0,,,,North Dakota St.,,SticEa00,2019.0,-9.666666666666666
5.0,167.0,PHI,Clayton Thorson,QB,24.0,,0.0,0.0,0.0,,,,,,,,,,,,,,,,,,Northwestern,College Stats,ThorCl00,2019.0,
5.0,168.0,TEN,D'Andre Walker,LB,22.0,2020.0,0.0,0.0,0.0,0.0,,1.0,0.0,0.0,0.0,0.0,0.0,0.0,0.0,0.0,0.0,0.0,0.0,,,,Georgia,College Stats,WalkDA02,2019.0,-12.055555555555555
5.0,169.0,LAR,David Edwards,T,22.0,2025.0,0.0,0.0,3.0,36.0,21.0,103.0,0.0,0.0,0.0,0.0,0.0,0.0,0.0,0.0,0.0,0.0,0.0,1.0,,,Wisconsin,College Stats,EdwaDa01,2019.0,24.5
5.0,170.0,CLE,Austin Seibert,K,22.0,2024.0,0.0,0.0,0.0,6.0,3.0,40.0,0.0,0.0,0.0,0.0,0.0,0.0,0.0,0.0,0.0,0.0,0.0,,,,Oklahoma,College Stats,SeibAu00,2019.0,-1.0588235294117645
5.0,171.0,NYG,Darius Slayton,WR,22.0,2025.0,0.0,0.0,5.0,32.0,32.0,106.0,0.0,0.0,0.0,0.0,0.0,5.0,3.0,0.0,296.0,4435.0,22.0,4.0,,,Auburn,College Stats,SlayDa01,2019.0,25.411764705882355
5.0,172.0,ATL,Jordan Miller,CB,22.0,2021.0,0.0,0.0,0.0,1.0,1.0,12.0,0.0,0.0,0.0,0.0,0.0,0.0,0.0,0.0,0.0,0.0,0.0,4.0,,,Washington,College Stats,MillJo05,2019.0,-6.5625
5.0,173.0,WAS,Cole Holcomb,LB,23.0,2025.0,0.0,0.0,3.0,26.0,22.0,72.0,0.0,0.0,0.0,0.0,0.0,0.0,0.0,0.0,0.0,0.0,0.0,294.0,3.0,4.5,North Carolina,College Stats,HolcCo00,2019.0,14.142857142857142
6.0,174.0,ARI,KeeSean Johnson,WR,22.0,2021.0,0.0,0.0,0.0,4.0,4.0,18.0,0.0,0.0,0.0,0.0,0.0,1.0,3.0,0.0,36.0,360.0,1.0,,,,Fresno St.,College Stats,JohnKe07,2019.0,-8.235294117647058
6.0,175.0,PIT,Sutton Smith,DE,23.0,2021.0,0.0,0.0,0.0,0.0,,8.0,0.0,0.0,0.0,0.0,0.0,0.0,0.0,0.0,0.0,0.0,0.0,1.0,,,Northern Illinois,College Stats,SmitSu00,2019.0,-8.842105263157896
6.0,176.0,SFO,Kaden Smith,TE,22.0,2021.0,0.0,0.0,1.0,3.0,,33.0,0.0,0.0,0.0,0.0,0.0,0.0,0.0,0.0,52.0,413.0,3.0,2.0,,,Stanford,College Stats,SmitKa00,2019.0,-3.052631578947368
6.0,177.0,NOR,Saquan Hampton,S,23.0,2020.0,0.0,0.0,0.0,0.0,0.0,6.0,0.0,0.0,0.0,0.0,0.0,0.0,0.0,0.0,0.0,0.0,0.0,1.0,,,Rutgers,College Stats,HampSa00,2019.0,-10.526315789473685
6.0,178.0,JAX,Gardner Minshew II,QB,23.0,2025.0,0.0,1.0,4.0,32.0,16.0,63.0,1100.0,1742.0,11987.0,68.0,35.0,171.0,681.0,5.0,1.0,0.0,0.0,1.0,,,Washington St.,College Stats,MinsGa00,2019.0,18.42857142857143
6.0,179.0,ARI,Lamont Gaillard,C,23.0,2020.0,0.0,0.0,0.0,2.0,2.0,13.0,0.0,0.0,0.0,0.0,0.0,0.0,0.0,0.0,0.0,0.0,0.0,,,,Georgia,College Stats,GailLa00,2019.0,-4.526315789473684
6.0,180.0,NYG,Corey Ballentine,CB,23.0,2025.0,0.0,0.0,0.0,5.0,2.0,75.0,0.0,0.0,0.0,0.0,0.0,0.0,0.0,0.0,0.0,0.0,0.0,76.0,1.0,,Washburn,,BallCo00,2019.0,-4.611111111111111
6.0,181.0,BUF,Jaquan Johnson,CB,23.0,2022.0,0.0,0.0,0.0,5.0,5.0,60.0,1.0,1.0,13.0,0.0,0.0,0.0,0.0,0.0,0.0,0.0,0.0,34.0,2.0,,Miami (FL),College Stats,JohnJa11,2019.0,-4.368421052631579
6.0,182.0,CIN,Trayveon Williams,RB,21.0,2025.0,0.0,0.0,0.0,4.0,3.0,75.0,0.0,0.0,0.0,0.0,0.0,72.0,343.0,0.0,23.0,129.0,0.0,10.0,,,Texas A&M,College Stats,WillTr06,2019.0,-6.277777777777779
6.0,183.0,SFO,Justin Skule,T,22.0,2025.0,0.0,0.0,1.0,16.0,7.0,82.0,0.0,0.0,0.0,0.0,0.0,0.0,0.0,0.0,0.0,0.0,0.0,,,,Vanderbilt,College Stats,SkulJu00,2019.0,10.894736842105264
6.0,184.0,DET,Travis Fulgham,WR,23.0,2021.0,0.0,0.0,1.0,4.0,0.0,17.0,0.0,0.0,0.0,0.0,0.0,0.0,0.0,0.0,38.0,539.0,4.0,,,,Old Dominion,College Stats,FulgTr00,2019.0,-1.3157894736842106
6.0,185.0,GNB,Ka'dar Hollman,CB,24.0,2024.0,0.0,0.0,0.0,4.0,1.0,45.0,0.0,0.0,0.0,0.0,0.0,0.0,0.0,0.0,0.0,0.0,0.0,24.0,,,Toledo,College Stats,HollKa00,2019.0,0.0588235294117645
6.0,186.0,DET,Ty Johnson,RB,21.0,2025.0,0.0,0.0,0.0,18.0,2.0,106.0,0.0,0.0,0.0,0.0,0.0,329.0,1470.0,8.0,135.0,1277.0,9.0,15.0,,,Maryland,College Stats,JohnTy02,2019.0,7.611111111111111
6.0,187.0,DEN,Juwann Winfree,WR,23.0,2023.0,0.0,0.0,0.0,1.0,0.0,23.0,0.0,0.0,0.0,0.0,0.0,0.0,0.0,0.0,9.0,75.0,0.0,,,,Colorado,College Stats,WinfJu00,2019.0,-11.15
6.0,188.0,TEN,David Long,LB,22.0,2024.0,0.0,0.0,2.0,23.0,13.0,80.0,0.0,0.0,0.0,0.0,0.0,0.0,0.0,0.0,0.0,0.0,0.0,230.0,4.0,1.0,West Virginia,College Stats,LongDa04,2019.0,11.235294117647058
6.0,189.0,CLE,Drew Forbes,T,22.0,2022.0,0.0,0.0,0.0,1.0,1.0,12.0,0.0,0.0,0.0,0.0,0.0,0.0,0.0,0.0,0.0,0.0,0.0,,,,SE Missouri St.,,ForbDr00,2019.0,-7.4
6.0,190.0,MIN,Armon Watts,DT,23.0,2024.0,0.0,0.0,1.0,12.0,7.0,77.0,0.0,0.0,0.0,0.0,0.0,0.0,0.0,0.0,0.0,0.0,0.0,66.0,,8.5,Arkansas,College Stats,WattAr01,2019.0,2.3888888888888893
6.0,191.0,MIN,Marcus Epps,S,23.0,2025.0,0.0,0.0,2.0,18.0,0.0,94.0,0.0,0.0,0.0,0.0,0.0,0.0,0.0,0.0,0.0,0.0,0.0,224.0,3.0,,Wyoming,College Stats,EppsMa00,2019.0,2.578947368421053
6.0,192.0,PIT,Isaiah Buggs,DT,23.0,2023.0,0.0,0.0,1.0,11.0,5.0,56.0,0.0,0.0,0.0,0.0,0.0,0.0,0.0,0.0,0.0,0.0,0.0,42.0,,2.0,Alabama,College Stats,BuggIs00,2019.0,3.8
6.0,193.0,MIN,Oli Udoh,T,22.0,2025.0,0.0,0.0,1.0,10.0,8.0,74.0,0.0,0.0,0.0,0.0,0.0,0.0,0.0,0.0,0.0,0.0,0.0,,,,Elon,,UdohOl01,2019.0,-1.526315789473685
6.0,194.0,GNB,Dexter Williams,RB,22.0,2020.0,0.0,0.0,0.0,0.0,0.0,7.0,0.0,0.0,0.0,0.0,0.0,7.0,19.0,0.0,0.0,0.0,0.0,,,,Notre Dame,College Stats,WillDe07,2019.0,-6.555555555555555
6.0,195.0,HOU,Xavier Crawford,CB,23.0,2022.0,0.0,0.0,0.0,1.0,0.0,27.0,0.0,0.0,0.0,0.0,0.0,0.0,0.0,0.0,0.0,0.0,0.0,16.0,,,Central Michigan,College Stats,CrawXa00,2019.0,-12.764705882352942
6.0,196.0,NYJ,Blessuan Austin,CB,23.0,2021.0,0.0,0.0,1.0,6.0,5.0,29.0,0.0,0.0,0.0,0.0,0.0,0.0,0.0,0.0,0.0,0.0,0.0,77.0,,,Rutgers,College Stats,AustBl00,2019.0,1.5
6.0,197.0,BAL,Trace McSorley,QB,24.0,2022.0,0.0,0.0,0.0,1.0,0.0,9.0,48.0,93.0,502.0,1.0,5.0,21.0,79.0,0.0,0.0,0.0,0.0,,,,Penn St.,College Stats,McSoTr00,2019.0,-5.3125
6.0,198.0,SFO,Tim Harris,CB,24.0,2021.0,0.0,0.0,0.0,0.0,0.0,3.0,0.0,0.0,0.0,0.0,0.0,0.0,0.0,0.0,0.0,0.0,0.0,1.0,,,Virginia,College Stats,HarrTi01,2019.0,-8.777777777777779
6.0,199.0,IND,Gerri Green,DE,23.0,2022.0,0.0,0.0,0.0,0.0,,1.0,0.0,0.0,0.0,0.0,0.0,0.0,0.0,0.0,0.0,0.0,0.0,,,,Mississippi St.,College Stats,GreeGe00,2019.0,-21.125
6.0,200.0,LAC,Emeke Egbule,LB,22.0,2021.0,0.0,0.0,0.0,2.0,2.0,32.0,0.0,0.0,0.0,0.0,0.0,0.0,0.0,0.0,0.0,0.0,0.0,9.0,,,Houston,College Stats,EgbuEm00,2019.0,-13.066666666666666
6.0,201.0,KAN,Rashad Fenton,CB,22.0,2022.0,0.0,0.0,0.0,7.0,7.0,49.0,0.0,0.0,0.0,0.0,0.0,0.0,0.0,0.0,0.0,0.0,0.0,98.0,2.0,,South Carolina,College Stats,FentRa00,2019.0,2.882352941176471
6.0,202.0,MIA,Isaiah Prince,T,22.0,2024.0,0.0,0.0,0.0,4.0,1.0,22.0,0.0,0.0,0.0,0.0,0.0,0.0,0.0,0.0,0.0,0.0,0.0,,,,Ohio St.,College Stats,PrinIs00,2019.0,-1.1111111111111107
6.0,203.0,ATL,Marcus Green,WR,23.0,,0.0,0.0,0.0,,,,,,,,,,,,,,,,,,La-Monroe,College Stats,GreeMa02,2019.0,
6.0,204.0,SEA,Travis Homer,RB,21.0,2025.0,0.0,0.0,0.0,8.0,8.0,85.0,0.0,0.0,0.0,0.0,0.0,90.0,474.0,1.0,55.0,475.0,2.0,29.0,,,Miami (FL),College Stats,HomeTr00,2019.0,-1.6470588235294112
6.0,205.0,CHI,Duke Shelley,CB,22.0,2024.0,0.0,0.0,0.0,6.0,3.0,53.0,0.0,0.0,0.0,0.0,0.0,0.0,0.0,0.0,0.0,0.0,0.0,70.0,1.0,,Kansas St.,College Stats,ShelDu00,2019.0,-4.529411764705882
6.0,206.0,WAS,Kelvin Harmon,WR,22.0,2019.0,0.0,0.0,1.0,3.0,3.0,16.0,1.0,1.0,11.0,0.0,0.0,0.0,0.0,0.0,30.0,365.0,0.0,2.0,,,North Carolina St.,College Stats,HarmKe00,2019.0,-3.0
6.0,207.0,PIT,Ulysees Gilbert,LB,22.0,2022.0,0.0,0.0,0.0,2.0,2.0,31.0,0.0,0.0,0.0,0.0,0.0,0.0,0.0,0.0,0.0,0.0,0.0,20.0,,,Akron,College Stats,GilbUl00,2019.0,-11.882352941176471
6.0,208.0,TAM,Scott Miller,WR,22.0,2025.0,0.0,0.0,1.0,11.0,9.0,93.0,0.0,0.0,0.0,0.0,0.0,8.0,81.0,1.0,99.0,1216.0,6.0,5.0,,,Bowling Green,College Stats,MillSc01,2019.0,5.333333333333333
6.0,209.0,SEA,Demarcus Christmas,DT,24.0,,0.0,0.0,0.0,,,,,,,,,,,,,,,,,,Florida St.,College Stats,ChriDe01,2019.0,
6.0,210.0,CIN,Deshaun Davis,LB,23.0,,0.0,0.0,0.0,,,,,,,,,,,,,,,,,,Auburn,College Stats,DaviDe01,2019.0,
6.0,211.0,CIN,Rodney Anderson,RB,22.0,,0.0,0.0,0.0,,,,,,,,,,,,,,,,,,Oklahoma,College Stats,AndeRo02,2019.0,
6.0,212.0,CAR,Dennis Daley,T,23.0,2023.0,0.0,0.0,2.0,14.0,8.0,54.0,0.0,0.0,0.0,0.0,0.0,0.0,0.0,0.0,0.0,0.0,0.0,1.0,,,South Carolina,College Stats,DaleDe00,2019.0,9.75
6.0,213.0,DAL,Donovan Wilson,S,24.0,2025.0,0.0,0.0,4.0,23.0,23.0,98.0,0.0,0.0,0.0,0.0,0.0,0.0,0.0,0.0,0.0,0.0,0.0,281.0,8.0,13.0,Texas A&M,College Stats,WilsDo01,2019.0,15.0
6.0,214.0,KAN,Darwin Thompson,RB,22.0,2020.0,0.0,0.0,0.0,2.0,2.0,26.0,0.0,0.0,0.0,0.0,0.0,64.0,225.0,2.0,16.0,108.0,1.0,3.0,,,Utah St.,College Stats,ThomDa06,2019.0,-5.0
7.0,215.0,TAM,Terry Beckner,DT,22.0,,0.0,0.0,0.0,,,,,,,,,,,,,,,,,,Missouri,College Stats,BeckTe00,2019.0,
7.0,216.0,KAN,Nick Allegretti,G,23.0,2025.0,0.0,0.0,2.0,20.0,10.0,107.0,0.0,0.0,0.0,0.0,0.0,0.0,0.0,0.0,0.0,0.0,0.0,,,,Illinois,College Stats,AlleNi00,2019.0,6.2142857142857135
7.0,217.0,MIN,Kris Boyd,CB,22.0,2024.0,0.0,0.0,0.0,6.0,6.0,81.0,0.0,0.0,0.0,0.0,0.0,0.0,0.0,0.0,0.0,0.0,0.0,79.0,,,Texas,College Stats,BoydKr00,2019.0,-1.2352941176470589
7.0,218.0,DAL,Mike Weber,RB,22.0,,0.0,0.0,0.0,,,,,,,,,,,,,,,,,,Ohio St.,College Stats,WebeMi00,2019.0,
7.0,219.0,PIT,Derwin Gray,T,24.0,2020.0,0.0,0.0,0.0,0.0,0.0,5.0,0.0,0.0,0.0,0.0,0.0,0.0,0.0,0.0,0.0,0.0,0.0,,,,Maryland,College Stats,GrayDe01,2019.0,-7.375
7.0,220.0,HOU,Cullen Gillaspia,RB,24.0,2022.0,0.0,0.0,0.0,0.0,0.0,44.0,0.0,0.0,0.0,0.0,0.0,0.0,0.0,0.0,1.0,6.0,0.0,8.0,,,Texas A&M,College Stats,GillCu00,2019.0,-7.588235294117647
7.0,221.0,CLE,Donnie Lewis Jr.,CB,23.0,,0.0,0.0,0.0,,,,,,,,,,,,,,,,,,Tulane,College Stats,LewiDo00,2019.0,
7.0,222.0,CHI,Kerrith Whyte Jr,RB,22.0,2019.0,0.0,0.0,0.0,1.0,,6.0,0.0,0.0,0.0,0.0,0.0,24.0,122.0,0.0,1.0,9.0,0.0,,,,Florida Atlantic,College Stats,WhytKe00,2019.0,-5.5
7.0,223.0,CIN,Jordan Brown,CB,23.0,,0.0,0.0,0.0,,,,,,,,,,,,,,,,,,South Dakota St.,,BrowJo04,2019.0,
7.0,224.0,DET,Isaac Nauta,TE,22.0,2020.0,0.0,0.0,0.0,0.0,0.0,13.0,0.0,0.0,0.0,0.0,0.0,0.0,0.0,0.0,3.0,16.0,0.0,,,,Georgia,College Stats,NautIs00,2019.0,-16.0
7.0,225.0,BUF,Darryl Johnson,DE,22.0,2022.0,0.0,0.0,0.0,4.0,3.0,38.0,0.0,0.0,0.0,0.0,0.0,0.0,0.0,0.0,0.0,0.0,0.0,23.0,,2.0,North Carolina A&T,,JohnDa10,2019.0,-2.0588235294117645
7.0,226.0,GNB,Ty Summers,LB,23.0,2025.0,0.0,0.0,0.0,6.0,4.0,89.0,0.0,0.0,0.0,0.0,0.0,0.0,0.0,0.0,0.0,0.0,0.0,55.0,,,TCU,College Stats,SummTy00,2019.0,-1.1764705882352944
7.0,227.0,WAS,Jimmy Moreland,CB,24.0,2021.0,0.0,0.0,0.0,5.0,5.0,37.0,0.0,0.0,0.0,0.0,0.0,0.0,0.0,0.0,0.0,0.0,0.0,65.0,1.0,0.5,James Madison,,MoreJi00,2019.0,-0.1875
7.0,228.0,BUF,Tommy Sweeney,TE,24.0,2022.0,0.0,0.0,0.0,1.0,1.0,24.0,0.0,0.0,0.0,0.0,0.0,0.0,0.0,0.0,18.0,165.0,1.0,,,,Boston Col.,College Stats,SweeTo00,2019.0,-4.333333333333333
7.0,229.0,DET,P.J. Johnson,DE,23.0,,0.0,0.0,0.0,,,,,,,,,,,,,,,,,,Arizona,College Stats,JohnPJ00,2019.0,
7.0,230.0,OAK,Quinton Bell,DE,23.0,2025.0,0.0,0.0,0.0,4.0,,33.0,0.0,0.0,0.0,0.0,0.0,0.0,0.0,0.0,0.0,0.0,0.0,18.0,,1.0,Prairie View A&M,College Stats,BellQu00,2019.0,-5.111111111111111
7.0,231.0,NOR,Alizé Mack,TE,22.0,,0.0,0.0,0.0,,,,,,,,,,,,,,,,,,Notre Dame,College Stats,MackAl00,2019.0,
7.0,232.0,NYG,George Asafo-Adjei,T,22.0,,0.0,0.0,0.0,,,,,,,,,,,,,,,,,,Kentucky,College Stats,AsafGe00,2019.0,
7.0,233.0,MIA,Chandler Cox,RB,23.0,2020.0,0.0,0.0,0.0,0.0,0.0,21.0,0.0,0.0,0.0,0.0,0.0,0.0,0.0,0.0,2.0,9.0,0.0,,,,Auburn,College Stats,CoxxCh01,2019.0,-17.0
7.0,234.0,MIA,Myles Gaskin,RB,22.0,2025.0,0.0,0.0,1.0,13.0,13.0,47.0,0.0,0.0,0.0,0.0,0.0,367.0,1360.0,7.0,102.0,712.0,6.0,,,,Washington,College Stats,GaskMy00,2019.0,7.222222222222222
7.0,235.0,JAX,Dontavius Russell,DT,23.0,2019.0,0.0,0.0,0.0,0.0,0.0,3.0,0.0,0.0,0.0,0.0,0.0,0.0,0.0,0.0,0.0,0.0,0.0,3.0,,,Auburn,College Stats,RussDo00,2019.0,-9.875
7.0,236.0,SEA,John Ursua,WR,25.0,2019.0,0.0,0.0,0.0,0.0,0.0,3.0,0.0,0.0,0.0,0.0,0.0,0.0,0.0,0.0,1.0,11.0,0.0,,,,Hawaii,College Stats,UrsuJo00,2019.0,-2.8823529411764706
7.0,237.0,CAR,Terry Godwin,WR,22.0,2020.0,0.0,0.0,0.0,0.0,,3.0,0.0,0.0,0.0,0.0,0.0,1.0,3.0,0.0,3.0,32.0,0.0,,,,Georgia,College Stats,GodwTe00,2019.0,-2.6842105263157894
7.0,238.0,CHI,Stephen Denmark,CB,23.0,,0.0,0.0,0.0,,,,,,,,,,,,,,,,,,Valdosta St.,,DenmSt00,2019.0,
7.0,239.0,MIN,Dillon Mitchell,WR,22.0,,0.0,0.0,0.0,,,,,,,,,,,,,,,,,,Oregon,College Stats,MitcDi00,2019.0,
7.0,240.0,IND,Jackson Barton,T,24.0,2024.0,0.0,0.0,0.0,1.0,,13.0,0.0,0.0,0.0,0.0,0.0,0.0,0.0,0.0,0.0,0.0,0.0,,,,Utah,College Stats,BartJa00,2019.0,-5.333333333333333
7.0,241.0,DAL,Jalen Jelks,DE,23.0,,0.0,0.0,0.0,,,,,,,,,,,,,,,,,,Oregon,College Stats,JelkJa00,2019.0,
7.0,242.0,LAC,Cortez Broughton,DT,23.0,2021.0,0.0,0.0,0.0,1.0,1.0,12.0,0.0,0.0,0.0,0.0,0.0,0.0,0.0,0.0,0.0,0.0,0.0,4.0,,,Cincinnati,College Stats,BrouCo00,2019.0,-8.38888888888889
7.0,243.0,LAR,Nick Scott,S,24.0,2025.0,0.0,0.0,2.0,17.0,7.0,108.0,0.0,0.0,0.0,0.0,0.0,1.0,6.0,0.0,1.0,23.0,0.0,216.0,5.0,,Penn St.,College Stats,ScotNi01,2019.0,11.2
7.0,244.0,NOR,Kaden Elliss,LB,24.0,2025.0,0.0,0.0,3.0,29.0,7.0,99.0,0.0,0.0,0.0,0.0,0.0,0.0,0.0,0.0,0.0,0.0,0.0,282.0,2.0,20.5,Idaho,College Stats,ElliKa00,2019.0,15.6875
7.0,245.0,NYG,Chris Slayton,DT,23.0,,0.0,0.0,0.0,,,,,,,,,,,,,,,,,,Syracuse,College Stats,SlayCh00,2019.0,
7.0,246.0,IND,Javon Patterson,C,22.0,2020.0,0.0,0.0,0.0,0.0,,1.0,0.0,0.0,0.0,0.0,0.0,0.0,0.0,0.0,0.0,0.0,0.0,,,,Mississippi,College Stats,PattJa00,2019.0,-8.153846153846153
7.0,247.0,MIN,Olabisi Johnson,WR,22.0,2020.0,0.0,0.0,0.0,5.0,5.0,32.0,0.0,0.0,0.0,0.0,0.0,1.0,6.0,0.0,45.0,483.0,3.0,,,,Colorado St.,College Stats,JohnOl00,2019.0,1.2857142857142856
7.0,248.0,ARI,Joshua Miles,T,23.0,2024.0,0.0,0.0,0.0,2.0,2.0,18.0,0.0,0.0,0.0,0.0,0.0,0.0,0.0,0.0,0.0,0.0,0.0,,,,Morgan St.,,MileJo00,2019.0,-9.642857142857142
7.0,249.0,ARI,Michael Dogbe,DE,23.0,2023.0,0.0,0.0,0.0,4.0,4.0,41.0,0.0,0.0,0.0,0.0,0.0,0.0,0.0,0.0,0.0,0.0,0.0,32.0,,2.0,Temple,College Stats,DogbMi00,2019.0,-3.7058823529411766
7.0,250.0,MIN,Austin Cutting,LS,22.0,2020.0,0.0,0.0,0.0,2.0,2.0,25.0,0.0,0.0,0.0,0.0,0.0,0.0,0.0,0.0,0.0,0.0,0.0,1.0,,,Air Force,College Stats,CuttAu00,2019.0,-13.071428571428571
7.0,251.0,LAR,Dakota Allen,LB,23.0,2022.0,0.0,0.0,0.0,2.0,,38.0,0.0,0.0,0.0,0.0,0.0,0.0,0.0,0.0,0.0,0.0,0.0,19.0,,,Texas Tech,College Stats,AlleDa01,2019.0,-7.5
7.0,252.0,NWE,Ken Webster,CB,23.0,2020.0,0.0,0.0,0.0,3.0,,17.0,0.0,0.0,0.0,0.0,0.0,0.0,0.0,0.0,0.0,0.0,0.0,22.0,,,Mississippi,College Stats,WebsKe00,2019.0,-6.666666666666666
7.0,253.0,WAS,Jordan Brailford,DE,23.0,2020.0,0.0,0.0,0.0,1.0,,5.0,0.0,0.0,0.0,0.0,0.0,0.0,0.0,0.0,0.0,0.0,0.0,2.0,,,Oklahoma St.,College Stats,BraiJo00,2019.0,-5.769230769230769
7.0,254.0,ARI,Caleb Wilson,TE,23.0,2020.0,0.0,0.0,0.0,0.0,,5.0,0.0,0.0,0.0,0.0,0.0,0.0,0.0,0.0,0.0,0.0,0.0,,,,UCLA,College Stats,WilsCa00,2019.0,-5.0
1.0,1.0,CIN,Joe Burrow,QB,23.0,2025.0,0.0,3.0,5.0,63.0,63.0,77.0,1921.0,2806.0,20810.0,157.0,51.0,239.0,847.0,12.0,0.0,0.0,0.0,1.0,,,LSU,College Stats,BurrJo01,2020.0,-13.42857142857143
1.0,2.0,WAS,Chase Young,DE,21.0,2025.0,0.0,1.0,1.0,29.0,20.0,72.0,0.0,0.0,0.0,0.0,0.0,0.0,0.0,0.0,0.0,0.0,0.0,110.0,,32.0,Ohio St.,College Stats,YounCh04,2020.0,-24.476190476190474
1.0,3.0,DET,Jeff Okudah,CB,21.0,2025.0,0.0,0.0,2.0,11.0,7.0,50.0,0.0,0.0,0.0,0.0,0.0,0.0,0.0,0.0,0.0,0.0,0.0,157.0,2.0,,Ohio St.,College Stats,OkudJe00,2020.0,-41.285714285714285
1.0,4.0,NYG,Andrew Thomas,T,21.0,2025.0,0.0,0.0,5.0,33.0,33.0,74.0,0.0,0.0,0.0,0.0,0.0,0.0,0.0,0.0,1.0,2.0,1.0,7.0,,,Georgia,College Stats,ThomAn02,2020.0,-20.904761904761905
1.0,5.0,MIA,Tua Tagovailoa,QB,22.0,2025.0,0.0,1.0,5.0,52.0,52.0,78.0,1647.0,2421.0,18166.0,120.0,59.0,173.0,473.0,6.0,0.0,0.0,0.0,,,,Alabama,College Stats,TagoTu00,2020.0,-3.4761904761904745
1.0,6.0,LAC,Justin Herbert,QB,22.0,2025.0,0.0,2.0,5.0,74.0,74.0,95.0,2285.0,3438.0,24820.0,163.0,58.0,376.0,1715.0,15.0,3.0,0.0,0.0,2.0,,,Oregon,College Stats,HerbJu00,2020.0,23.19047619047619
1.0,7.0,CAR,Derrick Brown,DT,22.0,2025.0,0.0,1.0,4.0,35.0,35.0,84.0,0.0,0.0,0.0,0.0,0.0,0.0,0.0,0.0,0.0,0.0,0.0,169.0,2.0,13.0,Auburn,College Stats,BrowDe05,2020.0,-13.047619047619051
1.0,8.0,ARI,Isaiah Simmons,LB,22.0,2025.0,0.0,0.0,2.0,20.0,17.0,89.0,0.0,0.0,0.0,0.0,0.0,0.0,0.0,0.0,0.0,0.0,0.0,227.0,5.0,8.5,Clemson,College Stats,SimmIs00,2020.0,-23.38095238095238
1.0,9.0,JAX,C.J. Henderson,CB,21.0,2025.0,0.0,0.0,2.0,13.0,4.0,53.0,0.0,0.0,0.0,0.0,0.0,0.0,0.0,0.0,0.0,0.0,0.0,147.0,4.0,1.0,Florida,College Stats,HendCJ00,2020.0,-35.23809523809524
1.0,10.0,CLE,Jedrick Wills Jr.,T,21.0,2024.0,0.0,0.0,3.0,24.0,24.0,58.0,0.0,0.0,0.0,0.0,0.0,0.0,0.0,0.0,0.0,0.0,0.0,1.0,,,Alabama,College Stats,WillJe04,2020.0,-15.38095238095238
1.0,11.0,NYJ,Mekhi Becton,T,21.0,2025.0,0.0,0.0,3.0,21.0,8.0,61.0,0.0,0.0,0.0,0.0,0.0,0.0,0.0,0.0,0.0,0.0,0.0,,,,Louisville,College Stats,BectMe00,2020.0,-31.95238095238095
1.0,12.0,LVR,Henry Ruggs III,WR,21.0,2021.0,0.0,0.0,1.0,8.0,8.0,20.0,0.0,0.0,0.0,0.0,0.0,12.0,65.0,0.0,50.0,921.0,4.0,,,,Alabama,College Stats,RuggHe00,2020.0,-37.38095238095238
1.0,13.0,TAM,Tristan Wirfs,T,21.0,2025.0,2.0,5.0,5.0,64.0,64.0,91.0,0.0,0.0,0.0,0.0,0.0,0.0,0.0,0.0,1.0,11.0,1.0,1.0,,,Iowa,College Stats,WirfTr00,2020.0,10.857142857142854
1.0,14.0,SFO,Javon Kinlaw,DT,22.0,2025.0,0.0,0.0,2.0,27.0,14.0,75.0,0.0,0.0,0.0,0.0,0.0,0.0,0.0,0.0,0.0,0.0,0.0,82.0,1.0,9.5,South Carolina,College Stats,KinlJa00,2020.0,-18.19047619047619
1.0,15.0,DEN,Jerry Jeudy,WR,21.0,2025.0,0.0,1.0,4.0,31.0,22.0,91.0,0.0,0.0,0.0,0.0,0.0,7.0,48.0,0.0,351.0,4884.0,17.0,1.0,,,Alabama,College Stats,JeudJe00,2020.0,-6.761904761904759
1.0,16.0,ATL,AJ Terrell,CB,21.0,2025.0,0.0,0.0,5.0,31.0,31.0,93.0,0.0,0.0,0.0,0.0,0.0,0.0,0.0,0.0,0.0,0.0,0.0,282.0,6.0,1.0,Clemson,College Stats,TerrAJ00,2020.0,-11.333333333333336
1.0,17.0,DAL,CeeDee Lamb,WR,21.0,2025.0,1.0,5.0,5.0,65.0,65.0,95.0,0.0,0.0,0.0,0.0,0.0,58.0,390.0,3.0,571.0,7416.0,41.0,4.0,,,Oklahoma,College Stats,LambCe00,2020.0,19.61904761904762
1.0,18.0,MIA,Austin Jackson,T,21.0,2025.0,0.0,0.0,4.0,24.0,24.0,62.0,0.0,0.0,0.0,0.0,0.0,0.0,0.0,0.0,0.0,0.0,0.0,1.0,,,USC,College Stats,JackAu00,2020.0,-19.523809523809526
1.0,19.0,LVR,Damon Arnette,CB,24.0,2025.0,0.0,0.0,0.0,2.0,2.0,15.0,0.0,0.0,0.0,0.0,0.0,0.0,0.0,0.0,0.0,0.0,0.0,26.0,,,Ohio St.,College Stats,ArneDa00,2020.0,-34.19047619047619
1.0,20.0,JAX,K'Lavon Chaisson,DE,21.0,2025.0,0.0,0.0,0.0,17.0,7.0,88.0,0.0,0.0,0.0,0.0,0.0,0.0,0.0,0.0,0.0,0.0,0.0,85.0,1.0,17.5,LSU,College Stats,ChaiKL00,2020.0,-20.61904761904762
1.0,21.0,PHI,Jalen Reagor,WR,21.0,2024.0,0.0,0.0,2.0,10.0,7.0,64.0,0.0,0.0,0.0,0.0,0.0,22.0,97.0,0.0,86.0,1037.0,4.0,3.0,,,TCU,College Stats,ReagJa00,2020.0,-25.333333333333336
1.0,22.0,MIN,Justin Jefferson,WR,21.0,2025.0,2.0,4.0,5.0,65.0,65.0,94.0,5.0,8.0,91.0,0.0,0.0,15.0,38.0,1.0,579.0,8480.0,42.0,2.0,,,LSU,College Stats,JeffJu00,2020.0,34.14285714285714
1.0,23.0,LAC,Kenneth Murray,LB,21.0,2025.0,0.0,0.0,4.0,32.0,22.0,90.0,0.0,0.0,0.0,0.0,0.0,0.0,0.0,0.0,0.0,0.0,0.0,309.0,3.0,9.5,Oklahoma,College Stats,MurrKe00,2020.0,1.0
1.0,24.0,NOR,Cesar Ruiz,C,21.0,2025.0,0.0,0.0,5.0,29.0,29.0,89.0,0.0,0.0,0.0,0.0,0.0,0.0,0.0,0.0,0.0,0.0,0.0,1.0,,,Michigan,College Stats,RuizCe00,2020.0,-22.904761904761905
1.0,25.0,SFO,Brandon Aiyuk,WR,22.0,2024.0,0.0,0.0,5.0,39.0,39.0,69.0,0.0,0.0,0.0,0.0,0.0,13.0,117.0,2.0,294.0,4305.0,25.0,3.0,,,Arizona St.,College Stats,AiyuBr00,2020.0,3.7142857142857153
1.0,26.0,GNB,Jordan Love,QB,21.0,2025.0,0.0,0.0,2.0,42.0,42.0,57.0,981.0,1526.0,11535.0,83.0,31.0,135.0,555.0,5.0,0.0,0.0,0.0,,,,Utah St.,College Stats,LoveJo03,2020.0,13.523809523809526
1.0,27.0,SEA,Jordyn Brooks,LB,22.0,2025.0,1.0,0.0,4.0,43.0,20.0,97.0,0.0,0.0,0.0,0.0,0.0,0.0,0.0,0.0,0.0,0.0,0.0,494.0,1.0,13.0,Texas Tech,College Stats,BrooJo01,2020.0,0.7142857142857153
1.0,28.0,BAL,Patrick Queen,LB,21.0,2025.0,0.0,2.0,5.0,54.0,39.0,101.0,0.0,0.0,0.0,0.0,0.0,0.0,0.0,0.0,0.0,0.0,0.0,418.0,4.0,15.5,LSU,College Stats,QueePa00,2020.0,22.571428571428573
1.0,29.0,TEN,Isaiah Wilson,T,21.0,2020.0,0.0,0.0,0.0,0.0,0.0,1.0,0.0,0.0,0.0,0.0,0.0,0.0,0.0,0.0,0.0,0.0,0.0,,,,Georgia,College Stats,WilsIs00,2020.0,-29.857142857142858
1.0,30.0,MIA,Noah Igbinoghene,CB,20.0,2025.0,0.0,0.0,1.0,7.0,4.0,69.0,0.0,0.0,0.0,0.0,0.0,0.0,0.0,0.0,0.0,0.0,0.0,80.0,1.0,1.0,Auburn,College Stats,IgbiNo00,2020.0,-28.19047619047619
1.0,31.0,MIN,Jeff Gladney,CB,23.0,2020.0,0.0,0.0,1.0,5.0,5.0,16.0,0.0,0.0,0.0,0.0,0.0,0.0,0.0,0.0,0.0,0.0,0.0,63.0,,,TCU,College Stats,GladJe00,2020.0,-29.523809523809526
1.0,32.0,KAN,Clyde Edwards-Helaire,RB,21.0,2025.0,0.0,0.0,1.0,18.0,18.0,52.0,0.0,0.0,0.0,0.0,0.0,461.0,1904.0,12.0,94.0,798.0,7.0,,,,LSU,College Stats,EdwaCl00,2020.0,-23.904761904761905
2.0,33.0,CIN,Tee Higgins,WR,21.0,2025.0,0.0,1.0,4.0,43.0,43.0,85.0,0.0,0.0,0.0,0.0,0.0,5.0,28.0,0.0,389.0,5441.0,45.0,1.0,,,Clemson,College Stats,HiggTe00,2020.0,8.76190476190476
2.0,34.0,IND,Michael Pittman Jr.,WR,22.0,2025.0,0.0,0.0,5.0,44.0,44.0,95.0,0.0,0.0,0.0,0.0,0.0,11.0,100.0,0.0,485.0,5254.0,25.0,5.0,,,USC,College Stats,PittMi01,2020.0,6.4761904761904745
2.0,35.0,DET,D'Andre Swift,RB,21.0,2025.0,0.0,1.0,2.0,44.0,17.0,89.0,0.0,1.0,0.0,0.0,0.0,1069.0,4775.0,38.0,271.0,2097.0,9.0,,,,Georgia,College Stats,SwifDA00,2020.0,4.952380952380949
2.0,36.0,NYG,Xavier McKinney,S,22.0,2025.0,1.0,1.0,4.0,39.0,15.0,82.0,0.0,0.0,0.0,0.0,0.0,0.0,0.0,0.0,0.0,0.0,0.0,294.0,19.0,3.5,Alabama,College Stats,McKiXa00,2020.0,-1.5714285714285694
2.0,37.0,NWE,Kyle Dugger,S,24.0,2025.0,0.0,0.0,4.0,28.0,24.0,90.0,0.0,0.0,0.0,0.0,0.0,0.0,0.0,0.0,0.0,0.0,0.0,318.0,11.0,4.5,Lenoir-Rhyne,,DuggKy00,2020.0,-7.428571428571431
2.0,38.0,CAR,Yetur Gross-Matos,DE,22.0,2025.0,0.0,0.0,1.0,18.0,16.0,74.0,0.0,0.0,0.0,0.0,0.0,0.0,0.0,0.0,0.0,0.0,0.0,81.0,,17.0,Penn St.,College Stats,GrosYe00,2020.0,-6.857142857142858
2.0,39.0,MIA,Robert Hunt,G,24.0,2025.0,0.0,1.0,5.0,30.0,22.0,79.0,0.0,0.0,0.0,0.0,0.0,1.0,0.0,0.0,0.0,0.0,0.0,,,,Louisiana,College Stats,HuntRo01,2020.0,-2.7142857142857153
2.0,40.0,HOU,Ross Blacklock,DT,22.0,2023.0,0.0,0.0,0.0,4.0,3.0,44.0,0.0,0.0,0.0,0.0,0.0,0.0,0.0,0.0,0.0,0.0,0.0,27.0,,3.0,TCU,College Stats,BlacRo00,2020.0,-19.428571428571427
2.0,41.0,IND,Jonathan Taylor,RB,21.0,2025.0,1.0,3.0,4.0,58.0,58.0,84.0,0.0,0.0,0.0,0.0,0.0,1551.0,7598.0,69.0,187.0,1469.0,7.0,,,,Wisconsin,College Stats,TaylJo02,2020.0,29.285714285714285
2.0,42.0,JAX,Laviska Shenault Jr.,WR,21.0,2024.0,0.0,0.0,1.0,13.0,9.0,63.0,0.0,0.0,0.0,0.0,0.0,51.0,253.0,1.0,163.0,1587.0,6.0,6.0,,,Colorado,College Stats,ShenLa00,2020.0,-15.61904761904762
2.0,43.0,CHI,Cole Kmet,TE,21.0,2025.0,0.0,0.0,5.0,25.0,25.0,100.0,0.0,1.0,0.0,0.0,0.0,7.0,8.0,0.0,288.0,2939.0,21.0,1.0,,,Notre Dame,College Stats,KmetCo00,2020.0,1.904761904761905
2.0,44.0,CLE,Grant Delpit,S,21.0,2025.0,0.0,0.0,3.0,26.0,26.0,78.0,0.0,0.0,0.0,0.0,0.0,0.0,0.0,0.0,0.0,0.0,0.0,294.0,7.0,6.5,LSU,College Stats,DelpGr00,2020.0,-2.0
2.0,45.0,TAM,Antoine Winfield Jr.,S,22.0,2025.0,1.0,2.0,5.0,44.0,44.0,85.0,0.0,0.0,0.0,0.0,0.0,0.0,0.0,0.0,0.0,0.0,0.0,353.0,9.0,18.0,Minnesota,College Stats,WinfAn00,2020.0,17.19047619047619
2.0,46.0,DEN,KJ Hamler,WR,21.0,2022.0,0.0,0.0,0.0,5.0,5.0,23.0,0.0,0.0,0.0,0.0,0.0,11.0,63.0,0.0,42.0,620.0,3.0,,,,Penn St.,College Stats,HamlKJ00,2020.0,-23.61904761904762
2.0,47.0,ATL,Marlon Davidson,DE,22.0,2025.0,0.0,0.0,0.0,5.0,3.0,25.0,0.0,0.0,0.0,0.0,0.0,0.0,0.0,0.0,0.0,0.0,0.0,20.0,1.0,2.0,Auburn,College Stats,DaviMa01,2020.0,-28.04761904761905
2.0,48.0,SEA,Darrell Taylor,DE,23.0,2025.0,0.0,0.0,0.0,10.0,9.0,69.0,0.0,0.0,0.0,0.0,0.0,0.0,0.0,0.0,0.0,0.0,0.0,88.0,,24.5,Tennessee,College Stats,TaylDa00,2020.0,-18.80952380952381
2.0,49.0,PIT,Chase Claypool,WR,22.0,2023.0,0.0,0.0,1.0,19.0,17.0,58.0,1.0,1.0,1.0,1.0,0.0,33.0,171.0,2.0,175.0,2261.0,13.0,7.0,,,Notre Dame,College Stats,ClayCh01,2020.0,-4.600000000000001
2.0,50.0,CHI,Jaylon Johnson,CB,21.0,2025.0,0.0,2.0,5.0,30.0,30.0,77.0,0.0,0.0,0.0,0.0,0.0,0.0,0.0,0.0,0.0,0.0,0.0,187.0,8.0,,Utah,College Stats,JohnJa13,2020.0,1.2857142857142847
2.0,51.0,DAL,Trevon Diggs,CB,21.0,2025.0,1.0,2.0,4.0,33.0,33.0,67.0,0.0,0.0,0.0,0.0,0.0,0.0,0.0,0.0,0.0,0.0,0.0,201.0,20.0,1.0,Alabama,College Stats,DiggTr00,2020.0,7.157894736842106
2.0,52.0,LAR,Cam Akers,RB,21.0,2025.0,0.0,0.0,1.0,13.0,10.0,59.0,1.0,1.0,32.0,1.0,0.0,507.0,2044.0,13.0,52.0,388.0,4.0,,,,Florida St.,College Stats,AkerCa00,2020.0,-10.666666666666668
2.0,53.0,PHI,Jalen Hurts,QB,22.0,2025.0,0.0,3.0,4.0,79.0,79.0,93.0,1542.0,2393.0,17891.0,110.0,45.0,779.0,3554.0,63.0,1.0,3.0,0.0,2.0,,,Oklahoma,College Stats,HurtJa00,2020.0,52.85714285714286
2.0,54.0,BUF,A.J. Epenesa,DE,21.0,2025.0,0.0,0.0,1.0,18.0,18.0,91.0,0.0,0.0,0.0,0.0,0.0,0.0,0.0,0.0,0.0,0.0,0.0,81.0,4.0,24.0,Iowa,College Stats,EpenAJ00,2020.0,-4.904761904761905
2.0,55.0,BAL,J.K. Dobbins,RB,21.0,2025.0,0.0,0.0,1.0,22.0,10.0,47.0,0.0,0.0,0.0,0.0,0.0,582.0,3024.0,25.0,70.0,367.0,1.0,,,,Ohio St.,College Stats,DobbJK00,2020.0,-11.047619047619051
2.0,56.0,MIA,Raekwon Davis,DT,23.0,2024.0,0.0,0.0,3.0,23.0,22.0,80.0,0.0,0.0,0.0,0.0,0.0,0.0,0.0,0.0,0.0,0.0,0.0,66.0,,2.0,Alabama,College Stats,DaviRa03,2020.0,2.4210526315789487
2.0,57.0,LAR,Van Jefferson,WR,24.0,2025.0,0.0,0.0,3.0,19.0,13.0,94.0,0.0,0.0,0.0,0.0,0.0,4.0,23.0,0.0,166.0,2226.0,13.0,1.0,,,Florida,College Stats,JeffVa00,2020.0,-3.80952380952381
2.0,58.0,MIN,Ezra Cleveland,T,22.0,2025.0,0.0,0.0,4.0,33.0,17.0,93.0,0.0,0.0,0.0,0.0,0.0,0.0,0.0,0.0,0.0,0.0,0.0,3.0,,,Boise St.,College Stats,ClevEz00,2020.0,8.476190476190474
2.0,59.0,NYJ,Denzel Mims,WR,22.0,2022.0,0.0,0.0,1.0,5.0,5.0,30.0,0.0,0.0,0.0,0.0,0.0,0.0,0.0,0.0,42.0,676.0,0.0,,,,Baylor,College Stats,MimsDe00,2020.0,-16.904761904761905
2.0,60.0,NWE,Joshua Uche,LB,21.0,2025.0,0.0,0.0,0.0,9.0,8.0,76.0,0.0,0.0,0.0,0.0,0.0,0.0,0.0,0.0,0.0,0.0,0.0,79.0,,21.5,Michigan,College Stats,UcheJo00,2020.0,-16.095238095238095
2.0,61.0,TEN,Kristian Fulton,CB,22.0,2025.0,0.0,0.0,4.0,18.0,13.0,65.0,0.0,0.0,0.0,0.0,0.0,0.0,0.0,0.0,0.0,0.0,0.0,167.0,5.0,1.0,LSU,College Stats,FultKr00,2020.0,-10.857142857142858
2.0,62.0,GNB,AJ Dillon,RB,22.0,2025.0,0.0,0.0,0.0,24.0,23.0,67.0,0.0,0.0,0.0,0.0,0.0,609.0,2488.0,16.0,89.0,784.0,2.0,3.0,,,Boston Col.,College Stats,DillAJ00,2020.0,-1.75
2.0,63.0,KAN,Willie Gay Jr.,LB,22.0,2025.0,0.0,0.0,5.0,27.0,21.0,89.0,0.0,0.0,0.0,0.0,0.0,0.0,0.0,0.0,0.0,0.0,0.0,179.0,4.0,9.0,Mississippi St.,College Stats,GayJWi00,2020.0,-3.8999999999999986
2.0,64.0,CAR,Jeremy Chinn,S,22.0,2025.0,0.0,0.0,4.0,41.0,32.0,86.0,0.0,0.0,0.0,0.0,0.0,2.0,29.0,0.0,0.0,0.0,0.0,348.0,3.0,7.0,Southern Illinois,,ChinJe00,2020.0,11.095238095238095
3.0,65.0,CIN,Logan Wilson,LB,24.0,2025.0,0.0,0.0,4.0,32.0,31.0,83.0,0.0,0.0,0.0,0.0,0.0,0.0,0.0,0.0,0.0,0.0,0.0,330.0,11.0,5.5,Wyoming,College Stats,WilsLo00,2020.0,6.100000000000001
3.0,66.0,WAS,Antonio Gibson,RB,22.0,2025.0,0.0,0.0,2.0,29.0,23.0,83.0,0.0,0.0,0.0,0.0,0.0,787.0,3287.0,24.0,197.0,1495.0,7.0,1.0,,,Memphis,College Stats,GibsAn00,2020.0,3.5238095238095255
3.0,67.0,DET,Julian Okwara,DE,22.0,2024.0,0.0,0.0,0.0,5.0,4.0,51.0,0.0,0.0,0.0,0.0,0.0,0.0,0.0,0.0,0.0,0.0,0.0,45.0,1.0,10.0,Notre Dame,College Stats,OkwaJu00,2020.0,-13.95
3.0,68.0,NYJ,Ashtyn Davis,S,23.0,2025.0,0.0,0.0,1.0,14.0,10.0,84.0,0.0,0.0,0.0,0.0,0.0,4.0,26.0,0.0,0.0,0.0,0.0,162.0,9.0,0.5,California,College Stats,DaviAs00,2020.0,-2.4761904761904745
3.0,69.0,SEA,Damien Lewis,G,23.0,2025.0,0.0,0.0,5.0,35.0,26.0,93.0,0.0,0.0,0.0,0.0,0.0,0.0,0.0,0.0,0.0,0.0,0.0,2.0,,,LSU,College Stats,LewiDa05,2020.0,8.428571428571427
3.0,70.0,MIA,Brandon Jones,S,22.0,2025.0,0.0,0.0,2.0,21.0,10.0,84.0,0.0,0.0,0.0,0.0,0.0,0.0,0.0,0.0,0.0,0.0,0.0,273.0,7.0,8.5,Texas,College Stats,JoneBr06,2020.0,-1.904761904761905
3.0,71.0,BAL,Nnamdi Madubuike,DT,22.0,2025.0,0.0,2.0,4.0,38.0,38.0,78.0,0.0,0.0,0.0,0.0,0.0,0.0,0.0,0.0,0.0,0.0,0.0,124.0,,30.0,Texas A&M,College Stats,MaduJu00,2020.0,10.142857142857142
3.0,72.0,ARI,Josh Jones,T,23.0,2025.0,0.0,0.0,2.0,17.0,13.0,90.0,0.0,0.0,0.0,0.0,0.0,0.0,0.0,0.0,0.0,0.0,0.0,,,,Houston,College Stats,JoneJo07,2020.0,-1.6000000000000014
3.0,73.0,JAX,DaVon Hamilton,DT,23.0,2025.0,0.0,0.0,2.0,25.0,25.0,86.0,0.0,0.0,0.0,0.0,0.0,0.0,0.0,0.0,0.0,0.0,0.0,123.0,,5.5,Ohio St.,College Stats,HamiDa02,2020.0,0.4761904761904745
3.0,74.0,NOR,Zack Baun,LB,23.0,2025.0,1.0,2.0,1.0,39.0,9.0,94.0,0.0,0.0,0.0,0.0,0.0,0.0,0.0,0.0,0.0,0.0,0.0,217.0,4.0,9.0,Wisconsin,College Stats,BaunZa00,2020.0,20.571428571428573
3.0,75.0,DET,Jonah Jackson,G,23.0,2025.0,0.0,1.0,4.0,32.0,25.0,78.0,0.0,0.0,0.0,0.0,0.0,0.0,0.0,0.0,0.0,0.0,0.0,1.0,,,Ohio St.,College Stats,JackJo03,2020.0,8.55
3.0,76.0,TAM,Ke'Shawn Vaughn,RB,23.0,2024.0,0.0,0.0,0.0,2.0,2.0,46.0,0.0,0.0,0.0,0.0,0.0,105.0,388.0,2.0,14.0,81.0,1.0,,,,Illinois,College Stats,VaugKe00,2020.0,-19.35
3.0,77.0,DEN,Michael Ojemudia,CB,22.0,2022.0,0.0,0.0,0.0,4.0,4.0,22.0,0.0,0.0,0.0,0.0,0.0,0.0,0.0,0.0,0.0,0.0,0.0,63.0,,,Iowa,College Stats,OjemMi00,2020.0,-14.952380952380953
3.0,78.0,ATL,Matt Hennessy,C,22.0,2025.0,0.0,0.0,1.0,11.0,10.0,64.0,0.0,0.0,0.0,0.0,0.0,0.0,0.0,0.0,0.0,0.0,0.0,,,,Temple,College Stats,HennMa00,2020.0,-14.857142857142858
3.0,79.0,NYJ,Jabari Zuniga,DE,23.0,2022.0,0.0,0.0,0.0,1.0,1.0,12.0,0.0,0.0,0.0,0.0,0.0,0.0,0.0,0.0,0.0,0.0,0.0,6.0,,1.0,Florida,College Stats,ZuniJa00,2020.0,-15.7
3.0,80.0,LVR,Lynn Bowden Jr.,WR,22.0,2023.0,0.0,0.0,0.0,3.0,,26.0,1.0,2.0,32.0,0.0,0.0,14.0,64.0,0.0,39.0,294.0,0.0,,,,Kentucky,College Stats,BowdLy00,2020.0,-8.238095238095237
3.0,81.0,LVR,Bryan Edwards,WR,21.0,2022.0,0.0,0.0,1.0,6.0,6.0,35.0,0.0,0.0,0.0,0.0,0.0,1.0,0.0,0.0,48.0,779.0,4.0,,,,South Carolina,College Stats,EdwaBr01,2020.0,-19.0
3.0,82.0,DAL,Neville Gallimore,DT,23.0,2025.0,0.0,0.0,1.0,14.0,8.0,83.0,0.0,0.0,0.0,0.0,0.0,0.0,0.0,0.0,0.0,0.0,0.0,65.0,,7.5,Oklahoma,College Stats,GallNe00,2020.0,0.5500000000000007
3.0,83.0,DEN,Lloyd Cushenberry III,C,22.0,2025.0,0.0,0.0,4.0,26.0,21.0,80.0,0.0,0.0,0.0,0.0,0.0,0.0,0.0,0.0,0.0,0.0,0.0,,,,LSU,College Stats,CushLl00,2020.0,2.2380952380952372
3.0,84.0,LAR,Terrell Lewis,LB,22.0,2022.0,0.0,0.0,0.0,5.0,5.0,30.0,0.0,0.0,0.0,0.0,0.0,0.0,0.0,0.0,0.0,0.0,0.0,27.0,1.0,6.0,Alabama,College Stats,LewiTe00,2020.0,-20.428571428571427
3.0,85.0,IND,Julian Blackmon,S,22.0,2025.0,0.0,0.0,4.0,20.0,20.0,67.0,0.0,0.0,0.0,0.0,0.0,0.0,0.0,0.0,0.0,0.0,0.0,229.0,10.0,1.5,Utah,College Stats,BlacJu01,2020.0,8.0
3.0,86.0,BUF,Zack Moss,RB,22.0,2024.0,0.0,0.0,1.0,18.0,8.0,61.0,0.0,0.0,0.0,0.0,0.0,558.0,2318.0,16.0,98.0,710.0,5.0,1.0,,,Utah,College Stats,MossZa00,2020.0,-2.0
3.0,87.0,NWE,Anfernee Jennings,LB,23.0,2025.0,0.0,0.0,2.0,22.0,22.0,75.0,0.0,0.0,0.0,0.0,0.0,0.0,0.0,0.0,0.0,0.0,0.0,132.0,,7.5,Alabama,College Stats,JennAn00,2020.0,10.523809523809524
3.0,88.0,CLE,Jordan Elliott,DT,22.0,2025.0,0.0,0.0,3.0,27.0,17.0,97.0,0.0,0.0,0.0,0.0,0.0,0.0,0.0,0.0,0.0,0.0,0.0,69.0,,5.0,Texas,College Stats,ElliJo02,2020.0,6.80952380952381
3.0,89.0,MIN,Cameron Dantzler,CB,22.0,2023.0,0.0,0.0,2.0,10.0,10.0,37.0,0.0,0.0,0.0,0.0,0.0,0.0,0.0,0.0,0.0,0.0,0.0,125.0,3.0,,Mississippi St.,College Stats,DantCa00,2020.0,-9.0
3.0,90.0,HOU,Jonathan Greenard,DE,23.0,2025.0,0.0,1.0,3.0,32.0,15.0,77.0,0.0,0.0,0.0,0.0,0.0,0.0,0.0,0.0,0.0,0.0,0.0,138.0,1.0,38.0,Florida,College Stats,GreeJo04,2020.0,17.857142857142858
3.0,91.0,NWE,Devin Asiasi,TE,23.0,2022.0,0.0,0.0,0.0,0.0,0.0,22.0,0.0,0.0,0.0,0.0,0.0,0.0,0.0,0.0,4.0,44.0,1.0,,,,UCLA,College Stats,AsiaDe00,2020.0,-25.7
3.0,92.0,BAL,Devin Duvernay,WR,22.0,2025.0,1.0,2.0,1.0,12.0,12.0,89.0,0.0,0.0,0.0,0.0,0.0,31.0,222.0,1.0,107.0,1003.0,5.0,3.0,,,Texas,College Stats,DuveDe00,2020.0,-12.8
3.0,93.0,TEN,Darrynton Evans,RB,22.0,2024.0,0.0,0.0,0.0,3.0,1.0,24.0,0.0,0.0,0.0,0.0,0.0,65.0,249.0,1.0,12.0,120.0,1.0,2.0,,,Appalachian St.,College Stats,EvanDa02,2020.0,-9.19047619047619
3.0,94.0,GNB,Josiah Deguara,TE,23.0,2025.0,0.0,0.0,0.0,4.0,4.0,77.0,0.0,0.0,0.0,0.0,0.0,0.0,0.0,0.0,53.0,471.0,3.0,9.0,,,Cincinnati,College Stats,DeguJo00,2020.0,-15.850000000000001
3.0,95.0,DEN,McTelvin Agim,DT,22.0,2023.0,0.0,0.0,0.0,2.0,2.0,18.0,0.0,0.0,0.0,0.0,0.0,0.0,0.0,0.0,0.0,0.0,0.0,4.0,,1.5,Arkansas,College Stats,AgimMc00,2020.0,-13.789473684210526
3.0,96.0,KAN,Lucas Niang,T,22.0,2023.0,0.0,0.0,0.0,8.0,8.0,33.0,0.0,0.0,0.0,0.0,0.0,0.0,0.0,0.0,0.0,0.0,0.0,2.0,,,TCU,College Stats,NianLu00,2020.0,-5.619047619047619
3.0,97.0,CLE,Jacob Phillips,LB,21.0,2022.0,0.0,0.0,0.0,5.0,5.0,20.0,0.0,0.0,0.0,0.0,0.0,0.0,0.0,0.0,0.0,0.0,0.0,57.0,,3.0,LSU,College Stats,PhilJa01,2020.0,-7.857142857142858
3.0,98.0,BAL,Malik Harrison,LB,22.0,2025.0,0.0,0.0,0.0,19.0,16.0,87.0,0.0,0.0,0.0,0.0,0.0,0.0,0.0,0.0,0.0,0.0,0.0,120.0,,2.0,Ohio St.,College Stats,HarrMa06,2020.0,-2.0476190476190474
3.0,99.0,NYG,Matt Peart,T,23.0,2025.0,0.0,0.0,0.0,7.0,5.0,66.0,0.0,0.0,0.0,0.0,0.0,0.0,0.0,0.0,0.0,0.0,0.0,,,,Connecticut,College Stats,PearMa00,2020.0,-10.857142857142858
3.0,100.0,LVR,Tanner Muse,S,24.0,2024.0,0.0,0.0,0.0,2.0,,36.0,0.0,0.0,0.0,0.0,0.0,0.0,0.0,0.0,0.0,0.0,0.0,15.0,,,Clemson,College Stats,MuseTa00,2020.0,-17.4
3.0,101.0,NWE,Dalton Keene,TE,21.0,2023.0,0.0,0.0,0.0,0.0,0.0,7.0,0.0,0.0,0.0,0.0,0.0,0.0,0.0,0.0,3.0,16.0,0.0,,,,Virginia Tech,College Stats,KeenDa00,2020.0,-12.2
3.0,102.0,PIT,Alex Highsmith,LB,23.0,2025.0,0.0,0.0,4.0,35.0,35.0,90.0,0.0,0.0,0.0,0.0,0.0,0.0,0.0,0.0,0.0,0.0,0.0,212.0,3.0,45.0,Charlotte,College Stats,HighAl02,2020.0,14.571428571428573
3.0,103.0,PHI,Davion Taylor,LB,22.0,2021.0,0.0,0.0,0.0,3.0,3.0,21.0,0.0,0.0,0.0,0.0,0.0,0.0,0.0,0.0,0.0,0.0,0.0,31.0,,,Colorado,College Stats,TaylDa01,2020.0,-13.61904761904762
3.0,104.0,LAR,Terrell Burgess,S,21.0,2025.0,0.0,0.0,0.0,4.0,2.0,59.0,0.0,0.0,0.0,0.0,0.0,0.0,0.0,0.0,0.0,0.0,0.0,45.0,,,Utah,College Stats,BurgTe00,2020.0,-10.5
3.0,105.0,NOR,Adam Trautman,TE,23.0,2025.0,0.0,0.0,3.0,11.0,6.0,94.0,0.0,0.0,0.0,0.0,0.0,0.0,0.0,0.0,115.0,1228.0,10.0,2.0,,,Dayton,,TrauAd00,2020.0,-6.399999999999999
3.0,106.0,BAL,Tyre Phillips,T,23.0,2024.0,0.0,0.0,1.0,11.0,6.0,47.0,0.0,0.0,0.0,0.0,0.0,0.0,0.0,0.0,0.0,0.0,0.0,,,,Mississippi St.,College Stats,PhilTy00,2020.0,-4.142857142857142
4.0,107.0,CIN,Akeem Davis-Gaither,LB,22.0,2025.0,0.0,0.0,0.0,14.0,9.0,88.0,0.0,0.0,0.0,0.0,0.0,0.0,0.0,0.0,0.0,0.0,0.0,173.0,3.0,0.5,Appalachian St.,College Stats,DaviAk01,2020.0,4.761904761904763
4.0,108.0,WAS,Saahdiq Charles,T,21.0,2025.0,0.0,0.0,1.0,8.0,8.0,37.0,0.0,0.0,0.0,0.0,0.0,0.0,0.0,0.0,0.0,0.0,0.0,,,,LSU,College Stats,CharSa00,2020.0,-14.578947368421051
4.0,109.0,LVR,John Simpson,G,23.0,2025.0,0.0,0.0,3.0,28.0,9.0,86.0,0.0,0.0,0.0,0.0,0.0,0.0,0.0,0.0,0.0,0.0,0.0,,,,Clemson,College Stats,SimpJo00,2020.0,4.9523809523809526
4.0,110.0,NYG,Darnay Holmes,CB,22.0,2025.0,0.0,0.0,0.0,8.0,7.0,83.0,0.0,0.0,0.0,0.0,0.0,0.0,0.0,0.0,0.0,0.0,0.0,116.0,4.0,1.5,UCLA,College Stats,HolmDa01,2020.0,-2.2380952380952372
4.0,111.0,MIA,Solomon Kindley,G,23.0,2021.0,0.0,0.0,1.0,6.0,6.0,29.0,0.0,0.0,0.0,0.0,0.0,0.0,0.0,0.0,0.0,0.0,0.0,,,,Georgia,College Stats,KindSo00,2020.0,-4.9523809523809526
4.0,112.0,LAC,Joshua Kelley,RB,22.0,2024.0,0.0,0.0,0.0,9.0,9.0,57.0,0.0,0.0,0.0,0.0,0.0,321.0,1150.0,6.0,50.0,319.0,0.0,1.0,,,UCLA,College Stats,KellJo01,2020.0,-9.842105263157894
4.0,113.0,CAR,Troy Pride Jr.,CB,22.0,2024.0,0.0,0.0,0.0,3.0,3.0,17.0,0.0,0.0,0.0,0.0,0.0,0.0,0.0,0.0,0.0,0.0,0.0,29.0,,,Notre Dame,College Stats,PridTr00,2020.0,-13.0
4.0,114.0,ARI,Leki Fotu,DT,22.0,2025.0,0.0,0.0,2.0,11.0,9.0,66.0,0.0,0.0,0.0,0.0,0.0,0.0,0.0,0.0,0.0,0.0,0.0,46.0,,4.5,Utah,College Stats,FotuLe00,2020.0,-0.9473684210526319
4.0,115.0,CLE,Harrison Bryant,TE,22.0,2025.0,0.0,0.0,3.0,7.0,7.0,90.0,0.0,0.0,0.0,0.0,0.0,6.0,16.0,0.0,100.0,884.0,10.0,7.0,,,Florida Atlantic,College Stats,BryaHa00,2020.0,-2.7368421052631575
4.0,116.0,JAX,Ben Bartch,G,22.0,2025.0,0.0,0.0,1.0,9.0,8.0,55.0,0.0,0.0,0.0,0.0,0.0,0.0,0.0,0.0,0.0,0.0,0.0,,,,Saint John's (MN),,BartBe00,2020.0,-2.9523809523809526
4.0,117.0,MIN,D.J. Wonnum,DE,22.0,2025.0,0.0,0.0,2.0,26.0,17.0,86.0,0.0,0.0,0.0,0.0,0.0,0.0,0.0,0.0,0.0,0.0,0.0,142.0,1.0,30.0,South Carolina,College Stats,WonnDJ00,2020.0,11.0
4.0,118.0,DEN,Albert Okwuegbunam,TE,22.0,2025.0,0.0,0.0,0.0,5.0,5.0,31.0,0.0,0.0,0.0,0.0,0.0,0.0,0.0,0.0,59.0,582.0,4.0,,,,Missouri,College Stats,OkwuAl00,2020.0,-9.75
4.0,119.0,ATL,Mykal Walker,LB,23.0,2025.0,0.0,0.0,2.0,16.0,11.0,88.0,0.0,0.0,0.0,0.0,0.0,0.0,0.0,0.0,0.0,0.0,0.0,142.0,4.0,1.0,Fresno St.,College Stats,WalkMy00,2020.0,0.3333333333333339
4.0,120.0,NYJ,La'Mical Perine,RB,22.0,2023.0,0.0,0.0,0.0,3.0,2.0,17.0,0.0,0.0,0.0,0.0,0.0,94.0,340.0,2.0,14.0,96.0,0.0,,,,Florida,College Stats,PeriLa00,2020.0,-16.25
4.0,121.0,DET,Logan Stenberg,G,23.0,2022.0,0.0,0.0,0.0,3.0,3.0,25.0,0.0,0.0,0.0,0.0,0.0,0.0,0.0,0.0,0.0,0.0,0.0,,,,Kentucky,College Stats,StenLo00,2020.0,-5.157894736842104
4.0,122.0,IND,Jacob Eason,QB,22.0,2022.0,0.0,0.0,0.0,0.0,0.0,2.0,5.0,10.0,84.0,0.0,2.0,0.0,0.0,0.0,0.0,0.0,0.0,,,,Washington,College Stats,EasoJa00,2020.0,-15.842105263157896
4.0,123.0,DAL,Reggie Robinson II,CB,23.0,2020.0,0.0,0.0,0.0,0.0,0.0,5.0,0.0,0.0,0.0,0.0,0.0,0.0,0.0,0.0,0.0,0.0,0.0,1.0,,,Tulsa,College Stats,RobiRe00,2020.0,-13.7
4.0,124.0,PIT,Anthony McFarland Jr.,RB,22.0,2023.0,0.0,0.0,0.0,1.0,1.0,17.0,0.0,0.0,0.0,0.0,0.0,42.0,146.0,0.0,11.0,87.0,0.0,,,,Maryland,College Stats,McFaAn00,2020.0,-12.428571428571429
4.0,125.0,NYJ,James Morgan,QB,23.0,,0.0,0.0,0.0,,,,,,,,,,,,,,,,,,Florida International,College Stats,MorgJa00,2020.0,
4.0,126.0,HOU,Charlie Heck,T,23.0,2025.0,0.0,0.0,1.0,15.0,9.0,67.0,0.0,0.0,0.0,0.0,0.0,0.0,0.0,0.0,0.0,8.0,0.0,,,,North Carolina,College Stats,HeckCh00,2020.0,-9.350000000000001
4.0,127.0,PHI,K'Von Wallace,S,23.0,2025.0,0.0,0.0,0.0,9.0,4.0,74.0,0.0,0.0,0.0,0.0,0.0,0.0,0.0,0.0,0.0,0.0,0.0,126.0,1.0,,Clemson,College Stats,WallKV00,2020.0,0.15000000000000036
4.0,128.0,BUF,Gabe Davis,WR,21.0,2025.0,0.0,0.0,4.0,28.0,26.0,80.0,0.0,0.0,0.0,0.0,0.0,2.0,-2.0,0.0,195.0,3098.0,30.0,3.0,,,Central Florida,College Stats,DaviGa01,2020.0,9.399999999999999
4.0,129.0,NYJ,Cameron Clark,T,22.0,,0.0,0.0,0.0,,,,,,,,,,,,,,,,,,Charlotte,College Stats,ClarCa00,2020.0,
4.0,130.0,MIN,James Lynch,DT,21.0,2025.0,0.0,0.0,0.0,6.0,5.0,71.0,0.0,0.0,0.0,0.0,0.0,0.0,0.0,0.0,0.0,0.0,0.0,51.0,,3.5,Baylor,College Stats,LyncJa00,2020.0,-10.722222222222221
4.0,131.0,ARI,Rashard Lawrence,DT,22.0,2022.0,0.0,0.0,0.0,6.0,6.0,25.0,0.0,0.0,0.0,0.0,0.0,0.0,0.0,0.0,0.0,0.0,0.0,21.0,,,LSU,College Stats,LawrRa01,2020.0,-7.789473684210526
4.0,132.0,MIN,Troy Dye,LB,23.0,2025.0,0.0,0.0,1.0,14.0,6.0,93.0,0.0,0.0,0.0,0.0,0.0,0.0,0.0,0.0,0.0,0.0,0.0,106.0,,3.5,Oregon,College Stats,DyexTr00,2020.0,3.2941176470588243
4.0,133.0,SEA,Colby Parkinson,TE,21.0,2025.0,0.0,0.0,1.0,11.0,5.0,86.0,0.0,0.0,0.0,0.0,0.0,0.0,0.0,0.0,130.0,1320.0,13.0,1.0,,,Stanford,College Stats,ParkCo02,2020.0,0.14285714285714235
4.0,134.0,ATL,Jaylinn Hawkins,S,23.0,2025.0,0.0,0.0,1.0,17.0,9.0,90.0,0.0,0.0,0.0,0.0,0.0,0.0,0.0,0.0,0.0,0.0,0.0,144.0,8.0,2.0,California,College Stats,HawkJa00,2020.0,1.5882352941176467
4.0,135.0,PIT,Kevin Dotson,G,23.0,2025.0,0.0,0.0,3.0,32.0,10.0,84.0,0.0,0.0,0.0,0.0,0.0,0.0,0.0,0.0,0.0,0.0,0.0,,,,Louisiana,College Stats,DotsKe00,2020.0,7.555555555555557
4.0,136.0,LAR,Brycen Hopkins,TE,23.0,2023.0,0.0,0.0,0.0,2.0,2.0,39.0,0.0,0.0,0.0,0.0,0.0,0.0,0.0,0.0,13.0,196.0,0.0,1.0,,,Purdue,College Stats,HopkBr01,2020.0,-6.800000000000001
4.0,137.0,JAX,Josiah Scott,CB,21.0,2023.0,0.0,0.0,0.0,3.0,0.0,39.0,0.0,0.0,0.0,0.0,0.0,0.0,0.0,0.0,0.0,0.0,0.0,38.0,2.0,1.0,Michigan St.,College Stats,ScotJo00,2020.0,-17.94736842105263
4.0,138.0,KAN,L'Jarius Sneed,S,23.0,2025.0,0.0,0.0,3.0,22.0,19.0,69.0,0.0,0.0,0.0,0.0,0.0,0.0,0.0,0.0,0.0,0.0,0.0,260.0,10.0,6.5,Louisiana Tech,College Stats,SneeLJ00,2020.0,8.578947368421053
4.0,139.0,LVR,Amik Robertson,CB,22.0,2025.0,0.0,0.0,1.0,14.0,9.0,86.0,0.0,0.0,0.0,0.0,0.0,0.0,0.0,0.0,0.0,0.0,0.0,167.0,5.0,2.0,Louisiana Tech,College Stats,RobeAm00,2020.0,6.142857142857143
4.0,140.0,JAX,Shaquille Quarterman,LB,22.0,2024.0,0.0,0.0,0.0,5.0,4.0,74.0,0.0,0.0,0.0,0.0,0.0,0.0,0.0,0.0,0.0,0.0,0.0,34.0,,,Miami (FL),College Stats,QuarSh00,2020.0,-6.476190476190476
4.0,141.0,HOU,John Reid,CB,24.0,2022.0,0.0,0.0,0.0,2.0,1.0,27.0,0.0,0.0,0.0,0.0,0.0,0.0,0.0,0.0,0.0,0.0,0.0,23.0,,,Penn St.,College Stats,ReidJo00,2020.0,-6.666666666666666
4.0,142.0,WAS,Antonio Gandy-Golden,WR,22.0,2021.0,0.0,0.0,0.0,0.0,0.0,10.0,0.0,0.0,0.0,0.0,0.0,1.0,22.0,0.0,1.0,3.0,0.0,,,,Liberty,College Stats,GandAn00,2020.0,-15.68421052631579
4.0,143.0,BAL,Ben Bredeson,G,22.0,2025.0,0.0,0.0,2.0,21.0,1.0,73.0,0.0,0.0,0.0,0.0,0.0,0.0,0.0,0.0,1.0,0.0,0.0,,,,Michigan,College Stats,BredBe00,2020.0,4.684210526315791
4.0,144.0,SEA,DeeJay Dallas,RB,21.0,2025.0,0.0,0.0,0.0,7.0,6.0,84.0,0.0,1.0,0.0,0.0,1.0,124.0,538.0,4.0,64.0,407.0,2.0,18.0,,,Miami (FL),College Stats,DallDe00,2020.0,-4.050000000000001
4.0,145.0,PHI,Jack Driscoll,G,23.0,2024.0,0.0,0.0,0.0,12.0,12.0,67.0,0.0,0.0,0.0,0.0,0.0,0.0,0.0,0.0,0.0,0.0,0.0,,,,Auburn,College Stats,DrisJa00,2020.0,1.5
4.0,146.0,DAL,Tyler Biadasz,C,22.0,2025.0,0.0,1.0,4.0,36.0,24.0,92.0,0.0,0.0,0.0,0.0,0.0,0.0,0.0,0.0,0.0,0.0,0.0,2.0,,,Wisconsin,College Stats,BiadTy00,2020.0,10.55
5.0,147.0,CIN,Khalid Kareem,DE,22.0,2025.0,0.0,0.0,0.0,2.0,2.0,34.0,0.0,0.0,0.0,0.0,0.0,0.0,0.0,0.0,0.0,0.0,0.0,20.0,,1.0,Notre Dame,College Stats,KareKh00,2020.0,-8.375
5.0,148.0,SEA,Alton Robinson,DE,22.0,2021.0,0.0,0.0,0.0,4.0,4.0,30.0,0.0,0.0,0.0,0.0,0.0,0.0,0.0,0.0,0.0,0.0,0.0,26.0,,5.0,Syracuse,College Stats,RobiAl03,2020.0,-3.421052631578948
5.0,149.0,IND,Danny Pinter,G,24.0,2025.0,0.0,0.0,0.0,7.0,7.0,77.0,0.0,0.0,0.0,0.0,0.0,0.0,0.0,0.0,1.0,2.0,1.0,1.0,,,Ball St.,College Stats,PintDa00,2020.0,-8.1
5.0,150.0,NYG,Shane Lemieux,G,23.0,2024.0,0.0,0.0,1.0,5.0,3.0,25.0,0.0,0.0,0.0,0.0,0.0,0.0,0.0,0.0,0.0,0.0,0.0,,,,Oregon,College Stats,LemiSh00,2020.0,-3.7368421052631575
5.0,151.0,LAC,Joe Reed,WR,22.0,2020.0,0.0,0.0,0.0,0.0,0.0,11.0,0.0,0.0,0.0,0.0,0.0,5.0,29.0,1.0,0.0,0.0,0.0,1.0,,,Virginia,College Stats,ReedJo03,2020.0,-13.055555555555555
5.0,152.0,CAR,Kenny Robinson Jr.,S,21.0,2021.0,0.0,0.0,0.0,1.0,1.0,19.0,0.0,0.0,0.0,0.0,0.0,0.0,0.0,0.0,0.0,0.0,0.0,12.0,,,West Virginia,College Stats,RobiKe02,2020.0,-8.125
5.0,153.0,SFO,Colton McKivitz,T,24.0,2025.0,0.0,0.0,2.0,24.0,24.0,79.0,0.0,0.0,0.0,0.0,0.0,0.0,0.0,0.0,0.0,0.0,0.0,1.0,,,West Virginia,College Stats,McKiCo00,2020.0,10.61111111111111
5.0,154.0,MIA,Jason Strowbridge,DE,23.0,2020.0,0.0,0.0,0.0,1.0,1.0,8.0,0.0,0.0,0.0,0.0,0.0,0.0,0.0,0.0,0.0,0.0,0.0,1.0,,,North Carolina,College Stats,StroJa02,2020.0,-17.263157894736842
5.0,155.0,CHI,Trevis Gipson,DE,23.0,2025.0,0.0,0.0,1.0,11.0,9.0,66.0,0.0,0.0,0.0,0.0,0.0,0.0,0.0,0.0,0.0,0.0,0.0,48.0,,12.0,Tulsa,College Stats,GipsTr00,2020.0,1.882352941176471
5.0,156.0,WAS,Keith Ismael,C,22.0,2023.0,0.0,0.0,0.0,3.0,2.0,31.0,0.0,0.0,0.0,0.0,0.0,0.0,0.0,0.0,0.0,0.0,0.0,,,,San Diego St.,College Stats,IsmaKe00,2020.0,-6.111111111111111
5.0,157.0,JAX,Daniel Thomas,S,22.0,2025.0,0.0,0.0,0.0,5.0,5.0,83.0,0.0,0.0,0.0,0.0,0.0,0.0,0.0,0.0,0.0,0.0,0.0,60.0,1.0,,Auburn,College Stats,ThomDa07,2020.0,-5.25
5.0,158.0,NYJ,Bryce Hall,CB,22.0,2024.0,0.0,0.0,2.0,10.0,10.0,40.0,0.0,0.0,0.0,0.0,0.0,0.0,0.0,0.0,0.0,0.0,0.0,104.0,2.0,0.5,Virginia,College Stats,HallBr02,2020.0,3.5
5.0,159.0,NWE,Justin Rohrwasser,K,23.0,,0.0,0.0,0.0,,,,,,,,,,,,,,,,,,Marshall,College Stats,RohrJu00,2020.0,
5.0,160.0,CLE,Nick Harris,C,21.0,2024.0,0.0,0.0,0.0,5.0,5.0,45.0,0.0,0.0,0.0,0.0,0.0,0.0,0.0,0.0,0.0,0.0,0.0,1.0,,,Washington,College Stats,HarrNi01,2020.0,-5.722222222222221
5.0,161.0,TAM,Tyler Johnson,WR,22.0,2025.0,0.0,0.0,0.0,9.0,5.0,61.0,0.0,0.0,0.0,0.0,0.0,0.0,0.0,0.0,88.0,1025.0,5.0,1.0,,,Minnesota,College Stats,JohnTy00,2020.0,-3.166666666666666
5.0,162.0,WAS,Khaleke Hudson,LB,22.0,2024.0,0.0,0.0,0.0,7.0,7.0,75.0,0.0,0.0,0.0,0.0,0.0,0.0,0.0,0.0,0.0,0.0,0.0,66.0,,1.0,Michigan,College Stats,HudsKh00,2020.0,0.8235294117647056
5.0,163.0,CHI,Kindle Vildor,CB,22.0,2025.0,0.0,0.0,2.0,10.0,7.0,80.0,0.0,0.0,0.0,0.0,0.0,0.0,0.0,0.0,0.0,0.0,0.0,98.0,2.0,1.0,Georgia Southern,College Stats,VildKi00,2020.0,-3.333333333333334
5.0,164.0,MIA,Curtis Weaver,DE,22.0,2021.0,0.0,0.0,0.0,0.0,,1.0,0.0,0.0,0.0,0.0,0.0,0.0,0.0,0.0,0.0,0.0,0.0,,,,Boise St.,College Stats,WeavCu00,2020.0,-12.05
5.0,165.0,JAX,Collin Johnson,WR,22.0,2024.0,0.0,0.0,0.0,3.0,2.0,38.0,0.0,0.0,0.0,0.0,0.0,0.0,0.0,0.0,31.0,394.0,2.0,3.0,,,Texas,College Stats,JohnCo01,2020.0,-10.35
5.0,166.0,DET,Quintez Cephus,WR,22.0,2022.0,0.0,0.0,0.0,5.0,5.0,22.0,0.0,0.0,0.0,0.0,0.0,0.0,0.0,0.0,37.0,568.0,4.0,4.0,,,Wisconsin,College Stats,CephQu00,2020.0,-8.666666666666666
5.0,167.0,BUF,Jake Fromm,QB,22.0,2021.0,0.0,0.0,0.0,1.0,,3.0,27.0,60.0,210.0,1.0,3.0,8.0,65.0,0.0,0.0,0.0,0.0,,,,Georgia,College Stats,FromJa00,2020.0,-7.764705882352942
5.0,168.0,PHI,John Hightower,WR,24.0,2021.0,0.0,0.0,0.0,1.0,1.0,14.0,0.0,0.0,0.0,0.0,0.0,1.0,1.0,0.0,10.0,167.0,0.0,,,,Boise St.,College Stats,HighJo00,2020.0,-11.055555555555555
5.0,169.0,MIN,Harrison Hand,CB,21.0,2022.0,0.0,0.0,0.0,2.0,2.0,27.0,0.0,0.0,0.0,0.0,0.0,0.0,0.0,0.0,0.0,0.0,0.0,28.0,1.0,,Temple,College Stats,HandHa00,2020.0,-9.5
5.0,170.0,BAL,Broderick Washington Jr.,DT,23.0,2025.0,0.0,0.0,1.0,15.0,15.0,73.0,0.0,0.0,0.0,0.0,0.0,0.0,0.0,0.0,0.0,0.0,0.0,53.0,,6.0,Texas Tech,College Stats,WashBr01,2020.0,7.9411764705882355
5.0,171.0,HOU,Isaiah Coulter,WR,21.0,2021.0,0.0,0.0,0.0,0.0,0.0,4.0,0.0,0.0,0.0,0.0,0.0,0.0,0.0,0.0,0.0,0.0,0.0,,,,Rhode Island,,CoulIs00,2020.0,-6.588235294117647
5.0,172.0,DET,Jason Huntley,RB,22.0,2021.0,0.0,0.0,0.0,0.0,,6.0,0.0,0.0,0.0,0.0,0.0,18.0,70.0,0.0,1.0,0.0,0.0,,,,New Mexico St.,College Stats,HuntJa01,2020.0,-7.5625
5.0,173.0,CHI,Darnell Mooney,WR,22.0,2025.0,0.0,0.0,4.0,33.0,23.0,91.0,0.0,1.0,0.0,0.0,0.0,13.0,59.0,1.0,309.0,4028.0,17.0,6.0,,,Tulane,College Stats,MoonDa00,2020.0,21.142857142857142
5.0,174.0,TEN,Larrell Murchison,DT,23.0,2025.0,0.0,0.0,0.0,7.0,4.0,60.0,0.0,0.0,0.0,0.0,0.0,0.0,0.0,0.0,0.0,0.0,0.0,20.0,,4.0,North Carolina St.,College Stats,MurcLa00,2020.0,-5.235294117647058
5.0,175.0,GNB,Kamal Martin,LB,22.0,2021.0,0.0,0.0,0.0,4.0,3.0,16.0,0.0,0.0,0.0,0.0,0.0,0.0,0.0,0.0,0.0,0.0,0.0,19.0,,1.0,Minnesota,College Stats,MartKa01,2020.0,-4.842105263157896
5.0,176.0,MIN,K.J. Osborn,WR,23.0,2024.0,0.0,0.0,2.0,13.0,13.0,67.0,0.0,0.0,0.0,0.0,0.0,4.0,16.0,0.0,165.0,1902.0,16.0,4.0,,,Miami (FL),College Stats,OsboKJ00,2020.0,6.947368421052632
5.0,177.0,KAN,Michael Danna,DE,22.0,2025.0,0.0,0.0,2.0,23.0,23.0,87.0,0.0,0.0,0.0,0.0,0.0,0.0,0.0,0.0,0.0,0.0,0.0,96.0,1.0,21.5,Michigan,College Stats,DannMi00,2020.0,12.473684210526315
5.0,178.0,DEN,Justin Strnad,LB,24.0,2025.0,0.0,0.0,0.0,14.0,14.0,83.0,0.0,0.0,0.0,0.0,0.0,0.0,0.0,0.0,0.0,0.0,0.0,102.0,1.0,7.5,Wake Forest,College Stats,StrnJu00,2020.0,0.4285714285714288
5.0,179.0,DAL,Bradlee Anae,DE,22.0,2021.0,0.0,0.0,0.0,1.0,1.0,11.0,0.0,0.0,0.0,0.0,0.0,0.0,0.0,0.0,0.0,0.0,0.0,2.0,,,Utah,College Stats,AnaeBr00,2020.0,-5.526315789473684
6.0,180.0,CIN,Hakeem Adeniji,T,22.0,2025.0,0.0,0.0,0.0,10.0,9.0,55.0,0.0,0.0,0.0,0.0,0.0,0.0,0.0,0.0,0.0,0.0,0.0,,,,Kansas,College Stats,AdenHa00,2020.0,0.3888888888888893
6.0,181.0,DEN,Netane Muti,G,21.0,2023.0,0.0,0.0,0.0,3.0,3.0,22.0,0.0,0.0,0.0,0.0,0.0,0.0,0.0,0.0,0.0,0.0,0.0,1.0,,,Fresno St.,College Stats,MutiNe00,2020.0,-6.368421052631579
6.0,182.0,NWE,Michael Onwenu,G,22.0,2025.0,0.0,0.0,4.0,33.0,33.0,98.0,0.0,0.0,0.0,0.0,0.0,0.0,0.0,0.0,0.0,0.0,0.0,,,,Michigan,College Stats,OnweMi00,2020.0,22.72222222222222
6.0,183.0,NYG,Cam Brown,LB,22.0,2023.0,0.0,0.0,0.0,4.0,4.0,60.0,0.0,0.0,0.0,0.0,0.0,0.0,0.0,0.0,0.0,0.0,0.0,24.0,,,Penn St.,College Stats,BrowCa01,2020.0,-1.1052631578947372
6.0,184.0,CAR,Bravvion Roy,DT,23.0,2022.0,0.0,0.0,1.0,9.0,9.0,45.0,0.0,0.0,0.0,0.0,0.0,0.0,0.0,0.0,0.0,0.0,0.0,30.0,1.0,1.0,Baylor,College Stats,RoyxBr00,2020.0,3.6842105263157894
6.0,185.0,MIA,Blake Ferguson,LS,23.0,2024.0,0.0,0.0,0.0,4.0,4.0,72.0,0.0,0.0,0.0,0.0,0.0,0.0,0.0,0.0,0.0,0.0,0.0,4.0,,,LSU,College Stats,FergBl00,2020.0,0.0588235294117645
6.0,186.0,LAC,Alohi Gilman,S,22.0,2025.0,0.0,0.0,2.0,18.0,14.0,85.0,0.0,0.0,0.0,0.0,0.0,0.0,0.0,0.0,0.0,0.0,0.0,201.0,5.0,1.0,Notre Dame,College Stats,GilmAl00,2020.0,7.611111111111111
6.0,187.0,CLE,Donovan Peoples-Jones,WR,21.0,2023.0,0.0,0.0,1.0,18.0,17.0,58.0,0.0,0.0,0.0,0.0,0.0,1.0,2.0,0.0,122.0,1895.0,8.0,2.0,,,Michigan,College Stats,PeopDo00,2020.0,5.85
6.0,188.0,BUF,Tyler Bass,K,23.0,2024.0,0.0,0.0,2.0,13.0,13.0,83.0,0.0,0.0,0.0,0.0,0.0,0.0,0.0,0.0,0.0,0.0,0.0,7.0,,,Georgia Southern,College Stats,BassTy00,2020.0,1.235294117647058
6.0,189.0,JAX,Jake Luton,QB,24.0,2020.0,0.0,0.0,0.0,2.0,2.0,3.0,60.0,110.0,624.0,2.0,6.0,1.0,13.0,1.0,0.0,0.0,0.0,,,,Oregon St.,College Stats,LutoJa00,2020.0,-6.4
6.0,190.0,SFO,Charlie Woerner,TE,22.0,2025.0,0.0,0.0,0.0,0.0,0.0,98.0,0.0,0.0,0.0,0.0,0.0,0.0,0.0,0.0,26.0,214.0,0.0,20.0,,,Georgia,College Stats,WoerCh00,2020.0,-9.61111111111111
6.0,191.0,NYJ,Braden Mann,P,22.0,2025.0,0.0,0.0,2.0,13.0,7.0,92.0,2.0,3.0,45.0,0.0,0.0,2.0,-30.0,0.0,0.0,0.0,0.0,4.0,,,Texas A&M,College Stats,MannBr01,2020.0,-2.421052631578947
6.0,192.0,GNB,Jon Runyan Jr.,T,23.0,2025.0,0.0,0.0,4.0,36.0,26.0,96.0,0.0,0.0,0.0,0.0,0.0,0.0,0.0,0.0,0.0,0.0,0.0,,,,Michigan,College Stats,RunyJo00,2020.0,28.8
6.0,193.0,IND,Robert Windsor,DT,23.0,2020.0,0.0,0.0,0.0,0.0,0.0,2.0,0.0,0.0,0.0,0.0,0.0,0.0,0.0,0.0,0.0,0.0,0.0,2.0,,,Penn St.,College Stats,WindRo01,2020.0,-11.526315789473685
6.0,194.0,TAM,Khalil Davis,DT,24.0,2024.0,0.0,0.0,0.0,3.0,0.0,30.0,0.0,0.0,0.0,0.0,0.0,0.0,0.0,0.0,0.0,0.0,0.0,24.0,,3.0,Nebraska,College Stats,DaviKh00,2020.0,-3.5555555555555554
6.0,195.0,NWE,Justin Herron,T,24.0,2023.0,0.0,0.0,0.0,7.0,6.0,35.0,0.0,0.0,0.0,0.0,0.0,0.0,0.0,0.0,0.0,0.0,0.0,,,,Wake Forest,College Stats,HerrJu00,2020.0,-6.764705882352942
6.0,196.0,PHI,Shaun Bradley,LB,23.0,2022.0,0.0,0.0,0.0,3.0,3.0,45.0,0.0,0.0,0.0,0.0,0.0,0.0,0.0,0.0,0.0,0.0,0.0,29.0,,,Temple,College Stats,BradSh00,2020.0,-1.5
6.0,197.0,DET,John Penisini,DT,23.0,2021.0,0.0,0.0,1.0,6.0,6.0,32.0,0.0,0.0,0.0,0.0,0.0,0.0,0.0,0.0,0.0,0.0,0.0,23.0,,1.0,Utah,College Stats,PeniJo00,2020.0,-0.3125
6.0,198.0,PIT,Antoine Brooks Jr.,S,22.0,2021.0,0.0,0.0,0.0,1.0,0.0,12.0,0.0,0.0,0.0,0.0,0.0,0.0,0.0,0.0,0.0,0.0,0.0,3.0,,,Maryland,College Stats,BrooAn00,2020.0,-7.777777777777779
6.0,199.0,LAR,Jordan Fuller,S,22.0,2025.0,0.0,0.0,3.0,18.0,15.0,63.0,0.0,0.0,0.0,0.0,0.0,0.0,0.0,0.0,0.0,0.0,0.0,205.0,7.0,,Ohio St.,College Stats,FullJo01,2020.0,-3.125
6.0,200.0,PHI,Quez Watkins,WR,22.0,2023.0,0.0,0.0,1.0,13.0,13.0,49.0,0.0,0.0,0.0,0.0,0.0,4.0,4.0,0.0,98.0,1249.0,6.0,4.0,,,Southern Miss,College Stats,WatkQu00,2020.0,-2.0666666666666664
6.0,201.0,BAL,James Proche,WR,23.0,2025.0,0.0,0.0,0.0,4.0,3.0,71.0,0.0,1.0,0.0,0.0,1.0,0.0,0.0,0.0,34.0,364.0,0.0,1.0,,,SMU,College Stats,ProcJa00,2020.0,-0.117647058823529
6.0,202.0,ARI,Evan Weaver,LB,22.0,,0.0,0.0,0.0,,,,,,,,,,,,,,,,,,California,College Stats,WeavEv00,2020.0,
6.0,203.0,MIN,Blake Brandel,T,23.0,2025.0,0.0,0.0,1.0,15.0,15.0,73.0,0.0,0.0,0.0,0.0,0.0,0.0,0.0,0.0,0.0,0.0,0.0,,,,Oregon St.,College Stats,BranBl00,2020.0,3.0769230769230766
6.0,204.0,NWE,Cassh Maluia,LB,21.0,2020.0,0.0,0.0,0.0,1.0,1.0,9.0,0.0,0.0,0.0,0.0,0.0,0.0,0.0,0.0,0.0,0.0,0.0,,,,Wyoming,College Stats,MaluCa00,2020.0,-8.647058823529411
6.0,205.0,MIN,Josh Metellus,S,22.0,2025.0,0.0,0.0,1.0,20.0,20.0,96.0,0.0,0.0,0.0,0.0,0.0,0.0,0.0,0.0,0.0,0.0,0.0,231.0,6.0,3.0,Michigan,College Stats,MeteJo00,2020.0,9.470588235294118
6.0,206.0,JAX,Tyler Davis,TE,23.0,2022.0,0.0,0.0,0.0,0.0,0.0,39.0,0.0,0.0,0.0,0.0,0.0,0.0,0.0,0.0,8.0,61.0,0.0,10.0,,,Georgia Tech,College Stats,DaviTy02,2020.0,-6.0
6.0,207.0,BUF,Isaiah Hodgins,WR,21.0,2025.0,0.0,0.0,1.0,6.0,0.0,38.0,0.0,0.0,0.0,0.0,0.0,0.0,0.0,0.0,70.0,749.0,8.0,,,,Oregon St.,College Stats,HodgIs00,2020.0,-7.882352941176471
6.0,208.0,GNB,Jake Hanson,C,23.0,2024.0,0.0,0.0,0.0,4.0,1.0,30.0,0.0,0.0,0.0,0.0,0.0,0.0,0.0,0.0,0.0,0.0,0.0,,,,Oregon,College Stats,HansJa00,2020.0,-1.666666666666667
6.0,209.0,GNB,Simon Stepaniak,T,23.0,,0.0,0.0,0.0,,,,,,,,,,,,,,,,,,Indiana,College Stats,StepSi00,2020.0,
6.0,210.0,PHI,Prince Tega Wanogho,T,22.0,2023.0,0.0,0.0,0.0,1.0,0.0,23.0,0.0,0.0,0.0,0.0,0.0,0.0,0.0,0.0,0.0,0.0,0.0,,,,Auburn,College Stats,WanoTe00,2020.0,-6.9411764705882355
6.0,211.0,IND,Isaiah Rodgers,CB,22.0,2025.0,0.0,0.0,1.0,18.0,7.0,77.0,0.0,0.0,0.0,0.0,0.0,0.0,0.0,0.0,0.0,0.0,0.0,132.0,4.0,,Massachusetts,College Stats,RodgIs00,2020.0,12.6
6.0,212.0,IND,Dezmon Patmon,WR,22.0,2022.0,0.0,0.0,0.0,0.0,0.0,10.0,0.0,0.0,0.0,0.0,0.0,0.0,0.0,0.0,4.0,45.0,1.0,,,,Washington St.,College Stats,PatmDe00,2020.0,-4.25
6.0,213.0,IND,Jordan Glasgow,LB,24.0,2021.0,0.0,0.0,0.0,2.0,2.0,25.0,0.0,0.0,0.0,0.0,0.0,0.0,0.0,0.0,0.0,0.0,0.0,10.0,,,Michigan,College Stats,GlasJo00,2020.0,-6.0
6.0,214.0,SEA,Freddie Swain,WR,22.0,2022.0,0.0,0.0,0.0,5.0,5.0,37.0,0.0,0.0,0.0,0.0,0.0,5.0,32.0,0.0,42.0,576.0,6.0,2.0,,,Florida,College Stats,SwaiFr00,2020.0,-2.0
7.0,215.0,CIN,Markus Bailey,LB,23.0,2024.0,0.0,0.0,0.0,7.0,7.0,61.0,0.0,0.0,0.0,0.0,0.0,0.0,0.0,0.0,0.0,0.0,0.0,46.0,,0.5,Purdue,College Stats,BailMa01,2020.0,-1.6111111111111107
7.0,216.0,WAS,Kamren Curl,S,21.0,2025.0,0.0,0.0,5.0,29.0,17.0,93.0,0.0,0.0,0.0,0.0,0.0,0.0,0.0,0.0,0.0,0.0,0.0,385.0,5.0,8.0,Arkansas,College Stats,CurlKa00,2020.0,15.214285714285714
7.0,217.0,SFO,Jauan Jennings,WR,23.0,2025.0,0.0,0.0,0.0,21.0,21.0,75.0,0.0,0.0,0.0,0.0,0.0,0.0,0.0,0.0,210.0,2581.0,22.0,2.0,,,Tennessee,College Stats,JennJa00,2020.0,13.764705882352942
7.0,218.0,NYG,Carter Coughlin,LB,23.0,2024.0,0.0,0.0,0.0,5.0,5.0,56.0,0.0,0.0,0.0,0.0,0.0,0.0,0.0,0.0,0.0,0.0,0.0,31.0,,1.0,Minnesota,College Stats,CougCa00,2020.0,-4.866666666666667
7.0,219.0,BAL,Geno Stone,S,21.0,2025.0,0.0,0.0,2.0,22.0,11.0,85.0,0.0,0.0,0.0,0.0,0.0,0.0,0.0,0.0,0.0,0.0,0.0,205.0,14.0,2.0,Iowa,College Stats,StonGe00,2020.0,14.625
7.0,220.0,LAC,K.J. Hill,WR,22.0,2021.0,0.0,0.0,0.0,1.0,1.0,21.0,0.0,0.0,0.0,0.0,0.0,0.0,0.0,0.0,10.0,103.0,0.0,,,,Ohio St.,College Stats,HillKJ00,2020.0,-6.588235294117647
7.0,221.0,CAR,Stantley Thomas-Oliver,CB,22.0,2024.0,0.0,0.0,0.0,2.0,2.0,26.0,0.0,0.0,0.0,0.0,0.0,0.0,0.0,0.0,0.0,0.0,0.0,12.0,,,Florida International,College Stats,ThomSt00,2020.0,-5.714285714285714
7.0,222.0,ARI,Eno Benjamin,RB,21.0,2022.0,0.0,0.0,0.0,4.0,4.0,24.0,0.0,0.0,0.0,0.0,0.0,111.0,431.0,3.0,31.0,235.0,0.0,1.0,,,Arizona St.,College Stats,BenjEn00,2020.0,-2.5
7.0,223.0,JAX,Chris Claybrooks,CB,23.0,2022.0,0.0,0.0,0.0,5.0,5.0,46.0,0.0,0.0,0.0,0.0,0.0,0.0,0.0,0.0,0.0,0.0,0.0,60.0,,,Memphis,College Stats,ClayCh02,2020.0,0.2142857142857144
7.0,224.0,TEN,Cole McDonald,QB,22.0,,0.0,0.0,0.0,,,,,,,,,,,,,,,,,,Hawaii,College Stats,McDoCo00,2020.0,
7.0,225.0,MIN,Kenny Willekes,DE,23.0,2021.0,0.0,0.0,0.0,1.0,1.0,6.0,0.0,0.0,0.0,0.0,0.0,0.0,0.0,0.0,0.0,0.0,0.0,11.0,,2.5,Michigan St.,College Stats,WillKe06,2020.0,-5.0588235294117645
7.0,226.0,CHI,Arlington Hambright,T,24.0,2024.0,0.0,0.0,0.0,1.0,1.0,15.0,0.0,0.0,0.0,0.0,0.0,0.0,0.0,0.0,0.0,0.0,0.0,,,,Colorado,College Stats,HambAr00,2020.0,-6.176470588235294
7.0,227.0,CHI,Lachavious Simmons,G,23.0,2021.0,0.0,0.0,0.0,0.0,0.0,2.0,0.0,0.0,0.0,0.0,0.0,0.0,0.0,0.0,0.0,0.0,0.0,,,,Tennessee St.,,SimmLa00,2020.0,-5.1875
7.0,228.0,ATL,Sterling Hofrichter,P,23.0,2021.0,0.0,0.0,0.0,1.0,1.0,18.0,0.0,0.0,0.0,0.0,0.0,0.0,0.0,0.0,0.0,0.0,0.0,1.0,,,Syracuse,College Stats,HofrSt00,2020.0,-4.333333333333333
7.0,229.0,WAS,James Smith-Williams,DE,23.0,2024.0,0.0,0.0,1.0,15.0,13.0,65.0,0.0,0.0,0.0,0.0,0.0,0.0,0.0,0.0,0.0,0.0,0.0,54.0,,8.0,North Carolina St.,College Stats,SmitJa08,2020.0,8.944444444444445
7.0,230.0,NWE,Dustin Woodard,C,22.0,,0.0,0.0,0.0,,,,,,,,,,,,,,,,,,Memphis,College Stats,WoodDu01,2020.0,
7.0,231.0,DAL,Ben DiNucci,QB,23.0,2020.0,0.0,0.0,0.0,1.0,1.0,3.0,23.0,43.0,219.0,0.0,0.0,6.0,22.0,0.0,0.0,0.0,0.0,,,,James Madison,College Stats,DiNuBe00,2020.0,-2.125
7.0,232.0,PIT,Carlos Davis,DT,24.0,2022.0,0.0,0.0,0.0,1.0,1.0,12.0,0.0,0.0,0.0,0.0,0.0,0.0,0.0,0.0,0.0,0.0,0.0,8.0,,1.0,Nebraska,College Stats,DaviCa03,2020.0,-5.8125
7.0,233.0,PHI,Casey Toohill,DE,24.0,2024.0,0.0,0.0,0.0,11.0,0.0,71.0,0.0,0.0,0.0,0.0,0.0,0.0,0.0,0.0,0.0,0.0,0.0,55.0,,8.0,Stanford,College Stats,ToohCa00,2020.0,-6.0
7.0,234.0,LAR,Clay Johnston,LB,24.0,2022.0,0.0,0.0,0.0,2.0,,31.0,0.0,0.0,0.0,0.0,0.0,0.0,0.0,0.0,0.0,0.0,0.0,17.0,,,Baylor,College Stats,JohnCl00,2020.0,-3.7777777777777777
7.0,235.0,DET,Jashon Cornell,DT,23.0,2021.0,0.0,0.0,0.0,0.0,0.0,1.0,0.0,0.0,0.0,0.0,0.0,0.0,0.0,0.0,0.0,0.0,0.0,,,,Ohio St.,College Stats,CornJa01,2020.0,-9.875
7.0,236.0,GNB,Vernon Scott,S,22.0,2021.0,0.0,0.0,0.0,1.0,1.0,18.0,0.0,0.0,0.0,0.0,0.0,0.0,0.0,0.0,0.0,0.0,0.0,12.0,,1.0,TCU,College Stats,ScotVe00,2020.0,-1.8823529411764706
7.0,237.0,KAN,Thakarius Keyes,CB,22.0,2021.0,0.0,0.0,0.0,1.0,1.0,18.0,0.0,0.0,0.0,0.0,0.0,0.0,0.0,0.0,0.0,0.0,0.0,9.0,,,Tulane,College Stats,KeyeTh00,2020.0,-1.6842105263157894
7.0,238.0,NYG,T.J. Brunson,LB,22.0,2020.0,0.0,0.0,0.0,0.0,0.0,5.0,0.0,0.0,0.0,0.0,0.0,0.0,0.0,0.0,0.0,0.0,0.0,2.0,,,South Carolina,College Stats,BrunTJ00,2020.0,-8.153846153846153
7.0,239.0,BUF,Dane Jackson,CB,23.0,2025.0,0.0,0.0,1.0,12.0,12.0,64.0,0.0,0.0,0.0,0.0,0.0,0.0,0.0,0.0,0.0,0.0,0.0,144.0,3.0,,Pittsburgh,College Stats,JackDa02,2020.0,1.4117647058823533
7.0,240.0,NOR,Tommy Stevens,QB,23.0,2020.0,0.0,0.0,0.0,0.0,,1.0,0.0,0.0,0.0,0.0,0.0,4.0,24.0,0.0,0.0,0.0,0.0,,,,Mississippi St.,College Stats,StevTo01,2020.0,-6.333333333333333
7.0,241.0,TAM,Chapelle Russell,LB,23.0,2021.0,0.0,0.0,0.0,2.0,1.0,27.0,0.0,0.0,0.0,0.0,0.0,0.0,0.0,0.0,0.0,0.0,0.0,10.0,,,Temple,College Stats,RussCh00,2020.0,-2.7857142857142856
7.0,242.0,GNB,Jonathan Garvin,DE,21.0,2022.0,0.0,0.0,0.0,3.0,3.0,38.0,0.0,0.0,0.0,0.0,0.0,0.0,0.0,0.0,0.0,0.0,0.0,17.0,,1.5,Miami (FL),College Stats,GarvJo00,2020.0,-6.388888888888889
7.0,243.0,TEN,Chris Jackson,S,22.0,2022.0,0.0,0.0,0.0,2.0,2.0,24.0,0.0,0.0,0.0,0.0,0.0,0.0,0.0,0.0,0.0,0.0,0.0,44.0,,,Marshall,College Stats,JackCh01,2020.0,-3.8
7.0,244.0,MIN,Nate Stanley,QB,23.0,,0.0,0.0,0.0,,,,,,,,,,,,,,,,,,Iowa,College Stats,StanNa00,2020.0,
7.0,245.0,TAM,Raymond Calais,RB,22.0,2020.0,0.0,0.0,0.0,0.0,,4.0,0.0,0.0,0.0,0.0,0.0,0.0,0.0,0.0,0.0,0.0,0.0,,,,Louisiana,College Stats,CalaRa00,2020.0,-6.333333333333333
7.0,246.0,MIA,Malcolm Perry,RB,23.0,2020.0,0.0,0.0,0.0,1.0,1.0,9.0,0.0,0.0,0.0,0.0,0.0,3.0,5.0,0.0,9.0,92.0,1.0,,,,Navy,College Stats,PerrMa00,2020.0,-7.153846153846153
7.0,247.0,NYG,Chris Williamson,CB,23.0,2021.0,0.0,0.0,0.0,0.0,,5.0,0.0,0.0,0.0,0.0,0.0,0.0,0.0,0.0,0.0,0.0,0.0,4.0,,,Minnesota,College Stats,WillCh07,2020.0,-3.7142857142857144
7.0,248.0,LAR,Sam Sloman,K,22.0,2020.0,0.0,0.0,0.0,0.0,0.0,8.0,0.0,0.0,0.0,0.0,0.0,0.0,0.0,0.0,0.0,0.0,0.0,,,,Miami (OH),College Stats,SlomSa00,2020.0,-11.642857142857142
7.0,249.0,MIN,Brian Cole II,S,23.0,,0.0,0.0,0.0,,,,,,,,,,,,,,,,,,Mississippi St.,College Stats,ColeBr01,2020.0,
7.0,250.0,LAR,Tremayne Anchrum,G,22.0,2023.0,0.0,0.0,0.0,2.0,2.0,31.0,0.0,0.0,0.0,0.0,0.0,0.0,0.0,0.0,0.0,0.0,0.0,1.0,,,Clemson,College Stats,AnchTr00,2020.0,-13.071428571428571
7.0,251.0,SEA,Stephen Sullivan,TE,23.0,2024.0,0.0,0.0,0.0,1.0,0.0,30.0,0.0,0.0,0.0,0.0,0.0,0.0,0.0,0.0,14.0,171.0,0.0,3.0,,,LSU,College Stats,SullSt00,2020.0,-8.5
7.0,252.0,DEN,Tyrie Cleveland,WR,22.0,2022.0,0.0,0.0,0.0,0.0,0.0,23.0,0.0,0.0,0.0,0.0,0.0,0.0,0.0,0.0,8.0,91.0,0.0,6.0,,,Florida,College Stats,ClevTy00,2020.0,-9.666666666666666
7.0,253.0,MIN,Kyle Hinton,G,22.0,2025.0,0.0,0.0,0.0,3.0,0.0,52.0,0.0,0.0,0.0,0.0,0.0,0.0,0.0,0.0,0.0,0.0,0.0,,,,Washburn,,HintKy00,2020.0,-3.769230769230769
7.0,254.0,DEN,Derrek Tuszka,LB,23.0,2022.0,0.0,0.0,0.0,3.0,1.0,39.0,0.0,0.0,0.0,0.0,0.0,0.0,0.0,0.0,0.0,0.0,0.0,21.0,,2.0,North Dakota St.,,TuszDe00,2020.0,-2.0
7.0,255.0,NYG,Tae Crowder,LB,23.0,2023.0,0.0,0.0,2.0,16.0,16.0,43.0,0.0,0.0,0.0,0.0,0.0,0.0,0.0,0.0,0.0,0.0,0.0,124.0,2.0,2.0,Georgia,College Stats,CrowTa00,2020.0,3.333333333333334
